DQ_pct_X,TBZ_pct_Y,THI_pct_Z,correct_fraction_mlp_Z2,data_density_alpha
0,0,100,0.7808,0.1504
0,1,99,0.7767,0.1610
0,2,98,0.7726,0.1718
0,3,97,0.7687,0.1827
0,4,96,0.7648,0.1937
0,5,95,0.7612,0.2046
0,6,94,0.7576,0.2156
0,7,93,0.7543,0.2264
0,8,92,0.7511,0.2372
0,9,91,0.7482,0.2477
0,10,90,0.7454,0.2580
0,11,89,0.7429,0.2680
0,12,88,0.7406,0.2777
0,13,87,0.7386,0.2870
0,14,86,0.7368,0.2960
0,15,85,0.7352,0.3046
0,16,84,0.7340,0.3128
0,17,83,0.7330,0.3205
0,18,82,0.7322,0.3278
0,19,81,0.7317,0.3347
0,20,80,0.7314,0.3412
0,21,79,0.7314,0.3473
0,22,78,0.7316,0.3531
0,23,77,0.7319,0.3584
0,24,76,0.7324,0.3635
0,25,75,0.7330,0.3682
0,26,74,0.7337,0.3727
0,27,73,0.7344,0.3770
0,28,72,0.7351,0.3810
0,29,71,0.7358,0.3849
0,30,70,0.7364,0.3886
0,31,69,0.7368,0.3922
0,32,68,0.7370,0.3957
0,33,67,0.7369,0.3991
0,34,66,0.7366,0.4024
0,35,65,0.7359,0.4056
0,36,64,0.7349,0.4088
0,37,63,0.7334,0.4119
0,38,62,0.7315,0.4148
0,39,61,0.7291,0.4177
0,40,60,0.7262,0.4205
0,41,59,0.7227,0.4230
0,42,58,0.7188,0.4255
0,43,57,0.7143,0.4277
0,44,56,0.7092,0.4296
0,45,55,0.7036,0.4314
0,46,54,0.6975,0.4328
0,47,53,0.6909,0.4340
0,48,52,0.6837,0.4348
0,49,51,0.6761,0.4353
0,50,50,0.6679,0.4355
0,51,49,0.6594,0.4353
0,52,48,0.6504,0.4348
0,53,47,0.6411,0.4340
0,54,46,0.6314,0.4328
0,55,45,0.6215,0.4314
0,56,44,0.6113,0.4296
0,57,43,0.6009,0.4277
0,58,42,0.5905,0.4255
0,59,41,0.5800,0.4230
0,60,40,0.5695,0.4205
0,61,39,0.5592,0.4177
0,62,38,0.5490,0.4148
0,63,37,0.5391,0.4119
0,64,36,0.5296,0.4088
0,65,35,0.5205,0.4056
0,66,34,0.5120,0.4024
0,67,33,0.5040,0.3991
0,68,32,0.4967,0.3957
0,69,31,0.4901,0.3922
0,70,30,0.4842,0.3886
0,71,29,0.4792,0.3849
0,72,28,0.4750,0.3810
0,73,27,0.4717,0.3770
0,74,26,0.4692,0.3727
0,75,25,0.4677,0.3682
0,76,24,0.4670,0.3635
0,77,23,0.4672,0.3584
0,78,22,0.4682,0.3531
0,79,21,0.4700,0.3473
0,80,20,0.4726,0.3412
0,81,19,0.4760,0.3347
0,82,18,0.4800,0.3278
0,83,17,0.4848,0.3205
0,84,16,0.4901,0.3128
0,85,15,0.4961,0.3046
0,86,14,0.5026,0.2960
0,87,13,0.5096,0.2870
0,88,12,0.5171,0.2777
0,89,11,0.5250,0.2680
0,90,10,0.5333,0.2580
0,91,9,0.5419,0.2477
0,92,8,0.5508,0.2372
0,93,7,0.5600,0.2264
0,94,6,0.5694,0.2156
0,95,5,0.5791,0.2046
0,96,4,0.5888,0.1937
0,97,3,0.5987,0.1827
0,98,2,0.6087,0.1718
0,99,1,0.6188,0.1610
0,100,0,0.6289,0.1504
1,0,99,0.7757,0.1610
1,1,98,0.7716,0.1721
1,2,97,0.7677,0.1834
1,3,96,0.7639,0.1948
1,4,95,0.7602,0.2062
1,5,94,0.7567,0.2176
1,6,93,0.7534,0.2290
1,7,92,0.7502,0.2403
1,8,91,0.7473,0.2514
1,9,90,0.7445,0.2623
1,10,89,0.7420,0.2730
1,11,88,0.7397,0.2833
1,12,87,0.7377,0.2933
1,13,86,0.7359,0.3030
1,14,85,0.7344,0.3123
1,15,84,0.7331,0.3212
1,16,83,0.7321,0.3296
1,17,82,0.7314,0.3377
1,18,81,0.7309,0.3453
1,19,80,0.7306,0.3525
1,20,79,0.7306,0.3593
1,21,78,0.7307,0.3657
1,22,77,0.7311,0.3717
1,23,76,0.7316,0.3774
1,24,75,0.7322,0.3827
1,25,74,0.7329,0.3878
1,26,73,0.7337,0.3926
1,27,72,0.7345,0.3972
1,28,71,0.7352,0.4016
1,29,70,0.7358,0.4058
1,30,69,0.7363,0.4099
1,31,68,0.7366,0.4138
1,32,67,0.7367,0.4176
1,33,66,0.7365,0.4214
1,34,65,0.7360,0.4250
1,35,64,0.7351,0.4285
1,36,63,0.7338,0.4320
1,37,62,0.7321,0.4353
1,38,61,0.7299,0.4385
1,39,60,0.7272,0.4416
1,40,59,0.7240,0.4446
1,41,58,0.7203,0.4473
1,42,57,0.7160,0.4498
1,43,56,0.7112,0.4521
1,44,55,0.7059,0.4541
1,45,54,0.7001,0.4558
1,46,53,0.6938,0.4572
1,47,52,0.6869,0.4583
1,48,51,0.6796,0.4590
1,49,50,0.6717,0.4594
1,50,49,0.6635,0.4594
1,51,48,0.6548,0.4590
1,52,47,0.6458,0.4583
1,53,46,0.6364,0.4572
1,54,45,0.6268,0.4558
1,55,44,0.6169,0.4541
1,56,43,0.6068,0.4521
1,57,42,0.5965,0.4498
1,58,41,0.5862,0.4473
1,59,40,0.5759,0.4446
1,60,39,0.5657,0.4416
1,61,38,0.5557,0.4385
1,62,37,0.5459,0.4353
1,63,36,0.5364,0.4320
1,64,35,0.5273,0.4285
1,65,34,0.5186,0.4250
1,66,33,0.5105,0.4214
1,67,32,0.5031,0.4176
1,68,31,0.4962,0.4138
1,69,30,0.4902,0.4099
1,70,29,0.4848,0.4058
1,71,28,0.4803,0.4016
1,72,27,0.4767,0.3972
1,73,26,0.4738,0.3926
1,74,25,0.4719,0.3878
1,75,24,0.4708,0.3827
1,76,23,0.4705,0.3774
1,77,22,0.4711,0.3717
1,78,21,0.4725,0.3657
1,79,20,0.4747,0.3593
1,80,19,0.4776,0.3525
1,81,18,0.4813,0.3453
1,82,17,0.4857,0.3377
1,83,16,0.4907,0.3296
1,84,15,0.4963,0.3212
1,85,14,0.5024,0.3123
1,86,13,0.5091,0.3030
1,87,12,0.5163,0.2933
1,88,11,0.5239,0.2833
1,89,10,0.5319,0.2730
1,90,9,0.5402,0.2623
1,91,8,0.5489,0.2514
1,92,7,0.5579,0.2403
1,93,6,0.5671,0.2290
1,94,5,0.5766,0.2176
1,95,4,0.5862,0.2062
1,96,3,0.5959,0.1948
1,97,2,0.6058,0.1834
1,98,1,0.6158,0.1721
1,99,0,0.6258,0.1610
2,0,98,0.7704,0.1718
2,1,97,0.7665,0.1834
2,2,96,0.7627,0.1951
2,3,95,0.7591,0.2070
2,4,94,0.7556,0.2189
2,5,93,0.7522,0.2307
2,6,92,0.7491,0.2425
2,7,91,0.7461,0.2542
2,8,90,0.7434,0.2657
2,9,89,0.7409,0.2770
2,10,88,0.7386,0.2880
2,11,87,0.7366,0.2987
2,12,86,0.7348,0.3091
2,13,85,0.7333,0.3191
2,14,84,0.7320,0.3287
2,15,83,0.7310,0.3379
2,16,82,0.7303,0.3466
2,17,81,0.7298,0.3550
2,18,80,0.7295,0.3629
2,19,79,0.7295,0.3704
2,20,78,0.7296,0.3775
2,21,77,0.7300,0.3842
2,22,76,0.7305,0.3905
2,23,75,0.7312,0.3966
2,24,74,0.7319,0.4023
2,25,73,0.7327,0.4077
2,26,72,0.7335,0.4128
2,27,71,0.7343,0.4178
2,28,70,0.7350,0.4225
2,29,69,0.7356,0.4271
2,30,68,0.7360,0.4315
2,31,67,0.7362,0.4358
2,32,66,0.7361,0.4400
2,33,65,0.7358,0.4441
2,34,64,0.7350,0.4480
2,35,63,0.7339,0.4519
2,36,62,0.7324,0.4556
2,37,61,0.7304,0.4592
2,38,60,0.7279,0.4627
2,39,59,0.7250,0.4660
2,40,58,0.7215,0.4691
2,41,57,0.7175,0.4719
2,42,56,0.7130,0.4745
2,43,55,0.7080,0.4769
2,44,54,0.7024,0.4789
2,45,53,0.6964,0.4806
2,46,52,0.6898,0.4820
2,47,51,0.6828,0.4829
2,48,50,0.6753,0.4835
2,49,49,0.6674,0.4837
2,50,48,0.6590,0.4835
2,51,47,0.6503,0.4829
2,52,46,0.6412,0.4820
2,53,45,0.6318,0.4806
2,54,44,0.6222,0.4789
2,55,43,0.6124,0.4769
2,56,42,0.6024,0.4745
2,57,41,0.5923,0.4719
2,58,40,0.5822,0.4691
2,59,39,0.5722,0.4660
2,60,38,0.5622,0.4627
2,61,37,0.5525,0.4592
2,62,36,0.5431,0.4556
2,63,35,0.5340,0.4519
2,64,34,0.5253,0.4480
2,65,33,0.5171,0.4441
2,66,32,0.5095,0.4400
2,67,31,0.5025,0.4358
2,68,30,0.4962,0.4315
2,69,29,0.4906,0.4271
2,70,28,0.4858,0.4225
2,71,27,0.4818,0.4178
2,72,26,0.4786,0.4128
2,73,25,0.4763,0.4077
2,74,24,0.4748,0.4023
2,75,23,0.4742,0.3966
2,76,22,0.4743,0.3905
2,77,21,0.4753,0.3842
2,78,20,0.4771,0.3775
2,79,19,0.4796,0.3704
2,80,18,0.4829,0.3629
2,81,17,0.4868,0.3550
2,82,16,0.4914,0.3466
2,83,15,0.4967,0.3379
2,84,14,0.5025,0.3287
2,85,13,0.5088,0.3191
2,86,12,0.5157,0.3091
2,87,11,0.5230,0.2987
2,88,10,0.5307,0.2880
2,89,9,0.5388,0.2770
2,90,8,0.5472,0.2657
2,91,7,0.5560,0.2542
2,92,6,0.5650,0.2425
2,93,5,0.5742,0.2307
2,94,4,0.5837,0.2189
2,95,3,0.5933,0.2070
2,96,2,0.6030,0.1951
2,97,1,0.6129,0.1834
2,98,0,0.6228,0.1718
3,0,97,0.7651,0.1827
3,1,96,0.7613,0.1948
3,2,95,0.7577,0.2070
3,3,94,0.7542,0.2193
3,4,93,0.7509,0.2316
3,5,92,0.7477,0.2439
3,6,91,0.7448,0.2561
3,7,90,0.7420,0.2682
3,8,89,0.7395,0.2801
3,9,88,0.7372,0.2917
3,10,87,0.7352,0.3031
3,11,86,0.7334,0.3141
3,12,85,0.7319,0.3248
3,13,84,0.7306,0.3351
3,14,83,0.7296,0.3451
3,15,82,0.7289,0.3546
3,16,81,0.7284,0.3637
3,17,80,0.7281,0.3723
3,18,79,0.7281,0.3806
3,19,78,0.7282,0.3884
3,20,77,0.7286,0.3958
3,21,76,0.7291,0.4029
3,22,75,0.7298,0.4096
3,23,74,0.7306,0.4159
3,24,73,0.7314,0.4220
3,25,72,0.7323,0.4278
3,26,71,0.7331,0.4333
3,27,70,0.7339,0.4386
3,28,69,0.7346,0.4438
3,29,68,0.7351,0.4487
3,30,67,0.7354,0.4535
3,31,66,0.7355,0.4582
3,32,65,0.7353,0.4627
3,33,64,0.7347,0.4672
3,34,63,0.7338,0.4715
3,35,62,0.7324,0.4756
3,36,61,0.7306,0.4797
3,37,60,0.7284,0.4835
3,38,59,0.7257,0.4872
3,39,58,0.7225,0.4907
3,40,57,0.7187,0.4939
3,41,56,0.7145,0.4969
3,42,55,0.7098,0.4996
3,43,54,0.7045,0.5020
3,44,53,0.6988,0.5040
3,45,52,0.6925,0.5056
3,46,51,0.6858,0.5069
3,47,50,0.6786,0.5077
3,48,49,0.6710,0.5082
3,49,48,0.6629,0.5082
3,50,47,0.6545,0.5077
3,51,46,0.6457,0.5069
3,52,45,0.6366,0.5056
3,53,44,0.6273,0.5040
3,54,43,0.6177,0.5020
3,55,42,0.6080,0.4996
3,56,41,0.5982,0.4969
3,57,40,0.5883,0.4939
3,58,39,0.5784,0.4907
3,59,38,0.5686,0.4872
3,60,37,0.5590,0.4835
3,61,36,0.5496,0.4797
3,62,35,0.5406,0.4756
3,63,34,0.5319,0.4715
3,64,33,0.5236,0.4672
3,65,32,0.5159,0.4627
3,66,31,0.5088,0.4582
3,67,30,0.5023,0.4535
3,68,29,0.4965,0.4487
3,69,28,0.4914,0.4438
3,70,27,0.4871,0.4386
3,71,26,0.4836,0.4333
3,72,25,0.4809,0.4278
3,73,24,0.4791,0.4220
3,74,23,0.4780,0.4159
3,75,22,0.4778,0.4096
3,76,21,0.4784,0.4029
3,77,20,0.4797,0.3958
3,78,19,0.4819,0.3884
3,79,18,0.4847,0.3806
3,80,17,0.4883,0.3723
3,81,16,0.4925,0.3637
3,82,15,0.4974,0.3546
3,83,14,0.5028,0.3451
3,84,13,0.5088,0.3351
3,85,12,0.5153,0.3248
3,86,11,0.5223,0.3141
3,87,10,0.5297,0.3031
3,88,9,0.5376,0.2917
3,89,8,0.5457,0.2801
3,90,7,0.5542,0.2682
3,91,6,0.5630,0.2561
3,92,5,0.5721,0.2439
3,93,4,0.5813,0.2316
3,94,3,0.5908,0.2193
3,95,2,0.6004,0.2070
3,96,1,0.6101,0.1948
3,97,0,0.6199,0.1827
4,0,96,0.7598,0.1937
4,1,95,0.7561,0.2062
4,2,94,0.7526,0.2189
4,3,93,0.7493,0.2316
4,4,92,0.7461,0.2443
4,5,91,0.7431,0.2571
4,6,90,0.7404,0.2697
4,7,89,0.7379,0.2821
4,8,88,0.7356,0.2944
4,9,87,0.7336,0.3064
4,10,86,0.7318,0.3181
4,11,85,0.7302,0.3295
4,12,84,0.7290,0.3405
4,13,83,0.7279,0.3512
4,14,82,0.7272,0.3614
4,15,81,0.7267,0.3713
4,16,80,0.7264,0.3807
4,17,79,0.7264,0.3897
4,18,78,0.7266,0.3983
4,19,77,0.7269,0.4064
4,20,76,0.7275,0.4142
4,21,75,0.7282,0.4216
4,22,74,0.7290,0.4287
4,23,73,0.7298,0.4354
4,24,72,0.7308,0.4419
4,25,71,0.7317,0.4480
4,26,70,0.7325,0.4540
4,27,69,0.7333,0.4597
4,28,68,0.7339,0.4653
4,29,67,0.7343,0.4706
4,30,66,0.7345,0.4758
4,31,65,0.7345,0.4809
4,32,64,0.7341,0.4858
4,33,63,0.7333,0.4906
4,34,62,0.7322,0.4952
4,35,61,0.7306,0.4997
4,36,60,0.7286,0.5040
4,37,59,0.7261,0.5081
4,38,58,0.7232,0.5120
4,39,57,0.7197,0.5157
4,40,56,0.7157,0.5191
4,41,55,0.7113,0.5221
4,42,54,0.7063,0.5249
4,43,53,0.7009,0.5273
4,44,52,0.6949,0.5292
4,45,51,0.6885,0.5308
4,46,50,0.6816,0.5319
4,47,49,0.6743,0.5326
4,48,48,0.6666,0.5329
4,49,47,0.6584,0.5326
4,50,46,0.6500,0.5319
4,51,45,0.6412,0.5308
4,52,44,0.6321,0.5292
4,53,43,0.6229,0.5273
4,54,42,0.6134,0.5249
4,55,41,0.6038,0.5221
4,56,40,0.5941,0.5191
4,57,39,0.5845,0.5157
4,58,38,0.5748,0.5120
4,59,37,0.5654,0.5081
4,60,36,0.5561,0.5040
4,61,35,0.5471,0.4997
4,62,34,0.5384,0.4952
4,63,33,0.5301,0.4906
4,64,32,0.5223,0.4858
4,65,31,0.5151,0.4809
4,66,30,0.5084,0.4758
4,67,29,0.5024,0.4706
4,68,28,0.4971,0.4653
4,69,27,0.4925,0.4597
4,70,26,0.4887,0.4540
4,71,25,0.4857,0.4480
4,72,24,0.4835,0.4419
4,73,23,0.4821,0.4354
4,74,22,0.4815,0.4287
4,75,21,0.4817,0.4216
4,76,20,0.4826,0.4142
4,77,19,0.4844,0.4064
4,78,18,0.4868,0.3983
4,79,17,0.4900,0.3897
4,80,16,0.4938,0.3807
4,81,15,0.4983,0.3713
4,82,14,0.5034,0.3614
4,83,13,0.5090,0.3512
4,84,12,0.5152,0.3405
4,85,11,0.5219,0.3295
4,86,10,0.5290,0.3181
4,87,9,0.5365,0.3064
4,88,8,0.5445,0.2944
4,89,7,0.5527,0.2821
4,90,6,0.5613,0.2697
4,91,5,0.5701,0.2571
4,92,4,0.5792,0.2443
4,93,3,0.5884,0.2316
4,94,2,0.5979,0.2189
4,95,1,0.6074,0.2062
4,96,0,0.6171,0.1937
5,0,95,0.7543,0.2046
5,1,94,0.7508,0.2176
5,2,93,0.7474,0.2307
5,3,92,0.7443,0.2439
5,4,91,0.7413,0.2571
5,5,90,0.7385,0.2702
5,6,89,0.7360,0.2832
5,7,88,0.7337,0.2960
5,8,87,0.7317,0.3086
5,9,86,0.7298,0.3210
5,10,85,0.7283,0.3331
5,11,84,0.7270,0.3448
5,12,83,0.7260,0.3562
5,13,82,0.7252,0.3672
5,14,81,0.7247,0.3777
5,15,80,0.7244,0.3879
5,16,79,0.7244,0.3977
5,17,78,0.7246,0.4070
5,18,77,0.7249,0.4160
5,19,76,0.7255,0.4245
5,20,75,0.7262,0.4326
5,21,74,0.7270,0.4404
5,22,73,0.7280,0.4479
5,23,72,0.7289,0.4550
5,24,71,0.7299,0.4619
5,25,70,0.7308,0.4685
5,26,69,0.7317,0.4749
5,27,68,0.7324,0.4810
5,28,67,0.7329,0.4870
5,29,66,0.7333,0.4928
5,30,65,0.7334,0.4984
5,31,64,0.7331,0.5038
5,32,63,0.7326,0.5091
5,33,62,0.7316,0.5143
5,34,61,0.7303,0.5193
5,35,60,0.7285,0.5241
5,36,59,0.7263,0.5286
5,37,58,0.7236,0.5330
5,38,57,0.7204,0.5371
5,39,56,0.7167,0.5409
5,40,55,0.7125,0.5444
5,41,54,0.7078,0.5475
5,42,53,0.7027,0.5503
5,43,52,0.6970,0.5527
5,44,51,0.6909,0.5546
5,45,50,0.6844,0.5560
5,46,49,0.6774,0.5570
5,47,48,0.6699,0.5575
5,48,47,0.6621,0.5575
5,49,46,0.6540,0.5570
5,50,45,0.6455,0.5560
5,51,44,0.6368,0.5546
5,52,43,0.6278,0.5527
5,53,42,0.6186,0.5503
5,54,41,0.6092,0.5475
5,55,40,0.5998,0.5444
5,56,39,0.5903,0.5409
5,57,38,0.5809,0.5371
5,58,37,0.5716,0.5330
5,59,36,0.5624,0.5286
5,60,35,0.5534,0.5241
5,61,34,0.5448,0.5193
5,62,33,0.5365,0.5143
5,63,32,0.5287,0.5091
5,64,31,0.5214,0.5038
5,65,30,0.5146,0.4984
5,66,29,0.5084,0.4928
5,67,28,0.5029,0.4870
5,68,27,0.4981,0.4810
5,69,26,0.4940,0.4749
5,70,25,0.4907,0.4685
5,71,24,0.4882,0.4619
5,72,23,0.4864,0.4550
5,73,22,0.4854,0.4479
5,74,21,0.4852,0.4404
5,75,20,0.4858,0.4326
5,76,19,0.4871,0.4245
5,77,18,0.4892,0.4160
5,78,17,0.4920,0.4070
5,79,16,0.4954,0.3977
5,80,15,0.4995,0.3879
5,81,14,0.5043,0.3777
5,82,13,0.5096,0.3672
5,83,12,0.5154,0.3562
5,84,11,0.5217,0.3448
5,85,10,0.5285,0.3331
5,86,9,0.5358,0.3210
5,87,8,0.5434,0.3086
5,88,7,0.5514,0.2960
5,89,6,0.5597,0.2832
5,90,5,0.5683,0.2702
5,91,4,0.5772,0.2571
5,92,3,0.5863,0.2439
5,93,2,0.5955,0.2307
5,94,1,0.6049,0.2176
5,95,0,0.6145,0.2046
6,0,94,0.7487,0.2156
6,1,93,0.7454,0.2290
6,2,92,0.7422,0.2425
6,3,91,0.7392,0.2561
6,4,90,0.7364,0.2697
6,5,89,0.7339,0.2832
6,6,88,0.7316,0.2965
6,7,87,0.7295,0.3097
6,8,86,0.7277,0.3227
6,9,85,0.7261,0.3354
6,10,84,0.7248,0.3479
6,11,83,0.7237,0.3599
6,12,82,0.7229,0.3717
6,13,81,0.7224,0.3830
6,14,80,0.7221,0.3939
6,15,79,0.7221,0.4045
6,16,78,0.7223,0.4146
6,17,77,0.7227,0.4243
6,18,76,0.7232,0.4336
6,19,75,0.7240,0.4425
6,20,74,0.7248,0.4511
6,21,73,0.7258,0.4593
6,22,72,0.7268,0.4672
6,23,71,0.7278,0.4747
6,24,70,0.7288,0.4820
6,25,69,0.7297,0.4891
6,26,68,0.7306,0.4959
6,27,67,0.7312,0.5025
6,28,66,0.7317,0.5089
6,29,65,0.7320,0.5151
6,30,64,0.7319,0.5211
6,31,63,0.7315,0.5270
6,32,62,0.7308,0.5327
6,33,61,0.7297,0.5382
6,34,60,0.7281,0.5435
6,35,59,0.7261,0.5486
6,36,58,0.7237,0.5535
6,37,57,0.7208,0.5580
6,38,56,0.7174,0.5623
6,39,55,0.7135,0.5663
6,40,54,0.7091,0.5698
6,41,53,0.7042,0.5730
6,42,52,0.6989,0.5758
6,43,51,0.6931,0.5781
6,44,50,0.6869,0.5799
6,45,49,0.6802,0.5812
6,46,48,0.6731,0.5820
6,47,47,0.6656,0.5823
6,48,46,0.6578,0.5820
6,49,45,0.6496,0.5812
6,50,44,0.6411,0.5799
6,51,43,0.6324,0.5781
6,52,42,0.6235,0.5758
6,53,41,0.6144,0.5730
6,54,40,0.6052,0.5698
6,55,39,0.5960,0.5663
6,56,38,0.5868,0.5623
6,57,37,0.5776,0.5580
6,58,36,0.5686,0.5535
6,59,35,0.5597,0.5486
6,60,34,0.5511,0.5435
6,61,33,0.5429,0.5382
6,62,32,0.5350,0.5327
6,63,31,0.5277,0.5270
6,64,30,0.5208,0.5211
6,65,29,0.5145,0.5151
6,66,28,0.5088,0.5089
6,67,27,0.5038,0.5025
6,68,26,0.4994,0.4959
6,69,25,0.4958,0.4891
6,70,24,0.4930,0.4820
6,71,23,0.4909,0.4747
6,72,22,0.4896,0.4672
6,73,21,0.4890,0.4593
6,74,20,0.4892,0.4511
6,75,19,0.4902,0.4425
6,76,18,0.4919,0.4336
6,77,17,0.4943,0.4243
6,78,16,0.4973,0.4146
6,79,15,0.5010,0.4045
6,80,14,0.5054,0.3939
6,81,13,0.5103,0.3830
6,82,12,0.5158,0.3717
6,83,11,0.5218,0.3599
6,84,10,0.5283,0.3479
6,85,9,0.5353,0.3354
6,86,8,0.5426,0.3227
6,87,7,0.5503,0.3097
6,88,6,0.5584,0.2965
6,89,5,0.5668,0.2832
6,90,4,0.5754,0.2697
6,91,3,0.5843,0.2561
6,92,2,0.5934,0.2425
6,93,1,0.6026,0.2290
6,94,0,0.6120,0.2156
7,0,93,0.7431,0.2264
7,1,92,0.7399,0.2403
7,2,91,0.7369,0.2542
7,3,90,0.7341,0.2682
7,4,89,0.7315,0.2821
7,5,88,0.7291,0.2960
7,6,87,0.7270,0.3097
7,7,86,0.7252,0.3233
7,8,85,0.7236,0.3366
7,9,84,0.7223,0.3497
7,10,83,0.7212,0.3625
7,11,82,0.7204,0.3749
7,12,81,0.7198,0.3870
7,13,80,0.7195,0.3987
7,14,79,0.7195,0.4100
7,15,78,0.7197,0.4209
7,16,77,0.7201,0.4314
7,17,76,0.7206,0.4415
7,18,75,0.7214,0.4512
7,19,74,0.7223,0.4605
7,20,73,0.7232,0.4695
7,21,72,0.7243,0.4781
7,22,71,0.7254,0.4865
7,23,70,0.7265,0.4945
7,24,69,0.7275,0.5022
7,25,68,0.7284,0.5097
7,26,67,0.7292,0.5170
7,27,66,0.7298,0.5241
7,28,65,0.7302,0.5309
7,29,64,0.7303,0.5376
7,30,63,0.7301,0.5441
7,31,62,0.7296,0.5504
7,32,61,0.7287,0.5564
7,33,60,0.7274,0.5623
7,34,59,0.7257,0.5679
7,35,58,0.7235,0.5733
7,36,57,0.7208,0.5784
7,37,56,0.7177,0.5832
7,38,55,0.7141,0.5876
7,39,54,0.7101,0.5917
7,40,53,0.7055,0.5953
7,41,52,0.7005,0.5985
7,42,51,0.6950,0.6012
7,43,50,0.6891,0.6034
7,44,49,0.6827,0.6051
7,45,48,0.6759,0.6062
7,46,47,0.6688,0.6068
7,47,46,0.6613,0.6068
7,48,45,0.6534,0.6062
7,49,44,0.6453,0.6051
7,50,43,0.6369,0.6034
7,51,42,0.6282,0.6012
7,52,41,0.6194,0.5985
7,53,40,0.6105,0.5953
7,54,39,0.6015,0.5917
7,55,38,0.5925,0.5876
7,56,37,0.5835,0.5832
7,57,36,0.5746,0.5784
7,58,35,0.5659,0.5733
7,59,34,0.5574,0.5679
7,60,33,0.5492,0.5623
7,61,32,0.5413,0.5564
7,62,31,0.5339,0.5504
7,63,30,0.5270,0.5441
7,64,29,0.5206,0.5376
7,65,28,0.5147,0.5309
7,66,27,0.5095,0.5241
7,67,26,0.5050,0.5170
7,68,25,0.5011,0.5097
7,69,24,0.4980,0.5022
7,70,23,0.4956,0.4945
7,71,22,0.4939,0.4865
7,72,21,0.4930,0.4781
7,73,20,0.4929,0.4695
7,74,19,0.4935,0.4605
7,75,18,0.4948,0.4512
7,76,17,0.4968,0.4415
7,77,16,0.4995,0.4314
7,78,15,0.5028,0.4209
7,79,14,0.5068,0.4100
7,80,13,0.5114,0.3987
7,81,12,0.5165,0.3870
7,82,11,0.5222,0.3749
7,83,10,0.5284,0.3625
7,84,9,0.5350,0.3497
7,85,8,0.5421,0.3366
7,86,7,0.5495,0.3233
7,87,6,0.5573,0.3097
7,88,5,0.5654,0.2960
7,89,4,0.5738,0.2821
7,90,3,0.5825,0.2682
7,91,2,0.5914,0.2542
7,92,1,0.6005,0.2403
7,93,0,0.6097,0.2264
8,0,92,0.7373,0.2372
8,1,91,0.7343,0.2514
8,2,90,0.7314,0.2657
8,3,89,0.7288,0.2801
8,4,88,0.7264,0.2944
8,5,87,0.7243,0.3086
8,6,86,0.7224,0.3227
8,7,85,0.7208,0.3366
8,8,84,0.7195,0.3503
8,9,83,0.7184,0.3638
8,10,82,0.7175,0.3769
8,11,81,0.7170,0.3897
8,12,80,0.7166,0.4021
8,13,79,0.7166,0.4142
8,14,78,0.7168,0.4258
8,15,77,0.7171,0.4371
8,16,76,0.7177,0.4480
8,17,75,0.7185,0.4585
8,18,74,0.7194,0.4687
8,19,73,0.7204,0.4784
8,20,72,0.7215,0.4879
8,21,71,0.7227,0.4970
8,22,70,0.7238,0.5057
8,23,69,0.7249,0.5142
8,24,68,0.7260,0.5225
8,25,67,0.7269,0.5305
8,26,66,0.7276,0.5382
8,27,65,0.7282,0.5458
8,28,64,0.7285,0.5531
8,29,63,0.7285,0.5602
8,30,62,0.7281,0.5671
8,31,61,0.7274,0.5738
8,32,60,0.7264,0.5803
8,33,59,0.7249,0.5865
8,34,58,0.7230,0.5924
8,35,57,0.7206,0.5981
8,36,56,0.7178,0.6034
8,37,55,0.7145,0.6084
8,38,54,0.7107,0.6129
8,39,53,0.7065,0.6171
8,40,52,0.7018,0.6207
8,41,51,0.6966,0.6239
8,42,50,0.6910,0.6265
8,43,49,0.6850,0.6286
8,44,48,0.6785,0.6301
8,45,47,0.6717,0.6310
8,46,46,0.6645,0.6313
8,47,45,0.6570,0.6310
8,48,44,0.6491,0.6301
8,49,43,0.6410,0.6286
8,50,42,0.6327,0.6265
8,51,41,0.6242,0.6239
8,52,40,0.6155,0.6207
8,53,39,0.6068,0.6171
8,54,38,0.5980,0.6129
8,55,37,0.5892,0.6084
8,56,36,0.5805,0.6034
8,57,35,0.5719,0.5981
8,58,34,0.5635,0.5924
8,59,33,0.5554,0.5865
8,60,32,0.5476,0.5803
8,61,31,0.5401,0.5738
8,62,30,0.5332,0.5671
8,63,29,0.5267,0.5602
8,64,28,0.5207,0.5531
8,65,27,0.5153,0.5458
8,66,26,0.5106,0.5382
8,67,25,0.5065,0.5305
8,68,24,0.5031,0.5225
8,69,23,0.5004,0.5142
8,70,22,0.4985,0.5057
8,71,21,0.4973,0.4970
8,72,20,0.4968,0.4879
8,73,19,0.4970,0.4784
8,74,18,0.4979,0.4687
8,75,17,0.4996,0.4585
8,76,16,0.5019,0.4480
8,77,15,0.5049,0.4371
8,78,14,0.5085,0.4258
8,79,13,0.5127,0.4142
8,80,12,0.5175,0.4021
8,81,11,0.5228,0.3897
8,82,10,0.5287,0.3769
8,83,9,0.5350,0.3638
8,84,8,0.5417,0.3503
8,85,7,0.5489,0.3366
8,86,6,0.5564,0.3227
8,87,5,0.5643,0.3086
8,88,4,0.5725,0.2944
8,89,3,0.5809,0.2801
8,90,2,0.5896,0.2657
8,91,1,0.5985,0.2514
8,92,0,0.6075,0.2372
9,0,91,0.7314,0.2477
9,1,90,0.7286,0.2623
9,2,89,0.7259,0.2770
9,3,88,0.7235,0.2917
9,4,87,0.7213,0.3064
9,5,86,0.7194,0.3210
9,6,85,0.7177,0.3354
9,7,84,0.7164,0.3497
9,8,83,0.7152,0.3638
9,9,82,0.7144,0.3775
9,10,81,0.7138,0.3910
9,11,80,0.7134,0.4042
9,12,79,0.7134,0.4170
9,13,78,0.7135,0.4294
9,14,77,0.7139,0.4415
9,15,76,0.7145,0.4532
9,16,75,0.7152,0.4645
9,17,74,0.7162,0.4754
9,18,73,0.7172,0.4860
9,19,72,0.7184,0.4962
9,20,71,0.7196,0.5061
9,21,70,0.7208,0.5157
9,22,69,0.7220,0.5250
9,23,68,0.7231,0.5340
9,24,67,0.7242,0.5427
9,25,66,0.7251,0.5512
9,26,65,0.7258,0.5595
9,27,64,0.7262,0.5675
9,28,63,0.7264,0.5753
9,29,62,0.7263,0.5829
9,30,61,0.7259,0.5902
9,31,60,0.7250,0.5973
9,32,59,0.7238,0.6041
9,33,58,0.7222,0.6107
9,34,57,0.7201,0.6169
9,35,56,0.7175,0.6228
9,36,55,0.7145,0.6284
9,37,54,0.7111,0.6335
9,38,53,0.7072,0.6382
9,39,52,0.7028,0.6423
9,40,51,0.6980,0.6460
9,41,50,0.6927,0.6491
9,42,49,0.6870,0.6516
9,43,48,0.6809,0.6536
9,44,47,0.6744,0.6548
9,45,46,0.6675,0.6555
9,46,45,0.6603,0.6555
9,47,44,0.6528,0.6548
9,48,43,0.6450,0.6536
9,49,42,0.6370,0.6516
9,50,41,0.6287,0.6491
9,51,40,0.6203,0.6460
9,52,39,0.6118,0.6423
9,53,38,0.6033,0.6382
9,54,37,0.5947,0.6335
9,55,36,0.5862,0.6284
9,56,35,0.5778,0.6228
9,57,34,0.5695,0.6169
9,58,33,0.5615,0.6107
9,59,32,0.5537,0.6041
9,60,31,0.5463,0.5973
9,61,30,0.5393,0.5902
9,62,29,0.5328,0.5829
9,63,28,0.5267,0.5753
9,64,27,0.5212,0.5675
9,65,26,0.5163,0.5595
9,66,25,0.5120,0.5512
9,67,24,0.5084,0.5427
9,68,23,0.5055,0.5340
9,69,22,0.5032,0.5250
9,70,21,0.5017,0.5157
9,71,20,0.5009,0.5061
9,72,19,0.5008,0.4962
9,73,18,0.5014,0.4860
9,74,17,0.5026,0.4754
9,75,16,0.5046,0.4645
9,76,15,0.5072,0.4532
9,77,14,0.5105,0.4415
9,78,13,0.5143,0.4294
9,79,12,0.5188,0.4170
9,80,11,0.5238,0.4042
9,81,10,0.5293,0.3910
9,82,9,0.5353,0.3775
9,83,8,0.5417,0.3638
9,84,7,0.5486,0.3497
9,85,6,0.5558,0.3354
9,86,5,0.5634,0.3210
9,87,4,0.5713,0.3064
9,88,3,0.5796,0.2917
9,89,2,0.5880,0.2770
9,90,1,0.5967,0.2623
9,91,0,0.6056,0.2477
10,0,90,0.7254,0.2580
10,1,89,0.7227,0.2730
10,2,88,0.7203,0.2880
10,3,87,0.7181,0.3031
10,4,86,0.7161,0.3181
10,5,85,0.7144,0.3331
10,6,84,0.7130,0.3479
10,7,83,0.7118,0.3625
10,8,82,0.7109,0.3769
10,9,81,0.7103,0.3910
10,10,80,0.7099,0.4049
10,11,79,0.7098,0.4184
10,12,78,0.7099,0.4316
10,13,77,0.7103,0.4444
10,14,76,0.7109,0.4569
10,15,75,0.7117,0.4690
10,16,74,0.7126,0.4808
10,17,73,0.7137,0.4922
10,18,72,0.7149,0.5032
10,19,71,0.7162,0.5139
10,20,70,0.7174,0.5243
10,21,69,0.7187,0.5344
10,22,68,0.7200,0.5442
10,23,67,0.7211,0.5537
10,24,66,0.7222,0.5629
10,25,65,0.7230,0.5719
10,26,64,0.7237,0.5807
10,27,63,0.7241,0.5892
10,28,62,0.7242,0.5975
10,29,61,0.7239,0.6055
10,30,60,0.7233,0.6133
10,31,59,0.7224,0.6208
10,32,58,0.7210,0.6280
10,33,57,0.7192,0.6349
10,34,56,0.7170,0.6414
10,35,55,0.7143,0.6475
10,36,54,0.7112,0.6532
10,37,53,0.7076,0.6585
10,38,52,0.7035,0.6632
10,39,51,0.6990,0.6674
10,40,50,0.6941,0.6710
10,41,49,0.6887,0.6740
10,42,48,0.6829,0.6764
10,43,47,0.6768,0.6781
10,44,46,0.6702,0.6792
10,45,45,0.6634,0.6795
10,46,44,0.6562,0.6792
10,47,43,0.6487,0.6781
10,48,42,0.6410,0.6764
10,49,41,0.6330,0.6740
10,50,40,0.6249,0.6710
10,51,39,0.6167,0.6674
10,52,38,0.6084,0.6632
10,53,37,0.6001,0.6585
10,54,36,0.5917,0.6532
10,55,35,0.5835,0.6475
10,56,34,0.5754,0.6414
10,57,33,0.5675,0.6349
10,58,32,0.5598,0.6280
10,59,31,0.5524,0.6208
10,60,30,0.5454,0.6133
10,61,29,0.5388,0.6055
10,62,28,0.5327,0.5975
10,63,27,0.5271,0.5892
10,64,26,0.5221,0.5807
10,65,25,0.5176,0.5719
10,66,24,0.5138,0.5629
10,67,23,0.5106,0.5537
10,68,22,0.5081,0.5442
10,69,21,0.5063,0.5344
10,70,20,0.5052,0.5243
10,71,19,0.5048,0.5139
10,72,18,0.5050,0.5032
10,73,17,0.5060,0.4922
10,74,16,0.5076,0.4808
10,75,15,0.5098,0.4690
10,76,14,0.5127,0.4569
10,77,13,0.5162,0.4444
10,78,12,0.5203,0.4316
10,79,11,0.5250,0.4184
10,80,10,0.5301,0.4049
10,81,9,0.5358,0.3910
10,82,8,0.5419,0.3769
10,83,7,0.5485,0.3625
10,84,6,0.5555,0.3479
10,85,5,0.5628,0.3331
10,86,4,0.5705,0.3181
10,87,3,0.5784,0.3031
10,88,2,0.5867,0.2880
10,89,1,0.5951,0.2730
10,90,0,0.6038,0.2580
11,0,89,0.7193,0.2680
11,1,88,0.7168,0.2833
11,2,87,0.7145,0.2987
11,3,86,0.7125,0.3141
11,4,85,0.7108,0.3295
11,5,84,0.7093,0.3448
11,6,83,0.7081,0.3599
11,7,82,0.7071,0.3749
11,8,81,0.7065,0.3897
11,9,80,0.7061,0.4042
11,10,79,0.7059,0.4184
11,11,78,0.7061,0.4323
11,12,77,0.7064,0.4459
11,13,76,0.7070,0.4591
11,14,75,0.7078,0.4721
11,15,74,0.7087,0.4846
11,16,73,0.7098,0.4968
11,17,72,0.7111,0.5087
11,18,71,0.7124,0.5202
11,19,70,0.7137,0.5314
11,20,69,0.7151,0.5423
11,21,68,0.7165,0.5529
11,22,67,0.7178,0.5633
11,23,66,0.7189,0.5733
11,24,65,0.7199,0.5831
11,25,64,0.7208,0.5926
11,26,63,0.7213,0.6019
11,27,62,0.7217,0.6109
11,28,61,0.7217,0.6197
11,29,60,0.7213,0.6282
11,30,59,0.7206,0.6363
11,31,58,0.7195,0.6442
11,32,57,0.7180,0.6518
11,33,56,0.7161,0.6590
11,34,55,0.7137,0.6657
11,35,54,0.7109,0.6721
11,36,53,0.7076,0.6779
11,37,52,0.7039,0.6832
11,38,51,0.6998,0.6880
11,39,50,0.6952,0.6922
11,40,49,0.6902,0.6957
11,41,48,0.6847,0.6986
11,42,47,0.6789,0.7008
11,43,46,0.6727,0.7022
11,44,45,0.6662,0.7030
11,45,44,0.6593,0.7030
11,46,43,0.6522,0.7022
11,47,42,0.6448,0.7008
11,48,41,0.6371,0.6986
11,49,40,0.6293,0.6957
11,50,39,0.6214,0.6922
11,51,38,0.6133,0.6880
11,52,37,0.6052,0.6832
11,53,36,0.5971,0.6779
11,54,35,0.5891,0.6721
11,55,34,0.5811,0.6657
11,56,33,0.5733,0.6590
11,57,32,0.5658,0.6518
11,58,31,0.5585,0.6442
11,59,30,0.5515,0.6363
11,60,29,0.5449,0.6282
11,61,28,0.5388,0.6197
11,62,27,0.5331,0.6109
11,63,26,0.5279,0.6019
11,64,25,0.5233,0.5926
11,65,24,0.5193,0.5831
11,66,23,0.5159,0.5733
11,67,22,0.5132,0.5633
11,68,21,0.5111,0.5529
11,69,20,0.5097,0.5423
11,70,19,0.5090,0.5314
11,71,18,0.5089,0.5202
11,72,17,0.5095,0.5087
11,73,16,0.5108,0.4968
11,74,15,0.5127,0.4846
11,75,14,0.5153,0.4721
11,76,13,0.5184,0.4591
11,77,12,0.5222,0.4459
11,78,11,0.5265,0.4323
11,79,10,0.5313,0.4184
11,80,9,0.5366,0.4042
11,81,8,0.5424,0.3897
11,82,7,0.5487,0.3749
11,83,6,0.5554,0.3599
11,84,5,0.5624,0.3448
11,85,4,0.5698,0.3295
11,86,3,0.5775,0.3141
11,87,2,0.5855,0.2987
11,88,1,0.5938,0.2833
11,89,0,0.6023,0.2680
12,0,88,0.7131,0.2777
12,1,87,0.7107,0.2933
12,2,86,0.7086,0.3091
12,3,85,0.7068,0.3248
12,4,84,0.7053,0.3405
12,5,83,0.7040,0.3562
12,6,82,0.7031,0.3717
12,7,81,0.7023,0.3870
12,8,80,0.7019,0.4021
12,9,79,0.7017,0.4170
12,10,78,0.7018,0.4316
12,11,77,0.7022,0.4459
12,12,76,0.7027,0.4599
12,13,75,0.7035,0.4736
12,14,74,0.7045,0.4869
12,15,73,0.7056,0.5000
12,16,72,0.7069,0.5127
12,17,71,0.7083,0.5250
12,18,70,0.7097,0.5371
12,19,69,0.7112,0.5488
12,20,68,0.7126,0.5602
12,21,67,0.7140,0.5714
12,22,66,0.7153,0.5822
12,23,65,0.7165,0.5928
12,24,64,0.7175,0.6032
12,25,63,0.7183,0.6132
12,26,62,0.7188,0.6230
12,27,61,0.7190,0.6325
12,28,60,0.7190,0.6418
12,29,59,0.7185,0.6507
12,30,58,0.7177,0.6593
12,31,57,0.7165,0.6675
12,32,56,0.7149,0.6754
12,33,55,0.7128,0.6829
12,34,54,0.7104,0.6899
12,35,53,0.7074,0.6964
12,36,52,0.7041,0.7023
12,37,51,0.7002,0.7077
12,38,50,0.6960,0.7125
12,39,49,0.6913,0.7166
12,40,48,0.6863,0.7200
12,41,47,0.6808,0.7226
12,42,46,0.6749,0.7246
12,43,45,0.6688,0.7257
12,44,44,0.6622,0.7261
12,45,43,0.6554,0.7257
12,46,42,0.6483,0.7246
12,47,41,0.6410,0.7226
12,48,40,0.6335,0.7200
12,49,39,0.6258,0.7166
12,50,38,0.6181,0.7125
12,51,37,0.6102,0.7077
12,52,36,0.6023,0.7023
12,53,35,0.5945,0.6964
12,54,34,0.5867,0.6899
12,55,33,0.5791,0.6829
12,56,32,0.5717,0.6754
12,57,31,0.5644,0.6675
12,58,30,0.5575,0.6593
12,59,29,0.5510,0.6507
12,60,28,0.5448,0.6418
12,61,27,0.5390,0.6325
12,62,26,0.5338,0.6230
12,63,25,0.5291,0.6132
12,64,24,0.5249,0.6032
12,65,23,0.5214,0.5928
12,66,22,0.5184,0.5822
12,67,21,0.5161,0.5714
12,68,20,0.5144,0.5602
12,69,19,0.5134,0.5488
12,70,18,0.5130,0.5371
12,71,17,0.5133,0.5250
12,72,16,0.5143,0.5127
12,73,15,0.5159,0.5000
12,74,14,0.5181,0.4869
12,75,13,0.5209,0.4736
12,76,12,0.5243,0.4599
12,77,11,0.5282,0.4459
12,78,10,0.5327,0.4316
12,79,9,0.5377,0.4170
12,80,8,0.5432,0.4021
12,81,7,0.5492,0.3870
12,82,6,0.5555,0.3717
12,83,5,0.5623,0.3562
12,84,4,0.5694,0.3405
12,85,3,0.5769,0.3248
12,86,2,0.5846,0.3091
12,87,1,0.5926,0.2933
12,88,0,0.6009,0.2777
13,0,87,0.7066,0.2870
13,1,86,0.7045,0.3030
13,2,85,0.7026,0.3191
13,3,84,0.7010,0.3351
13,4,83,0.6997,0.3512
13,5,82,0.6987,0.3672
13,6,81,0.6979,0.3830
13,7,80,0.6974,0.3987
13,8,79,0.6972,0.4142
13,9,78,0.6973,0.4294
13,10,77,0.6976,0.4444
13,11,76,0.6982,0.4591
13,12,75,0.6989,0.4736
13,13,74,0.6999,0.4877
13,14,73,0.7011,0.5015
13,15,72,0.7024,0.5150
13,16,71,0.7038,0.5282
13,17,70,0.7053,0.5411
13,18,69,0.7068,0.5537
13,19,68,0.7084,0.5660
13,20,67,0.7099,0.5780
13,21,66,0.7114,0.5897
13,22,65,0.7127,0.6011
13,23,64,0.7139,0.6122
13,24,63,0.7149,0.6231
13,25,62,0.7156,0.6337
13,26,61,0.7161,0.6440
13,27,60,0.7163,0.6540
13,28,59,0.7161,0.6637
13,29,58,0.7156,0.6731
13,30,57,0.7147,0.6820
13,31,56,0.7134,0.6906
13,32,55,0.7116,0.6988
13,33,54,0.7095,0.7065
13,34,53,0.7069,0.7137
13,35,52,0.7039,0.7203
13,36,51,0.7004,0.7264
13,37,50,0.6965,0.7317
13,38,49,0.6922,0.7365
13,39,48,0.6875,0.7404
13,40,47,0.6824,0.7437
13,41,46,0.6769,0.7461
13,42,45,0.6711,0.7478
13,43,44,0.6649,0.7486
13,44,43,0.6584,0.7486
13,45,42,0.6517,0.7478
13,46,41,0.6447,0.7461
13,47,40,0.6375,0.7437
13,48,39,0.6301,0.7404
13,49,38,0.6226,0.7365
13,50,37,0.6150,0.7317
13,51,36,0.6074,0.7264
13,52,35,0.5998,0.7203
13,53,34,0.5922,0.7137
13,54,33,0.5847,0.7065
13,55,32,0.5774,0.6988
13,56,31,0.5703,0.6906
13,57,30,0.5635,0.6820
13,58,29,0.5570,0.6731
13,59,28,0.5508,0.6637
13,60,27,0.5450,0.6540
13,61,26,0.5397,0.6440
13,62,25,0.5349,0.6337
13,63,24,0.5306,0.6231
13,64,23,0.5269,0.6122
13,65,22,0.5237,0.6011
13,66,21,0.5212,0.5897
13,67,20,0.5193,0.5780
13,68,19,0.5180,0.5660
13,69,18,0.5174,0.5537
13,70,17,0.5174,0.5411
13,71,16,0.5180,0.5282
13,72,15,0.5193,0.5150
13,73,14,0.5211,0.5015
13,74,13,0.5236,0.4877
13,75,12,0.5267,0.4736
13,76,11,0.5303,0.4591
13,77,10,0.5345,0.4444
13,78,9,0.5391,0.4294
13,79,8,0.5443,0.4142
13,80,7,0.5499,0.3987
13,81,6,0.5560,0.3830
13,82,5,0.5625,0.3672
13,83,4,0.5693,0.3512
13,84,3,0.5765,0.3351
13,85,2,0.5840,0.3191
13,86,1,0.5918,0.3030
13,87,0,0.5998,0.2870
14,0,86,0.7001,0.2960
14,1,85,0.6981,0.3123
14,2,84,0.6965,0.3287
14,3,83,0.6951,0.3451
14,4,82,0.6940,0.3614
14,5,81,0.6932,0.3777
14,6,80,0.6926,0.3939
14,7,79,0.6924,0.4100
14,8,78,0.6924,0.4258
14,9,77,0.6927,0.4415
14,10,76,0.6932,0.4569
14,11,75,0.6940,0.4721
14,12,74,0.6950,0.4869
14,13,73,0.6962,0.5015
14,14,72,0.6975,0.5158
14,15,71,0.6989,0.5298
14,16,70,0.7005,0.5436
14,17,69,0.7021,0.5570
14,18,68,0.7038,0.5701
14,19,67,0.7054,0.5829
14,20,66,0.7070,0.5955
14,21,65,0.7085,0.6078
14,22,64,0.7099,0.6197
14,23,63,0.7111,0.6315
14,24,62,0.7120,0.6429
14,25,61,0.7128,0.6540
14,26,60,0.7132,0.6648
14,27,59,0.7133,0.6753
14,28,58,0.7131,0.6854
14,29,57,0.7125,0.6952
14,30,56,0.7115,0.7046
14,31,55,0.7101,0.7135
14,32,54,0.7083,0.7219
14,33,53,0.7061,0.7298
14,34,52,0.7034,0.7372
14,35,51,0.7003,0.7439
14,36,50,0.6968,0.7500
14,37,49,0.6928,0.7553
14,38,48,0.6885,0.7599
14,39,47,0.6837,0.7637
14,40,46,0.6786,0.7667
14,41,45,0.6731,0.7689
14,42,44,0.6673,0.7702
14,43,43,0.6612,0.7707
14,44,42,0.6548,0.7702
14,45,41,0.6481,0.7689
14,46,40,0.6412,0.7667
14,47,39,0.6342,0.7637
14,48,38,0.6270,0.7599
14,49,37,0.6196,0.7553
14,50,36,0.6123,0.7500
14,51,35,0.6049,0.7439
14,52,34,0.5975,0.7372
14,53,33,0.5902,0.7298
14,54,32,0.5831,0.7219
14,55,31,0.5761,0.7135
14,56,30,0.5694,0.7046
14,57,29,0.5629,0.6952
14,58,28,0.5568,0.6854
14,59,27,0.5510,0.6753
14,60,26,0.5457,0.6648
14,61,25,0.5408,0.6540
14,62,24,0.5364,0.6429
14,63,23,0.5325,0.6315
14,64,22,0.5292,0.6197
14,65,21,0.5265,0.6078
14,66,20,0.5243,0.5955
14,67,19,0.5228,0.5829
14,68,18,0.5219,0.5701
14,69,17,0.5216,0.5570
14,70,16,0.5220,0.5436
14,71,15,0.5229,0.5298
14,72,14,0.5245,0.5158
14,73,13,0.5266,0.5015
14,74,12,0.5294,0.4869
14,75,11,0.5327,0.4721
14,76,10,0.5365,0.4569
14,77,9,0.5408,0.4415
14,78,8,0.5457,0.4258
14,79,7,0.5510,0.4100
14,80,6,0.5567,0.3939
14,81,5,0.5629,0.3777
14,82,4,0.5695,0.3614
14,83,3,0.5764,0.3451
14,84,2,0.5836,0.3287
14,85,1,0.5911,0.3123
14,86,0,0.5989,0.2960
15,0,85,0.6934,0.3046
15,1,84,0.6916,0.3212
15,2,83,0.6902,0.3379
15,3,82,0.6890,0.3546
15,4,81,0.6881,0.3713
15,5,80,0.6875,0.3879
15,6,79,0.6872,0.4045
15,7,78,0.6872,0.4209
15,8,77,0.6874,0.4371
15,9,76,0.6880,0.4532
15,10,75,0.6887,0.4690
15,11,74,0.6897,0.4846
15,12,73,0.6909,0.5000
15,13,72,0.6922,0.5150
15,14,71,0.6938,0.5298
15,15,70,0.6954,0.5444
15,16,69,0.6971,0.5586
15,17,68,0.6988,0.5726
15,18,67,0.7006,0.5863
15,19,66,0.7023,0.5997
15,20,65,0.7040,0.6128
15,21,64,0.7055,0.6257
15,22,63,0.7069,0.6382
15,23,62,0.7081,0.6505
15,24,61,0.7091,0.6625
15,25,60,0.7098,0.6741
15,26,59,0.7102,0.6854
15,27,58,0.7102,0.6964
15,28,57,0.7100,0.7069
15,29,56,0.7093,0.7171
15,30,55,0.7082,0.7268
15,31,54,0.7068,0.7360
15,32,53,0.7049,0.7447
15,33,52,0.7026,0.7528
15,34,51,0.6999,0.7602
15,35,50,0.6967,0.7670
15,36,49,0.6932,0.7730
15,37,48,0.6892,0.7783
15,38,47,0.6848,0.7827
15,39,46,0.6801,0.7863
15,40,45,0.6750,0.7891
15,41,44,0.6695,0.7909
15,42,43,0.6637,0.7918
15,43,42,0.6577,0.7918
15,44,41,0.6513,0.7909
15,45,40,0.6448,0.7891
15,46,39,0.6380,0.7863
15,47,38,0.6311,0.7827
15,48,37,0.6241,0.7783
15,49,36,0.6170,0.7730
15,50,35,0.6098,0.7670
15,51,34,0.6027,0.7602
15,52,33,0.5956,0.7528
15,53,32,0.5886,0.7447
15,54,31,0.5818,0.7360
15,55,30,0.5752,0.7268
15,56,29,0.5688,0.7171
15,57,28,0.5627,0.7069
15,58,27,0.5570,0.6964
15,59,26,0.5516,0.6854
15,60,25,0.5467,0.6741
15,61,24,0.5422,0.6625
15,62,23,0.5382,0.6505
15,63,22,0.5348,0.6382
15,64,21,0.5319,0.6257
15,65,20,0.5296,0.6128
15,66,19,0.5278,0.5997
15,67,18,0.5267,0.5863
15,68,17,0.5261,0.5726
15,69,16,0.5262,0.5586
15,70,15,0.5268,0.5444
15,71,14,0.5281,0.5298
15,72,13,0.5299,0.5150
15,73,12,0.5323,0.5000
15,74,11,0.5353,0.4846
15,75,10,0.5388,0.4690
15,76,9,0.5428,0.4532
15,77,8,0.5474,0.4371
15,78,7,0.5524,0.4209
15,79,6,0.5578,0.4045
15,80,5,0.5637,0.3879
15,81,4,0.5699,0.3713
15,82,3,0.5765,0.3546
15,83,2,0.5835,0.3379
15,84,1,0.5908,0.3212
15,85,0,0.5983,0.3046
16,0,84,0.6865,0.3128
16,1,83,0.6849,0.3296
16,2,82,0.6837,0.3466
16,3,81,0.6827,0.3637
16,4,80,0.6821,0.3807
16,5,79,0.6817,0.3977
16,6,78,0.6817,0.4146
16,7,77,0.6819,0.4314
16,8,76,0.6824,0.4480
16,9,75,0.6831,0.4645
16,10,74,0.6841,0.4808
16,11,73,0.6853,0.4968
16,12,72,0.6866,0.5127
16,13,71,0.6882,0.5282
16,14,70,0.6899,0.5436
16,15,69,0.6917,0.5586
16,16,68,0.6935,0.5734
16,17,67,0.6954,0.5880
16,18,66,0.6973,0.6022
16,19,65,0.6991,0.6162
16,20,64,0.7008,0.6299
16,21,63,0.7024,0.6433
16,22,62,0.7038,0.6565
16,23,61,0.7050,0.6693
16,24,60,0.7060,0.6818
16,25,59,0.7067,0.6940
16,26,58,0.7070,0.7058
16,27,57,0.7071,0.7172
16,28,56,0.7068,0.7281
16,29,55,0.7060,0.7387
16,30,54,0.7049,0.7487
16,31,53,0.7034,0.7581
16,32,52,0.7015,0.7670
16,33,51,0.6992,0.7752
16,34,50,0.6964,0.7827
16,35,49,0.6932,0.7895
16,36,48,0.6896,0.7954
16,37,47,0.6856,0.8006
16,38,46,0.6813,0.8048
16,39,45,0.6765,0.8082
16,40,44,0.6714,0.8106
16,41,43,0.6660,0.8120
16,42,42,0.6603,0.8125
16,43,41,0.6543,0.8120
16,44,40,0.6481,0.8106
16,45,39,0.6417,0.8082
16,46,38,0.6351,0.8048
16,47,37,0.6284,0.8006
16,48,36,0.6215,0.7954
16,49,35,0.6146,0.7895
16,50,34,0.6077,0.7827
16,51,33,0.6009,0.7752
16,52,32,0.5941,0.7670
16,53,31,0.5874,0.7581
16,54,30,0.5809,0.7487
16,55,29,0.5746,0.7387
16,56,28,0.5686,0.7281
16,57,27,0.5629,0.7172
16,58,26,0.5576,0.7058
16,59,25,0.5526,0.6940
16,60,24,0.5481,0.6818
16,61,23,0.5440,0.6693
16,62,22,0.5405,0.6565
16,63,21,0.5374,0.6433
16,64,20,0.5349,0.6299
16,65,19,0.5330,0.6162
16,66,18,0.5316,0.6022
16,67,17,0.5308,0.5880
16,68,16,0.5306,0.5734
16,69,15,0.5310,0.5586
16,70,14,0.5320,0.5436
16,71,13,0.5335,0.5282
16,72,12,0.5356,0.5127
16,73,11,0.5383,0.4968
16,74,10,0.5414,0.4808
16,75,9,0.5451,0.4645
16,76,8,0.5493,0.4480
16,77,7,0.5540,0.4314
16,78,6,0.5591,0.4146
16,79,5,0.5647,0.3977
16,80,4,0.5707,0.3807
16,81,3,0.5770,0.3637
16,82,2,0.5837,0.3466
16,83,1,0.5907,0.3296
16,84,0,0.5980,0.3128
17,0,83,0.6794,0.3205
17,1,82,0.6781,0.3377
17,2,81,0.6771,0.3550
17,3,80,0.6763,0.3723
17,4,79,0.6759,0.3897
17,5,78,0.6758,0.4070
17,6,77,0.6760,0.4243
17,7,76,0.6764,0.4415
17,8,75,0.6771,0.4585
17,9,74,0.6781,0.4754
17,10,73,0.6793,0.4922
17,11,72,0.6807,0.5087
17,12,71,0.6823,0.5250
17,13,70,0.6840,0.5411
17,14,69,0.6859,0.5570
17,15,68,0.6878,0.5726
17,16,67,0.6898,0.5880
17,17,66,0.6918,0.6031
17,18,65,0.6938,0.6179
17,19,64,0.6957,0.6325
17,20,63,0.6975,0.6468
17,21,62,0.6991,0.6608
17,22,61,0.7006,0.6745
17,23,60,0.7018,0.6878
17,24,59,0.7028,0.7009
17,25,58,0.7035,0.7135
17,26,57,0.7039,0.7258
17,27,56,0.7039,0.7376
17,28,55,0.7035,0.7490
17,29,54,0.7028,0.7598
17,30,53,0.7016,0.7701
17,31,52,0.7001,0.7797
17,32,51,0.6981,0.7887
17,33,50,0.6957,0.7970
17,34,49,0.6930,0.8046
17,35,48,0.6898,0.8113
17,36,47,0.6862,0.8171
17,37,46,0.6822,0.8221
17,38,45,0.6778,0.8261
17,39,44,0.6731,0.8291
17,40,43,0.6681,0.8311
17,41,42,0.6627,0.8322
17,42,41,0.6571,0.8322
17,43,40,0.6512,0.8311
17,44,39,0.6451,0.8291
17,45,38,0.6389,0.8261
17,46,37,0.6324,0.8221
17,47,36,0.6259,0.8171
17,48,35,0.6193,0.8113
17,49,34,0.6126,0.8046
17,50,33,0.6060,0.7970
17,51,32,0.5994,0.7887
17,52,31,0.5929,0.7797
17,53,30,0.5865,0.7701
17,54,29,0.5804,0.7598
17,55,28,0.5745,0.7490
17,56,27,0.5688,0.7376
17,57,26,0.5635,0.7258
17,58,25,0.5586,0.7135
17,59,24,0.5540,0.7009
17,60,23,0.5499,0.6878
17,61,22,0.5462,0.6745
17,62,21,0.5431,0.6608
17,63,20,0.5404,0.6468
17,64,19,0.5383,0.6325
17,65,18,0.5367,0.6179
17,66,17,0.5357,0.6031
17,67,16,0.5353,0.5880
17,68,15,0.5354,0.5726
17,69,14,0.5361,0.5570
17,70,13,0.5373,0.5411
17,71,12,0.5391,0.5250
17,72,11,0.5415,0.5087
17,73,10,0.5444,0.4922
17,74,9,0.5477,0.4754
17,75,8,0.5516,0.4585
17,76,7,0.5560,0.4415
17,77,6,0.5608,0.4243
17,78,5,0.5660,0.4070
17,79,4,0.5717,0.3897
17,80,3,0.5777,0.3723
17,81,2,0.5841,0.3550
17,82,1,0.5909,0.3377
17,83,0,0.5979,0.3205
18,0,82,0.6722,0.3278
18,1,81,0.6711,0.3453
18,2,80,0.6703,0.3629
18,3,79,0.6698,0.3806
18,4,78,0.6696,0.3983
18,5,77,0.6697,0.4160
18,6,76,0.6701,0.4336
18,7,75,0.6708,0.4512
18,8,74,0.6718,0.4687
18,9,73,0.6730,0.4860
18,10,72,0.6744,0.5032
18,11,71,0.6760,0.5202
18,12,70,0.6778,0.5371
18,13,69,0.6797,0.5537
18,14,68,0.6818,0.5701
18,15,67,0.6839,0.5863
18,16,66,0.6860,0.6022
18,17,65,0.6881,0.6179
18,18,64,0.6902,0.6334
18,19,63,0.6922,0.6485
18,20,62,0.6941,0.6634
18,21,61,0.6958,0.6780
18,22,60,0.6973,0.6922
18,23,59,0.6986,0.7061
18,24,58,0.6996,0.7196
18,25,57,0.7003,0.7328
18,26,56,0.7006,0.7455
18,27,55,0.7006,0.7577
18,28,54,0.7003,0.7694
18,29,53,0.6995,0.7805
18,30,52,0.6983,0.7910
18,31,51,0.6968,0.8008
18,32,50,0.6948,0.8099
18,33,49,0.6924,0.8182
18,34,48,0.6896,0.8257
18,35,47,0.6864,0.8323
18,36,46,0.6828,0.8380
18,37,45,0.6789,0.8427
18,38,44,0.6746,0.8464
18,39,43,0.6699,0.8491
18,40,42,0.6649,0.8507
18,41,41,0.6597,0.8512
18,42,40,0.6542,0.8507
18,43,39,0.6484,0.8491
18,44,38,0.6425,0.8464
18,45,37,0.6363,0.8427
18,46,36,0.6301,0.8380
18,47,35,0.6237,0.8323
18,48,34,0.6173,0.8257
18,49,33,0.6109,0.8182
18,50,32,0.6046,0.8099
18,51,31,0.5983,0.8008
18,52,30,0.5921,0.7910
18,53,29,0.5861,0.7805
18,54,28,0.5803,0.7694
18,55,27,0.5747,0.7577
18,56,26,0.5694,0.7455
18,57,25,0.5645,0.7328
18,58,24,0.5599,0.7196
18,59,23,0.5558,0.7061
18,60,22,0.5521,0.6922
18,61,21,0.5488,0.6780
18,62,20,0.5460,0.6634
18,63,19,0.5437,0.6485
18,64,18,0.5420,0.6334
18,65,17,0.5408,0.6179
18,66,16,0.5401,0.6022
18,67,15,0.5400,0.5863
18,68,14,0.5404,0.5701
18,69,13,0.5414,0.5537
18,70,12,0.5429,0.5371
18,71,11,0.5450,0.5202
18,72,10,0.5476,0.5032
18,73,9,0.5506,0.4860
18,74,8,0.5542,0.4687
18,75,7,0.5583,0.4512
18,76,6,0.5628,0.4336
18,77,5,0.5677,0.4160
18,78,4,0.5731,0.3983
18,79,3,0.5788,0.3806
18,80,2,0.5849,0.3629
18,81,1,0.5913,0.3453
18,82,0,0.5981,0.3278
19,0,81,0.6648,0.3347
19,1,80,0.6639,0.3525
19,2,79,0.6633,0.3704
19,3,78,0.6631,0.3884
19,4,77,0.6631,0.4064
19,5,76,0.6635,0.4245
19,6,75,0.6642,0.4425
19,7,74,0.6651,0.4605
19,8,73,0.6663,0.4784
19,9,72,0.6677,0.4962
19,10,71,0.6694,0.5139
19,11,70,0.6712,0.5314
19,12,69,0.6732,0.5488
19,13,68,0.6753,0.5660
19,14,67,0.6776,0.5829
19,15,66,0.6798,0.5997
19,16,65,0.6821,0.6162
19,17,64,0.6844,0.6325
19,18,63,0.6866,0.6485
19,19,62,0.6887,0.6643
19,20,61,0.6907,0.6797
19,21,60,0.6924,0.6948
19,22,59,0.6940,0.7096
19,23,58,0.6953,0.7240
19,24,57,0.6963,0.7381
19,25,56,0.6970,0.7516
19,26,55,0.6974,0.7647
19,27,54,0.6974,0.7773
19,28,53,0.6971,0.7893
19,29,52,0.6963,0.8006
19,30,51,0.6951,0.8113
19,31,50,0.6936,0.8212
19,32,49,0.6916,0.8304
19,33,48,0.6892,0.8387
19,34,47,0.6864,0.8461
19,35,46,0.6832,0.8525
19,36,45,0.6797,0.8580
19,37,44,0.6758,0.8624
19,38,43,0.6715,0.8657
19,39,42,0.6669,0.8679
19,40,41,0.6620,0.8691
19,41,40,0.6569,0.8691
19,42,39,0.6515,0.8679
19,43,38,0.6459,0.8657
19,44,37,0.6401,0.8624
19,45,36,0.6341,0.8580
19,46,35,0.6281,0.8525
19,47,34,0.6219,0.8461
19,48,33,0.6158,0.8387
19,49,32,0.6096,0.8304
19,50,31,0.6035,0.8212
19,51,30,0.5975,0.8113
19,52,29,0.5917,0.8006
19,53,28,0.5860,0.7893
19,54,27,0.5805,0.7773
19,55,26,0.5754,0.7647
19,56,25,0.5705,0.7516
19,57,24,0.5659,0.7381
19,58,23,0.5617,0.7240
19,59,22,0.5579,0.7096
19,60,21,0.5546,0.6948
19,61,20,0.5517,0.6797
19,62,19,0.5493,0.6643
19,63,18,0.5474,0.6485
19,64,17,0.5460,0.6325
19,65,16,0.5452,0.6162
19,66,15,0.5448,0.5997
19,67,14,0.5450,0.5829
19,68,13,0.5457,0.5660
19,69,12,0.5470,0.5488
19,70,11,0.5488,0.5314
19,71,10,0.5510,0.5139
19,72,9,0.5538,0.4962
19,73,8,0.5571,0.4784
19,74,7,0.5608,0.4605
19,75,6,0.5650,0.4425
19,76,5,0.5697,0.4245
19,77,4,0.5747,0.4064
19,78,3,0.5802,0.3884
19,79,2,0.5860,0.3704
19,80,1,0.5921,0.3525
19,81,0,0.5986,0.3347
20,0,80,0.6572,0.3412
20,1,79,0.6566,0.3593
20,2,78,0.6563,0.3775
20,3,77,0.6563,0.3958
20,4,76,0.6566,0.4142
20,5,75,0.6572,0.4326
20,6,74,0.6581,0.4511
20,7,73,0.6593,0.4695
20,8,72,0.6607,0.4879
20,9,71,0.6624,0.5061
20,10,70,0.6643,0.5243
20,11,69,0.6663,0.5423
20,12,68,0.6686,0.5602
20,13,67,0.6709,0.5780
20,14,66,0.6733,0.5955
20,15,65,0.6757,0.6128
20,16,64,0.6782,0.6299
20,17,63,0.6806,0.6468
20,18,62,0.6829,0.6634
20,19,61,0.6851,0.6797
20,20,60,0.6872,0.6957
20,21,59,0.6891,0.7114
20,22,58,0.6907,0.7267
20,23,57,0.6920,0.7416
20,24,56,0.6931,0.7561
20,25,55,0.6938,0.7700
20,26,54,0.6942,0.7835
20,27,53,0.6943,0.7964
20,28,52,0.6939,0.8086
20,29,51,0.6932,0.8201
20,30,50,0.6920,0.8310
20,31,49,0.6905,0.8409
20,32,48,0.6885,0.8501
20,33,47,0.6861,0.8583
20,34,46,0.6834,0.8655
20,35,45,0.6802,0.8717
20,36,44,0.6767,0.8769
20,37,43,0.6729,0.8809
20,38,42,0.6687,0.8839
20,39,41,0.6642,0.8856
20,40,40,0.6594,0.8862
20,41,39,0.6543,0.8856
20,42,38,0.6491,0.8839
20,43,37,0.6436,0.8809
20,44,36,0.6380,0.8769
20,45,35,0.6322,0.8717
20,46,34,0.6264,0.8655
20,47,33,0.6205,0.8583
20,48,32,0.6146,0.8501
20,49,31,0.6087,0.8409
20,50,30,0.6029,0.8310
20,51,29,0.5972,0.8201
20,52,28,0.5917,0.8086
20,53,27,0.5863,0.7964
20,54,26,0.5812,0.7835
20,55,25,0.5764,0.7700
20,56,24,0.5719,0.7561
20,57,23,0.5677,0.7416
20,58,22,0.5639,0.7267
20,59,21,0.5605,0.7114
20,60,20,0.5575,0.6957
20,61,19,0.5550,0.6797
20,62,18,0.5530,0.6634
20,63,17,0.5514,0.6468
20,64,16,0.5504,0.6299
20,65,15,0.5498,0.6128
20,66,14,0.5498,0.5955
20,67,13,0.5503,0.5780
20,68,12,0.5513,0.5602
20,69,11,0.5528,0.5423
20,70,10,0.5548,0.5243
20,71,9,0.5573,0.5061
20,72,8,0.5603,0.4879
20,73,7,0.5637,0.4695
20,74,6,0.5676,0.4511
20,75,5,0.5720,0.4326
20,76,4,0.5767,0.4142
20,77,3,0.5819,0.3958
20,78,2,0.5874,0.3775
20,79,1,0.5933,0.3593
20,80,0,0.5995,0.3412
21,0,79,0.6495,0.3473
21,1,78,0.6491,0.3657
21,2,77,0.6490,0.3842
21,3,76,0.6493,0.4029
21,4,75,0.6499,0.4216
21,5,74,0.6507,0.4404
21,6,73,0.6519,0.4593
21,7,72,0.6534,0.4781
21,8,71,0.6551,0.4970
21,9,70,0.6570,0.5157
21,10,69,0.6591,0.5344
21,11,68,0.6614,0.5529
21,12,67,0.6638,0.5714
21,13,66,0.6664,0.5897
21,14,65,0.6690,0.6078
21,15,64,0.6716,0.6257
21,16,63,0.6742,0.6433
21,17,62,0.6768,0.6608
21,18,61,0.6793,0.6780
21,19,60,0.6816,0.6948
21,20,59,0.6837,0.7114
21,21,58,0.6857,0.7276
21,22,57,0.6874,0.7434
21,23,56,0.6888,0.7587
21,24,55,0.6899,0.7736
21,25,54,0.6907,0.7880
21,26,53,0.6911,0.8017
21,27,52,0.6912,0.8149
21,28,51,0.6909,0.8273
21,29,50,0.6902,0.8390
21,30,49,0.6890,0.8499
21,31,48,0.6875,0.8598
21,32,47,0.6856,0.8689
21,33,46,0.6832,0.8770
21,34,45,0.6805,0.8840
21,35,44,0.6774,0.8899
21,36,43,0.6740,0.8947
21,37,42,0.6702,0.8984
21,38,41,0.6661,0.9008
21,39,40,0.6617,0.9020
21,40,39,0.6570,0.9020
21,41,38,0.6521,0.9008
21,42,37,0.6470,0.8984
21,43,36,0.6417,0.8947
21,44,35,0.6362,0.8899
21,45,34,0.6307,0.8840
21,46,33,0.6250,0.8770
21,47,32,0.6194,0.8689
21,48,31,0.6137,0.8598
21,49,30,0.6082,0.8499
21,50,29,0.6026,0.8390
21,51,28,0.5973,0.8273
21,52,27,0.5921,0.8149
21,53,26,0.5871,0.8017
21,54,25,0.5823,0.7880
21,55,24,0.5778,0.7736
21,56,23,0.5737,0.7587
21,57,22,0.5699,0.7434
21,58,21,0.5664,0.7276
21,59,20,0.5634,0.7114
21,60,19,0.5608,0.6948
21,61,18,0.5587,0.6780
21,62,17,0.5570,0.6608
21,63,16,0.5558,0.6433
21,64,15,0.5551,0.6257
21,65,14,0.5548,0.6078
21,66,13,0.5551,0.5897
21,67,12,0.5559,0.5714
21,68,11,0.5571,0.5529
21,69,10,0.5589,0.5344
21,70,9,0.5611,0.5157
21,71,8,0.5638,0.4970
21,72,7,0.5669,0.4781
21,73,6,0.5705,0.4593
21,74,5,0.5746,0.4404
21,75,4,0.5790,0.4216
21,76,3,0.5839,0.4029
21,77,2,0.5891,0.3842
21,78,1,0.5947,0.3657
21,79,0,0.6006,0.3473
22,0,78,0.6416,0.3531
22,1,77,0.6415,0.3717
22,2,76,0.6417,0.3905
22,3,75,0.6422,0.4096
22,4,74,0.6431,0.4287
22,5,73,0.6442,0.4479
22,6,72,0.6457,0.4672
22,7,71,0.6474,0.4865
22,8,70,0.6494,0.5057
22,9,69,0.6515,0.5250
22,10,68,0.6539,0.5442
22,11,67,0.6565,0.5633
22,12,66,0.6591,0.5822
22,13,65,0.6619,0.6011
22,14,64,0.6647,0.6197
22,15,63,0.6675,0.6382
22,16,62,0.6703,0.6565
22,17,61,0.6730,0.6745
22,18,60,0.6756,0.6922
22,19,59,0.6781,0.7096
22,20,58,0.6803,0.7267
22,21,57,0.6824,0.7434
22,22,56,0.6842,0.7596
22,23,55,0.6857,0.7754
22,24,54,0.6869,0.7907
22,25,53,0.6877,0.8053
22,26,52,0.6882,0.8194
22,27,51,0.6883,0.8327
22,28,50,0.6880,0.8453
22,29,49,0.6873,0.8570
22,30,48,0.6862,0.8679
22,31,47,0.6847,0.8779
22,32,46,0.6828,0.8868
22,33,45,0.6805,0.8947
22,34,44,0.6779,0.9014
22,35,43,0.6749,0.9070
22,36,42,0.6715,0.9114
22,37,41,0.6678,0.9146
22,38,40,0.6638,0.9165
22,39,39,0.6595,0.9171
22,40,38,0.6549,0.9165
22,41,37,0.6501,0.9146
22,42,36,0.6452,0.9114
22,43,35,0.6401,0.9070
22,44,34,0.6348,0.9014
22,45,33,0.6295,0.8947
22,46,32,0.6241,0.8868
22,47,31,0.6187,0.8779
22,48,30,0.6133,0.8679
22,49,29,0.6080,0.8570
22,50,28,0.6028,0.8453
22,51,27,0.5977,0.8327
22,52,26,0.5928,0.8194
22,53,25,0.5882,0.8053
22,54,24,0.5838,0.7907
22,55,23,0.5797,0.7754
22,56,22,0.5759,0.7596
22,57,21,0.5724,0.7434
22,58,20,0.5694,0.7267
22,59,19,0.5667,0.7096
22,60,18,0.5645,0.6922
22,61,17,0.5627,0.6745
22,62,16,0.5613,0.6565
22,63,15,0.5604,0.6382
22,64,14,0.5600,0.6197
22,65,13,0.5601,0.6011
22,66,12,0.5606,0.5822
22,67,11,0.5617,0.5633
22,68,10,0.5632,0.5442
22,69,9,0.5651,0.5250
22,70,8,0.5676,0.5057
22,71,7,0.5704,0.4865
22,72,6,0.5738,0.4672
22,73,5,0.5775,0.4479
22,74,4,0.5817,0.4287
22,75,3,0.5862,0.4096
22,76,2,0.5912,0.3905
22,77,1,0.5964,0.3717
22,78,0,0.6021,0.3531
23,0,77,0.6337,0.3584
23,1,76,0.6338,0.3774
23,2,75,0.6343,0.3966
23,3,74,0.6351,0.4159
23,4,73,0.6362,0.4354
23,5,72,0.6376,0.4550
23,6,71,0.6394,0.4747
23,7,70,0.6414,0.4945
23,8,69,0.6436,0.5142
23,9,68,0.6461,0.5340
23,10,67,0.6487,0.5537
23,11,66,0.6515,0.5733
23,12,65,0.6544,0.5928
23,13,64,0.6574,0.6122
23,14,63,0.6604,0.6315
23,15,62,0.6634,0.6505
23,16,61,0.6664,0.6693
23,17,60,0.6693,0.6878
23,18,59,0.6721,0.7061
23,19,58,0.6746,0.7240
23,20,57,0.6770,0.7416
23,21,56,0.6792,0.7587
23,22,55,0.6811,0.7754
23,23,54,0.6827,0.7916
23,24,53,0.6839,0.8071
23,25,52,0.6848,0.8221
23,26,51,0.6854,0.8363
23,27,50,0.6855,0.8498
23,28,49,0.6853,0.8625
23,29,48,0.6846,0.8743
23,30,47,0.6836,0.8851
23,31,46,0.6821,0.8949
23,32,45,0.6803,0.9036
23,33,44,0.6781,0.9112
23,34,43,0.6755,0.9177
23,35,42,0.6725,0.9228
23,36,41,0.6692,0.9268
23,37,40,0.6656,0.9294
23,38,39,0.6617,0.9307
23,39,38,0.6576,0.9307
23,40,37,0.6531,0.9294
23,41,36,0.6485,0.9268
23,42,35,0.6437,0.9228
23,43,34,0.6388,0.9177
23,44,33,0.6337,0.9112
23,45,32,0.6286,0.9036
23,46,31,0.6235,0.8949
23,47,30,0.6183,0.8851
23,48,29,0.6132,0.8743
23,49,28,0.6082,0.8625
23,50,27,0.6033,0.8498
23,51,26,0.5986,0.8363
23,52,25,0.5940,0.8221
23,53,24,0.5897,0.8071
23,54,23,0.5856,0.7916
23,55,22,0.5819,0.7754
23,56,21,0.5784,0.7587
23,57,20,0.5754,0.7416
23,58,19,0.5727,0.7240
23,59,18,0.5703,0.7061
23,60,17,0.5685,0.6878
23,61,16,0.5670,0.6693
23,62,15,0.5660,0.6505
23,63,14,0.5654,0.6315
23,64,13,0.5653,0.6122
23,65,12,0.5656,0.5928
23,66,11,0.5665,0.5733
23,67,10,0.5677,0.5537
23,68,9,0.5695,0.5340
23,69,8,0.5716,0.5142
23,70,7,0.5742,0.4945
23,71,6,0.5773,0.4747
23,72,5,0.5808,0.4550
23,73,4,0.5846,0.4354
23,74,3,0.5889,0.4159
23,75,2,0.5935,0.3966
23,76,1,0.5985,0.3774
23,77,0,0.6039,0.3584
24,0,76,0.6256,0.3635
24,1,75,0.6260,0.3827
24,2,74,0.6268,0.4023
24,3,73,0.6279,0.4220
24,4,72,0.6293,0.4419
24,5,71,0.6310,0.4619
24,6,70,0.6331,0.4820
24,7,69,0.6354,0.5022
24,8,68,0.6379,0.5225
24,9,67,0.6406,0.5427
24,10,66,0.6435,0.5629
24,11,65,0.6466,0.5831
24,12,64,0.6498,0.6032
24,13,63,0.6530,0.6231
24,14,62,0.6562,0.6429
24,15,61,0.6594,0.6625
24,16,60,0.6626,0.6818
24,17,59,0.6657,0.7009
24,18,58,0.6686,0.7196
24,19,57,0.6713,0.7381
24,20,56,0.6739,0.7561
24,21,55,0.6761,0.7736
24,22,54,0.6781,0.7907
24,23,53,0.6798,0.8071
24,24,52,0.6811,0.8230
24,25,51,0.6821,0.8381
24,26,50,0.6827,0.8525
24,27,49,0.6829,0.8661
24,28,48,0.6827,0.8788
24,29,47,0.6822,0.8906
24,30,46,0.6812,0.9013
24,31,45,0.6798,0.9109
24,32,44,0.6780,0.9194
24,33,43,0.6759,0.9266
24,34,42,0.6734,0.9327
24,35,41,0.6705,0.9374
24,36,40,0.6673,0.9408
24,37,39,0.6638,0.9428
24,38,38,0.6600,0.9435
24,39,37,0.6560,0.9428
24,40,36,0.6517,0.9408
24,41,35,0.6472,0.9374
24,42,34,0.6426,0.9327
24,43,33,0.6379,0.9266
24,44,32,0.6331,0.9194
24,45,31,0.6282,0.9109
24,46,30,0.6233,0.9013
24,47,29,0.6184,0.8906
24,48,28,0.6136,0.8788
24,49,27,0.6088,0.8661
24,50,26,0.6042,0.8525
24,51,25,0.5998,0.8381
24,52,24,0.5956,0.8230
24,53,23,0.5916,0.8071
24,54,22,0.5879,0.7907
24,55,21,0.5845,0.7736
24,56,20,0.5814,0.7561
24,57,19,0.5787,0.7381
24,58,18,0.5763,0.7196
24,59,17,0.5743,0.7009
24,60,16,0.5728,0.6818
24,61,15,0.5717,0.6625
24,62,14,0.5709,0.6429
24,63,13,0.5707,0.6231
24,64,12,0.5708,0.6032
24,65,11,0.5715,0.5831
24,66,10,0.5725,0.5629
24,67,9,0.5740,0.5427
24,68,8,0.5760,0.5225
24,69,7,0.5783,0.5022
24,70,6,0.5811,0.4820
24,71,5,0.5843,0.4619
24,72,4,0.5879,0.4419
24,73,3,0.5919,0.4220
24,74,2,0.5962,0.4023
24,75,1,0.6010,0.3827
24,76,0,0.6060,0.3635
25,0,75,0.6174,0.3682
25,1,74,0.6181,0.3878
25,2,73,0.6192,0.4077
25,3,72,0.6206,0.4278
25,4,71,0.6224,0.4480
25,5,70,0.6244,0.4685
25,6,69,0.6268,0.4891
25,7,68,0.6294,0.5097
25,8,67,0.6322,0.5305
25,9,66,0.6353,0.5512
25,10,65,0.6384,0.5719
25,11,64,0.6418,0.5926
25,12,63,0.6452,0.6132
25,13,62,0.6487,0.6337
25,14,61,0.6521,0.6540
25,15,60,0.6556,0.6741
25,16,59,0.6589,0.6940
25,17,58,0.6622,0.7135
25,18,57,0.6653,0.7328
25,19,56,0.6682,0.7516
25,20,55,0.6708,0.7700
25,21,54,0.6732,0.7880
25,22,53,0.6753,0.8053
25,23,52,0.6771,0.8221
25,24,51,0.6785,0.8381
25,25,50,0.6796,0.8535
25,26,49,0.6803,0.8680
25,27,48,0.6806,0.8816
25,28,47,0.6805,0.8942
25,29,46,0.6799,0.9058
25,30,45,0.6790,0.9164
25,31,44,0.6777,0.9257
25,32,43,0.6760,0.9339
25,33,42,0.6739,0.9408
25,34,41,0.6715,0.9463
25,35,40,0.6687,0.9505
25,36,39,0.6656,0.9533
25,37,38,0.6623,0.9548
25,38,37,0.6586,0.9548
25,39,36,0.6547,0.9533
25,40,35,0.6506,0.9505
25,41,34,0.6463,0.9463
25,42,33,0.6419,0.9408
25,43,32,0.6373,0.9339
25,44,31,0.6327,0.9257
25,45,30,0.6281,0.9164
25,46,29,0.6234,0.9058
25,47,28,0.6188,0.8942
25,48,27,0.6143,0.8816
25,49,26,0.6098,0.8680
25,50,25,0.6055,0.8535
25,51,24,0.6014,0.8381
25,52,23,0.5976,0.8221
25,53,22,0.5939,0.8053
25,54,21,0.5905,0.7880
25,55,20,0.5875,0.7700
25,56,19,0.5847,0.7516
25,57,18,0.5823,0.7328
25,58,17,0.5803,0.7135
25,59,16,0.5787,0.6940
25,60,15,0.5775,0.6741
25,61,14,0.5766,0.6540
25,62,13,0.5762,0.6337
25,63,12,0.5762,0.6132
25,64,11,0.5767,0.5926
25,65,10,0.5775,0.5719
25,66,9,0.5788,0.5512
25,67,8,0.5805,0.5305
25,68,7,0.5827,0.5097
25,69,6,0.5852,0.4891
25,70,5,0.5882,0.4685
25,71,4,0.5915,0.4480
25,72,3,0.5952,0.4278
25,73,2,0.5993,0.4077
25,74,1,0.6037,0.3878
25,75,0,0.6085,0.3682
26,0,74,0.6092,0.3727
26,1,73,0.6103,0.3926
26,2,72,0.6117,0.4128
26,3,71,0.6134,0.4333
26,4,70,0.6155,0.4540
26,5,69,0.6179,0.4749
26,6,68,0.6206,0.4959
26,7,67,0.6235,0.5170
26,8,66,0.6266,0.5382
26,9,65,0.6300,0.5595
26,10,64,0.6335,0.5807
26,11,63,0.6371,0.6019
26,12,62,0.6408,0.6230
26,13,61,0.6445,0.6440
26,14,60,0.6482,0.6648
26,15,59,0.6519,0.6854
26,16,58,0.6554,0.7058
26,17,57,0.6589,0.7258
26,18,56,0.6621,0.7455
26,19,55,0.6652,0.7647
26,20,54,0.6680,0.7835
26,21,53,0.6705,0.8017
26,22,52,0.6728,0.8194
26,23,51,0.6746,0.8363
26,24,50,0.6762,0.8525
26,25,49,0.6773,0.8680
26,26,48,0.6781,0.8825
26,27,47,0.6785,0.8961
26,28,46,0.6784,0.9086
26,29,45,0.6780,0.9200
26,30,44,0.6771,0.9303
26,31,43,0.6759,0.9394
26,32,42,0.6743,0.9471
26,33,41,0.6723,0.9535
26,34,40,0.6700,0.9586
26,35,39,0.6673,0.9622
26,36,38,0.6643,0.9644
26,37,37,0.6610,0.9651
26,38,36,0.6575,0.9644
26,39,35,0.6538,0.9622
26,40,34,0.6498,0.9586
26,41,33,0.6457,0.9535
26,42,32,0.6415,0.9471
26,43,31,0.6372,0.9394
26,44,30,0.6328,0.9303
26,45,29,0.6284,0.9200
26,46,28,0.6240,0.9086
26,47,27,0.6196,0.8961
26,48,26,0.6154,0.8825
26,49,25,0.6112,0.8680
26,50,24,0.6072,0.8525
26,51,23,0.6035,0.8363
26,52,22,0.5999,0.8194
26,53,21,0.5966,0.8017
26,54,20,0.5936,0.7835
26,55,19,0.5908,0.7647
26,56,18,0.5884,0.7455
26,57,17,0.5864,0.7258
26,58,16,0.5847,0.7058
26,59,15,0.5834,0.6854
26,60,14,0.5824,0.6648
26,61,13,0.5819,0.6440
26,62,12,0.5818,0.6230
26,63,11,0.5821,0.6019
26,64,10,0.5828,0.5807
26,65,9,0.5839,0.5595
26,66,8,0.5854,0.5382
26,67,7,0.5873,0.5170
26,68,6,0.5896,0.4959
26,69,5,0.5923,0.4749
26,70,4,0.5954,0.4540
26,71,3,0.5988,0.4333
26,72,2,0.6026,0.4128
26,73,1,0.6068,0.3926
26,74,0,0.6113,0.3727
27,0,73,0.6010,0.3770
27,1,72,0.6024,0.3972
27,2,71,0.6042,0.4178
27,3,70,0.6063,0.4386
27,4,69,0.6087,0.4597
27,5,68,0.6114,0.4810
27,6,67,0.6144,0.5025
27,7,66,0.6177,0.5241
27,8,65,0.6212,0.5458
27,9,64,0.6248,0.5675
27,10,63,0.6286,0.5892
27,11,62,0.6325,0.6109
27,12,61,0.6365,0.6325
27,13,60,0.6405,0.6540
27,14,59,0.6445,0.6753
27,15,58,0.6484,0.6964
27,16,57,0.6522,0.7172
27,17,56,0.6558,0.7376
27,18,55,0.6592,0.7577
27,19,54,0.6625,0.7773
27,20,53,0.6654,0.7964
27,21,52,0.6681,0.8149
27,22,51,0.6704,0.8327
27,23,50,0.6724,0.8498
27,24,49,0.6741,0.8661
27,25,48,0.6753,0.8816
27,26,47,0.6762,0.8961
27,27,46,0.6766,0.9095
27,28,45,0.6767,0.9219
27,29,44,0.6763,0.9331
27,30,43,0.6755,0.9430
27,31,42,0.6744,0.9517
27,32,41,0.6729,0.9590
27,33,40,0.6710,0.9649
27,34,39,0.6687,0.9694
27,35,38,0.6662,0.9723
27,36,37,0.6633,0.9739
27,37,36,0.6602,0.9739
27,38,35,0.6568,0.9723
27,39,34,0.6532,0.9694
27,40,33,0.6494,0.9649
27,41,32,0.6455,0.9590
27,42,31,0.6414,0.9517
27,43,30,0.6373,0.9430
27,44,29,0.6332,0.9331
27,45,28,0.6290,0.9219
27,46,27,0.6249,0.9095
27,47,26,0.6208,0.8961
27,48,25,0.6168,0.8816
27,49,24,0.6130,0.8661
27,50,23,0.6093,0.8498
27,51,22,0.6059,0.8327
27,52,21,0.6026,0.8149
27,53,20,0.5996,0.7964
27,54,19,0.5969,0.7773
27,55,18,0.5945,0.7577
27,56,17,0.5925,0.7376
27,57,16,0.5907,0.7172
27,58,15,0.5894,0.6964
27,59,14,0.5884,0.6753
27,60,13,0.5877,0.6540
27,61,12,0.5875,0.6325
27,62,11,0.5876,0.6109
27,63,10,0.5882,0.5892
27,64,9,0.5891,0.5675
27,65,8,0.5904,0.5458
27,66,7,0.5921,0.5241
27,67,6,0.5942,0.5025
27,68,5,0.5967,0.4810
27,69,4,0.5995,0.4597
27,70,3,0.6027,0.4386
27,71,2,0.6063,0.4178
27,72,1,0.6102,0.3972
27,73,0,0.6144,0.3770
28,0,72,0.5929,0.3810
28,1,71,0.5946,0.4016
28,2,70,0.5967,0.4225
28,3,69,0.5992,0.4438
28,4,68,0.6020,0.4653
28,5,67,0.6051,0.4870
28,6,66,0.6085,0.5089
28,7,65,0.6121,0.5309
28,8,64,0.6159,0.5531
28,9,63,0.6199,0.5753
28,10,62,0.6240,0.5975
28,11,61,0.6282,0.6197
28,12,60,0.6325,0.6418
28,13,59,0.6367,0.6637
28,14,58,0.6410,0.6854
28,15,57,0.6451,0.7069
28,16,56,0.6491,0.7281
28,17,55,0.6529,0.7490
28,18,54,0.6566,0.7694
28,19,53,0.6600,0.7893
28,20,52,0.6631,0.8086
28,21,51,0.6659,0.8273
28,22,50,0.6684,0.8453
28,23,49,0.6705,0.8625
28,24,48,0.6722,0.8788
28,25,47,0.6736,0.8942
28,26,46,0.6745,0.9086
28,27,45,0.6751,0.9219
28,28,44,0.6752,0.9340
28,29,43,0.6749,0.9449
28,30,42,0.6743,0.9544
28,31,41,0.6732,0.9626
28,32,40,0.6717,0.9694
28,33,39,0.6699,0.9748
28,34,38,0.6678,0.9786
28,35,37,0.6654,0.9809
28,36,36,0.6626,0.9817
28,37,35,0.6596,0.9809
28,38,34,0.6564,0.9786
28,39,33,0.6529,0.9748
28,40,32,0.6493,0.9694
28,41,31,0.6456,0.9626
28,42,30,0.6418,0.9544
28,43,29,0.6379,0.9449
28,44,28,0.6339,0.9340
28,45,27,0.6300,0.9219
28,46,26,0.6262,0.9086
28,47,25,0.6224,0.8942
28,48,24,0.6187,0.8788
28,49,23,0.6151,0.8625
28,50,22,0.6118,0.8453
28,51,21,0.6086,0.8273
28,52,20,0.6057,0.8086
28,53,19,0.6030,0.7893
28,54,18,0.6007,0.7694
28,55,17,0.5986,0.7490
28,56,16,0.5968,0.7281
28,57,15,0.5954,0.7069
28,58,14,0.5944,0.6854
28,59,13,0.5936,0.6637
28,60,12,0.5933,0.6418
28,61,11,0.5933,0.6197
28,62,10,0.5937,0.5975
28,63,9,0.5945,0.5753
28,64,8,0.5957,0.5531
28,65,7,0.5972,0.5309
28,66,6,0.5991,0.5089
28,67,5,0.6013,0.4870
28,68,4,0.6040,0.4653
28,69,3,0.6069,0.4438
28,70,2,0.6102,0.4225
28,71,1,0.6139,0.4016
28,72,0,0.6179,0.3810
29,0,71,0.5848,0.3849
29,1,70,0.5869,0.4058
29,2,69,0.5894,0.4271
29,3,68,0.5923,0.4487
29,4,67,0.5955,0.4706
29,5,66,0.5989,0.4928
29,6,65,0.6027,0.5151
29,7,64,0.6067,0.5376
29,8,63,0.6108,0.5602
29,9,62,0.6152,0.5829
29,10,61,0.6196,0.6055
29,11,60,0.6241,0.6282
29,12,59,0.6287,0.6507
29,13,58,0.6332,0.6731
29,14,57,0.6377,0.6952
29,15,56,0.6421,0.7171
29,16,55,0.6463,0.7387
29,17,54,0.6504,0.7598
29,18,53,0.6542,0.7805
29,19,52,0.6578,0.8006
29,20,51,0.6611,0.8201
29,21,50,0.6640,0.8390
29,22,49,0.6666,0.8570
29,23,48,0.6688,0.8743
29,24,47,0.6707,0.8906
29,25,46,0.6721,0.9058
29,26,45,0.6732,0.9200
29,27,44,0.6738,0.9331
29,28,43,0.6740,0.9449
29,29,42,0.6738,0.9554
29,30,41,0.6733,0.9645
29,31,40,0.6723,0.9722
29,32,39,0.6709,0.9784
29,33,38,0.6692,0.9831
29,34,37,0.6672,0.9862
29,35,36,0.6649,0.9878
29,36,35,0.6623,0.9878
29,37,34,0.6594,0.9862
29,38,33,0.6563,0.9831
29,39,32,0.6530,0.9784
29,40,31,0.6496,0.9722
29,41,30,0.6461,0.9645
29,42,29,0.6425,0.9554
29,43,28,0.6388,0.9449
29,44,27,0.6351,0.9331
29,45,26,0.6314,0.9200
29,46,25,0.6278,0.9058
29,47,24,0.6243,0.8906
29,48,23,0.6209,0.8743
29,49,22,0.6177,0.8570
29,50,21,0.6146,0.8390
29,51,20,0.6118,0.8201
29,52,19,0.6092,0.8006
29,53,18,0.6068,0.7805
29,54,17,0.6047,0.7598
29,55,16,0.6030,0.7387
29,56,15,0.6015,0.7171
29,57,14,0.6004,0.6952
29,58,13,0.5996,0.6731
29,59,12,0.5992,0.6507
29,60,11,0.5991,0.6282
29,61,10,0.5994,0.6055
29,62,9,0.6001,0.5829
29,63,8,0.6011,0.5602
29,64,7,0.6024,0.5376
29,65,6,0.6042,0.5151
29,66,5,0.6062,0.4928
29,67,4,0.6086,0.4706
29,68,3,0.6114,0.4487
29,69,2,0.6145,0.4271
29,70,1,0.6179,0.4058
29,71,0,0.6216,0.3849
30,0,70,0.5769,0.3886
30,1,69,0.5794,0.4099
30,2,68,0.5823,0.4315
30,3,67,0.5856,0.4535
30,4,66,0.5891,0.4758
30,5,65,0.5930,0.4984
30,6,64,0.5971,0.5211
30,7,63,0.6015,0.5441
30,8,62,0.6060,0.5671
30,9,61,0.6107,0.5902
30,10,60,0.6155,0.6133
30,11,59,0.6203,0.6363
30,12,58,0.6252,0.6593
30,13,57,0.6300,0.6820
30,14,56,0.6348,0.7046
30,15,55,0.6394,0.7268
30,16,54,0.6439,0.7487
30,17,53,0.6481,0.7701
30,18,52,0.6522,0.7910
30,19,51,0.6559,0.8113
30,20,50,0.6593,0.8310
30,21,49,0.6624,0.8499
30,22,48,0.6652,0.8679
30,23,47,0.6675,0.8851
30,24,46,0.6695,0.9013
30,25,45,0.6710,0.9164
30,26,44,0.6722,0.9303
30,27,43,0.6729,0.9430
30,28,42,0.6732,0.9544
30,29,41,0.6731,0.9645
30,30,40,0.6726,0.9731
30,31,39,0.6717,0.9802
30,32,38,0.6705,0.9858
30,33,37,0.6689,0.9898
30,34,36,0.6669,0.9922
30,35,35,0.6647,0.9930
30,36,34,0.6622,0.9922
30,37,33,0.6595,0.9898
30,38,32,0.6566,0.9858
30,39,31,0.6535,0.9802
30,40,30,0.6502,0.9731
30,41,29,0.6469,0.9645
30,42,28,0.6435,0.9544
30,43,27,0.6400,0.9430
30,44,26,0.6366,0.9303
30,45,25,0.6332,0.9164
30,46,24,0.6298,0.9013
30,47,23,0.6266,0.8851
30,48,22,0.6235,0.8679
30,49,21,0.6205,0.8499
30,50,20,0.6178,0.8310
30,51,19,0.6152,0.8113
30,52,18,0.6129,0.7910
30,53,17,0.6109,0.7701
30,54,16,0.6091,0.7487
30,55,15,0.6077,0.7268
30,56,14,0.6065,0.7046
30,57,13,0.6057,0.6820
30,58,12,0.6052,0.6593
30,59,11,0.6051,0.6363
30,60,10,0.6053,0.6133
30,61,9,0.6058,0.5902
30,62,8,0.6067,0.5671
30,63,7,0.6079,0.5441
30,64,6,0.6094,0.5211
30,65,5,0.6113,0.4984
30,66,4,0.6135,0.4758
30,67,3,0.6161,0.4535
30,68,2,0.6190,0.4315
30,69,1,0.6222,0.4099
30,70,0,0.6256,0.3886
31,0,69,0.5691,0.3922
31,1,68,0.5721,0.4138
31,2,67,0.5754,0.4358
31,3,66,0.5791,0.4582
31,4,65,0.5831,0.4809
31,5,64,0.5874,0.5038
31,6,63,0.5919,0.5270
31,7,62,0.5966,0.5504
31,8,61,0.6016,0.5738
31,9,60,0.6066,0.5973
31,10,59,0.6117,0.6208
31,11,58,0.6169,0.6442
31,12,57,0.6221,0.6675
31,13,56,0.6272,0.6906
31,14,55,0.6322,0.7135
31,15,54,0.6371,0.7360
31,16,53,0.6417,0.7581
31,17,52,0.6462,0.7797
31,18,51,0.6504,0.8008
31,19,50,0.6543,0.8212
31,20,49,0.6579,0.8409
31,21,48,0.6612,0.8598
31,22,47,0.6640,0.8779
31,23,46,0.6665,0.8949
31,24,45,0.6686,0.9109
31,25,44,0.6702,0.9257
31,26,43,0.6715,0.9394
31,27,42,0.6723,0.9517
31,28,41,0.6727,0.9626
31,29,40,0.6726,0.9722
31,30,39,0.6722,0.9802
31,31,38,0.6714,0.9867
31,32,37,0.6703,0.9916
31,33,36,0.6688,0.9949
31,34,35,0.6670,0.9965
31,35,34,0.6649,0.9965
31,36,33,0.6626,0.9949
31,37,32,0.6600,0.9916
31,38,31,0.6572,0.9867
31,39,30,0.6543,0.9802
31,40,29,0.6512,0.9722
31,41,28,0.6481,0.9626
31,42,27,0.6449,0.9517
31,43,26,0.6416,0.9394
31,44,25,0.6384,0.9257
31,45,24,0.6353,0.9109
31,46,23,0.6322,0.8949
31,47,22,0.6292,0.8779
31,48,21,0.6264,0.8598
31,49,20,0.6237,0.8409
31,50,19,0.6213,0.8212
31,51,18,0.6190,0.8008
31,52,17,0.6170,0.7797
31,53,16,0.6153,0.7581
31,54,15,0.6138,0.7360
31,55,14,0.6127,0.7135
31,56,13,0.6118,0.6906
31,57,12,0.6113,0.6675
31,58,11,0.6111,0.6442
31,59,10,0.6112,0.6208
31,60,9,0.6116,0.5973
31,61,8,0.6124,0.5738
31,62,7,0.6134,0.5504
31,63,6,0.6149,0.5270
31,64,5,0.6166,0.5038
31,65,4,0.6186,0.4809
31,66,3,0.6210,0.4582
31,67,2,0.6237,0.4358
31,68,1,0.6267,0.4138
31,69,0,0.6300,0.3922
32,0,68,0.5616,0.3957
32,1,67,0.5650,0.4176
32,2,66,0.5688,0.4400
32,3,65,0.5729,0.4627
32,4,64,0.5774,0.4858
32,5,63,0.5821,0.5091
32,6,62,0.5870,0.5327
32,7,61,0.5921,0.5564
32,8,60,0.5974,0.5803
32,9,59,0.6028,0.6041
32,10,58,0.6083,0.6280
32,11,57,0.6138,0.6518
32,12,56,0.6193,0.6754
32,13,55,0.6247,0.6988
32,14,54,0.6299,0.7219
32,15,53,0.6351,0.7447
32,16,52,0.6400,0.7670
32,17,51,0.6447,0.7887
32,18,50,0.6490,0.8099
32,19,49,0.6531,0.8304
32,20,48,0.6569,0.8501
32,21,47,0.6603,0.8689
32,22,46,0.6632,0.8868
32,23,45,0.6658,0.9036
32,24,44,0.6680,0.9194
32,25,43,0.6697,0.9339
32,26,42,0.6711,0.9471
32,27,41,0.6720,0.9590
32,28,40,0.6724,0.9694
32,29,39,0.6725,0.9784
32,30,38,0.6722,0.9858
32,31,37,0.6715,0.9916
32,32,36,0.6704,0.9958
32,33,35,0.6691,0.9983
32,34,34,0.6674,0.9991
32,35,33,0.6654,0.9983
32,36,32,0.6632,0.9958
32,37,31,0.6608,0.9916
32,38,30,0.6581,0.9858
32,39,29,0.6554,0.9784
32,40,28,0.6525,0.9694
32,41,27,0.6496,0.9590
32,42,26,0.6466,0.9471
32,43,25,0.6436,0.9339
32,44,24,0.6406,0.9194
32,45,23,0.6377,0.9036
32,46,22,0.6349,0.8868
32,47,21,0.6322,0.8689
32,48,20,0.6296,0.8501
32,49,19,0.6272,0.8304
32,50,18,0.6251,0.8099
32,51,17,0.6231,0.7887
32,52,16,0.6214,0.7670
32,53,15,0.6200,0.7447
32,54,14,0.6188,0.7219
32,55,13,0.6180,0.6988
32,56,12,0.6174,0.6754
32,57,11,0.6171,0.6518
32,58,10,0.6172,0.6280
32,59,9,0.6175,0.6041
32,60,8,0.6182,0.5803
32,61,7,0.6191,0.5564
32,62,6,0.6204,0.5327
32,63,5,0.6220,0.5091
32,64,4,0.6239,0.4858
32,65,3,0.6261,0.4627
32,66,2,0.6286,0.4400
32,67,1,0.6314,0.4176
32,68,0,0.6345,0.3957
33,0,67,0.5545,0.3991
33,1,66,0.5583,0.4214
33,2,65,0.5626,0.4441
33,3,64,0.5671,0.4672
33,4,63,0.5720,0.4906
33,5,62,0.5771,0.5143
33,6,61,0.5825,0.5382
33,7,60,0.5880,0.5623
33,8,59,0.5937,0.5865
33,9,58,0.5995,0.6107
33,10,57,0.6053,0.6349
33,11,56,0.6111,0.6590
33,12,55,0.6169,0.6829
33,13,54,0.6226,0.7065
33,14,53,0.6281,0.7298
33,15,52,0.6335,0.7528
33,16,51,0.6386,0.7752
33,17,50,0.6435,0.7970
33,18,49,0.6480,0.8182
33,19,48,0.6523,0.8387
33,20,47,0.6562,0.8583
33,21,46,0.6597,0.8770
33,22,45,0.6628,0.8947
33,23,44,0.6655,0.9112
33,24,43,0.6678,0.9266
33,25,42,0.6696,0.9408
33,26,41,0.6710,0.9535
33,27,40,0.6720,0.9649
33,28,39,0.6726,0.9748
33,29,38,0.6727,0.9831
33,30,37,0.6725,0.9898
33,31,36,0.6719,0.9949
33,32,35,0.6709,0.9983
33,33,34,0.6696,1.0000
33,34,33,0.6681,1.0000
33,35,32,0.6662,0.9983
33,36,31,0.6641,0.9949
33,37,30,0.6619,0.9898
33,38,29,0.6594,0.9831
33,39,28,0.6568,0.9748
33,40,27,0.6541,0.9649
33,41,26,0.6514,0.9535
33,42,25,0.6486,0.9408
33,43,24,0.6458,0.9266
33,44,23,0.6431,0.9112
33,45,22,0.6404,0.8947
33,46,21,0.6379,0.8770
33,47,20,0.6354,0.8583
33,48,19,0.6332,0.8387
33,49,18,0.6311,0.8182
33,50,17,0.6292,0.7970
33,51,16,0.6275,0.7752
33,52,15,0.6261,0.7528
33,53,14,0.6250,0.7298
33,54,13,0.6241,0.7065
33,55,12,0.6235,0.6829
33,56,11,0.6232,0.6590
33,57,10,0.6232,0.6349
33,58,9,0.6235,0.6107
33,59,8,0.6240,0.5865
33,60,7,0.6249,0.5623
33,61,6,0.6261,0.5382
33,62,5,0.6276,0.5143
33,63,4,0.6294,0.4906
33,64,3,0.6314,0.4672
33,65,2,0.6338,0.4441
33,66,1,0.6364,0.4214
33,67,0,0.6393,0.3991
34,0,66,0.5476,0.4024
34,1,65,0.5520,0.4250
34,2,64,0.5567,0.4480
34,3,63,0.5617,0.4715
34,4,62,0.5670,0.4952
34,5,61,0.5726,0.5193
34,6,60,0.5784,0.5435
34,7,59,0.5843,0.5679
34,8,58,0.5904,0.5924
34,9,57,0.5965,0.6169
34,10,56,0.6027,0.6414
34,11,55,0.6088,0.6657
34,12,54,0.6149,0.6899
34,13,53,0.6209,0.7137
34,14,52,0.6266,0.7372
34,15,51,0.6322,0.7602
34,16,50,0.6376,0.7827
34,17,49,0.6427,0.8046
34,18,48,0.6474,0.8257
34,19,47,0.6518,0.8461
34,20,46,0.6558,0.8655
34,21,45,0.6595,0.8840
34,22,44,0.6627,0.9014
34,23,43,0.6655,0.9177
34,24,42,0.6679,0.9327
34,25,41,0.6698,0.9463
34,26,40,0.6713,0.9586
34,27,39,0.6723,0.9694
34,28,38,0.6730,0.9786
34,29,37,0.6732,0.9862
34,30,36,0.6731,0.9922
34,31,35,0.6726,0.9965
34,32,34,0.6717,0.9991
34,33,33,0.6705,1.0000
34,34,32,0.6691,0.9991
34,35,31,0.6673,0.9965
34,36,30,0.6654,0.9922
34,37,29,0.6633,0.9862
34,38,28,0.6610,0.9786
34,39,27,0.6586,0.9694
34,40,26,0.6561,0.9586
34,41,25,0.6535,0.9463
34,42,24,0.6509,0.9327
34,43,23,0.6484,0.9177
34,44,22,0.6459,0.9014
34,45,21,0.6435,0.8840
34,46,20,0.6412,0.8655
34,47,19,0.6390,0.8461
34,48,18,0.6370,0.8257
34,49,17,0.6352,0.8046
34,50,16,0.6336,0.7827
34,51,15,0.6322,0.7602
34,52,14,0.6311,0.7372
34,53,13,0.6302,0.7137
34,54,12,0.6296,0.6899
34,55,11,0.6293,0.6657
34,56,10,0.6292,0.6414
34,57,9,0.6295,0.6169
34,58,8,0.6300,0.5924
34,59,7,0.6308,0.5679
34,60,6,0.6319,0.5435
34,61,5,0.6332,0.5193
34,62,4,0.6349,0.4952
34,63,3,0.6368,0.4715
34,64,2,0.6390,0.4480
34,65,1,0.6415,0.4250
34,66,0,0.6442,0.4024
35,0,65,0.5413,0.4056
35,1,64,0.5461,0.4285
35,2,63,0.5513,0.4519
35,3,62,0.5568,0.4756
35,4,61,0.5625,0.4997
35,5,60,0.5685,0.5241
35,6,59,0.5747,0.5486
35,7,58,0.5811,0.5733
35,8,57,0.5875,0.5981
35,9,56,0.5940,0.6228
35,10,55,0.6005,0.6475
35,11,54,0.6070,0.6721
35,12,53,0.6134,0.6964
35,13,52,0.6196,0.7203
35,14,51,0.6256,0.7439
35,15,50,0.6314,0.7670
35,16,49,0.6370,0.7895
35,17,48,0.6422,0.8113
35,18,47,0.6472,0.8323
35,19,46,0.6517,0.8525
35,20,45,0.6559,0.8717
35,21,44,0.6596,0.8899
35,22,43,0.6629,0.9070
35,23,42,0.6658,0.9228
35,24,41,0.6683,0.9374
35,25,40,0.6703,0.9505
35,26,39,0.6719,0.9622
35,27,38,0.6730,0.9723
35,28,37,0.6737,0.9809
35,29,36,0.6740,0.9878
35,30,35,0.6740,0.9930
35,31,34,0.6735,0.9965
35,32,33,0.6728,0.9983
35,33,32,0.6717,0.9983
35,34,31,0.6704,0.9965
35,35,30,0.6688,0.9930
35,36,29,0.6669,0.9878
35,37,28,0.6650,0.9809
35,38,27,0.6628,0.9723
35,39,26,0.6606,0.9622
35,40,25,0.6583,0.9505
35,41,24,0.6559,0.9374
35,42,23,0.6536,0.9228
35,43,22,0.6512,0.9070
35,44,21,0.6490,0.8899
35,45,20,0.6468,0.8717
35,46,19,0.6448,0.8525
35,47,18,0.6429,0.8323
35,48,17,0.6411,0.8113
35,49,16,0.6396,0.7895
35,50,15,0.6383,0.7670
35,51,14,0.6372,0.7439
35,52,13,0.6363,0.7203
35,53,12,0.6357,0.6964
35,54,11,0.6354,0.6721
35,55,10,0.6353,0.6475
35,56,9,0.6355,0.6228
35,57,8,0.6359,0.5981
35,58,7,0.6367,0.5733
35,59,6,0.6377,0.5486
35,60,5,0.6390,0.5241
35,61,4,0.6405,0.4997
35,62,3,0.6424,0.4756
35,63,2,0.6444,0.4519
35,64,1,0.6468,0.4285
35,65,0,0.6493,0.4056
36,0,64,0.5353,0.4088
36,1,63,0.5407,0.4320
36,2,62,0.5463,0.4556
36,3,61,0.5523,0.4797
36,4,60,0.5585,0.5040
36,5,59,0.5650,0.5286
36,6,58,0.5716,0.5535
36,7,57,0.5784,0.5784
36,8,56,0.5852,0.6034
36,9,55,0.5920,0.6284
36,10,54,0.5989,0.6532
36,11,53,0.6056,0.6779
36,12,52,0.6123,0.7023
36,13,51,0.6188,0.7264
36,14,50,0.6250,0.7500
36,15,49,0.6311,0.7730
36,16,48,0.6368,0.7954
36,17,47,0.6422,0.8171
36,18,46,0.6473,0.8380
36,19,45,0.6520,0.8580
36,20,44,0.6563,0.8769
36,21,43,0.6601,0.8947
36,22,42,0.6635,0.9114
36,23,41,0.6665,0.9268
36,24,40,0.6690,0.9408
36,25,39,0.6711,0.9533
36,26,38,0.6728,0.9644
36,27,37,0.6740,0.9739
36,28,36,0.6748,0.9817
36,29,35,0.6752,0.9878
36,30,34,0.6752,0.9922
36,31,33,0.6748,0.9949
36,32,32,0.6741,0.9958
36,33,31,0.6732,0.9949
36,34,30,0.6719,0.9922
36,35,29,0.6704,0.9878
36,36,28,0.6688,0.9817
36,37,27,0.6669,0.9739
36,38,26,0.6650,0.9644
36,39,25,0.6629,0.9533
36,40,24,0.6608,0.9408
36,41,23,0.6586,0.9268
36,42,22,0.6565,0.9114
36,43,21,0.6544,0.8947
36,44,20,0.6523,0.8769
36,45,19,0.6504,0.8580
36,46,18,0.6486,0.8380
36,47,17,0.6470,0.8171
36,48,16,0.6455,0.7954
36,49,15,0.6442,0.7730
36,50,14,0.6432,0.7500
36,51,13,0.6423,0.7264
36,52,12,0.6417,0.7023
36,53,11,0.6414,0.6779
36,54,10,0.6413,0.6532
36,55,9,0.6415,0.6284
36,56,8,0.6419,0.6034
36,57,7,0.6426,0.5784
36,58,6,0.6435,0.5535
36,59,5,0.6447,0.5286
36,60,4,0.6462,0.5040
36,61,3,0.6479,0.4797
36,62,2,0.6499,0.4556
36,63,1,0.6521,0.4320
36,64,0,0.6546,0.4088
37,0,63,0.5299,0.4119
37,1,62,0.5358,0.4353
37,2,61,0.5419,0.4592
37,3,60,0.5484,0.4835
37,4,59,0.5551,0.5081
37,5,58,0.5620,0.5330
37,6,57,0.5690,0.5580
37,7,56,0.5761,0.5832
37,8,55,0.5833,0.6084
37,9,54,0.5905,0.6335
37,10,53,0.5977,0.6585
37,11,52,0.6047,0.6832
37,12,51,0.6117,0.7077
37,13,50,0.6184,0.7317
37,14,49,0.6249,0.7553
37,15,48,0.6311,0.7783
37,16,47,0.6370,0.8006
37,17,46,0.6426,0.8221
37,18,45,0.6478,0.8427
37,19,44,0.6526,0.8624
37,20,43,0.6570,0.8809
37,21,42,0.6610,0.8984
37,22,41,0.6645,0.9146
37,23,40,0.6675,0.9294
37,24,39,0.6701,0.9428
37,25,38,0.6723,0.9548
37,26,37,0.6740,0.9651
37,27,36,0.6752,0.9739
37,28,35,0.6761,0.9809
37,29,34,0.6765,0.9862
37,30,33,0.6766,0.9898
37,31,32,0.6764,0.9916
37,32,31,0.6758,0.9916
37,33,30,0.6749,0.9898
37,34,29,0.6738,0.9862
37,35,28,0.6724,0.9809
37,36,27,0.6709,0.9739
37,37,26,0.6692,0.9651
37,38,25,0.6673,0.9548
37,39,24,0.6655,0.9428
37,40,23,0.6635,0.9294
37,41,22,0.6616,0.9146
37,42,21,0.6596,0.8984
37,43,20,0.6577,0.8809
37,44,19,0.6559,0.8624
37,45,18,0.6543,0.8427
37,46,17,0.6527,0.8221
37,47,16,0.6513,0.8006
37,48,15,0.6501,0.7783
37,49,14,0.6491,0.7553
37,50,13,0.6483,0.7317
37,51,12,0.6477,0.7077
37,52,11,0.6474,0.6832
37,53,10,0.6473,0.6585
37,54,9,0.6474,0.6335
37,55,8,0.6478,0.6084
37,56,7,0.6485,0.5832
37,57,6,0.6494,0.5580
37,58,5,0.6505,0.5330
37,59,4,0.6519,0.5081
37,60,3,0.6536,0.4835
37,61,2,0.6555,0.4592
37,62,1,0.6576,0.4353
37,63,0,0.6599,0.4119
38,0,62,0.5251,0.4148
38,1,61,0.5315,0.4385
38,2,60,0.5381,0.4627
38,3,59,0.5450,0.4872
38,4,58,0.5522,0.5120
38,5,57,0.5595,0.5371
38,6,56,0.5669,0.5623
38,7,55,0.5745,0.5876
38,8,54,0.5820,0.6129
38,9,53,0.5895,0.6382
38,10,52,0.5970,0.6632
38,11,51,0.6043,0.6880
38,12,50,0.6115,0.7125
38,13,49,0.6185,0.7365
38,14,48,0.6252,0.7599
38,15,47,0.6316,0.7827
38,16,46,0.6377,0.8048
38,17,45,0.6434,0.8261
38,18,44,0.6487,0.8464
38,19,43,0.6536,0.8657
38,20,42,0.6581,0.8839
38,21,41,0.6621,0.9008
38,22,40,0.6657,0.9165
38,23,39,0.6688,0.9307
38,24,38,0.6715,0.9435
38,25,37,0.6737,0.9548
38,26,36,0.6754,0.9644
38,27,35,0.6768,0.9723
38,28,34,0.6777,0.9786
38,29,33,0.6782,0.9831
38,30,32,0.6783,0.9858
38,31,31,0.6782,0.9867
38,32,30,0.6776,0.9858
38,33,29,0.6769,0.9831
38,34,28,0.6758,0.9786
38,35,27,0.6746,0.9723
38,36,26,0.6732,0.9644
38,37,25,0.6716,0.9548
38,38,24,0.6700,0.9435
38,39,23,0.6683,0.9307
38,40,22,0.6665,0.9165
38,41,21,0.6647,0.9008
38,42,20,0.6630,0.8839
38,43,19,0.6613,0.8657
38,44,18,0.6598,0.8464
38,45,17,0.6583,0.8261
38,46,16,0.6570,0.8048
38,47,15,0.6559,0.7827
38,48,14,0.6549,0.7599
38,49,13,0.6541,0.7365
38,50,12,0.6536,0.7125
38,51,11,0.6533,0.6880
38,52,10,0.6532,0.6632
38,53,9,0.6533,0.6382
38,54,8,0.6537,0.6129
38,55,7,0.6543,0.5876
38,56,6,0.6552,0.5623
38,57,5,0.6563,0.5371
38,58,4,0.6576,0.5120
38,59,3,0.6592,0.4872
38,60,2,0.6610,0.4627
38,61,1,0.6630,0.4385
38,62,0,0.6653,0.4148
39,0,61,0.5209,0.4177
39,1,60,0.5278,0.4416
39,2,59,0.5349,0.4660
39,3,58,0.5423,0.4907
39,4,57,0.5499,0.5157
39,5,56,0.5576,0.5409
39,6,55,0.5654,0.5663
39,7,54,0.5733,0.5917
39,8,53,0.5812,0.6171
39,9,52,0.5891,0.6423
39,10,51,0.5968,0.6674
39,11,50,0.6044,0.6922
39,12,49,0.6118,0.7166
39,13,48,0.6190,0.7404
39,14,47,0.6259,0.7637
39,15,46,0.6325,0.7863
39,16,45,0.6387,0.8082
39,17,44,0.6446,0.8291
39,18,43,0.6500,0.8491
39,19,42,0.6550,0.8679
39,20,41,0.6596,0.8856
39,21,40,0.6637,0.9020
39,22,39,0.6673,0.9171
39,23,38,0.6705,0.9307
39,24,37,0.6732,0.9428
39,25,36,0.6754,0.9533
39,26,35,0.6772,0.9622
39,27,34,0.6786,0.9694
39,28,33,0.6795,0.9748
39,29,32,0.6801,0.9784
39,30,31,0.6803,0.9802
39,31,30,0.6802,0.9802
39,32,29,0.6798,0.9784
39,33,28,0.6791,0.9748
39,34,27,0.6781,0.9694
39,35,26,0.6770,0.9622
39,36,25,0.6757,0.9533
39,37,24,0.6743,0.9428
39,38,23,0.6728,0.9307
39,39,22,0.6713,0.9171
39,40,21,0.6697,0.9020
39,41,20,0.6681,0.8856
39,42,19,0.6666,0.8679
39,43,18,0.6652,0.8491
39,44,17,0.6638,0.8291
39,45,16,0.6626,0.8082
39,46,15,0.6615,0.7863
39,47,14,0.6606,0.7637
39,48,13,0.6599,0.7404
39,49,12,0.6594,0.7166
39,50,11,0.6591,0.6922
39,51,10,0.6590,0.6674
39,52,9,0.6591,0.6423
39,53,8,0.6595,0.6171
39,54,7,0.6601,0.5917
39,55,6,0.6609,0.5663
39,56,5,0.6620,0.5409
39,57,4,0.6633,0.5157
39,58,3,0.6648,0.4907
39,59,2,0.6666,0.4660
39,60,1,0.6685,0.4416
39,61,0,0.6707,0.4177
40,0,60,0.5173,0.4205
40,1,59,0.5247,0.4446
40,2,58,0.5323,0.4691
40,3,57,0.5401,0.4939
40,4,56,0.5482,0.5191
40,5,55,0.5563,0.5444
40,6,54,0.5645,0.5698
40,7,53,0.5728,0.5953
40,8,52,0.5810,0.6207
40,9,51,0.5891,0.6460
40,10,50,0.5971,0.6710
40,11,49,0.6050,0.6957
40,12,48,0.6126,0.7200
40,13,47,0.6200,0.7437
40,14,46,0.6271,0.7667
40,15,45,0.6338,0.7891
40,16,44,0.6401,0.8106
40,17,43,0.6461,0.8311
40,18,42,0.6516,0.8507
40,19,41,0.6567,0.8691
40,20,40,0.6613,0.8862
40,21,39,0.6655,0.9020
40,22,38,0.6691,0.9165
40,23,37,0.6723,0.9294
40,24,36,0.6751,0.9408
40,25,35,0.6774,0.9505
40,26,34,0.6792,0.9586
40,27,33,0.6806,0.9649
40,28,32,0.6816,0.9694
40,29,31,0.6822,0.9722
40,30,30,0.6825,0.9731
40,31,29,0.6824,0.9722
40,32,28,0.6821,0.9694
40,33,27,0.6815,0.9649
40,34,26,0.6807,0.9586
40,35,25,0.6796,0.9505
40,36,24,0.6785,0.9408
40,37,23,0.6772,0.9294
40,38,22,0.6759,0.9165
40,39,21,0.6745,0.9020
40,40,20,0.6731,0.8862
40,41,19,0.6717,0.8691
40,42,18,0.6704,0.8507
40,43,17,0.6691,0.8311
40,44,16,0.6680,0.8106
40,45,15,0.6670,0.7891
40,46,14,0.6662,0.7667
40,47,13,0.6655,0.7437
40,48,12,0.6650,0.7200
40,49,11,0.6647,0.6957
40,50,10,0.6647,0.6710
40,51,9,0.6648,0.6460
40,52,8,0.6652,0.6207
40,53,7,0.6658,0.5953
40,54,6,0.6666,0.5698
40,55,5,0.6676,0.5444
40,56,4,0.6689,0.5191
40,57,3,0.6704,0.4939
40,58,2,0.6721,0.4691
40,59,1,0.6740,0.4446
40,60,0,0.6761,0.4205
41,0,59,0.5144,0.4230
41,1,58,0.5223,0.4473
41,2,57,0.5304,0.4719
41,3,56,0.5387,0.4969
41,4,55,0.5471,0.5221
41,5,54,0.5556,0.5475
41,6,53,0.5642,0.5730
41,7,52,0.5728,0.5985
41,8,51,0.5813,0.6239
41,9,50,0.5897,0.6491
41,10,49,0.5980,0.6740
41,11,48,0.6061,0.6986
41,12,47,0.6139,0.7226
41,13,46,0.6214,0.7461
41,14,45,0.6286,0.7689
41,15,44,0.6355,0.7909
41,16,43,0.6419,0.8120
41,17,42,0.6480,0.8322
41,18,41,0.6536,0.8512
41,19,40,0.6587,0.8691
41,20,39,0.6634,0.8856
41,21,38,0.6676,0.9008
41,22,37,0.6713,0.9146
41,23,36,0.6745,0.9268
41,24,35,0.6772,0.9374
41,25,34,0.6795,0.9463
41,26,33,0.6814,0.9535
41,27,32,0.6828,0.9590
41,28,31,0.6839,0.9626
41,29,30,0.6845,0.9645
41,30,29,0.6849,0.9645
41,31,28,0.6849,0.9626
41,32,27,0.6846,0.9590
41,33,26,0.6841,0.9535
41,34,25,0.6833,0.9463
41,35,24,0.6824,0.9374
41,36,23,0.6814,0.9268
41,37,22,0.6803,0.9146
41,38,21,0.6791,0.9008
41,39,20,0.6778,0.8856
41,40,19,0.6766,0.8691
41,41,18,0.6754,0.8512
41,42,17,0.6743,0.8322
41,43,16,0.6733,0.8120
41,44,15,0.6724,0.7909
41,45,14,0.6716,0.7689
41,46,13,0.6710,0.7461
41,47,12,0.6705,0.7226
41,48,11,0.6703,0.6986
41,49,10,0.6702,0.6740
41,50,9,0.6704,0.6491
41,51,8,0.6707,0.6239
41,52,7,0.6713,0.5985
41,53,6,0.6721,0.5730
41,54,5,0.6732,0.5475
41,55,4,0.6744,0.5221
41,56,3,0.6758,0.4969
41,57,2,0.6775,0.4719
41,58,1,0.6794,0.4473
41,59,0,0.6814,0.4230
42,0,58,0.5122,0.4255
42,1,57,0.5206,0.4498
42,2,56,0.5291,0.4745
42,3,55,0.5378,0.4996
42,4,54,0.5466,0.5249
42,5,53,0.5555,0.5503
42,6,52,0.5645,0.5758
42,7,51,0.5733,0.6012
42,8,50,0.5821,0.6265
42,9,49,0.5908,0.6516
42,10,48,0.5993,0.6764
42,11,47,0.6076,0.7008
42,12,46,0.6156,0.7246
42,13,45,0.6233,0.7478
42,14,44,0.6306,0.7702
42,15,43,0.6375,0.7918
42,16,42,0.6441,0.8125
42,17,41,0.6502,0.8322
42,18,40,0.6558,0.8507
42,19,39,0.6610,0.8679
42,20,38,0.6657,0.8839
42,21,37,0.6699,0.8984
42,22,36,0.6736,0.9114
42,23,35,0.6769,0.9228
42,24,34,0.6796,0.9327
42,25,33,0.6819,0.9408
42,26,32,0.6838,0.9471
42,27,31,0.6853,0.9517
42,28,30,0.6863,0.9544
42,29,29,0.6870,0.9554
42,30,28,0.6874,0.9544
42,31,27,0.6875,0.9517
42,32,26,0.6872,0.9471
42,33,25,0.6868,0.9408
42,34,24,0.6862,0.9327
42,35,23,0.6854,0.9228
42,36,22,0.6845,0.9114
42,37,21,0.6835,0.8984
42,38,20,0.6824,0.8839
42,39,19,0.6814,0.8679
42,40,18,0.6803,0.8507
42,41,17,0.6793,0.8322
42,42,16,0.6784,0.8125
42,43,15,0.6775,0.7918
42,44,14,0.6768,0.7702
42,45,13,0.6763,0.7478
42,46,12,0.6759,0.7246
42,47,11,0.6757,0.7008
42,48,10,0.6756,0.6764
42,49,9,0.6758,0.6516
42,50,8,0.6762,0.6265
42,51,7,0.6768,0.6012
42,52,6,0.6776,0.5758
42,53,5,0.6786,0.5503
42,54,4,0.6798,0.5249
42,55,3,0.6812,0.4996
42,56,2,0.6828,0.4745
42,57,1,0.6847,0.4498
42,58,0,0.6867,0.4255
43,0,57,0.5108,0.4277
43,1,56,0.5195,0.4521
43,2,55,0.5285,0.4769
43,3,54,0.5376,0.5020
43,4,53,0.5468,0.5273
43,5,52,0.5561,0.5527
43,6,51,0.5653,0.5781
43,7,50,0.5745,0.6034
43,8,49,0.5835,0.6286
43,9,48,0.5924,0.6536
43,10,47,0.6011,0.6781
43,11,46,0.6096,0.7022
43,12,45,0.6177,0.7257
43,13,44,0.6255,0.7486
43,14,43,0.6329,0.7707
43,15,42,0.6400,0.7918
43,16,41,0.6466,0.8120
43,17,40,0.6527,0.8311
43,18,39,0.6584,0.8491
43,19,38,0.6636,0.8657
43,20,37,0.6683,0.8809
43,21,36,0.6725,0.8947
43,22,35,0.6762,0.9070
43,23,34,0.6795,0.9177
43,24,33,0.6822,0.9266
43,25,32,0.6845,0.9339
43,26,31,0.6864,0.9394
43,27,30,0.6879,0.9430
43,28,29,0.6889,0.9449
43,29,28,0.6897,0.9449
43,30,27,0.6901,0.9430
43,31,26,0.6902,0.9394
43,32,25,0.6900,0.9339
43,33,24,0.6897,0.9266
43,34,23,0.6891,0.9177
43,35,22,0.6885,0.9070
43,36,21,0.6877,0.8947
43,37,20,0.6868,0.8809
43,38,19,0.6859,0.8657
43,39,18,0.6850,0.8491
43,40,17,0.6841,0.8311
43,41,16,0.6833,0.8120
43,42,15,0.6825,0.7918
43,43,14,0.6819,0.7707
43,44,13,0.6814,0.7486
43,45,12,0.6811,0.7257
43,46,11,0.6809,0.7022
43,47,10,0.6809,0.6781
43,48,9,0.6811,0.6536
43,49,8,0.6814,0.6286
43,50,7,0.6820,0.6034
43,51,6,0.6828,0.5781
43,52,5,0.6838,0.5527
43,53,4,0.6850,0.5273
43,54,3,0.6864,0.5020
43,55,2,0.6880,0.4769
43,56,1,0.6898,0.4521
43,57,0,0.6918,0.4277
44,0,56,0.5100,0.4296
44,1,55,0.5192,0.4541
44,2,54,0.5286,0.4789
44,3,53,0.5381,0.5040
44,4,52,0.5476,0.5292
44,5,51,0.5572,0.5546
44,6,50,0.5667,0.5799
44,7,49,0.5762,0.6051
44,8,48,0.5854,0.6301
44,9,47,0.5945,0.6548
44,10,46,0.6034,0.6792
44,11,45,0.6120,0.7030
44,12,44,0.6202,0.7261
44,13,43,0.6281,0.7486
44,14,42,0.6357,0.7702
44,15,41,0.6427,0.7909
44,16,40,0.6494,0.8106
44,17,39,0.6555,0.8291
44,18,38,0.6612,0.8464
44,19,37,0.6664,0.8624
44,20,36,0.6711,0.8769
44,21,35,0.6753,0.8899
44,22,34,0.6790,0.9014
44,23,33,0.6822,0.9112
44,24,32,0.6850,0.9194
44,25,31,0.6873,0.9257
44,26,30,0.6891,0.9303
44,27,29,0.6906,0.9331
44,28,28,0.6917,0.9340
44,29,27,0.6924,0.9331
44,30,26,0.6929,0.9303
44,31,25,0.6930,0.9257
44,32,24,0.6929,0.9194
44,33,23,0.6926,0.9112
44,34,22,0.6922,0.9014
44,35,21,0.6916,0.8899
44,36,20,0.6909,0.8769
44,37,19,0.6902,0.8624
44,38,18,0.6894,0.8464
44,39,17,0.6887,0.8291
44,40,16,0.6880,0.8106
44,41,15,0.6873,0.7909
44,42,14,0.6868,0.7702
44,43,13,0.6863,0.7486
44,44,12,0.6860,0.7261
44,45,11,0.6859,0.7030
44,46,10,0.6859,0.6792
44,47,9,0.6861,0.6548
44,48,8,0.6865,0.6301
44,49,7,0.6871,0.6051
44,50,6,0.6879,0.5799
44,51,5,0.6889,0.5546
44,52,4,0.6901,0.5292
44,53,3,0.6915,0.5040
44,54,2,0.6931,0.4789
44,55,1,0.6948,0.4541
44,56,0,0.6968,0.4296
45,0,55,0.5100,0.4314
45,1,54,0.5196,0.4558
45,2,53,0.5294,0.4806
45,3,52,0.5392,0.5056
45,4,51,0.5491,0.5308
45,5,50,0.5589,0.5560
45,6,49,0.5687,0.5812
45,7,48,0.5784,0.6062
45,8,47,0.5879,0.6310
45,9,46,0.5971,0.6555
45,10,45,0.6061,0.6795
45,11,44,0.6148,0.7030
45,12,43,0.6232,0.7257
45,13,42,0.6311,0.7478
45,14,41,0.6387,0.7689
45,15,40,0.6458,0.7891
45,16,39,0.6524,0.8082
45,17,38,0.6586,0.8261
45,18,37,0.6643,0.8427
45,19,36,0.6694,0.8580
45,20,35,0.6741,0.8717
45,21,34,0.6783,0.8840
45,22,33,0.6819,0.8947
45,23,32,0.6851,0.9036
45,24,31,0.6878,0.9109
45,25,30,0.6901,0.9164
45,26,29,0.6920,0.9200
45,27,28,0.6934,0.9219
45,28,27,0.6945,0.9219
45,29,26,0.6953,0.9200
45,30,25,0.6957,0.9164
45,31,24,0.6959,0.9109
45,32,23,0.6959,0.9036
45,33,22,0.6957,0.8947
45,34,21,0.6953,0.8840
45,35,20,0.6948,0.8717
45,36,19,0.6943,0.8580
45,37,18,0.6937,0.8427
45,38,17,0.6930,0.8261
45,39,16,0.6924,0.8082
45,40,15,0.6919,0.7891
45,41,14,0.6914,0.7689
45,42,13,0.6911,0.7478
45,43,12,0.6908,0.7257
45,44,11,0.6907,0.7030
45,45,10,0.6908,0.6795
45,46,9,0.6910,0.6555
45,47,8,0.6914,0.6310
45,48,7,0.6920,0.6062
45,49,6,0.6928,0.5812
45,50,5,0.6938,0.5560
45,51,4,0.6950,0.5308
45,52,3,0.6963,0.5056
45,53,2,0.6979,0.4806
45,54,1,0.6997,0.4558
45,55,0,0.7016,0.4314
46,0,54,0.5107,0.4328
46,1,53,0.5207,0.4572
46,2,52,0.5308,0.4820
46,3,51,0.5410,0.5069
46,4,50,0.5511,0.5319
46,5,49,0.5612,0.5570
46,6,48,0.5712,0.5820
46,7,47,0.5811,0.6068
46,8,46,0.5907,0.6313
46,9,45,0.6002,0.6555
46,10,44,0.6093,0.6792
46,11,43,0.6180,0.7022
46,12,42,0.6264,0.7246
46,13,41,0.6345,0.7461
46,14,40,0.6420,0.7667
46,15,39,0.6491,0.7863
46,16,38,0.6558,0.8048
46,17,37,0.6619,0.8221
46,18,36,0.6675,0.8380
46,19,35,0.6726,0.8525
46,20,34,0.6773,0.8655
46,21,33,0.6814,0.8770
46,22,32,0.6850,0.8868
46,23,31,0.6881,0.8949
46,24,30,0.6908,0.9013
46,25,29,0.6930,0.9058
46,26,28,0.6949,0.9086
46,27,27,0.6963,0.9095
46,28,26,0.6974,0.9086
46,29,25,0.6982,0.9058
46,30,24,0.6986,0.9013
46,31,23,0.6989,0.8949
46,32,22,0.6989,0.8868
46,33,21,0.6988,0.8770
46,34,20,0.6985,0.8655
46,35,19,0.6981,0.8525
46,36,18,0.6976,0.8380
46,37,17,0.6971,0.8221
46,38,16,0.6967,0.8048
46,39,15,0.6962,0.7863
46,40,14,0.6958,0.7667
46,41,13,0.6955,0.7461
46,42,12,0.6953,0.7246
46,43,11,0.6953,0.7022
46,44,10,0.6954,0.6792
46,45,9,0.6956,0.6555
46,46,8,0.6960,0.6313
46,47,7,0.6966,0.6068
46,48,6,0.6974,0.5820
46,49,5,0.6984,0.5570
46,50,4,0.6996,0.5319
46,51,3,0.7010,0.5069
46,52,2,0.7025,0.4820
46,53,1,0.7043,0.4572
46,54,0,0.7062,0.4328
47,0,53,0.5121,0.4340
47,1,52,0.5224,0.4583
47,2,51,0.5329,0.4829
47,3,50,0.5433,0.5077
47,4,49,0.5538,0.5326
47,5,48,0.5641,0.5575
47,6,47,0.5743,0.5823
47,7,46,0.5843,0.6068
47,8,45,0.5941,0.6310
47,9,44,0.6036,0.6548
47,10,43,0.6128,0.6781
47,11,42,0.6216,0.7008
47,12,41,0.6301,0.7226
47,13,40,0.6381,0.7437
47,14,39,0.6456,0.7637
47,15,38,0.6527,0.7827
47,16,37,0.6593,0.8006
47,17,36,0.6654,0.8171
47,18,35,0.6709,0.8323
47,19,34,0.6760,0.8461
47,20,33,0.6805,0.8583
47,21,32,0.6846,0.8689
47,22,31,0.6881,0.8779
47,23,30,0.6912,0.8851
47,24,29,0.6938,0.8906
47,25,28,0.6960,0.8942
47,26,27,0.6978,0.8961
47,27,26,0.6992,0.8961
47,28,25,0.7003,0.8942
47,29,24,0.7011,0.8906
47,30,23,0.7016,0.8851
47,31,22,0.7018,0.8779
47,32,21,0.7019,0.8689
47,33,20,0.7018,0.8583
47,34,19,0.7016,0.8461
47,35,18,0.7013,0.8323
47,36,17,0.7010,0.8171
47,37,16,0.7006,0.8006
47,38,15,0.7003,0.7827
47,39,14,0.7000,0.7637
47,40,13,0.6998,0.7437
47,41,12,0.6996,0.7226
47,42,11,0.6996,0.7008
47,43,10,0.6997,0.6781
47,44,9,0.7000,0.6548
47,45,8,0.7005,0.6310
47,46,7,0.7011,0.6068
47,47,6,0.7019,0.5823
47,48,5,0.7029,0.5575
47,49,4,0.7040,0.5326
47,50,3,0.7054,0.5077
47,51,2,0.7069,0.4829
47,52,1,0.7087,0.4583
47,53,0,0.7106,0.4340
48,0,52,0.5142,0.4348
48,1,51,0.5249,0.4590
48,2,50,0.5356,0.4835
48,3,49,0.5463,0.5082
48,4,48,0.5570,0.5329
48,5,47,0.5675,0.5575
48,6,46,0.5778,0.5820
48,7,45,0.5880,0.6062
48,8,44,0.5979,0.6301
48,9,43,0.6074,0.6536
48,10,42,0.6167,0.6764
48,11,41,0.6255,0.6986
48,12,40,0.6339,0.7200
48,13,39,0.6419,0.7404
48,14,38,0.6494,0.7599
48,15,37,0.6565,0.7783
48,16,36,0.6630,0.7954
48,17,35,0.6690,0.8113
48,18,34,0.6745,0.8257
48,19,33,0.6794,0.8387
48,20,32,0.6839,0.8501
48,21,31,0.6879,0.8598
48,22,30,0.6913,0.8679
48,23,29,0.6943,0.8743
48,24,28,0.6969,0.8788
48,25,27,0.6990,0.8816
48,26,26,0.7008,0.8825
48,27,25,0.7021,0.8816
48,28,24,0.7032,0.8788
48,29,23,0.7040,0.8743
48,30,22,0.7045,0.8679
48,31,21,0.7048,0.8598
48,32,20,0.7049,0.8501
48,33,19,0.7049,0.8387
48,34,18,0.7048,0.8257
48,35,17,0.7046,0.8113
48,36,16,0.7043,0.7954
48,37,15,0.7041,0.7783
48,38,14,0.7039,0.7599
48,39,13,0.7037,0.7404
48,40,12,0.7037,0.7200
48,41,11,0.7037,0.6986
48,42,10,0.7038,0.6764
48,43,9,0.7041,0.6536
48,44,8,0.7046,0.6301
48,45,7,0.7052,0.6062
48,46,6,0.7060,0.5820
48,47,5,0.7070,0.5575
48,48,4,0.7082,0.5329
48,49,3,0.7095,0.5082
48,50,2,0.7111,0.4835
48,51,1,0.7128,0.4590
48,52,0,0.7147,0.4348
49,0,51,0.5170,0.4353
49,1,50,0.5280,0.4594
49,2,49,0.5390,0.4837
49,3,48,0.5499,0.5082
49,4,47,0.5607,0.5326
49,5,46,0.5714,0.5570
49,6,45,0.5819,0.5812
49,7,44,0.5921,0.6051
49,8,43,0.6020,0.6286
49,9,42,0.6116,0.6516
49,10,41,0.6209,0.6740
49,11,40,0.6297,0.6957
49,12,39,0.6381,0.7166
49,13,38,0.6460,0.7365
49,14,37,0.6534,0.7553
49,15,36,0.6604,0.7730
49,16,35,0.6668,0.7895
49,17,34,0.6727,0.8046
49,18,33,0.6781,0.8182
49,19,32,0.6829,0.8304
49,20,31,0.6873,0.8409
49,21,30,0.6912,0.8499
49,22,29,0.6945,0.8570
49,23,28,0.6974,0.8625
49,24,27,0.6999,0.8661
49,25,26,0.7020,0.8680
49,26,25,0.7037,0.8680
49,27,24,0.7050,0.8661
49,28,23,0.7061,0.8625
49,29,22,0.7068,0.8570
49,30,21,0.7074,0.8499
49,31,20,0.7077,0.8409
49,32,19,0.7078,0.8304
49,33,18,0.7079,0.8182
49,34,17,0.7078,0.8046
49,35,16,0.7077,0.7895
49,36,15,0.7076,0.7730
49,37,14,0.7075,0.7553
49,38,13,0.7074,0.7365
49,39,12,0.7074,0.7166
49,40,11,0.7075,0.6957
49,41,10,0.7077,0.6740
49,42,9,0.7080,0.6516
49,43,8,0.7085,0.6286
49,44,7,0.7091,0.6051
49,45,6,0.7099,0.5812
49,46,5,0.7109,0.5570
49,47,4,0.7121,0.5326
49,48,3,0.7134,0.5082
49,49,2,0.7150,0.4837
49,50,1,0.7167,0.4594
49,51,0,0.7186,0.4353
50,0,50,0.5205,0.4355
50,1,49,0.5317,0.4594
50,2,48,0.5429,0.4835
50,3,47,0.5540,0.5077
50,4,46,0.5649,0.5319
50,5,45,0.5757,0.5560
50,6,44,0.5863,0.5799
50,7,43,0.5966,0.6034
50,8,42,0.6065,0.6265
50,9,41,0.6161,0.6491
50,10,40,0.6253,0.6710
50,11,39,0.6341,0.6922
50,12,38,0.6424,0.7125
50,13,37,0.6502,0.7317
50,14,36,0.6576,0.7500
50,15,35,0.6644,0.7670
50,16,34,0.6707,0.7827
50,17,33,0.6765,0.7970
50,18,32,0.6817,0.8099
50,19,31,0.6865,0.8212
50,20,30,0.6907,0.8310
50,21,29,0.6944,0.8390
50,22,28,0.6977,0.8453
50,23,27,0.7005,0.8498
50,24,26,0.7029,0.8525
50,25,25,0.7049,0.8535
50,26,24,0.7065,0.8525
50,27,23,0.7078,0.8498
50,28,22,0.7088,0.8453
50,29,21,0.7096,0.8390
50,30,20,0.7101,0.8310
50,31,19,0.7105,0.8212
50,32,18,0.7107,0.8099
50,33,17,0.7108,0.7970
50,34,16,0.7108,0.7827
50,35,15,0.7108,0.7670
50,36,14,0.7108,0.7500
50,37,13,0.7108,0.7317
50,38,12,0.7108,0.7125
50,39,11,0.7109,0.6922
50,40,10,0.7112,0.6710
50,41,9,0.7115,0.6491
50,42,8,0.7120,0.6265
50,43,7,0.7127,0.6034
50,44,6,0.7135,0.5799
50,45,5,0.7145,0.5560
50,46,4,0.7156,0.5319
50,47,3,0.7170,0.5077
50,48,2,0.7185,0.4835
50,49,1,0.7202,0.4594
50,50,0,0.7221,0.4355
51,0,49,0.5246,0.4353
51,1,48,0.5360,0.4590
51,2,47,0.5474,0.4829
51,3,46,0.5586,0.5069
51,4,45,0.5697,0.5308
51,5,44,0.5805,0.5546
51,6,43,0.5911,0.5781
51,7,42,0.6014,0.6012
51,8,41,0.6113,0.6239
51,9,40,0.6209,0.6460
51,10,39,0.6300,0.6674
51,11,38,0.6387,0.6880
51,12,37,0.6469,0.7077
51,13,36,0.6546,0.7264
51,14,35,0.6618,0.7439
51,15,34,0.6685,0.7602
51,16,33,0.6746,0.7752
51,17,32,0.6803,0.7887
51,18,31,0.6854,0.8008
51,19,30,0.6900,0.8113
51,20,29,0.6940,0.8201
51,21,28,0.6976,0.8273
51,22,27,0.7008,0.8327
51,23,26,0.7035,0.8363
51,24,25,0.7058,0.8381
51,25,24,0.7077,0.8381
51,26,23,0.7093,0.8363
51,27,22,0.7105,0.8327
51,28,21,0.7115,0.8273
51,29,20,0.7122,0.8201
51,30,19,0.7128,0.8113
51,31,18,0.7131,0.8008
51,32,17,0.7134,0.7887
51,33,16,0.7135,0.7752
51,34,15,0.7136,0.7602
51,35,14,0.7137,0.7439
51,36,13,0.7138,0.7264
51,37,12,0.7139,0.7077
51,38,11,0.7141,0.6880
51,39,10,0.7144,0.6674
51,40,9,0.7148,0.6460
51,41,8,0.7153,0.6239
51,42,7,0.7159,0.6012
51,43,6,0.7168,0.5781
51,44,5,0.7177,0.5546
51,45,4,0.7189,0.5308
51,46,3,0.7202,0.5069
51,47,2,0.7218,0.4829
51,48,1,0.7235,0.4590
51,49,0,0.7254,0.4353
52,0,48,0.5293,0.4348
52,1,47,0.5409,0.4583
52,2,46,0.5523,0.4820
52,3,45,0.5637,0.5056
52,4,44,0.5748,0.5292
52,5,43,0.5857,0.5527
52,6,42,0.5962,0.5758
52,7,41,0.6065,0.5985
52,8,40,0.6164,0.6207
52,9,39,0.6258,0.6423
52,10,38,0.6349,0.6632
52,11,37,0.6434,0.6832
52,12,36,0.6515,0.7023
52,13,35,0.6590,0.7203
52,14,34,0.6661,0.7372
52,15,33,0.6726,0.7528
52,16,32,0.6786,0.7670
52,17,31,0.6840,0.7797
52,18,30,0.6890,0.7910
52,19,29,0.6934,0.8006
52,20,28,0.6973,0.8086
52,21,27,0.7008,0.8149
52,22,26,0.7038,0.8194
52,23,25,0.7063,0.8221
52,24,24,0.7085,0.8230
52,25,23,0.7104,0.8221
52,26,22,0.7118,0.8194
52,27,21,0.7130,0.8149
52,28,20,0.7140,0.8086
52,29,19,0.7147,0.8006
52,30,18,0.7153,0.7910
52,31,17,0.7156,0.7797
52,32,16,0.7159,0.7670
52,33,15,0.7161,0.7528
52,34,14,0.7163,0.7372
52,35,13,0.7165,0.7203
52,36,12,0.7167,0.7023
52,37,11,0.7169,0.6832
52,38,10,0.7172,0.6632
52,39,9,0.7176,0.6423
52,40,8,0.7182,0.6207
52,41,7,0.7189,0.5985
52,42,6,0.7197,0.5758
52,43,5,0.7207,0.5527
52,44,4,0.7218,0.5292
52,45,3,0.7232,0.5056
52,46,2,0.7247,0.4820
52,47,1,0.7264,0.4583
52,48,0,0.7282,0.4348
53,0,47,0.5345,0.4340
53,1,46,0.5462,0.4572
53,2,45,0.5578,0.4806
53,3,44,0.5692,0.5040
53,4,43,0.5803,0.5273
53,5,42,0.5912,0.5503
53,6,41,0.6017,0.5730
53,7,40,0.6118,0.5953
53,8,39,0.6216,0.6171
53,9,38,0.6310,0.6382
53,10,37,0.6398,0.6585
53,11,36,0.6482,0.6779
53,12,35,0.6561,0.6964
53,13,34,0.6635,0.7137
53,14,33,0.6703,0.7298
53,15,32,0.6766,0.7447
53,16,31,0.6824,0.7581
53,17,30,0.6877,0.7701
53,18,29,0.6924,0.7805
53,19,28,0.6967,0.7893
53,20,27,0.7004,0.7964
53,21,26,0.7037,0.8017
53,22,25,0.7066,0.8053
53,23,24,0.7090,0.8071
53,24,23,0.7111,0.8071
53,25,22,0.7128,0.8053
53,26,21,0.7143,0.8017
53,27,20,0.7154,0.7964
53,28,19,0.7163,0.7893
53,29,18,0.7170,0.7805
53,30,17,0.7176,0.7701
53,31,16,0.7180,0.7581
53,32,15,0.7183,0.7447
53,33,14,0.7186,0.7298
53,34,13,0.7188,0.7137
53,35,12,0.7191,0.6964
53,36,11,0.7194,0.6779
53,37,10,0.7197,0.6585
53,38,9,0.7202,0.6382
53,39,8,0.7207,0.6171
53,40,7,0.7214,0.5953
53,41,6,0.7222,0.5730
53,42,5,0.7232,0.5503
53,43,4,0.7244,0.5273
53,44,3,0.7257,0.5040
53,45,2,0.7272,0.4806
53,46,1,0.7289,0.4572
53,47,0,0.7308,0.4340
54,0,46,0.5403,0.4328
54,1,45,0.5521,0.4558
54,2,44,0.5637,0.4789
54,3,43,0.5750,0.5020
54,4,42,0.5861,0.5249
54,5,41,0.5969,0.5475
54,6,40,0.6073,0.5698
54,7,39,0.6174,0.5917
54,8,38,0.6270,0.6129
54,9,37,0.6362,0.6335
54,10,36,0.6449,0.6532
54,11,35,0.6531,0.6721
54,12,34,0.6607,0.6899
54,13,33,0.6679,0.7065
54,14,32,0.6745,0.7219
54,15,31,0.6806,0.7360
54,16,30,0.6862,0.7487
54,17,29,0.6912,0.7598
54,18,28,0.6958,0.7694
54,19,27,0.6998,0.7773
54,20,26,0.7034,0.7835
54,21,25,0.7065,0.7880
54,22,24,0.7092,0.7907
54,23,23,0.7115,0.7916
54,24,22,0.7135,0.7907
54,25,21,0.7151,0.7880
54,26,20,0.7164,0.7835
54,27,19,0.7175,0.7773
54,28,18,0.7184,0.7694
54,29,17,0.7191,0.7598
54,30,16,0.7196,0.7487
54,31,15,0.7201,0.7360
54,32,14,0.7204,0.7219
54,33,13,0.7208,0.7065
54,34,12,0.7211,0.6899
54,35,11,0.7214,0.6721
54,36,10,0.7218,0.6532
54,37,9,0.7223,0.6335
54,38,8,0.7229,0.6129
54,39,7,0.7236,0.5917
54,40,6,0.7244,0.5698
54,41,5,0.7254,0.5475
54,42,4,0.7265,0.5249
54,43,3,0.7279,0.5020
54,44,2,0.7294,0.4789
54,45,1,0.7310,0.4558
54,46,0,0.7329,0.4328
55,0,45,0.5465,0.4314
55,1,44,0.5583,0.4541
55,2,43,0.5699,0.4769
55,3,42,0.5812,0.4996
55,4,41,0.5922,0.5221
55,5,40,0.6029,0.5444
55,6,39,0.6132,0.5663
55,7,38,0.6230,0.5876
55,8,37,0.6325,0.6084
55,9,36,0.6414,0.6284
55,10,35,0.6499,0.6475
55,11,34,0.6579,0.6657
55,12,33,0.6653,0.6829
55,13,32,0.6722,0.6988
55,14,31,0.6786,0.7135
55,15,30,0.6844,0.7268
55,16,29,0.6898,0.7387
55,17,28,0.6946,0.7490
55,18,27,0.6989,0.7577
55,19,26,0.7027,0.7647
55,20,25,0.7061,0.7700
55,21,24,0.7090,0.7736
55,22,23,0.7116,0.7754
55,23,22,0.7137,0.7754
55,24,21,0.7156,0.7736
55,25,20,0.7171,0.7700
55,26,19,0.7184,0.7647
55,27,18,0.7194,0.7577
55,28,17,0.7202,0.7490
55,29,16,0.7209,0.7387
55,30,15,0.7214,0.7268
55,31,14,0.7219,0.7135
55,32,13,0.7223,0.6988
55,33,12,0.7227,0.6829
55,34,11,0.7231,0.6657
55,35,10,0.7235,0.6475
55,36,9,0.7240,0.6284
55,37,8,0.7246,0.6084
55,38,7,0.7253,0.5876
55,39,6,0.7262,0.5663
55,40,5,0.7272,0.5444
55,41,4,0.7283,0.5221
55,42,3,0.7296,0.4996
55,43,2,0.7311,0.4769
55,44,1,0.7328,0.4541
55,45,0,0.7346,0.4314
56,0,44,0.5532,0.4296
56,1,43,0.5649,0.4521
56,2,42,0.5764,0.4745
56,3,41,0.5876,0.4969
56,4,40,0.5985,0.5191
56,5,39,0.6090,0.5409
56,6,38,0.6191,0.5623
56,7,37,0.6288,0.5832
56,8,36,0.6380,0.6034
56,9,35,0.6467,0.6228
56,10,34,0.6549,0.6414
56,11,33,0.6626,0.6590
56,12,32,0.6698,0.6754
56,13,31,0.6764,0.6906
56,14,30,0.6825,0.7046
56,15,29,0.6881,0.7171
56,16,28,0.6931,0.7281
56,17,27,0.6977,0.7376
56,18,26,0.7018,0.7455
56,19,25,0.7054,0.7516
56,20,24,0.7085,0.7561
56,21,23,0.7113,0.7587
56,22,22,0.7137,0.7596
56,23,21,0.7157,0.7587
56,24,20,0.7174,0.7561
56,25,19,0.7188,0.7516
56,26,18,0.7200,0.7455
56,27,17,0.7210,0.7376
56,28,16,0.7217,0.7281
56,29,15,0.7224,0.7171
56,30,14,0.7230,0.7046
56,31,13,0.7234,0.6906
56,32,12,0.7239,0.6754
56,33,11,0.7243,0.6590
56,34,10,0.7248,0.6414
56,35,9,0.7254,0.6228
56,36,8,0.7260,0.6034
56,37,7,0.7267,0.5832
56,38,6,0.7275,0.5623
56,39,5,0.7285,0.5409
56,40,4,0.7297,0.5191
56,41,3,0.7310,0.4969
56,42,2,0.7324,0.4745
56,43,1,0.7341,0.4521
56,44,0,0.7359,0.4296
57,0,43,0.5601,0.4277
57,1,42,0.5718,0.4498
57,2,41,0.5832,0.4719
57,3,40,0.5942,0.4939
57,4,39,0.6049,0.5157
57,5,38,0.6152,0.5371
57,6,37,0.6251,0.5580
57,7,36,0.6345,0.5784
57,8,35,0.6434,0.5981
57,9,34,0.6518,0.6169
57,10,33,0.6598,0.6349
57,11,32,0.6672,0.6518
57,12,31,0.6740,0.6675
57,13,30,0.6804,0.6820
57,14,29,0.6862,0.6952
57,15,28,0.6915,0.7069
57,16,27,0.6962,0.7172
57,17,26,0.7005,0.7258
57,18,25,0.7044,0.7328
57,19,24,0.7077,0.7381
57,20,23,0.7107,0.7416
57,21,22,0.7133,0.7434
57,22,21,0.7155,0.7434
57,23,20,0.7173,0.7416
57,24,19,0.7189,0.7381
57,25,18,0.7202,0.7328
57,26,17,0.7213,0.7258
57,27,16,0.7222,0.7172
57,28,15,0.7230,0.7069
57,29,14,0.7236,0.6952
57,30,13,0.7242,0.6820
57,31,12,0.7247,0.6675
57,32,11,0.7252,0.6518
57,33,10,0.7257,0.6349
57,34,9,0.7263,0.6169
57,35,8,0.7269,0.5981
57,36,7,0.7276,0.5784
57,37,6,0.7285,0.5580
57,38,5,0.7294,0.5371
57,39,4,0.7306,0.5157
57,40,3,0.7318,0.4939
57,41,2,0.7333,0.4719
57,42,1,0.7349,0.4498
57,43,0,0.7368,0.4277
58,0,42,0.5673,0.4255
58,1,41,0.5789,0.4473
58,2,40,0.5901,0.4691
58,3,39,0.6009,0.4907
58,4,38,0.6114,0.5120
58,5,37,0.6214,0.5330
58,6,36,0.6310,0.5535
58,7,35,0.6401,0.5733
58,8,34,0.6487,0.5924
58,9,33,0.6569,0.6107
58,10,32,0.6644,0.6280
58,11,31,0.6715,0.6442
58,12,30,0.6781,0.6593
58,13,29,0.6841,0.6731
58,14,28,0.6896,0.6854
58,15,27,0.6945,0.6964
58,16,26,0.6990,0.7058
58,17,25,0.7031,0.7135
58,18,24,0.7066,0.7196
58,19,23,0.7098,0.7240
58,20,22,0.7125,0.7267
58,21,21,0.7148,0.7276
58,22,20,0.7169,0.7267
58,23,19,0.7186,0.7240
58,24,18,0.7200,0.7196
58,25,17,0.7212,0.7135
58,26,16,0.7223,0.7058
58,27,15,0.7231,0.6964
58,28,14,0.7238,0.6854
58,29,13,0.7245,0.6731
58,30,12,0.7250,0.6593
58,31,11,0.7256,0.6442
58,32,10,0.7261,0.6280
58,33,9,0.7267,0.6107
58,34,8,0.7274,0.5924
58,35,7,0.7281,0.5733
58,36,6,0.7289,0.5535
58,37,5,0.7299,0.5330
58,38,4,0.7310,0.5120
58,39,3,0.7323,0.4907
58,40,2,0.7337,0.4691
58,41,1,0.7353,0.4473
58,42,0,0.7371,0.4255
59,0,41,0.5748,0.4230
59,1,40,0.5861,0.4446
59,2,39,0.5971,0.4660
59,3,38,0.6076,0.4872
59,4,37,0.6178,0.5081
59,5,36,0.6276,0.5286
59,6,35,0.6368,0.5486
59,7,34,0.6456,0.5679
59,8,33,0.6539,0.5865
59,9,32,0.6616,0.6041
59,10,31,0.6689,0.6208
59,11,30,0.6756,0.6363
59,12,29,0.6818,0.6507
59,13,28,0.6875,0.6637
59,14,27,0.6926,0.6753
59,15,26,0.6973,0.6854
59,16,25,0.7015,0.6940
59,17,24,0.7052,0.7009
59,18,23,0.7085,0.7061
59,19,22,0.7114,0.7096
59,20,21,0.7139,0.7114
59,21,20,0.7161,0.7114
59,22,19,0.7179,0.7096
59,23,18,0.7195,0.7061
59,24,17,0.7208,0.7009
59,25,16,0.7219,0.6940
59,26,15,0.7228,0.6854
59,27,14,0.7236,0.6753
59,28,13,0.7243,0.6637
59,29,12,0.7249,0.6507
59,30,11,0.7255,0.6363
59,31,10,0.7261,0.6208
59,32,9,0.7267,0.6041
59,33,8,0.7274,0.5865
59,34,7,0.7281,0.5679
59,35,6,0.7289,0.5486
59,36,5,0.7299,0.5286
59,37,4,0.7310,0.5081
59,38,3,0.7322,0.4872
59,39,2,0.7336,0.4660
59,40,1,0.7352,0.4446
59,41,0,0.7370,0.4230
60,0,40,0.5823,0.4205
60,1,39,0.5934,0.4416
60,2,38,0.6041,0.4627
60,3,37,0.6143,0.4835
60,4,36,0.6242,0.5040
60,5,35,0.6336,0.5241
60,6,34,0.6425,0.5435
60,7,33,0.6509,0.5623
60,8,32,0.6588,0.5803
60,9,31,0.6662,0.5973
60,10,30,0.6730,0.6133
60,11,29,0.6794,0.6282
60,12,28,0.6852,0.6418
60,13,27,0.6905,0.6540
60,14,26,0.6953,0.6648
60,15,25,0.6996,0.6741
60,16,24,0.7035,0.6818
60,17,23,0.7069,0.6878
60,18,22,0.7100,0.6922
60,19,21,0.7126,0.6948
60,20,20,0.7149,0.6957
60,21,19,0.7169,0.6948
60,22,18,0.7185,0.6922
60,23,17,0.7199,0.6878
60,24,16,0.7211,0.6818
60,25,15,0.7221,0.6741
60,26,14,0.7230,0.6648
60,27,13,0.7237,0.6540
60,28,12,0.7244,0.6418
60,29,11,0.7250,0.6282
60,30,10,0.7256,0.6133
60,31,9,0.7262,0.5973
60,32,8,0.7269,0.5803
60,33,7,0.7276,0.5623
60,34,6,0.7285,0.5435
60,35,5,0.7294,0.5241
60,36,4,0.7305,0.5040
60,37,3,0.7317,0.4835
60,38,2,0.7331,0.4627
60,39,1,0.7347,0.4416
60,40,0,0.7364,0.4205
61,0,39,0.5898,0.4177
61,1,38,0.6006,0.4385
61,2,37,0.6110,0.4592
61,3,36,0.6209,0.4797
61,4,35,0.6304,0.4997
61,5,34,0.6394,0.5193
61,6,33,0.6479,0.5382
61,7,32,0.6559,0.5564
61,8,31,0.6634,0.5738
61,9,30,0.6704,0.5902
61,10,29,0.6768,0.6055
61,11,28,0.6827,0.6197
61,12,27,0.6882,0.6325
61,13,26,0.6931,0.6440
61,14,25,0.6976,0.6540
61,15,24,0.7016,0.6625
61,16,23,0.7051,0.6693
61,17,22,0.7082,0.6745
61,18,21,0.7110,0.6780
61,19,20,0.7134,0.6797
61,20,19,0.7154,0.6797
61,21,18,0.7172,0.6780
61,22,17,0.7187,0.6745
61,23,16,0.7200,0.6693
61,24,15,0.7210,0.6625
61,25,14,0.7219,0.6540
61,26,13,0.7227,0.6440
61,27,12,0.7234,0.6325
61,28,11,0.7241,0.6197
61,29,10,0.7247,0.6055
61,30,9,0.7253,0.5902
61,31,8,0.7260,0.5738
61,32,7,0.7267,0.5564
61,33,6,0.7275,0.5382
61,34,5,0.7284,0.5193
61,35,4,0.7295,0.4997
61,36,3,0.7307,0.4797
61,37,2,0.7320,0.4592
61,38,1,0.7336,0.4385
61,39,0,0.7353,0.4177
62,0,38,0.5973,0.4148
62,1,37,0.6078,0.4353
62,2,36,0.6177,0.4556
62,3,35,0.6273,0.4756
62,4,34,0.6363,0.4952
62,5,33,0.6449,0.5143
62,6,32,0.6530,0.5327
62,7,31,0.6606,0.5504
62,8,30,0.6676,0.5671
62,9,29,0.6741,0.5829
62,10,28,0.6802,0.5975
62,11,27,0.6857,0.6109
62,12,26,0.6907,0.6230
62,13,25,0.6953,0.6337
62,14,24,0.6994,0.6429
62,15,23,0.7030,0.6505
62,16,22,0.7062,0.6565
62,17,21,0.7091,0.6608
62,18,20,0.7115,0.6634
62,19,19,0.7137,0.6643
62,20,18,0.7155,0.6634
62,21,17,0.7171,0.6608
62,22,16,0.7184,0.6565
62,23,15,0.7195,0.6505
62,24,14,0.7205,0.6429
62,25,13,0.7213,0.6337
62,26,12,0.7220,0.6230
62,27,11,0.7227,0.6109
62,28,10,0.7233,0.5975
62,29,9,0.7239,0.5829
62,30,8,0.7246,0.5671
62,31,7,0.7253,0.5504
62,32,6,0.7261,0.5327
62,33,5,0.7270,0.5143
62,34,4,0.7280,0.4952
62,35,3,0.7291,0.4756
62,36,2,0.7304,0.4556
62,37,1,0.7319,0.4353
62,38,0,0.7336,0.4148
63,0,37,0.6047,0.4119
63,1,36,0.6147,0.4320
63,2,35,0.6243,0.4519
63,3,34,0.6334,0.4715
63,4,33,0.6420,0.4906
63,5,32,0.6501,0.5091
63,6,31,0.6577,0.5270
63,7,30,0.6648,0.5441
63,8,29,0.6714,0.5602
63,9,28,0.6775,0.5753
63,10,27,0.6831,0.5892
63,11,26,0.6882,0.6019
63,12,25,0.6928,0.6132
63,13,24,0.6969,0.6231
63,14,23,0.7007,0.6315
63,15,22,0.7040,0.6382
63,16,21,0.7069,0.6433
63,17,20,0.7094,0.6468
63,18,19,0.7116,0.6485
63,19,18,0.7135,0.6485
63,20,17,0.7151,0.6468
63,21,16,0.7165,0.6433
63,22,15,0.7176,0.6382
63,23,14,0.7186,0.6315
63,24,13,0.7194,0.6231
63,25,12,0.7202,0.6132
63,26,11,0.7208,0.6019
63,27,10,0.7215,0.5892
63,28,9,0.7221,0.5753
63,29,8,0.7227,0.5602
63,30,7,0.7234,0.5441
63,31,6,0.7241,0.5270
63,32,5,0.7250,0.5091
63,33,4,0.7260,0.4906
63,34,3,0.7271,0.4715
63,35,2,0.7284,0.4519
63,36,1,0.7298,0.4320
63,37,0,0.7314,0.4119
64,0,36,0.6118,0.4088
64,1,35,0.6214,0.4285
64,2,34,0.6305,0.4480
64,3,33,0.6391,0.4672
64,4,32,0.6472,0.4858
64,5,31,0.6548,0.5038
64,6,30,0.6620,0.5211
64,7,29,0.6686,0.5376
64,8,28,0.6747,0.5531
64,9,27,0.6803,0.5675
64,10,26,0.6855,0.5807
64,11,25,0.6901,0.5926
64,12,24,0.6943,0.6032
64,13,23,0.6981,0.6122
64,14,22,0.7014,0.6197
64,15,21,0.7044,0.6257
64,16,20,0.7070,0.6299
64,17,19,0.7092,0.6325
64,18,18,0.7111,0.6334
64,19,17,0.7128,0.6325
64,20,16,0.7142,0.6299
64,21,15,0.7153,0.6257
64,22,14,0.7163,0.6197
64,23,13,0.7172,0.6122
64,24,12,0.7179,0.6032
64,25,11,0.7186,0.5926
64,26,10,0.7192,0.5807
64,27,9,0.7198,0.5675
64,28,8,0.7204,0.5531
64,29,7,0.7210,0.5376
64,30,6,0.7217,0.5211
64,31,5,0.7226,0.5038
64,32,4,0.7235,0.4858
64,33,3,0.7245,0.4672
64,34,2,0.7258,0.4480
64,35,1,0.7271,0.4285
64,36,0,0.7287,0.4088
65,0,35,0.6186,0.4056
65,1,34,0.6277,0.4250
65,2,33,0.6363,0.4441
65,3,32,0.6444,0.4627
65,4,31,0.6520,0.4809
65,5,30,0.6591,0.4984
65,6,29,0.6657,0.5151
65,7,28,0.6719,0.5309
65,8,27,0.6775,0.5458
65,9,26,0.6826,0.5595
65,10,25,0.6873,0.5719
65,11,24,0.6915,0.5831
65,12,23,0.6953,0.5928
65,13,22,0.6987,0.6011
65,14,21,0.7017,0.6078
65,15,20,0.7043,0.6128
65,16,19,0.7065,0.6162
65,17,18,0.7084,0.6179
65,18,17,0.7101,0.6179
65,19,16,0.7115,0.6162
65,20,15,0.7127,0.6128
65,21,14,0.7137,0.6078
65,22,13,0.7145,0.6011
65,23,12,0.7153,0.5928
65,24,11,0.7159,0.5831
65,25,10,0.7165,0.5719
65,26,9,0.7171,0.5595
65,27,8,0.7176,0.5458
65,28,7,0.7182,0.5309
65,29,6,0.7189,0.5151
65,30,5,0.7196,0.4984
65,31,4,0.7205,0.4809
65,32,3,0.7215,0.4627
65,33,2,0.7227,0.4441
65,34,1,0.7240,0.4250
65,35,0,0.7255,0.4056
66,0,34,0.6251,0.4024
66,1,33,0.6336,0.4214
66,2,32,0.6416,0.4400
66,3,31,0.6492,0.4582
66,4,30,0.6563,0.4758
66,5,29,0.6629,0.4928
66,6,28,0.6690,0.5089
66,7,27,0.6746,0.5241
66,8,26,0.6797,0.5382
66,9,25,0.6844,0.5512
66,10,24,0.6886,0.5629
66,11,23,0.6924,0.5733
66,12,22,0.6957,0.5822
66,13,21,0.6987,0.5897
66,14,20,0.7013,0.5955
66,15,19,0.7036,0.5997
66,16,18,0.7055,0.6022
66,17,17,0.7071,0.6031
66,18,16,0.7085,0.6022
66,19,15,0.7097,0.5997
66,20,14,0.7107,0.5955
66,21,13,0.7115,0.5897
66,22,12,0.7122,0.5822
66,23,11,0.7128,0.5733
66,24,10,0.7134,0.5629
66,25,9,0.7139,0.5512
66,26,8,0.7144,0.5382
66,27,7,0.7150,0.5241
66,28,6,0.7156,0.5089
66,29,5,0.7163,0.4928
66,30,4,0.7171,0.4758
66,31,3,0.7180,0.4582
66,32,2,0.7191,0.4400
66,33,1,0.7203,0.4214
66,34,0,0.7217,0.4024
67,0,33,0.6310,0.3991
67,1,32,0.6390,0.4176
67,2,31,0.6465,0.4358
67,3,30,0.6535,0.4535
67,4,29,0.6600,0.4706
67,5,28,0.6661,0.4870
67,6,27,0.6716,0.5025
67,7,26,0.6767,0.5170
67,8,25,0.6813,0.5305
67,9,24,0.6855,0.5427
67,10,23,0.6893,0.5537
67,11,22,0.6926,0.5633
67,12,21,0.6955,0.5714
67,13,20,0.6981,0.5780
67,14,19,0.7004,0.5829
67,15,18,0.7023,0.5863
67,16,17,0.7039,0.5880
67,17,16,0.7053,0.5880
67,18,15,0.7064,0.5863
67,19,14,0.7074,0.5829
67,20,13,0.7082,0.5780
67,21,12,0.7089,0.5714
67,22,11,0.7094,0.5633
67,23,10,0.7099,0.5537
67,24,9,0.7104,0.5427
67,25,8,0.7108,0.5305
67,26,7,0.7113,0.5170
67,27,6,0.7118,0.5025
67,28,5,0.7125,0.4870
67,29,4,0.7132,0.4706
67,30,3,0.7140,0.4535
67,31,2,0.7150,0.4358
67,32,1,0.7162,0.4176
67,33,0,0.7175,0.3991
68,0,32,0.6364,0.3957
68,1,31,0.6438,0.4138
68,2,30,0.6507,0.4315
68,3,29,0.6572,0.4487
68,4,28,0.6631,0.4653
68,5,27,0.6686,0.4810
68,6,26,0.6736,0.4959
68,7,25,0.6782,0.5097
68,8,24,0.6823,0.5225
68,9,23,0.6860,0.5340
68,10,22,0.6893,0.5442
68,11,21,0.6922,0.5529
68,12,20,0.6948,0.5602
68,13,19,0.6970,0.5660
68,14,18,0.6988,0.5701
68,15,17,0.7004,0.5726
68,16,16,0.7018,0.5734
68,17,15,0.7029,0.5726
68,18,14,0.7038,0.5701
68,19,13,0.7045,0.5660
68,20,12,0.7051,0.5602
68,21,11,0.7056,0.5529
68,22,10,0.7061,0.5442
68,23,9,0.7065,0.5340
68,24,8,0.7069,0.5225
68,25,7,0.7073,0.5097
68,26,6,0.7077,0.4959
68,27,5,0.7082,0.4810
68,28,4,0.7088,0.4653
68,29,3,0.7096,0.4487
68,30,2,0.7105,0.4315
68,31,1,0.7115,0.4138
68,32,0,0.7128,0.3957
69,0,31,0.6412,0.3922
69,1,30,0.6480,0.4099
69,2,29,0.6544,0.4271
69,3,28,0.6602,0.4438
69,4,27,0.6656,0.4597
69,5,26,0.6705,0.4749
69,6,25,0.6750,0.4891
69,7,24,0.6791,0.5022
69,8,23,0.6827,0.5142
69,9,22,0.6859,0.5250
69,10,21,0.6887,0.5344
69,11,20,0.6912,0.5423
69,12,19,0.6934,0.5488
69,13,18,0.6952,0.5537
69,14,17,0.6967,0.5570
69,15,16,0.6980,0.5586
69,16,15,0.6990,0.5586
69,17,14,0.6999,0.5570
69,18,13,0.7006,0.5537
69,19,12,0.7011,0.5488
69,20,11,0.7016,0.5423
69,21,10,0.7019,0.5344
69,22,9,0.7022,0.5250
69,23,8,0.7025,0.5142
69,24,7,0.7028,0.5022
69,25,6,0.7032,0.4891
69,26,5,0.7036,0.4749
69,27,4,0.7041,0.4597
69,28,3,0.7048,0.4438
69,29,2,0.7055,0.4271
69,30,1,0.7065,0.4099
69,31,0,0.7076,0.3922
70,0,30,0.6454,0.3886
70,1,29,0.6516,0.4058
70,2,28,0.6573,0.4225
70,3,27,0.6626,0.4386
70,4,26,0.6674,0.4540
70,5,25,0.6718,0.4685
70,6,24,0.6757,0.4820
70,7,23,0.6793,0.4945
70,8,22,0.6824,0.5057
70,9,21,0.6851,0.5157
70,10,20,0.6875,0.5243
70,11,19,0.6896,0.5314
70,12,18,0.6913,0.5371
70,13,17,0.6928,0.5411
70,14,16,0.6940,0.5436
70,15,15,0.6950,0.5444
70,16,14,0.6958,0.5436
70,17,13,0.6964,0.5411
70,18,12,0.6968,0.5371
70,19,11,0.6972,0.5314
70,20,10,0.6974,0.5243
70,21,9,0.6977,0.5157
70,22,8,0.6979,0.5057
70,23,7,0.6981,0.4945
70,24,6,0.6983,0.4820
70,25,5,0.6986,0.4685
70,26,4,0.6990,0.4540
70,27,3,0.6995,0.4386
70,28,2,0.7002,0.4225
70,29,1,0.7010,0.4058
70,30,0,0.7020,0.3886
71,0,29,0.6489,0.3849
71,1,28,0.6545,0.4016
71,2,27,0.6596,0.4178
71,3,26,0.6643,0.4333
71,4,25,0.6685,0.4480
71,5,24,0.6724,0.4619
71,6,23,0.6758,0.4747
71,7,22,0.6788,0.4865
71,8,21,0.6814,0.4970
71,9,20,0.6837,0.5061
71,10,19,0.6857,0.5139
71,11,18,0.6874,0.5202
71,12,17,0.6887,0.5250
71,13,16,0.6899,0.5282
71,14,15,0.6907,0.5298
71,15,14,0.6914,0.5298
71,16,13,0.6919,0.5282
71,17,12,0.6923,0.5250
71,18,11,0.6926,0.5202
71,19,10,0.6927,0.5139
71,20,9,0.6928,0.5061
71,21,8,0.6929,0.4970
71,22,7,0.6930,0.4865
71,23,6,0.6931,0.4747
71,24,5,0.6933,0.4619
71,25,4,0.6936,0.4480
71,26,3,0.6940,0.4333
71,27,2,0.6945,0.4178
71,28,1,0.6952,0.4016
71,29,0,0.6960,0.3849
72,0,28,0.6517,0.3810
72,1,27,0.6566,0.3972
72,2,26,0.6612,0.4128
72,3,25,0.6653,0.4278
72,4,24,0.6689,0.4419
72,5,23,0.6722,0.4550
72,6,22,0.6751,0.4672
72,7,21,0.6777,0.4781
72,8,20,0.6799,0.4879
72,9,19,0.6817,0.4962
72,10,18,0.6833,0.5032
72,11,17,0.6845,0.5087
72,12,16,0.6855,0.5127
72,13,15,0.6863,0.5150
72,14,14,0.6869,0.5158
72,15,13,0.6873,0.5150
72,16,12,0.6876,0.5127
72,17,11,0.6877,0.5087
72,18,10,0.6878,0.5032
72,19,9,0.6878,0.4962
72,20,8,0.6877,0.4879
72,21,7,0.6877,0.4781
72,22,6,0.6877,0.4672
72,23,5,0.6878,0.4550
72,24,4,0.6879,0.4419
72,25,3,0.6881,0.4278
72,26,2,0.6885,0.4128
72,27,1,0.6890,0.3972
72,28,0,0.6897,0.3810
73,0,27,0.6537,0.3770
73,1,26,0.6581,0.3926
73,2,25,0.6620,0.4077
73,3,24,0.6655,0.4220
73,4,23,0.6687,0.4354
73,5,22,0.6714,0.4479
73,6,21,0.6738,0.4593
73,7,20,0.6759,0.4695
73,8,19,0.6776,0.4784
73,9,18,0.6791,0.4860
73,10,17,0.6802,0.4922
73,11,16,0.6811,0.4968
73,12,15,0.6818,0.5000
73,13,14,0.6822,0.5015
73,14,13,0.6825,0.5015
73,15,12,0.6827,0.5000
73,16,11,0.6827,0.4968
73,17,10,0.6826,0.4922
73,18,9,0.6825,0.4860
73,19,8,0.6823,0.4784
73,20,7,0.6822,0.4695
73,21,6,0.6820,0.4593
73,22,5,0.6819,0.4479
73,23,4,0.6819,0.4354
73,24,3,0.6820,0.4220
73,25,2,0.6822,0.4077
73,26,1,0.6825,0.3926
73,27,0,0.6831,0.3770
74,0,26,0.6550,0.3727
74,1,25,0.6588,0.3878
74,2,24,0.6621,0.4023
74,3,23,0.6651,0.4159
74,4,22,0.6677,0.4287
74,5,21,0.6700,0.4404
74,6,20,0.6719,0.4511
74,7,19,0.6735,0.4605
74,8,18,0.6748,0.4687
74,9,17,0.6758,0.4754
74,10,16,0.6766,0.4808
74,11,15,0.6771,0.4846
74,12,14,0.6775,0.4869
74,13,13,0.6776,0.4877
74,14,12,0.6776,0.4869
74,15,11,0.6775,0.4846
74,16,10,0.6773,0.4808
74,17,9,0.6771,0.4754
74,18,8,0.6768,0.4687
74,19,7,0.6764,0.4605
74,20,6,0.6761,0.4511
74,21,5,0.6759,0.4404
74,22,4,0.6757,0.4287
74,23,3,0.6756,0.4159
74,24,2,0.6757,0.4023
74,25,1,0.6758,0.3878
74,26,0,0.6762,0.3727
75,0,25,0.6556,0.3682
75,1,24,0.6588,0.3827
75,2,23,0.6616,0.3966
75,3,22,0.6640,0.4096
75,4,21,0.6661,0.4216
75,5,20,0.6679,0.4326
75,6,19,0.6693,0.4425
75,7,18,0.6705,0.4512
75,8,17,0.6713,0.4585
75,9,16,0.6720,0.4645
75,10,15,0.6724,0.4690
75,11,14,0.6726,0.4721
75,12,13,0.6726,0.4736
75,13,12,0.6725,0.4736
75,14,11,0.6722,0.4721
75,15,10,0.6719,0.4690
75,16,9,0.6715,0.4645
75,17,8,0.6710,0.4585
75,18,7,0.6706,0.4512
75,19,6,0.6701,0.4425
75,20,5,0.6697,0.4326
75,21,4,0.6693,0.4216
75,22,3,0.6691,0.4096
75,23,2,0.6689,0.3966
75,24,1,0.6689,0.3827
75,25,0,0.6691,0.3682
76,0,24,0.6554,0.3635
76,1,23,0.6580,0.3774
76,2,22,0.6603,0.3905
76,3,21,0.6622,0.4029
76,4,20,0.6638,0.4142
76,5,19,0.6651,0.4245
76,6,18,0.6661,0.4336
76,7,17,0.6669,0.4415
76,8,16,0.6673,0.4480
76,9,15,0.6676,0.4532
76,10,14,0.6677,0.4569
76,11,13,0.6675,0.4591
76,12,12,0.6673,0.4599
76,13,11,0.6669,0.4591
76,14,10,0.6664,0.4569
76,15,9,0.6658,0.4532
76,16,8,0.6652,0.4480
76,17,7,0.6646,0.4415
76,18,6,0.6640,0.4336
76,19,5,0.6634,0.4245
76,20,4,0.6628,0.4142
76,21,3,0.6624,0.4029
76,22,2,0.6621,0.3905
76,23,1,0.6619,0.3774
76,24,0,0.6618,0.3635
77,0,23,0.6546,0.3584
77,1,22,0.6566,0.3717
77,2,21,0.6584,0.3842
77,3,20,0.6598,0.3958
77,4,19,0.6609,0.4064
77,5,18,0.6618,0.4160
77,6,17,0.6624,0.4243
77,7,16,0.6627,0.4314
77,8,15,0.6628,0.4371
77,9,14,0.6627,0.4415
77,10,13,0.6624,0.4444
77,11,12,0.6620,0.4459
77,12,11,0.6615,0.4459
77,13,10,0.6608,0.4444
77,14,9,0.6601,0.4415
77,15,8,0.6593,0.4371
77,16,7,0.6585,0.4314
77,17,6,0.6577,0.4243
77,18,5,0.6570,0.4160
77,19,4,0.6563,0.4064
77,20,3,0.6556,0.3958
77,21,2,0.6551,0.3842
77,22,1,0.6547,0.3717
77,23,0,0.6544,0.3584
78,0,22,0.6530,0.3531
78,1,21,0.6546,0.3657
78,2,20,0.6558,0.3775
78,3,19,0.6568,0.3884
78,4,18,0.6575,0.3983
78,5,17,0.6579,0.4070
78,6,16,0.6581,0.4146
78,7,15,0.6580,0.4209
78,8,14,0.6578,0.4258
78,9,13,0.6573,0.4294
78,10,12,0.6568,0.4316
78,11,11,0.6561,0.4323
78,12,10,0.6552,0.4316
78,13,9,0.6544,0.4294
78,14,8,0.6534,0.4258
78,15,7,0.6524,0.4209
78,16,6,0.6515,0.4146
78,17,5,0.6505,0.4070
78,18,4,0.6496,0.3983
78,19,3,0.6488,0.3884
78,20,2,0.6480,0.3775
78,21,1,0.6474,0.3657
78,22,0,0.6470,0.3531
79,0,21,0.6508,0.3473
79,1,20,0.6519,0.3593
79,2,19,0.6527,0.3704
79,3,18,0.6532,0.3806
79,4,17,0.6534,0.3897
79,5,16,0.6535,0.3977
79,6,15,0.6532,0.4045
79,7,14,0.6528,0.4100
79,8,13,0.6523,0.4142
79,9,12,0.6515,0.4170
79,10,11,0.6507,0.4184
79,11,10,0.6497,0.4184
79,12,9,0.6486,0.4170
79,13,8,0.6475,0.4142
79,14,7,0.6464,0.4100
79,15,6,0.6452,0.4045
79,16,5,0.6441,0.3977
79,17,4,0.6430,0.3897
79,18,3,0.6419,0.3806
79,19,2,0.6410,0.3704
79,20,1,0.6401,0.3593
79,21,0,0.6395,0.3473
80,0,20,0.6481,0.3412
80,1,19,0.6487,0.3525
80,2,18,0.6490,0.3629
80,3,17,0.6491,0.3723
80,4,16,0.6489,0.3807
80,5,15,0.6485,0.3879
80,6,14,0.6480,0.3939
80,7,13,0.6472,0.3987
80,8,12,0.6463,0.4021
80,9,11,0.6453,0.4042
80,10,10,0.6441,0.4049
80,11,9,0.6429,0.4042
80,12,8,0.6416,0.4021
80,13,7,0.6403,0.3987
80,14,6,0.6390,0.3939
80,15,5,0.6376,0.3879
80,16,4,0.6363,0.3807
80,17,3,0.6351,0.3723
80,18,2,0.6339,0.3629
80,19,1,0.6329,0.3525
80,20,0,0.6320,0.3412
81,0,19,0.6447,0.3347
81,1,18,0.6449,0.3453
81,2,17,0.6448,0.3550
81,3,16,0.6444,0.3637
81,4,15,0.6439,0.3713
81,5,14,0.6432,0.3777
81,6,13,0.6423,0.3830
81,7,12,0.6412,0.3870
81,8,11,0.6400,0.3897
81,9,10,0.6387,0.3910
81,10,9,0.6373,0.3910
81,11,8,0.6358,0.3897
81,12,7,0.6343,0.3870
81,13,6,0.6328,0.3830
81,14,5,0.6313,0.3777
81,15,4,0.6298,0.3713
81,16,3,0.6283,0.3637
81,17,2,0.6269,0.3550
81,18,1,0.6257,0.3453
81,19,0,0.6245,0.3347
82,0,18,0.6408,0.3278
82,1,17,0.6406,0.3377
82,2,16,0.6401,0.3466
82,3,15,0.6394,0.3546
82,4,14,0.6385,0.3614
82,5,13,0.6374,0.3672
82,6,12,0.6362,0.3717
82,7,11,0.6348,0.3749
82,8,10,0.6333,0.3769
82,9,9,0.6317,0.3775
82,10,8,0.6301,0.3769
82,11,7,0.6284,0.3749
82,12,6,0.6267,0.3717
82,13,5,0.6250,0.3672
82,14,4,0.6233,0.3614
82,15,3,0.6216,0.3546
82,16,2,0.6200,0.3466
82,17,1,0.6186,0.3377
82,18,0,0.6172,0.3278
83,0,17,0.6365,0.3205
83,1,16,0.6358,0.3296
83,2,15,0.6349,0.3379
83,3,14,0.6339,0.3451
83,4,13,0.6326,0.3512
83,5,12,0.6312,0.3562
83,6,11,0.6297,0.3599
83,7,10,0.6281,0.3625
83,8,9,0.6263,0.3638
83,9,8,0.6245,0.3638
83,10,7,0.6226,0.3625
83,11,6,0.6207,0.3599
83,12,5,0.6188,0.3562
83,13,4,0.6169,0.3512
83,14,3,0.6151,0.3451
83,15,2,0.6133,0.3379
83,16,1,0.6116,0.3296
83,17,0,0.6099,0.3205
84,0,16,0.6317,0.3128
84,1,15,0.6306,0.3212
84,2,14,0.6294,0.3287
84,3,13,0.6280,0.3351
84,4,12,0.6265,0.3405
84,5,11,0.6248,0.3448
84,6,10,0.6230,0.3479
84,7,9,0.6210,0.3497
84,8,8,0.6190,0.3503
84,9,7,0.6170,0.3497
84,10,6,0.6149,0.3479
84,11,5,0.6128,0.3448
84,12,4,0.6107,0.3405
84,13,3,0.6086,0.3351
84,14,2,0.6066,0.3287
84,15,1,0.6047,0.3212
84,16,0,0.6029,0.3128
85,0,15,0.6265,0.3046
85,1,14,0.6251,0.3123
85,2,13,0.6235,0.3191
85,3,12,0.6218,0.3248
85,4,11,0.6200,0.3295
85,5,10,0.6180,0.3331
85,6,9,0.6159,0.3354
85,7,8,0.6138,0.3366
85,8,7,0.6115,0.3366
85,9,6,0.6093,0.3354
85,10,5,0.6070,0.3331
85,11,4,0.6047,0.3295
85,12,3,0.6024,0.3248
85,13,2,0.6002,0.3191
85,14,1,0.5980,0.3123
85,15,0,0.5960,0.3046
86,0,14,0.6209,0.2960
86,1,13,0.6192,0.3030
86,2,12,0.6174,0.3091
86,3,11,0.6154,0.3141
86,4,10,0.6132,0.3181
86,5,9,0.6110,0.3210
86,6,8,0.6086,0.3227
86,7,7,0.6062,0.3233
86,8,6,0.6038,0.3227
86,9,5,0.6013,0.3210
86,10,4,0.5988,0.3181
86,11,3,0.5964,0.3141
86,12,2,0.5939,0.3091
86,13,1,0.5916,0.3030
86,14,0,0.5893,0.2960
87,0,13,0.6151,0.2870
87,1,12,0.6131,0.2933
87,2,11,0.6109,0.2987
87,3,10,0.6086,0.3031
87,4,9,0.6062,0.3064
87,5,8,0.6037,0.3086
87,6,7,0.6012,0.3097
87,7,6,0.5985,0.3097
87,8,5,0.5959,0.3086
87,9,4,0.5932,0.3064
87,10,3,0.5905,0.3031
87,11,2,0.5879,0.2987
87,12,1,0.5853,0.2933
87,13,0,0.5828,0.2870
88,0,12,0.6090,0.2777
88,1,11,0.6067,0.2833
88,2,10,0.6042,0.2880
88,3,9,0.6017,0.2917
88,4,8,0.5990,0.2944
88,5,7,0.5963,0.2960
88,6,6,0.5935,0.2965
88,7,5,0.5907,0.2960
88,8,4,0.5878,0.2944
88,9,3,0.5850,0.2917
88,10,2,0.5821,0.2880
88,11,1,0.5793,0.2833
88,12,0,0.5766,0.2777
89,0,11,0.6026,0.2680
89,1,10,0.6001,0.2730
89,2,9,0.5973,0.2770
89,3,8,0.5945,0.2801
89,4,7,0.5916,0.2821
89,5,6,0.5887,0.2832
89,6,5,0.5857,0.2832
89,7,4,0.5827,0.2821
89,8,3,0.5796,0.2801
89,9,2,0.5766,0.2770
89,10,1,0.5736,0.2730
89,11,0,0.5707,0.2680
90,0,10,0.5961,0.2580
90,1,9,0.5932,0.2623
90,2,8,0.5903,0.2657
90,3,7,0.5873,0.2682
90,4,6,0.5841,0.2697
90,5,5,0.5810,0.2702
90,6,4,0.5778,0.2697
90,7,3,0.5745,0.2682
90,8,2,0.5713,0.2657
90,9,1,0.5681,0.2623
90,10,0,0.5650,0.2580
91,0,9,0.5894,0.2477
91,1,8,0.5863,0.2514
91,2,7,0.5831,0.2542
91,3,6,0.5798,0.2561
91,4,5,0.5765,0.2571
91,5,4,0.5731,0.2571
91,6,3,0.5698,0.2561
91,7,2,0.5664,0.2542
91,8,1,0.5630,0.2514
91,9,0,0.5596,0.2477
92,0,8,0.5825,0.2372
92,1,7,0.5792,0.2403
92,2,6,0.5758,0.2425
92,3,5,0.5723,0.2439
92,4,4,0.5688,0.2443
92,5,3,0.5652,0.2439
92,6,2,0.5617,0.2425
92,7,1,0.5581,0.2403
92,8,0,0.5546,0.2372
93,0,7,0.5756,0.2264
93,1,6,0.5720,0.2290
93,2,5,0.5684,0.2307
93,3,4,0.5647,0.2316
93,4,3,0.5610,0.2316
93,5,2,0.5573,0.2307
93,6,1,0.5535,0.2290
93,7,0,0.5498,0.2264
94,0,6,0.5686,0.2156
94,1,5,0.5648,0.2176
94,2,4,0.5610,0.2189
94,3,3,0.5571,0.2193
94,4,2,0.5532,0.2189
94,5,1,0.5493,0.2176
94,6,0,0.5454,0.2156
95,0,5,0.5615,0.2046
95,1,4,0.5575,0.2062
95,2,3,0.5535,0.2070
95,3,2,0.5494,0.2070
95,4,1,0.5454,0.2062
95,5,0,0.5413,0.2046
96,0,4,0.5543,0.1937
96,1,3,0.5502,0.1948
96,2,2,0.5460,0.1951
96,3,1,0.5417,0.1948
96,4,0,0.5375,0.1937
97,0,3,0.5471,0.1827
97,1,2,0.5428,0.1834
97,2,1,0.5384,0.1834
97,3,0,0.5340,0.1827
98,0,2,0.5400,0.1718
98,1,1,0.5355,0.1721
98,2,0,0.5309,0.1718
99,0,1,0.5328,0.1610
99,1,0,0.5281,0.1610
100,0,0,0.5256,0.1504
