DQ_pct_X,TBZ_pct_Y,THI_pct_Z,correct_fraction_mlp_Z2,data_density_alpha
0,0,100,0.6620,0.0584
0,1,99,0.6717,0.0649
0,2,98,0.6813,0.0719
0,3,97,0.6908,0.0792
0,4,96,0.7001,0.0870
0,5,95,0.7093,0.0953
0,6,94,0.7183,0.1039
0,7,93,0.7272,0.1129
0,8,92,0.7358,0.1223
0,9,91,0.7442,0.1319
0,10,90,0.7523,0.1419
0,11,89,0.7601,0.1521
0,12,88,0.7677,0.1624
0,13,87,0.7748,0.1730
0,14,86,0.7816,0.1837
0,15,85,0.7880,0.1944
0,16,84,0.7939,0.2051
0,17,83,0.7994,0.2158
0,18,82,0.8043,0.2264
0,19,81,0.8088,0.2370
0,20,80,0.8127,0.2473
0,21,79,0.8161,0.2575
0,22,78,0.8189,0.2674
0,23,77,0.8211,0.2770
0,24,76,0.8227,0.2864
0,25,75,0.8236,0.2954
0,26,74,0.8240,0.3041
0,27,73,0.8238,0.3125
0,28,72,0.8230,0.3204
0,29,71,0.8216,0.3280
0,30,70,0.8197,0.3352
0,31,69,0.8172,0.3421
0,32,68,0.8143,0.3485
0,33,67,0.8109,0.3545
0,34,66,0.8072,0.3602
0,35,65,0.8031,0.3655
0,36,64,0.7988,0.3704
0,37,63,0.7943,0.3749
0,38,62,0.7897,0.3791
0,39,61,0.7851,0.3829
0,40,60,0.7804,0.3863
0,41,59,0.7759,0.3895
0,42,58,0.7716,0.3922
0,43,57,0.7675,0.3947
0,44,56,0.7637,0.3968
0,45,55,0.7603,0.3986
0,46,54,0.7573,0.4000
0,47,53,0.7547,0.4012
0,48,52,0.7527,0.4020
0,49,51,0.7512,0.4025
0,50,50,0.7502,0.4026
0,51,49,0.7498,0.4025
0,52,48,0.7499,0.4020
0,53,47,0.7506,0.4012
0,54,46,0.7519,0.4000
0,55,45,0.7536,0.3986
0,56,44,0.7558,0.3968
0,57,43,0.7585,0.3947
0,58,42,0.7616,0.3922
0,59,41,0.7650,0.3895
0,60,40,0.7688,0.3863
0,61,39,0.7728,0.3829
0,62,38,0.7771,0.3791
0,63,37,0.7815,0.3749
0,64,36,0.7861,0.3704
0,65,35,0.7907,0.3655
0,66,34,0.7953,0.3602
0,67,33,0.8000,0.3545
0,68,32,0.8047,0.3485
0,69,31,0.8092,0.3421
0,70,30,0.8137,0.3352
0,71,29,0.8181,0.3280
0,72,28,0.8224,0.3204
0,73,27,0.8266,0.3125
0,74,26,0.8306,0.3041
0,75,25,0.8345,0.2954
0,76,24,0.8382,0.2864
0,77,23,0.8418,0.2770
0,78,22,0.8453,0.2674
0,79,21,0.8486,0.2575
0,80,20,0.8519,0.2473
0,81,19,0.8550,0.2370
0,82,18,0.8580,0.2264
0,83,17,0.8610,0.2158
0,84,16,0.8638,0.2051
0,85,15,0.8666,0.1944
0,86,14,0.8694,0.1837
0,87,13,0.8721,0.1730
0,88,12,0.8747,0.1624
0,89,11,0.8773,0.1521
0,90,10,0.8799,0.1419
0,91,9,0.8824,0.1319
0,92,8,0.8849,0.1223
0,93,7,0.8874,0.1129
0,94,6,0.8899,0.1039
0,95,5,0.8924,0.0953
0,96,4,0.8948,0.0870
0,97,3,0.8973,0.0792
0,98,2,0.8997,0.0719
0,99,1,0.9021,0.0649
0,100,0,0.9045,0.0584
1,0,99,0.6719,0.0649
1,1,98,0.6814,0.0720
1,2,97,0.6908,0.0796
1,3,96,0.7001,0.0876
1,4,95,0.7093,0.0961
1,5,94,0.7183,0.1050
1,6,93,0.7271,0.1144
1,7,92,0.7357,0.1241
1,8,91,0.7441,0.1342
1,9,90,0.7522,0.1446
1,10,89,0.7600,0.1553
1,11,88,0.7676,0.1662
1,12,87,0.7747,0.1773
1,13,86,0.7816,0.1886
1,14,85,0.7880,0.2000
1,15,84,0.7940,0.2114
1,16,83,0.7996,0.2228
1,17,82,0.8047,0.2342
1,18,81,0.8092,0.2455
1,19,80,0.8133,0.2566
1,20,79,0.8168,0.2676
1,21,78,0.8198,0.2783
1,22,77,0.8222,0.2887
1,23,76,0.8240,0.2989
1,24,75,0.8252,0.3087
1,25,74,0.8258,0.3182
1,26,73,0.8259,0.3273
1,27,72,0.8253,0.3361
1,28,71,0.8242,0.3444
1,29,70,0.8225,0.3523
1,30,69,0.8204,0.3598
1,31,68,0.8177,0.3669
1,32,67,0.8146,0.3736
1,33,66,0.8111,0.3799
1,34,65,0.8073,0.3857
1,35,64,0.8032,0.3912
1,36,63,0.7988,0.3962
1,37,62,0.7944,0.4009
1,38,61,0.7898,0.4052
1,39,60,0.7853,0.4091
1,40,59,0.7808,0.4126
1,41,58,0.7765,0.4158
1,42,57,0.7724,0.4186
1,43,56,0.7685,0.4210
1,44,55,0.7650,0.4231
1,45,54,0.7618,0.4248
1,46,53,0.7591,0.4262
1,47,52,0.7569,0.4273
1,48,51,0.7551,0.4279
1,49,50,0.7539,0.4283
1,50,49,0.7532,0.4283
1,51,48,0.7531,0.4279
1,52,47,0.7535,0.4273
1,53,46,0.7544,0.4262
1,54,45,0.7558,0.4248
1,55,44,0.7577,0.4231
1,56,43,0.7601,0.4210
1,57,42,0.7628,0.4186
1,58,41,0.7660,0.4158
1,59,40,0.7694,0.4126
1,60,39,0.7732,0.4091
1,61,38,0.7772,0.4052
1,62,37,0.7814,0.4009
1,63,36,0.7857,0.3962
1,64,35,0.7901,0.3912
1,65,34,0.7946,0.3857
1,66,33,0.7991,0.3799
1,67,32,0.8036,0.3736
1,68,31,0.8080,0.3669
1,69,30,0.8124,0.3598
1,70,29,0.8167,0.3523
1,71,28,0.8209,0.3444
1,72,27,0.8249,0.3361
1,73,26,0.8289,0.3273
1,74,25,0.8327,0.3182
1,75,24,0.8364,0.3087
1,76,23,0.8400,0.2989
1,77,22,0.8434,0.2887
1,78,21,0.8467,0.2783
1,79,20,0.8499,0.2676
1,80,19,0.8530,0.2566
1,81,18,0.8561,0.2455
1,82,17,0.8590,0.2342
1,83,16,0.8618,0.2228
1,84,15,0.8646,0.2114
1,85,14,0.8673,0.2000
1,86,13,0.8700,0.1886
1,87,12,0.8726,0.1773
1,88,11,0.8752,0.1662
1,89,10,0.8777,0.1553
1,90,9,0.8803,0.1446
1,91,8,0.8828,0.1342
1,92,7,0.8853,0.1241
1,93,6,0.8877,0.1144
1,94,5,0.8902,0.1050
1,95,4,0.8927,0.0961
1,96,3,0.8951,0.0876
1,97,2,0.8975,0.0796
1,98,1,0.8999,0.0720
1,99,0,0.9024,0.0649
2,0,98,0.6817,0.0719
2,1,97,0.6911,0.0796
2,2,96,0.7003,0.0878
2,3,95,0.7094,0.0965
2,4,94,0.7184,0.1057
2,5,93,0.7272,0.1154
2,6,92,0.7357,0.1254
2,7,91,0.7441,0.1359
2,8,90,0.7522,0.1467
2,9,89,0.7600,0.1579
2,10,88,0.7676,0.1694
2,11,87,0.7748,0.1810
2,12,86,0.7816,0.1929
2,13,85,0.7881,0.2049
2,14,84,0.7942,0.2170
2,15,83,0.7998,0.2292
2,16,82,0.8050,0.2413
2,17,81,0.8097,0.2533
2,18,80,0.8139,0.2652
2,19,79,0.8176,0.2770
2,20,78,0.8207,0.2885
2,21,77,0.8233,0.2998
2,22,76,0.8253,0.3108
2,23,75,0.8267,0.3214
2,24,74,0.8276,0.3317
2,25,73,0.8278,0.3417
2,26,72,0.8275,0.3512
2,27,71,0.8267,0.3603
2,28,70,0.8252,0.3690
2,29,69,0.8233,0.3773
2,30,68,0.8209,0.3851
2,31,67,0.8181,0.3924
2,32,66,0.8148,0.3994
2,33,65,0.8112,0.4058
2,34,64,0.8073,0.4119
2,35,63,0.8032,0.4175
2,36,62,0.7989,0.4227
2,37,61,0.7944,0.4275
2,38,60,0.7900,0.4319
2,39,59,0.7856,0.4359
2,40,58,0.7813,0.4394
2,41,57,0.7772,0.4426
2,42,56,0.7733,0.4454
2,43,55,0.7696,0.4478
2,44,54,0.7664,0.4499
2,45,53,0.7635,0.4515
2,46,52,0.7611,0.4528
2,47,51,0.7591,0.4538
2,48,50,0.7577,0.4543
2,49,49,0.7567,0.4545
2,50,48,0.7563,0.4543
2,51,47,0.7564,0.4538
2,52,46,0.7570,0.4528
2,53,45,0.7582,0.4515
2,54,44,0.7598,0.4499
2,55,43,0.7618,0.4478
2,56,42,0.7643,0.4454
2,57,41,0.7671,0.4426
2,58,40,0.7703,0.4394
2,59,39,0.7738,0.4359
2,60,38,0.7775,0.4319
2,61,37,0.7814,0.4275
2,62,36,0.7855,0.4227
2,63,35,0.7897,0.4175
2,64,34,0.7940,0.4119
2,65,33,0.7983,0.4058
2,66,32,0.8027,0.3994
2,67,31,0.8070,0.3924
2,68,30,0.8112,0.3851
2,69,29,0.8154,0.3773
2,70,28,0.8195,0.3690
2,71,27,0.8235,0.3603
2,72,26,0.8274,0.3512
2,73,25,0.8311,0.3417
2,74,24,0.8347,0.3317
2,75,23,0.8383,0.3214
2,76,22,0.8417,0.3108
2,77,21,0.8449,0.2998
2,78,20,0.8481,0.2885
2,79,19,0.8512,0.2770
2,80,18,0.8542,0.2652
2,81,17,0.8571,0.2533
2,82,16,0.8599,0.2413
2,83,15,0.8626,0.2292
2,84,14,0.8653,0.2170
2,85,13,0.8680,0.2049
2,86,12,0.8706,0.1929
2,87,11,0.8731,0.1810
2,88,10,0.8757,0.1694
2,89,9,0.8782,0.1579
2,90,8,0.8807,0.1467
2,91,7,0.8832,0.1359
2,92,6,0.8856,0.1254
2,93,5,0.8881,0.1154
2,94,4,0.8905,0.1057
2,95,3,0.8930,0.0965
2,96,2,0.8954,0.0878
2,97,1,0.8978,0.0796
2,98,0,0.9002,0.0719
3,0,97,0.6915,0.0792
3,1,96,0.7007,0.0876
3,2,95,0.7097,0.0965
3,3,94,0.7186,0.1059
3,4,93,0.7274,0.1159
3,5,92,0.7359,0.1262
3,6,91,0.7442,0.1371
3,7,90,0.7523,0.1483
3,8,89,0.7601,0.1599
3,9,88,0.7677,0.1718
3,10,87,0.7749,0.1841
3,11,86,0.7818,0.1965
3,12,85,0.7883,0.2091
3,13,84,0.7944,0.2219
3,14,83,0.8001,0.2347
3,15,82,0.8054,0.2476
3,16,81,0.8102,0.2604
3,17,80,0.8145,0.2731
3,18,79,0.8183,0.2856
3,19,78,0.8216,0.2980
3,20,77,0.8243,0.3101
3,21,76,0.8265,0.3219
3,22,75,0.8281,0.3335
3,23,74,0.8292,0.3446
3,24,73,0.8297,0.3554
3,25,72,0.8296,0.3657
3,26,71,0.8290,0.3757
3,27,70,0.8278,0.3852
3,28,69,0.8261,0.3942
3,29,68,0.8240,0.4028
3,30,67,0.8213,0.4109
3,31,66,0.8183,0.4185
3,32,65,0.8149,0.4257
3,33,64,0.8112,0.4324
3,34,63,0.8073,0.4386
3,35,62,0.8032,0.4444
3,36,61,0.7989,0.4497
3,37,60,0.7946,0.4546
3,38,59,0.7902,0.4591
3,39,58,0.7860,0.4631
3,40,57,0.7818,0.4667
3,41,56,0.7779,0.4699
3,42,55,0.7743,0.4727
3,43,54,0.7709,0.4751
3,44,53,0.7679,0.4770
3,45,52,0.7653,0.4786
3,46,51,0.7632,0.4798
3,47,50,0.7615,0.4806
3,48,49,0.7604,0.4810
3,49,48,0.7597,0.4810
3,50,47,0.7595,0.4806
3,51,46,0.7598,0.4798
3,52,45,0.7607,0.4786
3,53,44,0.7620,0.4770
3,54,43,0.7637,0.4751
3,55,42,0.7659,0.4727
3,56,41,0.7684,0.4699
3,57,40,0.7713,0.4667
3,58,39,0.7745,0.4631
3,59,38,0.7780,0.4591
3,60,37,0.7817,0.4546
3,61,36,0.7855,0.4497
3,62,35,0.7895,0.4444
3,63,34,0.7936,0.4386
3,64,33,0.7978,0.4324
3,65,32,0.8019,0.4257
3,66,31,0.8061,0.4185
3,67,30,0.8102,0.4109
3,68,29,0.8143,0.4028
3,69,28,0.8183,0.3942
3,70,27,0.8222,0.3852
3,71,26,0.8260,0.3757
3,72,25,0.8297,0.3657
3,73,24,0.8332,0.3554
3,74,23,0.8367,0.3446
3,75,22,0.8400,0.3335
3,76,21,0.8433,0.3219
3,77,20,0.8464,0.3101
3,78,19,0.8494,0.2980
3,79,18,0.8524,0.2856
3,80,17,0.8553,0.2731
3,81,16,0.8581,0.2604
3,82,15,0.8608,0.2476
3,83,14,0.8634,0.2347
3,84,13,0.8661,0.2219
3,85,12,0.8686,0.2091
3,86,11,0.8712,0.1965
3,87,10,0.8737,0.1841
3,88,9,0.8762,0.1718
3,89,8,0.8787,0.1599
3,90,7,0.8811,0.1483
3,91,6,0.8836,0.1371
3,92,5,0.8860,0.1262
3,93,4,0.8885,0.1159
3,94,3,0.8909,0.1059
3,95,2,0.8933,0.0965
3,96,1,0.8957,0.0876
3,97,0,0.8981,0.0792
4,0,96,0.7012,0.0870
4,1,95,0.7102,0.0961
4,2,94,0.7190,0.1057
4,3,93,0.7277,0.1159
4,4,92,0.7362,0.1265
4,5,91,0.7445,0.1377
4,6,90,0.7526,0.1492
4,7,89,0.7604,0.1613
4,8,88,0.7679,0.1736
4,9,87,0.7751,0.1864
4,10,86,0.7820,0.1994
4,11,85,0.7885,0.2126
4,12,84,0.7947,0.2260
4,13,83,0.8004,0.2395
4,14,82,0.8058,0.2530
4,15,81,0.8107,0.2666
4,16,80,0.8151,0.2801
4,17,79,0.8190,0.2934
4,18,78,0.8224,0.3066
4,19,77,0.8253,0.3196
4,20,76,0.8276,0.3323
4,21,75,0.8294,0.3447
4,22,74,0.8307,0.3567
4,23,73,0.8314,0.3683
4,24,72,0.8315,0.3796
4,25,71,0.8311,0.3904
4,26,70,0.8302,0.4007
4,27,69,0.8287,0.4105
4,28,68,0.8268,0.4199
4,29,67,0.8244,0.4288
4,30,66,0.8217,0.4372
4,31,65,0.8185,0.4450
4,32,64,0.8150,0.4524
4,33,63,0.8112,0.4593
4,34,62,0.8073,0.4657
4,35,61,0.8032,0.4716
4,36,60,0.7989,0.4771
4,37,59,0.7947,0.4821
4,38,58,0.7905,0.4866
4,39,57,0.7864,0.4907
4,40,56,0.7825,0.4943
4,41,55,0.7788,0.4975
4,42,54,0.7754,0.5002
4,43,53,0.7723,0.5026
4,44,52,0.7696,0.5045
4,45,51,0.7673,0.5059
4,46,50,0.7654,0.5070
4,47,49,0.7640,0.5076
4,48,48,0.7631,0.5078
4,49,47,0.7627,0.5076
4,50,46,0.7628,0.5070
4,51,45,0.7633,0.5059
4,52,44,0.7643,0.5045
4,53,43,0.7658,0.5026
4,54,42,0.7677,0.5002
4,55,41,0.7699,0.4975
4,56,40,0.7726,0.4943
4,57,39,0.7755,0.4907
4,58,38,0.7787,0.4866
4,59,37,0.7821,0.4821
4,60,36,0.7858,0.4771
4,61,35,0.7895,0.4716
4,62,34,0.7934,0.4657
4,63,33,0.7974,0.4593
4,64,32,0.8014,0.4524
4,65,31,0.8054,0.4450
4,66,30,0.8094,0.4372
4,67,29,0.8133,0.4288
4,68,28,0.8172,0.4199
4,69,27,0.8210,0.4105
4,70,26,0.8247,0.4007
4,71,25,0.8283,0.3904
4,72,24,0.8319,0.3796
4,73,23,0.8353,0.3683
4,74,22,0.8386,0.3567
4,75,21,0.8417,0.3447
4,76,20,0.8448,0.3323
4,77,19,0.8478,0.3196
4,78,18,0.8507,0.3066
4,79,17,0.8536,0.2934
4,80,16,0.8563,0.2801
4,81,15,0.8590,0.2666
4,82,14,0.8617,0.2530
4,83,13,0.8643,0.2395
4,84,12,0.8668,0.2260
4,85,11,0.8693,0.2126
4,86,10,0.8718,0.1994
4,87,9,0.8743,0.1864
4,88,8,0.8768,0.1736
4,89,7,0.8792,0.1613
4,90,6,0.8816,0.1492
4,91,5,0.8841,0.1377
4,92,4,0.8865,0.1265
4,93,3,0.8889,0.1159
4,94,2,0.8913,0.1057
4,95,1,0.8937,0.0961
4,96,0,0.8961,0.0870
5,0,95,0.7108,0.0953
5,1,94,0.7196,0.1050
5,2,93,0.7282,0.1154
5,3,92,0.7367,0.1262
5,4,91,0.7449,0.1377
5,5,90,0.7529,0.1496
5,6,89,0.7607,0.1619
5,7,88,0.7682,0.1747
5,8,87,0.7754,0.1879
5,9,86,0.7823,0.2014
5,10,85,0.7889,0.2152
5,11,84,0.7951,0.2292
5,12,83,0.8009,0.2433
5,13,82,0.8062,0.2576
5,14,81,0.8112,0.2719
5,15,80,0.8157,0.2861
5,16,79,0.8197,0.3003
5,17,78,0.8232,0.3143
5,18,77,0.8263,0.3281
5,19,76,0.8288,0.3417
5,20,75,0.8307,0.3550
5,21,74,0.8321,0.3679
5,22,73,0.8330,0.3804
5,23,72,0.8334,0.3925
5,24,71,0.8332,0.4042
5,25,70,0.8324,0.4154
5,26,69,0.8312,0.4261
5,27,68,0.8295,0.4363
5,28,67,0.8274,0.4460
5,29,66,0.8248,0.4552
5,30,65,0.8219,0.4638
5,31,64,0.8186,0.4719
5,32,63,0.8150,0.4795
5,33,62,0.8112,0.4866
5,34,61,0.8072,0.4932
5,35,60,0.8032,0.4992
5,36,59,0.7990,0.5048
5,37,58,0.7949,0.5098
5,38,57,0.7909,0.5144
5,39,56,0.7870,0.5185
5,40,55,0.7833,0.5221
5,41,54,0.7798,0.5253
5,42,53,0.7766,0.5280
5,43,52,0.7738,0.5302
5,44,51,0.7714,0.5320
5,45,50,0.7693,0.5334
5,46,49,0.7678,0.5343
5,47,48,0.7666,0.5347
5,48,47,0.7660,0.5347
5,49,46,0.7658,0.5343
5,50,45,0.7661,0.5334
5,51,44,0.7669,0.5320
5,52,43,0.7680,0.5302
5,53,42,0.7696,0.5280
5,54,41,0.7716,0.5253
5,55,40,0.7740,0.5221
5,56,39,0.7767,0.5185
5,57,38,0.7796,0.5144
5,58,37,0.7828,0.5098
5,59,36,0.7862,0.5048
5,60,35,0.7898,0.4992
5,61,34,0.7934,0.4932
5,62,33,0.7972,0.4866
5,63,32,0.8011,0.4795
5,64,31,0.8049,0.4719
5,65,30,0.8088,0.4638
5,66,29,0.8126,0.4552
5,67,28,0.8163,0.4460
5,68,27,0.8200,0.4363
5,69,26,0.8237,0.4261
5,70,25,0.8272,0.4154
5,71,24,0.8306,0.4042
5,72,23,0.8340,0.3925
5,73,22,0.8372,0.3804
5,74,21,0.8403,0.3679
5,75,20,0.8434,0.3550
5,76,19,0.8463,0.3417
5,77,18,0.8492,0.3281
5,78,17,0.8520,0.3143
5,79,16,0.8547,0.3003
5,80,15,0.8574,0.2861
5,81,14,0.8600,0.2719
5,82,13,0.8626,0.2576
5,83,12,0.8651,0.2433
5,84,11,0.8676,0.2292
5,85,10,0.8700,0.2152
5,86,9,0.8725,0.2014
5,87,8,0.8749,0.1879
5,88,7,0.8773,0.1747
5,89,6,0.8797,0.1619
5,90,5,0.8821,0.1496
5,91,4,0.8845,0.1377
5,92,3,0.8869,0.1262
5,93,2,0.8893,0.1154
5,94,1,0.8917,0.1050
5,95,0,0.8941,0.0953
6,0,94,0.7203,0.1039
6,1,93,0.7289,0.1144
6,2,92,0.7373,0.1254
6,3,91,0.7455,0.1371
6,4,90,0.7534,0.1492
6,5,89,0.7612,0.1619
6,6,88,0.7687,0.1751
6,7,87,0.7759,0.1887
6,8,86,0.7828,0.2027
6,9,85,0.7893,0.2170
6,10,84,0.7955,0.2315
6,11,83,0.8013,0.2463
6,12,82,0.8068,0.2612
6,13,81,0.8118,0.2762
6,14,80,0.8164,0.2912
6,15,79,0.8205,0.3061
6,16,78,0.8241,0.3210
6,17,77,0.8272,0.3356
6,18,76,0.8298,0.3501
6,19,75,0.8319,0.3642
6,20,74,0.8335,0.3780
6,21,73,0.8346,0.3915
6,22,72,0.8351,0.4045
6,23,71,0.8351,0.4171
6,24,70,0.8346,0.4292
6,25,69,0.8336,0.4408
6,26,68,0.8321,0.4519
6,27,67,0.8302,0.4624
6,28,66,0.8278,0.4724
6,29,65,0.8251,0.4819
6,30,64,0.8220,0.4908
6,31,63,0.8186,0.4991
6,32,62,0.8150,0.5069
6,33,61,0.8112,0.5141
6,34,60,0.8072,0.5208
6,35,59,0.8032,0.5270
6,36,58,0.7992,0.5326
6,37,57,0.7952,0.5378
6,38,56,0.7913,0.5424
6,39,55,0.7876,0.5465
6,40,54,0.7841,0.5501
6,41,53,0.7809,0.5532
6,42,52,0.7780,0.5558
6,43,51,0.7754,0.5580
6,44,50,0.7733,0.5596
6,45,49,0.7715,0.5608
6,46,48,0.7702,0.5615
6,47,47,0.7693,0.5618
6,48,46,0.7689,0.5615
6,49,45,0.7690,0.5608
6,50,44,0.7695,0.5596
6,51,43,0.7704,0.5580
6,52,42,0.7718,0.5558
6,53,41,0.7735,0.5532
6,54,40,0.7756,0.5501
6,55,39,0.7780,0.5465
6,56,38,0.7807,0.5424
6,57,37,0.7837,0.5378
6,58,36,0.7868,0.5326
6,59,35,0.7902,0.5270
6,60,34,0.7937,0.5208
6,61,33,0.7972,0.5141
6,62,32,0.8009,0.5069
6,63,31,0.8046,0.4991
6,64,30,0.8083,0.4908
6,65,29,0.8120,0.4819
6,66,28,0.8156,0.4724
6,67,27,0.8192,0.4624
6,68,26,0.8228,0.4519
6,69,25,0.8262,0.4408
6,70,24,0.8296,0.4292
6,71,23,0.8328,0.4171
6,72,22,0.8360,0.4045
6,73,21,0.8391,0.3915
6,74,20,0.8421,0.3780
6,75,19,0.8450,0.3642
6,76,18,0.8478,0.3501
6,77,17,0.8506,0.3356
6,78,16,0.8533,0.3210
6,79,15,0.8559,0.3061
6,80,14,0.8585,0.2912
6,81,13,0.8610,0.2762
6,82,12,0.8635,0.2612
6,83,11,0.8659,0.2463
6,84,10,0.8684,0.2315
6,85,9,0.8708,0.2170
6,86,8,0.8732,0.2027
6,87,7,0.8756,0.1887
6,88,6,0.8780,0.1751
6,89,5,0.8803,0.1619
6,90,4,0.8827,0.1492
6,91,3,0.8851,0.1371
6,92,2,0.8875,0.1254
6,93,1,0.8898,0.1144
6,94,0,0.8922,0.1039
7,0,93,0.7297,0.1129
7,1,92,0.7380,0.1241
7,2,91,0.7462,0.1359
7,3,90,0.7541,0.1483
7,4,89,0.7618,0.1613
7,5,88,0.7693,0.1747
7,6,87,0.7764,0.1887
7,7,86,0.7833,0.2031
7,8,85,0.7899,0.2178
7,9,84,0.7961,0.2329
7,10,83,0.8019,0.2483
7,11,82,0.8074,0.2638
7,12,81,0.8124,0.2794
7,13,80,0.8170,0.2952
7,14,79,0.8212,0.3109
7,15,78,0.8249,0.3265
7,16,77,0.8282,0.3420
7,17,76,0.8309,0.3573
7,18,75,0.8331,0.3724
7,19,74,0.8349,0.3871
7,20,73,0.8361,0.4014
7,21,72,0.8368,0.4154
7,22,71,0.8369,0.4289
7,23,70,0.8366,0.4420
7,24,69,0.8358,0.4545
7,25,68,0.8345,0.4665
7,26,67,0.8328,0.4779
7,27,66,0.8306,0.4888
7,28,65,0.8281,0.4991
7,29,64,0.8252,0.5088
7,30,63,0.8220,0.5179
7,31,62,0.8186,0.5264
7,32,61,0.8149,0.5344
7,33,60,0.8111,0.5418
7,34,59,0.8072,0.5486
7,35,58,0.8033,0.5549
7,36,57,0.7994,0.5606
7,37,56,0.7956,0.5657
7,38,55,0.7919,0.5704
7,39,54,0.7884,0.5745
7,40,53,0.7851,0.5780
7,41,52,0.7821,0.5811
7,42,51,0.7795,0.5836
7,43,50,0.7772,0.5856
7,44,49,0.7753,0.5871
7,45,48,0.7738,0.5881
7,46,47,0.7728,0.5886
7,47,46,0.7721,0.5886
7,48,45,0.7720,0.5881
7,49,44,0.7722,0.5871
7,50,43,0.7729,0.5856
7,51,42,0.7740,0.5836
7,52,41,0.7755,0.5811
7,53,40,0.7773,0.5780
7,54,39,0.7795,0.5745
7,55,38,0.7820,0.5704
7,56,37,0.7847,0.5657
7,57,36,0.7876,0.5606
7,58,35,0.7908,0.5549
7,59,34,0.7941,0.5486
7,60,33,0.7975,0.5418
7,61,32,0.8009,0.5344
7,62,31,0.8045,0.5264
7,63,30,0.8080,0.5179
7,64,29,0.8116,0.5088
7,65,28,0.8151,0.4991
7,66,27,0.8186,0.4888
7,67,26,0.8220,0.4779
7,68,25,0.8254,0.4665
7,69,24,0.8287,0.4545
7,70,23,0.8319,0.4420
7,71,22,0.8350,0.4289
7,72,21,0.8380,0.4154
7,73,20,0.8410,0.4014
7,74,19,0.8438,0.3871
7,75,18,0.8466,0.3724
7,76,17,0.8493,0.3573
7,77,16,0.8519,0.3420
7,78,15,0.8545,0.3265
7,79,14,0.8571,0.3109
7,80,13,0.8595,0.2952
7,81,12,0.8620,0.2794
7,82,11,0.8644,0.2638
7,83,10,0.8668,0.2483
7,84,9,0.8692,0.2329
7,85,8,0.8716,0.2178
7,86,7,0.8739,0.2031
7,87,6,0.8763,0.1887
7,88,5,0.8786,0.1747
7,89,4,0.8810,0.1613
7,90,3,0.8833,0.1483
7,91,2,0.8857,0.1359
7,92,1,0.8880,0.1241
7,93,0,0.8904,0.1129
8,0,92,0.7389,0.1223
8,1,91,0.7470,0.1342
8,2,90,0.7549,0.1467
8,3,89,0.7626,0.1599
8,4,88,0.7700,0.1736
8,5,87,0.7771,0.1879
8,6,86,0.7840,0.2027
8,7,85,0.7905,0.2178
8,8,84,0.7967,0.2334
8,9,83,0.8026,0.2493
8,10,82,0.8080,0.2654
8,11,81,0.8131,0.2817
8,12,80,0.8178,0.2981
8,13,79,0.8220,0.3145
8,14,78,0.8258,0.3309
8,15,77,0.8291,0.3472
8,16,76,0.8320,0.3634
8,17,75,0.8343,0.3793
8,18,74,0.8362,0.3949
8,19,73,0.8375,0.4102
8,20,72,0.8383,0.4251
8,21,71,0.8387,0.4395
8,22,70,0.8385,0.4535
8,23,69,0.8379,0.4670
8,24,68,0.8368,0.4799
8,25,67,0.8353,0.4923
8,26,66,0.8333,0.5040
8,27,65,0.8310,0.5152
8,28,64,0.8283,0.5258
8,29,63,0.8253,0.5357
8,30,62,0.8220,0.5451
8,31,61,0.8185,0.5538
8,32,60,0.8148,0.5619
8,33,59,0.8111,0.5695
8,34,58,0.8073,0.5764
8,35,57,0.8034,0.5827
8,36,56,0.7997,0.5885
8,37,55,0.7960,0.5937
8,38,54,0.7925,0.5983
8,39,53,0.7892,0.6023
8,40,52,0.7862,0.6059
8,41,51,0.7835,0.6088
8,42,50,0.7811,0.6112
8,43,49,0.7790,0.6131
8,44,48,0.7774,0.6144
8,45,47,0.7762,0.6152
8,46,46,0.7754,0.6155
8,47,45,0.7750,0.6152
8,48,44,0.7751,0.6144
8,49,43,0.7755,0.6131
8,50,42,0.7764,0.6112
8,51,41,0.7776,0.6088
8,52,40,0.7792,0.6059
8,53,39,0.7812,0.6023
8,54,38,0.7834,0.5983
8,55,37,0.7859,0.5937
8,56,36,0.7886,0.5885
8,57,35,0.7915,0.5827
8,58,34,0.7946,0.5764
8,59,33,0.7979,0.5695
8,60,32,0.8012,0.5619
8,61,31,0.8045,0.5538
8,62,30,0.8079,0.5451
8,63,29,0.8114,0.5357
8,64,28,0.8148,0.5258
8,65,27,0.8182,0.5152
8,66,26,0.8215,0.5040
8,67,25,0.8248,0.4923
8,68,24,0.8280,0.4799
8,69,23,0.8311,0.4670
8,70,22,0.8341,0.4535
8,71,21,0.8371,0.4395
8,72,20,0.8400,0.4251
8,73,19,0.8428,0.4102
8,74,18,0.8455,0.3949
8,75,17,0.8481,0.3793
8,76,16,0.8507,0.3634
8,77,15,0.8533,0.3472
8,78,14,0.8558,0.3309
8,79,13,0.8582,0.3145
8,80,12,0.8606,0.2981
8,81,11,0.8630,0.2817
8,82,10,0.8654,0.2654
8,83,9,0.8677,0.2493
8,84,8,0.8700,0.2334
8,85,7,0.8724,0.2178
8,86,6,0.8747,0.2027
8,87,5,0.8770,0.1879
8,88,4,0.8793,0.1736
8,89,3,0.8816,0.1599
8,90,2,0.8840,0.1467
8,91,1,0.8863,0.1342
8,92,0,0.8886,0.1223
9,0,91,0.7480,0.1319
9,1,90,0.7558,0.1446
9,2,89,0.7634,0.1579
9,3,88,0.7708,0.1718
9,4,87,0.7779,0.1864
9,5,86,0.7847,0.2014
9,6,85,0.7913,0.2170
9,7,84,0.7975,0.2329
9,8,83,0.8033,0.2493
9,9,82,0.8088,0.2659
9,10,81,0.8139,0.2828
9,11,80,0.8186,0.2998
9,12,79,0.8229,0.3169
9,13,78,0.8267,0.3341
9,14,77,0.8301,0.3512
9,15,76,0.8330,0.3681
9,16,75,0.8355,0.3849
9,17,74,0.8374,0.4014
9,18,73,0.8389,0.4176
9,19,72,0.8399,0.4335
9,20,71,0.8404,0.4489
9,21,70,0.8404,0.4638
9,22,69,0.8399,0.4782
9,23,68,0.8390,0.4921
9,24,67,0.8376,0.5054
9,25,66,0.8359,0.5181
9,26,65,0.8337,0.5302
9,27,64,0.8312,0.5417
9,28,63,0.8284,0.5525
9,29,62,0.8252,0.5627
9,30,61,0.8219,0.5722
9,31,60,0.8184,0.5811
9,32,59,0.8148,0.5894
9,33,58,0.8111,0.5971
9,34,57,0.8073,0.6041
9,35,56,0.8036,0.6105
9,36,55,0.8000,0.6163
9,37,54,0.7965,0.6214
9,38,53,0.7932,0.6260
9,39,52,0.7902,0.6300
9,40,51,0.7874,0.6334
9,41,50,0.7849,0.6363
9,42,49,0.7828,0.6385
9,43,48,0.7810,0.6402
9,44,47,0.7797,0.6414
9,45,46,0.7787,0.6419
9,46,45,0.7781,0.6419
9,47,44,0.7780,0.6414
9,48,43,0.7782,0.6402
9,49,42,0.7789,0.6385
9,50,41,0.7799,0.6363
9,51,40,0.7813,0.6334
9,52,39,0.7830,0.6300
9,53,38,0.7850,0.6260
9,54,37,0.7873,0.6214
9,55,36,0.7898,0.6163
9,56,35,0.7925,0.6105
9,57,34,0.7954,0.6041
9,58,33,0.7984,0.5971
9,59,32,0.8016,0.5894
9,60,31,0.8048,0.5811
9,61,30,0.8081,0.5722
9,62,29,0.8113,0.5627
9,63,28,0.8146,0.5525
9,64,27,0.8179,0.5417
9,65,26,0.8211,0.5302
9,66,25,0.8243,0.5181
9,67,24,0.8274,0.5054
9,68,23,0.8304,0.4921
9,69,22,0.8334,0.4782
9,70,21,0.8363,0.4638
9,71,20,0.8391,0.4489
9,72,19,0.8419,0.4335
9,73,18,0.8446,0.4176
9,74,17,0.8472,0.4014
9,75,16,0.8497,0.3849
9,76,15,0.8522,0.3681
9,77,14,0.8546,0.3512
9,78,13,0.8570,0.3341
9,79,12,0.8594,0.3169
9,80,11,0.8618,0.2998
9,81,10,0.8641,0.2828
9,82,9,0.8664,0.2659
9,83,8,0.8687,0.2493
9,84,7,0.8709,0.2329
9,85,6,0.8732,0.2170
9,86,5,0.8755,0.2014
9,87,4,0.8778,0.1864
9,88,3,0.8801,0.1718
9,89,2,0.8824,0.1579
9,90,1,0.8847,0.1446
9,91,0,0.8870,0.1319
10,0,90,0.7569,0.1419
10,1,89,0.7645,0.1553
10,2,88,0.7718,0.1694
10,3,87,0.7789,0.1841
10,4,86,0.7857,0.1994
10,5,85,0.7921,0.2152
10,6,84,0.7983,0.2315
10,7,83,0.8042,0.2483
10,8,82,0.8097,0.2654
10,9,81,0.8148,0.2828
10,10,80,0.8195,0.3004
10,11,79,0.8238,0.3181
10,12,78,0.8277,0.3360
10,13,77,0.8311,0.3538
10,14,76,0.8341,0.3716
10,15,75,0.8366,0.3892
10,16,74,0.8387,0.4066
10,17,73,0.8403,0.4237
10,18,72,0.8414,0.4404
10,19,71,0.8420,0.4568
10,20,70,0.8422,0.4727
10,21,69,0.8418,0.4881
10,22,68,0.8411,0.5029
10,23,67,0.8399,0.5172
10,24,66,0.8383,0.5308
10,25,65,0.8363,0.5439
10,26,64,0.8340,0.5563
10,27,63,0.8313,0.5680
10,28,62,0.8284,0.5791
10,29,61,0.8252,0.5895
10,30,60,0.8218,0.5992
10,31,59,0.8183,0.6083
10,32,58,0.8147,0.6167
10,33,57,0.8111,0.6244
10,34,56,0.8074,0.6315
10,35,55,0.8039,0.6379
10,36,54,0.8004,0.6437
10,37,53,0.7972,0.6489
10,38,52,0.7941,0.6534
10,39,51,0.7913,0.6574
10,40,50,0.7887,0.6607
10,41,49,0.7865,0.6634
10,42,48,0.7846,0.6655
10,43,47,0.7831,0.6670
10,44,46,0.7820,0.6679
10,45,45,0.7813,0.6682
10,46,44,0.7810,0.6679
10,47,43,0.7810,0.6670
10,48,42,0.7815,0.6655
10,49,41,0.7823,0.6634
10,50,40,0.7834,0.6607
10,51,39,0.7849,0.6574
10,52,38,0.7867,0.6534
10,53,37,0.7888,0.6489
10,54,36,0.7911,0.6437
10,55,35,0.7936,0.6379
10,56,34,0.7963,0.6315
10,57,33,0.7992,0.6244
10,58,32,0.8022,0.6167
10,59,31,0.8052,0.6083
10,60,30,0.8083,0.5992
10,61,29,0.8115,0.5895
10,62,28,0.8147,0.5791
10,63,27,0.8178,0.5680
10,64,26,0.8209,0.5563
10,65,25,0.8240,0.5439
10,66,24,0.8270,0.5308
10,67,23,0.8300,0.5172
10,68,22,0.8329,0.5029
10,69,21,0.8357,0.4881
10,70,20,0.8385,0.4727
10,71,19,0.8412,0.4568
10,72,18,0.8438,0.4404
10,73,17,0.8463,0.4237
10,74,16,0.8488,0.4066
10,75,15,0.8513,0.3892
10,76,14,0.8537,0.3716
10,77,13,0.8560,0.3538
10,78,12,0.8583,0.3360
10,79,11,0.8606,0.3181
10,80,10,0.8629,0.3004
10,81,9,0.8652,0.2828
10,82,8,0.8674,0.2654
10,83,7,0.8697,0.2483
10,84,6,0.8719,0.2315
10,85,5,0.8741,0.2152
10,86,4,0.8764,0.1994
10,87,3,0.8786,0.1841
10,88,2,0.8809,0.1694
10,89,1,0.8831,0.1553
10,90,0,0.8854,0.1419
11,0,89,0.7656,0.1521
11,1,88,0.7729,0.1662
11,2,87,0.7799,0.1810
11,3,86,0.7867,0.1965
11,4,85,0.7931,0.2126
11,5,84,0.7993,0.2292
11,6,83,0.8051,0.2463
11,7,82,0.8106,0.2638
11,8,81,0.8157,0.2817
11,9,80,0.8204,0.2998
11,10,79,0.8248,0.3181
11,11,78,0.8287,0.3366
11,12,77,0.8322,0.3552
11,13,76,0.8352,0.3737
11,14,75,0.8378,0.3921
11,15,74,0.8400,0.4103
11,16,73,0.8416,0.4283
11,17,72,0.8428,0.4459
11,18,71,0.8436,0.4632
11,19,70,0.8439,0.4801
11,20,69,0.8437,0.4964
11,21,68,0.8431,0.5122
11,22,67,0.8420,0.5275
11,23,66,0.8406,0.5421
11,24,65,0.8388,0.5562
11,25,64,0.8366,0.5695
11,26,63,0.8341,0.5822
11,27,62,0.8313,0.5942
11,28,61,0.8283,0.6055
11,29,60,0.8251,0.6161
11,30,59,0.8217,0.6260
11,31,58,0.8182,0.6352
11,32,57,0.8147,0.6437
11,33,56,0.8111,0.6515
11,34,55,0.8076,0.6586
11,35,54,0.8042,0.6651
11,36,53,0.8010,0.6709
11,37,52,0.7979,0.6760
11,38,51,0.7951,0.6804
11,39,50,0.7925,0.6843
11,40,49,0.7902,0.6874
11,41,48,0.7882,0.6900
11,42,47,0.7866,0.6918
11,43,46,0.7854,0.6931
11,44,45,0.7845,0.6937
11,45,44,0.7840,0.6937
11,46,43,0.7839,0.6931
11,47,42,0.7841,0.6918
11,48,41,0.7847,0.6900
11,49,40,0.7857,0.6874
11,50,39,0.7870,0.6843
11,51,38,0.7886,0.6804
11,52,37,0.7905,0.6760
11,53,36,0.7926,0.6709
11,54,35,0.7949,0.6651
11,55,34,0.7975,0.6586
11,56,33,0.8001,0.6515
11,57,32,0.8029,0.6437
11,58,31,0.8058,0.6352
11,59,30,0.8088,0.6260
11,60,29,0.8118,0.6161
11,61,28,0.8149,0.6055
11,62,27,0.8179,0.5942
11,63,26,0.8209,0.5822
11,64,25,0.8239,0.5695
11,65,24,0.8268,0.5562
11,66,23,0.8297,0.5421
11,67,22,0.8325,0.5275
11,68,21,0.8353,0.5122
11,69,20,0.8380,0.4964
11,70,19,0.8406,0.4801
11,71,18,0.8432,0.4632
11,72,17,0.8457,0.4459
11,73,16,0.8481,0.4283
11,74,15,0.8505,0.4103
11,75,14,0.8529,0.3921
11,76,13,0.8552,0.3737
11,77,12,0.8574,0.3552
11,78,11,0.8597,0.3366
11,79,10,0.8619,0.3181
11,80,9,0.8641,0.2998
11,81,8,0.8663,0.2817
11,82,7,0.8685,0.2638
11,83,6,0.8707,0.2463
11,84,5,0.8729,0.2292
11,85,4,0.8751,0.2126
11,86,3,0.8773,0.1965
11,87,2,0.8795,0.1810
11,88,1,0.8817,0.1662
11,89,0,0.8840,0.1521
12,0,88,0.7742,0.1624
12,1,87,0.7811,0.1773
12,2,86,0.7878,0.1929
12,3,85,0.7943,0.2091
12,4,84,0.8004,0.2260
12,5,83,0.8062,0.2433
12,6,82,0.8116,0.2612
12,7,81,0.8167,0.2794
12,8,80,0.8215,0.2981
12,9,79,0.8258,0.3169
12,10,78,0.8298,0.3360
12,11,77,0.8333,0.3552
12,12,76,0.8364,0.3744
12,13,75,0.8390,0.3935
12,14,74,0.8412,0.4125
12,15,73,0.8430,0.4314
12,16,72,0.8443,0.4499
12,17,71,0.8451,0.4681
12,18,70,0.8455,0.4859
12,19,69,0.8455,0.5032
12,20,68,0.8450,0.5200
12,21,67,0.8441,0.5363
12,22,66,0.8428,0.5519
12,23,65,0.8411,0.5669
12,24,64,0.8391,0.5812
12,25,63,0.8368,0.5949
12,26,62,0.8341,0.6078
12,27,61,0.8313,0.6201
12,28,60,0.8282,0.6316
12,29,59,0.8249,0.6423
12,30,58,0.8216,0.6524
12,31,57,0.8181,0.6617
12,32,56,0.8147,0.6703
12,33,55,0.8113,0.6781
12,34,54,0.8079,0.6853
12,35,53,0.8047,0.6917
12,36,52,0.8016,0.6975
12,37,51,0.7988,0.7025
12,38,50,0.7961,0.7069
12,39,49,0.7938,0.7106
12,40,48,0.7918,0.7136
12,41,47,0.7901,0.7159
12,42,46,0.7887,0.7176
12,43,45,0.7877,0.7186
12,44,44,0.7871,0.7189
12,45,43,0.7868,0.7186
12,46,42,0.7869,0.7176
12,47,41,0.7873,0.7159
12,48,40,0.7881,0.7136
12,49,39,0.7892,0.7106
12,50,38,0.7906,0.7069
12,51,37,0.7923,0.7025
12,52,36,0.7942,0.6975
12,53,35,0.7964,0.6917
12,54,34,0.7987,0.6853
12,55,33,0.8012,0.6781
12,56,32,0.8039,0.6703
12,57,31,0.8066,0.6617
12,58,30,0.8095,0.6524
12,59,29,0.8123,0.6423
12,60,28,0.8153,0.6316
12,61,27,0.8182,0.6201
12,62,26,0.8211,0.6078
12,63,25,0.8240,0.5949
12,64,24,0.8268,0.5812
12,65,23,0.8296,0.5669
12,66,22,0.8324,0.5519
12,67,21,0.8350,0.5363
12,68,20,0.8377,0.5200
12,69,19,0.8402,0.5032
12,70,18,0.8427,0.4859
12,71,17,0.8452,0.4681
12,72,16,0.8476,0.4499
12,73,15,0.8499,0.4314
12,74,14,0.8522,0.4125
12,75,13,0.8545,0.3935
12,76,12,0.8567,0.3744
12,77,11,0.8589,0.3552
12,78,10,0.8610,0.3360
12,79,9,0.8632,0.3169
12,80,8,0.8654,0.2981
12,81,7,0.8675,0.2794
12,82,6,0.8696,0.2612
12,83,5,0.8718,0.2433
12,84,4,0.8739,0.2260
12,85,3,0.8761,0.2091
12,86,2,0.8783,0.1929
12,87,1,0.8805,0.1773
12,88,0,0.8827,0.1624
13,0,87,0.7825,0.1730
13,1,86,0.7891,0.1886
13,2,85,0.7955,0.2049
13,3,84,0.8016,0.2219
13,4,83,0.8074,0.2395
13,5,82,0.8128,0.2576
13,6,81,0.8179,0.2762
13,7,80,0.8226,0.2952
13,8,79,0.8269,0.3145
13,9,78,0.8309,0.3341
13,10,77,0.8344,0.3538
13,11,76,0.8376,0.3737
13,12,75,0.8403,0.3935
13,13,74,0.8425,0.4133
13,14,73,0.8443,0.4329
13,15,72,0.8457,0.4523
13,16,71,0.8467,0.4714
13,17,70,0.8472,0.4901
13,18,69,0.8472,0.5084
13,19,68,0.8469,0.5261
13,20,67,0.8461,0.5434
13,21,66,0.8449,0.5600
13,22,65,0.8434,0.5760
13,23,64,0.8415,0.5913
13,24,63,0.8393,0.6060
13,25,62,0.8368,0.6199
13,26,61,0.8341,0.6331
13,27,60,0.8311,0.6455
13,28,59,0.8280,0.6572
13,29,58,0.8248,0.6681
13,30,57,0.8215,0.6783
13,31,56,0.8181,0.6877
13,32,55,0.8148,0.6963
13,33,54,0.8115,0.7042
13,34,53,0.8083,0.7114
13,35,52,0.8052,0.7178
13,36,51,0.8024,0.7235
13,37,50,0.7997,0.7285
13,38,49,0.7974,0.7327
13,39,48,0.7953,0.7362
13,40,47,0.7935,0.7390
13,41,46,0.7920,0.7411
13,42,45,0.7909,0.7425
13,43,44,0.7901,0.7432
13,44,43,0.7897,0.7432
13,45,42,0.7897,0.7425
13,46,41,0.7899,0.7411
13,47,40,0.7906,0.7390
13,48,39,0.7915,0.7362
13,49,38,0.7927,0.7327
13,50,37,0.7942,0.7285
13,51,36,0.7960,0.7235
13,52,35,0.7980,0.7178
13,53,34,0.8002,0.7114
13,54,33,0.8025,0.7042
13,55,32,0.8050,0.6963
13,56,31,0.8076,0.6877
13,57,30,0.8103,0.6783
13,58,29,0.8130,0.6681
13,59,28,0.8158,0.6572
13,60,27,0.8186,0.6455
13,61,26,0.8214,0.6331
13,62,25,0.8242,0.6199
13,63,24,0.8270,0.6060
13,64,23,0.8297,0.5913
13,65,22,0.8324,0.5760
13,66,21,0.8350,0.5600
13,67,20,0.8375,0.5434
13,68,19,0.8400,0.5261
13,69,18,0.8425,0.5084
13,70,17,0.8449,0.4901
13,71,16,0.8472,0.4714
13,72,15,0.8495,0.4523
13,73,14,0.8517,0.4329
13,74,13,0.8539,0.4133
13,75,12,0.8561,0.3935
13,76,11,0.8582,0.3737
13,77,10,0.8604,0.3538
13,78,9,0.8625,0.3341
13,79,8,0.8646,0.3145
13,80,7,0.8667,0.2952
13,81,6,0.8687,0.2762
13,82,5,0.8708,0.2576
13,83,4,0.8729,0.2395
13,84,3,0.8751,0.2219
13,85,2,0.8772,0.2049
13,86,1,0.8793,0.1886
13,87,0,0.8815,0.1730
14,0,86,0.7906,0.1837
14,1,85,0.7969,0.2000
14,2,84,0.8029,0.2170
14,3,83,0.8087,0.2347
14,4,82,0.8141,0.2530
14,5,81,0.8191,0.2719
14,6,80,0.8238,0.2912
14,7,79,0.8282,0.3109
14,8,78,0.8321,0.3309
14,9,77,0.8357,0.3512
14,10,76,0.8388,0.3716
14,11,75,0.8415,0.3921
14,12,74,0.8439,0.4125
14,13,73,0.8457,0.4329
14,14,72,0.8472,0.4531
14,15,71,0.8482,0.4730
14,16,70,0.8488,0.4926
14,17,69,0.8489,0.5118
14,18,68,0.8487,0.5306
14,19,67,0.8480,0.5488
14,20,66,0.8470,0.5664
14,21,65,0.8456,0.5834
14,22,64,0.8438,0.5998
14,23,63,0.8418,0.6154
14,24,62,0.8394,0.6303
14,25,61,0.8368,0.6445
14,26,60,0.8340,0.6579
14,27,59,0.8310,0.6705
14,28,58,0.8279,0.6824
14,29,57,0.8247,0.6934
14,30,56,0.8214,0.7037
14,31,55,0.8181,0.7131
14,32,54,0.8149,0.7218
14,33,53,0.8118,0.7297
14,34,52,0.8088,0.7369
14,35,51,0.8059,0.7432
14,36,50,0.8033,0.7488
14,37,49,0.8009,0.7536
14,38,48,0.7987,0.7577
14,39,47,0.7969,0.7611
14,40,46,0.7953,0.7636
14,41,45,0.7941,0.7655
14,42,44,0.7932,0.7666
14,43,43,0.7927,0.7670
14,44,42,0.7925,0.7666
14,45,41,0.7926,0.7655
14,46,40,0.7931,0.7636
14,47,39,0.7939,0.7611
14,48,38,0.7949,0.7577
14,49,37,0.7963,0.7536
14,50,36,0.7979,0.7488
14,51,35,0.7997,0.7432
14,52,34,0.8017,0.7369
14,53,33,0.8039,0.7297
14,54,32,0.8063,0.7218
14,55,31,0.8087,0.7131
14,56,30,0.8113,0.7037
14,57,29,0.8139,0.6934
14,58,28,0.8166,0.6824
14,59,27,0.8193,0.6705
14,60,26,0.8220,0.6579
14,61,25,0.8247,0.6445
14,62,24,0.8273,0.6303
14,63,23,0.8300,0.6154
14,64,22,0.8326,0.5998
14,65,21,0.8351,0.5834
14,66,20,0.8376,0.5664
14,67,19,0.8400,0.5488
14,68,18,0.8424,0.5306
14,69,17,0.8447,0.5118
14,70,16,0.8470,0.4926
14,71,15,0.8492,0.4730
14,72,14,0.8514,0.4531
14,73,13,0.8536,0.4329
14,74,12,0.8557,0.4125
14,75,11,0.8578,0.3921
14,76,10,0.8598,0.3716
14,77,9,0.8619,0.3512
14,78,8,0.8639,0.3309
14,79,7,0.8660,0.3109
14,80,6,0.8680,0.2912
14,81,5,0.8701,0.2719
14,82,4,0.8721,0.2530
14,83,3,0.8742,0.2347
14,84,2,0.8762,0.2170
14,85,1,0.8783,0.2000
14,86,0,0.8804,0.1837
15,0,85,0.7984,0.1944
15,1,84,0.8044,0.2114
15,2,83,0.8101,0.2292
15,3,82,0.8154,0.2476
15,4,81,0.8205,0.2666
15,5,80,0.8251,0.2861
15,6,79,0.8295,0.3061
15,7,78,0.8334,0.3265
15,8,77,0.8370,0.3472
15,9,76,0.8401,0.3681
15,10,75,0.8429,0.3892
15,11,74,0.8452,0.4103
15,12,73,0.8471,0.4314
15,13,72,0.8486,0.4523
15,14,71,0.8497,0.4730
15,15,70,0.8504,0.4935
15,16,69,0.8506,0.5136
15,17,68,0.8505,0.5332
15,18,67,0.8499,0.5524
15,19,66,0.8490,0.5710
15,20,65,0.8477,0.5890
15,21,64,0.8461,0.6064
15,22,63,0.8441,0.6230
15,23,62,0.8419,0.6390
15,24,61,0.8394,0.6541
15,25,60,0.8367,0.6685
15,26,59,0.8338,0.6821
15,27,58,0.8308,0.6949
15,28,57,0.8277,0.7069
15,29,56,0.8246,0.7181
15,30,55,0.8214,0.7284
15,31,54,0.8182,0.7379
15,32,53,0.8151,0.7466
15,33,52,0.8122,0.7545
15,34,51,0.8093,0.7616
15,35,50,0.8067,0.7679
15,36,49,0.8043,0.7733
15,37,48,0.8021,0.7780
15,38,47,0.8002,0.7819
15,39,46,0.7986,0.7850
15,40,45,0.7973,0.7873
15,41,44,0.7963,0.7889
15,42,43,0.7957,0.7897
15,43,42,0.7954,0.7897
15,44,41,0.7954,0.7889
15,45,40,0.7957,0.7873
15,46,39,0.7963,0.7850
15,47,38,0.7973,0.7819
15,48,37,0.7985,0.7780
15,49,36,0.7999,0.7733
15,50,35,0.8016,0.7679
15,51,34,0.8034,0.7616
15,52,33,0.8055,0.7545
15,53,32,0.8077,0.7466
15,54,31,0.8100,0.7379
15,55,30,0.8124,0.7284
15,56,29,0.8149,0.7181
15,57,28,0.8175,0.7069
15,58,27,0.8201,0.6949
15,59,26,0.8227,0.6821
15,60,25,0.8253,0.6685
15,61,24,0.8279,0.6541
15,62,23,0.8304,0.6390
15,63,22,0.8329,0.6230
15,64,21,0.8354,0.6064
15,65,20,0.8378,0.5890
15,66,19,0.8402,0.5710
15,67,18,0.8425,0.5524
15,68,17,0.8448,0.5332
15,69,16,0.8470,0.5136
15,70,15,0.8492,0.4935
15,71,14,0.8513,0.4730
15,72,13,0.8534,0.4523
15,73,12,0.8555,0.4314
15,74,11,0.8575,0.4103
15,75,10,0.8595,0.3892
15,76,9,0.8615,0.3681
15,77,8,0.8635,0.3472
15,78,7,0.8655,0.3265
15,79,6,0.8674,0.3061
15,80,5,0.8694,0.2861
15,81,4,0.8714,0.2666
15,82,3,0.8734,0.2476
15,83,2,0.8754,0.2292
15,84,1,0.8775,0.2114
15,85,0,0.8795,0.1944
16,0,84,0.8060,0.2051
16,1,83,0.8116,0.2228
16,2,82,0.8169,0.2413
16,3,81,0.8219,0.2604
16,4,80,0.8266,0.2801
16,5,79,0.8308,0.3003
16,6,78,0.8348,0.3210
16,7,77,0.8383,0.3420
16,8,76,0.8415,0.3634
16,9,75,0.8443,0.3849
16,10,74,0.8466,0.4066
16,11,73,0.8486,0.4283
16,12,72,0.8501,0.4499
16,13,71,0.8512,0.4714
16,14,70,0.8520,0.4926
16,15,69,0.8523,0.5136
16,16,68,0.8522,0.5341
16,17,67,0.8517,0.5542
16,18,66,0.8509,0.5738
16,19,65,0.8497,0.5928
16,20,64,0.8482,0.6111
16,21,63,0.8464,0.6288
16,22,62,0.8443,0.6458
16,23,61,0.8419,0.6620
16,24,60,0.8393,0.6774
16,25,59,0.8366,0.6920
16,26,58,0.8337,0.7057
16,27,57,0.8307,0.7187
16,28,56,0.8276,0.7308
16,29,55,0.8245,0.7420
16,30,54,0.8214,0.7524
16,31,53,0.8184,0.7619
16,32,52,0.8155,0.7706
16,33,51,0.8127,0.7785
16,34,50,0.8101,0.7855
16,35,49,0.8076,0.7916
16,36,48,0.8054,0.7969
16,37,47,0.8035,0.8014
16,38,46,0.8019,0.8051
16,39,45,0.8005,0.8080
16,40,44,0.7994,0.8100
16,41,43,0.7987,0.8112
16,42,42,0.7983,0.8116
16,43,41,0.7982,0.8112
16,44,40,0.7984,0.8100
16,45,39,0.7989,0.8080
16,46,38,0.7997,0.8051
16,47,37,0.8007,0.8014
16,48,36,0.8020,0.7969
16,49,35,0.8035,0.7916
16,50,34,0.8053,0.7855
16,51,33,0.8072,0.7785
16,52,32,0.8093,0.7706
16,53,31,0.8115,0.7619
16,54,30,0.8138,0.7524
16,55,29,0.8161,0.7420
16,56,28,0.8186,0.7308
16,57,27,0.8211,0.7187
16,58,26,0.8236,0.7057
16,59,25,0.8261,0.6920
16,60,24,0.8286,0.6774
16,61,23,0.8310,0.6620
16,62,22,0.8335,0.6458
16,63,21,0.8359,0.6288
16,64,20,0.8382,0.6111
16,65,19,0.8406,0.5928
16,66,18,0.8428,0.5738
16,67,17,0.8450,0.5542
16,68,16,0.8472,0.5341
16,69,15,0.8493,0.5136
16,70,14,0.8514,0.4926
16,71,13,0.8534,0.4714
16,72,12,0.8554,0.4499
16,73,11,0.8574,0.4283
16,74,10,0.8593,0.4066
16,75,9,0.8613,0.3849
16,76,8,0.8632,0.3634
16,77,7,0.8651,0.3420
16,78,6,0.8671,0.3210
16,79,5,0.8690,0.3003
16,80,4,0.8709,0.2801
16,81,3,0.8729,0.2604
16,82,2,0.8748,0.2413
16,83,1,0.8768,0.2228
16,84,0,0.8788,0.2051
17,0,83,0.8133,0.2158
17,1,82,0.8185,0.2342
17,2,81,0.8235,0.2533
17,3,80,0.8281,0.2731
17,4,79,0.8323,0.2934
17,5,78,0.8362,0.3143
17,6,77,0.8398,0.3356
17,7,76,0.8429,0.3573
17,8,75,0.8457,0.3793
17,9,74,0.8481,0.4014
17,10,73,0.8501,0.4237
17,11,72,0.8516,0.4459
17,12,71,0.8528,0.4681
17,13,70,0.8536,0.4901
17,14,69,0.8540,0.5118
17,15,68,0.8540,0.5332
17,16,67,0.8536,0.5542
17,17,66,0.8528,0.5747
17,18,65,0.8517,0.5947
17,19,64,0.8503,0.6140
17,20,63,0.8486,0.6327
17,21,62,0.8466,0.6507
17,22,61,0.8443,0.6679
17,23,60,0.8419,0.6843
17,24,59,0.8392,0.6999
17,25,58,0.8364,0.7147
17,26,57,0.8335,0.7286
17,27,56,0.8305,0.7417
17,28,55,0.8275,0.7539
17,29,54,0.8245,0.7652
17,30,53,0.8215,0.7756
17,31,52,0.8187,0.7851
17,32,51,0.8159,0.7937
17,33,50,0.8133,0.8015
17,34,49,0.8109,0.8084
17,35,48,0.8087,0.8144
17,36,47,0.8068,0.8196
17,37,46,0.8051,0.8238
17,38,45,0.8036,0.8273
17,39,44,0.8025,0.8298
17,40,43,0.8017,0.8315
17,41,42,0.8012,0.8324
17,42,41,0.8010,0.8324
17,43,40,0.8011,0.8315
17,44,39,0.8015,0.8298
17,45,38,0.8021,0.8273
17,46,37,0.8030,0.8238
17,47,36,0.8042,0.8196
17,48,35,0.8056,0.8144
17,49,34,0.8072,0.8084
17,50,33,0.8090,0.8015
17,51,32,0.8110,0.7937
17,52,31,0.8130,0.7851
17,53,30,0.8152,0.7756
17,54,29,0.8175,0.7652
17,55,28,0.8198,0.7539
17,56,27,0.8222,0.7417
17,57,26,0.8246,0.7286
17,58,25,0.8270,0.7147
17,59,24,0.8295,0.6999
17,60,23,0.8319,0.6843
17,61,22,0.8342,0.6679
17,62,21,0.8366,0.6507
17,63,20,0.8389,0.6327
17,64,19,0.8411,0.6140
17,65,18,0.8433,0.5947
17,66,17,0.8454,0.5747
17,67,16,0.8476,0.5542
17,68,15,0.8496,0.5332
17,69,14,0.8516,0.5118
17,70,13,0.8536,0.4901
17,71,12,0.8556,0.4681
17,72,11,0.8575,0.4459
17,73,10,0.8594,0.4237
17,74,9,0.8613,0.4014
17,75,8,0.8631,0.3793
17,76,7,0.8650,0.3573
17,77,6,0.8669,0.3356
17,78,5,0.8687,0.3143
17,79,4,0.8706,0.2934
17,80,3,0.8725,0.2731
17,81,2,0.8744,0.2533
17,82,1,0.8763,0.2342
17,83,0,0.8782,0.2158
18,0,82,0.8202,0.2264
18,1,81,0.8251,0.2455
18,2,80,0.8297,0.2652
18,3,79,0.8339,0.2856
18,4,78,0.8378,0.3066
18,5,77,0.8413,0.3281
18,6,76,0.8445,0.3501
18,7,75,0.8472,0.3724
18,8,74,0.8496,0.3949
18,9,73,0.8516,0.4176
18,10,72,0.8532,0.4404
18,11,71,0.8544,0.4632
18,12,70,0.8552,0.4859
18,13,69,0.8556,0.5084
18,14,68,0.8557,0.5306
18,15,67,0.8554,0.5524
18,16,66,0.8547,0.5738
18,17,65,0.8537,0.5947
18,18,64,0.8524,0.6150
18,19,63,0.8507,0.6347
18,20,62,0.8488,0.6536
18,21,61,0.8467,0.6719
18,22,60,0.8443,0.6893
18,23,59,0.8418,0.7060
18,24,58,0.8391,0.7218
18,25,57,0.8363,0.7367
18,26,56,0.8334,0.7507
18,27,55,0.8304,0.7639
18,28,54,0.8275,0.7761
18,29,53,0.8246,0.7874
18,30,52,0.8218,0.7979
18,31,51,0.8191,0.8073
18,32,50,0.8165,0.8159
18,33,49,0.8141,0.8236
18,34,48,0.8119,0.8303
18,35,47,0.8099,0.8362
18,36,46,0.8082,0.8411
18,37,45,0.8068,0.8451
18,38,44,0.8056,0.8483
18,39,43,0.8047,0.8505
18,40,42,0.8041,0.8519
18,41,41,0.8038,0.8523
18,42,40,0.8038,0.8519
18,43,39,0.8041,0.8505
18,44,38,0.8046,0.8483
18,45,37,0.8055,0.8451
18,46,36,0.8065,0.8411
18,47,35,0.8078,0.8362
18,48,34,0.8093,0.8303
18,49,33,0.8110,0.8236
18,50,32,0.8128,0.8159
18,51,31,0.8147,0.8073
18,52,30,0.8168,0.7979
18,53,29,0.8190,0.7874
18,54,28,0.8212,0.7761
18,55,27,0.8235,0.7639
18,56,26,0.8259,0.7507
18,57,25,0.8282,0.7367
18,58,24,0.8305,0.7218
18,59,23,0.8328,0.7060
18,60,22,0.8351,0.6893
18,61,21,0.8374,0.6719
18,62,20,0.8396,0.6536
18,63,19,0.8418,0.6347
18,64,18,0.8440,0.6150
18,65,17,0.8461,0.5947
18,66,16,0.8481,0.5738
18,67,15,0.8501,0.5524
18,68,14,0.8521,0.5306
18,69,13,0.8540,0.5084
18,70,12,0.8559,0.4859
18,71,11,0.8578,0.4632
18,72,10,0.8596,0.4404
18,73,9,0.8614,0.4176
18,74,8,0.8632,0.3949
18,75,7,0.8650,0.3724
18,76,6,0.8668,0.3501
18,77,5,0.8686,0.3281
18,78,4,0.8704,0.3066
18,79,3,0.8723,0.2856
18,80,2,0.8741,0.2652
18,81,1,0.8759,0.2455
18,82,0,0.8778,0.2264
19,0,81,0.8269,0.2370
19,1,80,0.8314,0.2566
19,2,79,0.8356,0.2770
19,3,78,0.8395,0.2980
19,4,77,0.8429,0.3196
19,5,76,0.8461,0.3417
19,6,75,0.8488,0.3642
19,7,74,0.8512,0.3871
19,8,73,0.8532,0.4102
19,9,72,0.8548,0.4335
19,10,71,0.8560,0.4568
19,11,70,0.8569,0.4801
19,12,69,0.8573,0.5032
19,13,68,0.8574,0.5261
19,14,67,0.8572,0.5488
19,15,66,0.8566,0.5710
19,16,65,0.8556,0.5928
19,17,64,0.8544,0.6140
19,18,63,0.8528,0.6347
19,19,62,0.8510,0.6546
19,20,61,0.8490,0.6739
19,21,60,0.8467,0.6923
19,22,59,0.8442,0.7100
19,23,58,0.8416,0.7268
19,24,57,0.8389,0.7428
19,25,56,0.8361,0.7578
19,26,55,0.8333,0.7720
19,27,54,0.8304,0.7852
19,28,53,0.8276,0.7975
19,29,52,0.8248,0.8088
19,30,51,0.8221,0.8192
19,31,50,0.8196,0.8286
19,32,49,0.8172,0.8371
19,33,48,0.8150,0.8446
19,34,47,0.8131,0.8512
19,35,46,0.8113,0.8568
19,36,45,0.8098,0.8615
19,37,44,0.8086,0.8653
19,38,43,0.8077,0.8681
19,39,42,0.8070,0.8699
19,40,41,0.8067,0.8709
19,41,40,0.8066,0.8709
19,42,39,0.8068,0.8699
19,43,38,0.8072,0.8681
19,44,37,0.8079,0.8653
19,45,36,0.8089,0.8615
19,46,35,0.8101,0.8568
19,47,34,0.8114,0.8512
19,48,33,0.8130,0.8446
19,49,32,0.8147,0.8371
19,50,31,0.8166,0.8286
19,51,30,0.8186,0.8192
19,52,29,0.8206,0.8088
19,53,28,0.8228,0.7975
19,54,27,0.8250,0.7852
19,55,26,0.8272,0.7720
19,56,25,0.8295,0.7578
19,57,24,0.8318,0.7428
19,58,23,0.8340,0.7268
19,59,22,0.8362,0.7100
19,60,21,0.8384,0.6923
19,61,20,0.8406,0.6739
19,62,19,0.8427,0.6546
19,63,18,0.8448,0.6347
19,64,17,0.8469,0.6140
19,65,16,0.8489,0.5928
19,66,15,0.8508,0.5710
19,67,14,0.8527,0.5488
19,68,13,0.8546,0.5261
19,69,12,0.8564,0.5032
19,70,11,0.8582,0.4801
19,71,10,0.8600,0.4568
19,72,9,0.8618,0.4335
19,73,8,0.8635,0.4102
19,74,7,0.8653,0.3871
19,75,6,0.8670,0.3642
19,76,5,0.8688,0.3417
19,77,4,0.8705,0.3196
19,78,3,0.8722,0.2980
19,79,2,0.8740,0.2770
19,80,1,0.8758,0.2566
19,81,0,0.8776,0.2370
20,0,80,0.8333,0.2473
20,1,79,0.8374,0.2676
20,2,78,0.8412,0.2885
20,3,77,0.8447,0.3101
20,4,76,0.8477,0.3323
20,5,75,0.8505,0.3550
20,6,74,0.8528,0.3780
20,7,73,0.8548,0.4014
20,8,72,0.8564,0.4251
20,9,71,0.8577,0.4489
20,10,70,0.8585,0.4727
20,11,69,0.8590,0.4964
20,12,68,0.8592,0.5200
20,13,67,0.8590,0.5434
20,14,66,0.8584,0.5664
20,15,65,0.8575,0.5890
20,16,64,0.8564,0.6111
20,17,63,0.8549,0.6327
20,18,62,0.8532,0.6536
20,19,61,0.8512,0.6739
20,20,60,0.8490,0.6934
20,21,59,0.8466,0.7120
20,22,58,0.8441,0.7299
20,23,57,0.8415,0.7469
20,24,56,0.8388,0.7630
20,25,55,0.8360,0.7781
20,26,54,0.8332,0.7923
20,27,53,0.8305,0.8056
20,28,52,0.8277,0.8179
20,29,51,0.8251,0.8292
20,30,50,0.8226,0.8395
20,31,49,0.8203,0.8488
20,32,48,0.8181,0.8572
20,33,47,0.8161,0.8645
20,34,46,0.8144,0.8709
20,35,45,0.8129,0.8763
20,36,44,0.8116,0.8807
20,37,43,0.8107,0.8841
20,38,42,0.8100,0.8865
20,39,41,0.8095,0.8880
20,40,40,0.8094,0.8885
20,41,39,0.8095,0.8880
20,42,38,0.8098,0.8865
20,43,37,0.8105,0.8841
20,44,36,0.8113,0.8807
20,45,35,0.8124,0.8763
20,46,34,0.8137,0.8709
20,47,33,0.8152,0.8645
20,48,32,0.8168,0.8572
20,49,31,0.8186,0.8488
20,50,30,0.8204,0.8395
20,51,29,0.8224,0.8292
20,52,28,0.8245,0.8179
20,53,27,0.8266,0.8056
20,54,26,0.8288,0.7923
20,55,25,0.8310,0.7781
20,56,24,0.8331,0.7630
20,57,23,0.8353,0.7469
20,58,22,0.8375,0.7299
20,59,21,0.8396,0.7120
20,60,20,0.8418,0.6934
20,61,19,0.8438,0.6739
20,62,18,0.8459,0.6536
20,63,17,0.8479,0.6327
20,64,16,0.8498,0.6111
20,65,15,0.8517,0.5890
20,66,14,0.8536,0.5664
20,67,13,0.8554,0.5434
20,68,12,0.8572,0.5200
20,69,11,0.8589,0.4964
20,70,10,0.8606,0.4727
20,71,9,0.8623,0.4489
20,72,8,0.8640,0.4251
20,73,7,0.8657,0.4014
20,74,6,0.8674,0.3780
20,75,5,0.8691,0.3550
20,76,4,0.8707,0.3323
20,77,3,0.8724,0.3101
20,78,2,0.8741,0.2885
20,79,1,0.8758,0.2676
20,80,0,0.8776,0.2473
21,0,79,0.8393,0.2575
21,1,78,0.8431,0.2783
21,2,77,0.8465,0.2998
21,3,76,0.8495,0.3219
21,4,75,0.8522,0.3447
21,5,74,0.8546,0.3679
21,6,73,0.8565,0.3915
21,7,72,0.8581,0.4154
21,8,71,0.8594,0.4395
21,9,70,0.8603,0.4638
21,10,69,0.8608,0.4881
21,11,68,0.8610,0.5122
21,12,67,0.8608,0.5363
21,13,66,0.8603,0.5600
21,14,65,0.8595,0.5834
21,15,64,0.8583,0.6064
21,16,63,0.8569,0.6288
21,17,62,0.8553,0.6507
21,18,61,0.8534,0.6719
21,19,60,0.8513,0.6923
21,20,59,0.8490,0.7120
21,21,58,0.8466,0.7309
21,22,57,0.8440,0.7489
21,23,56,0.8414,0.7660
21,24,55,0.8387,0.7822
21,25,54,0.8360,0.7975
21,26,53,0.8333,0.8117
21,27,52,0.8306,0.8250
21,28,51,0.8280,0.8372
21,29,50,0.8256,0.8485
21,30,49,0.8233,0.8587
21,31,48,0.8211,0.8679
21,32,47,0.8192,0.8761
21,33,46,0.8174,0.8832
21,34,45,0.8159,0.8894
21,35,44,0.8146,0.8945
21,36,43,0.8136,0.8985
21,37,42,0.8129,0.9016
21,38,41,0.8124,0.9036
21,39,40,0.8122,0.9047
21,40,39,0.8122,0.9047
21,41,38,0.8125,0.9036
21,42,37,0.8131,0.9016
21,43,36,0.8138,0.8985
21,44,35,0.8148,0.8945
21,45,34,0.8160,0.8894
21,46,33,0.8174,0.8832
21,47,32,0.8189,0.8761
21,48,31,0.8206,0.8679
21,49,30,0.8224,0.8587
21,50,29,0.8243,0.8485
21,51,28,0.8263,0.8372
21,52,27,0.8284,0.8250
21,53,26,0.8305,0.8117
21,54,25,0.8326,0.7975
21,55,24,0.8347,0.7822
21,56,23,0.8368,0.7660
21,57,22,0.8389,0.7489
21,58,21,0.8410,0.7309
21,59,20,0.8431,0.7120
21,60,19,0.8451,0.6923
21,61,18,0.8471,0.6719
21,62,17,0.8490,0.6507
21,63,16,0.8509,0.6288
21,64,15,0.8528,0.6064
21,65,14,0.8546,0.5834
21,66,13,0.8563,0.5600
21,67,12,0.8581,0.5363
21,68,11,0.8598,0.5122
21,69,10,0.8614,0.4881
21,70,9,0.8631,0.4638
21,71,8,0.8647,0.4395
21,72,7,0.8664,0.4154
21,73,6,0.8680,0.3915
21,74,5,0.8696,0.3679
21,75,4,0.8712,0.3447
21,76,3,0.8728,0.3219
21,77,2,0.8744,0.2998
21,78,1,0.8761,0.2783
21,79,0,0.8777,0.2575
22,0,78,0.8450,0.2674
22,1,77,0.8484,0.2887
22,2,76,0.8514,0.3108
22,3,75,0.8541,0.3335
22,4,74,0.8564,0.3567
22,5,73,0.8583,0.3804
22,6,72,0.8599,0.4045
22,7,71,0.8612,0.4289
22,8,70,0.8620,0.4535
22,9,69,0.8626,0.4782
22,10,68,0.8628,0.5029
22,11,67,0.8626,0.5275
22,12,66,0.8622,0.5519
22,13,65,0.8614,0.5760
22,14,64,0.8603,0.5998
22,15,63,0.8590,0.6230
22,16,62,0.8574,0.6458
22,17,61,0.8555,0.6679
22,18,60,0.8535,0.6893
22,19,59,0.8513,0.7100
22,20,58,0.8489,0.7299
22,21,57,0.8465,0.7489
22,22,56,0.8439,0.7671
22,23,55,0.8413,0.7843
22,24,54,0.8386,0.8005
22,25,53,0.8360,0.8158
22,26,52,0.8334,0.8301
22,27,51,0.8309,0.8433
22,28,50,0.8285,0.8555
22,29,49,0.8262,0.8667
22,30,48,0.8241,0.8768
22,31,47,0.8221,0.8858
22,32,46,0.8204,0.8938
22,33,45,0.8189,0.9007
22,34,44,0.8176,0.9065
22,35,43,0.8166,0.9113
22,36,42,0.8158,0.9151
22,37,41,0.8152,0.9177
22,38,40,0.8150,0.9193
22,39,39,0.8150,0.9198
22,40,38,0.8152,0.9193
22,41,37,0.8157,0.9177
22,42,36,0.8164,0.9151
22,43,35,0.8173,0.9113
22,44,34,0.8184,0.9065
22,45,33,0.8197,0.9007
22,46,32,0.8212,0.8938
22,47,31,0.8228,0.8858
22,48,30,0.8245,0.8768
22,49,29,0.8264,0.8667
22,50,28,0.8283,0.8555
22,51,27,0.8303,0.8433
22,52,26,0.8323,0.8301
22,53,25,0.8343,0.8158
22,54,24,0.8364,0.8005
22,55,23,0.8385,0.7843
22,56,22,0.8405,0.7671
22,57,21,0.8426,0.7489
22,58,20,0.8446,0.7299
22,59,19,0.8465,0.7100
22,60,18,0.8485,0.6893
22,61,17,0.8504,0.6679
22,62,16,0.8522,0.6458
22,63,15,0.8540,0.6230
22,64,14,0.8558,0.5998
22,65,13,0.8575,0.5760
22,66,12,0.8592,0.5519
22,67,11,0.8608,0.5275
22,68,10,0.8625,0.5029
22,69,9,0.8641,0.4782
22,70,8,0.8656,0.4535
22,71,7,0.8672,0.4289
22,72,6,0.8687,0.4045
22,73,5,0.8703,0.3804
22,74,4,0.8718,0.3567
22,75,3,0.8734,0.3335
22,76,2,0.8749,0.3108
22,77,1,0.8765,0.2887
22,78,0,0.8781,0.2674
23,0,77,0.8504,0.2770
23,1,76,0.8533,0.2989
23,2,75,0.8560,0.3214
23,3,74,0.8582,0.3446
23,4,73,0.8602,0.3683
23,5,72,0.8618,0.3925
23,6,71,0.8630,0.4171
23,7,70,0.8639,0.4420
23,8,69,0.8644,0.4670
23,9,68,0.8646,0.4921
23,10,67,0.8645,0.5172
23,11,66,0.8641,0.5421
23,12,65,0.8633,0.5669
23,13,64,0.8623,0.5913
23,14,63,0.8610,0.6154
23,15,62,0.8595,0.6390
23,16,61,0.8577,0.6620
23,17,60,0.8557,0.6843
23,18,59,0.8536,0.7060
23,19,58,0.8513,0.7268
23,20,57,0.8489,0.7469
23,21,56,0.8464,0.7660
23,22,55,0.8438,0.7843
23,23,54,0.8413,0.8016
23,24,53,0.8387,0.8179
23,25,52,0.8362,0.8332
23,26,51,0.8337,0.8474
23,27,50,0.8313,0.8606
23,28,49,0.8291,0.8727
23,29,48,0.8270,0.8837
23,30,47,0.8251,0.8937
23,31,46,0.8233,0.9025
23,32,45,0.8218,0.9102
23,33,44,0.8205,0.9169
23,34,43,0.8195,0.9224
23,35,42,0.8187,0.9268
23,36,41,0.8181,0.9302
23,37,40,0.8178,0.9324
23,38,39,0.8178,0.9335
23,39,38,0.8179,0.9335
23,40,37,0.8184,0.9324
23,41,36,0.8190,0.9302
23,42,35,0.8199,0.9268
23,43,34,0.8209,0.9224
23,44,33,0.8222,0.9169
23,45,32,0.8235,0.9102
23,46,31,0.8251,0.9025
23,47,30,0.8267,0.8937
23,48,29,0.8285,0.8837
23,49,28,0.8304,0.8727
23,50,27,0.8323,0.8606
23,51,26,0.8342,0.8474
23,52,25,0.8362,0.8332
23,53,24,0.8382,0.8179
23,54,23,0.8403,0.8016
23,55,22,0.8423,0.7843
23,56,21,0.8443,0.7660
23,57,20,0.8462,0.7469
23,58,19,0.8482,0.7268
23,59,18,0.8500,0.7060
23,60,17,0.8519,0.6843
23,61,16,0.8537,0.6620
23,62,15,0.8555,0.6390
23,63,14,0.8572,0.6154
23,64,13,0.8589,0.5913
23,65,12,0.8605,0.5669
23,66,11,0.8621,0.5421
23,67,10,0.8637,0.5172
23,68,9,0.8652,0.4921
23,69,8,0.8667,0.4670
23,70,7,0.8682,0.4420
23,71,6,0.8697,0.4171
23,72,5,0.8712,0.3925
23,73,4,0.8727,0.3683
23,74,3,0.8742,0.3446
23,75,2,0.8757,0.3214
23,76,1,0.8772,0.2989
23,77,0,0.8787,0.2770
24,0,76,0.8554,0.2864
24,1,75,0.8580,0.3087
24,2,74,0.8602,0.3317
24,3,73,0.8621,0.3554
24,4,72,0.8637,0.3796
24,5,71,0.8649,0.4042
24,6,70,0.8657,0.4292
24,7,69,0.8663,0.4545
24,8,68,0.8665,0.4799
24,9,67,0.8664,0.5054
24,10,66,0.8660,0.5308
24,11,65,0.8653,0.5562
24,12,64,0.8643,0.5812
24,13,63,0.8630,0.6060
24,14,62,0.8615,0.6303
24,15,61,0.8598,0.6541
24,16,60,0.8579,0.6774
24,17,59,0.8558,0.6999
24,18,58,0.8536,0.7218
24,19,57,0.8513,0.7428
24,20,56,0.8488,0.7630
24,21,55,0.8464,0.7822
24,22,54,0.8438,0.8005
24,23,53,0.8413,0.8179
24,24,52,0.8389,0.8342
24,25,51,0.8364,0.8494
24,26,50,0.8341,0.8636
24,27,49,0.8319,0.8767
24,28,48,0.8298,0.8887
24,29,47,0.8280,0.8996
24,30,46,0.8262,0.9093
24,31,45,0.8247,0.9179
24,32,44,0.8234,0.9254
24,33,43,0.8224,0.9317
24,34,42,0.8216,0.9369
24,35,41,0.8210,0.9409
24,36,40,0.8206,0.9438
24,37,39,0.8206,0.9455
24,38,38,0.8207,0.9461
24,39,37,0.8211,0.9455
24,40,36,0.8217,0.9438
24,41,35,0.8225,0.9409
24,42,34,0.8235,0.9369
24,43,33,0.8246,0.9317
24,44,32,0.8260,0.9254
24,45,31,0.8275,0.9179
24,46,30,0.8291,0.9093
24,47,29,0.8308,0.8996
24,48,28,0.8325,0.8887
24,49,27,0.8344,0.8767
24,50,26,0.8363,0.8636
24,51,25,0.8383,0.8494
24,52,24,0.8402,0.8342
24,53,23,0.8422,0.8179
24,54,22,0.8442,0.8005
24,55,21,0.8461,0.7822
24,56,20,0.8480,0.7630
24,57,19,0.8499,0.7428
24,58,18,0.8518,0.7218
24,59,17,0.8536,0.6999
24,60,16,0.8554,0.6774
24,61,15,0.8571,0.6541
24,62,14,0.8588,0.6303
24,63,13,0.8604,0.6060
24,64,12,0.8620,0.5812
24,65,11,0.8635,0.5562
24,66,10,0.8651,0.5308
24,67,9,0.8666,0.5054
24,68,8,0.8680,0.4799
24,69,7,0.8695,0.4545
24,70,6,0.8709,0.4292
24,71,5,0.8723,0.4042
24,72,4,0.8737,0.3796
24,73,3,0.8752,0.3554
24,74,2,0.8766,0.3317
24,75,1,0.8780,0.3087
24,76,0,0.8795,0.2864
25,0,75,0.8600,0.2954
25,1,74,0.8622,0.3182
25,2,73,0.8641,0.3417
25,3,72,0.8656,0.3657
25,4,71,0.8668,0.3904
25,5,70,0.8677,0.4154
25,6,69,0.8682,0.4408
25,7,68,0.8684,0.4665
25,8,67,0.8683,0.4923
25,9,66,0.8679,0.5181
25,10,65,0.8673,0.5439
25,11,64,0.8663,0.5695
25,12,63,0.8651,0.5949
25,13,62,0.8636,0.6199
25,14,61,0.8620,0.6445
25,15,60,0.8601,0.6685
25,16,59,0.8581,0.6920
25,17,58,0.8559,0.7147
25,18,57,0.8536,0.7367
25,19,56,0.8513,0.7578
25,20,55,0.8488,0.7781
25,21,54,0.8464,0.7975
25,22,53,0.8439,0.8158
25,23,52,0.8415,0.8332
25,24,51,0.8392,0.8494
25,25,50,0.8369,0.8647
25,26,49,0.8347,0.8788
25,27,48,0.8327,0.8917
25,28,47,0.8308,0.9036
25,29,46,0.8291,0.9142
25,30,45,0.8276,0.9237
25,31,44,0.8263,0.9321
25,32,43,0.8253,0.9392
25,33,42,0.8244,0.9452
25,34,41,0.8239,0.9500
25,35,40,0.8235,0.9535
25,36,39,0.8234,0.9559
25,37,38,0.8235,0.9571
25,38,37,0.8238,0.9571
25,39,36,0.8244,0.9559
25,40,35,0.8251,0.9535
25,41,34,0.8261,0.9500
25,42,33,0.8272,0.9452
25,43,32,0.8285,0.9392
25,44,31,0.8299,0.9321
25,45,30,0.8314,0.9237
25,46,29,0.8331,0.9142
25,47,28,0.8348,0.9036
25,48,27,0.8367,0.8917
25,49,26,0.8385,0.8788
25,50,25,0.8404,0.8647
25,51,24,0.8423,0.8494
25,52,23,0.8443,0.8332
25,53,22,0.8462,0.8158
25,54,21,0.8481,0.7975
25,55,20,0.8500,0.7781
25,56,19,0.8519,0.7578
25,57,18,0.8537,0.7367
25,58,17,0.8554,0.7147
25,59,16,0.8572,0.6920
25,60,15,0.8589,0.6685
25,61,14,0.8605,0.6445
25,62,13,0.8621,0.6199
25,63,12,0.8637,0.5949
25,64,11,0.8652,0.5695
25,65,10,0.8666,0.5439
25,66,9,0.8681,0.5181
25,67,8,0.8695,0.4923
25,68,7,0.8709,0.4665
25,69,6,0.8723,0.4408
25,70,5,0.8736,0.4154
25,71,4,0.8750,0.3904
25,72,3,0.8764,0.3657
25,73,2,0.8777,0.3417
25,74,1,0.8791,0.3182
25,75,0,0.8804,0.2954
26,0,74,0.8644,0.3041
26,1,73,0.8662,0.3273
26,2,72,0.8677,0.3512
26,3,71,0.8688,0.3757
26,4,70,0.8697,0.4007
26,5,69,0.8702,0.4261
26,6,68,0.8704,0.4519
26,7,67,0.8703,0.4779
26,8,66,0.8699,0.5040
26,9,65,0.8693,0.5302
26,10,64,0.8683,0.5563
26,11,63,0.8672,0.5822
26,12,62,0.8657,0.6078
26,13,61,0.8641,0.6331
26,14,60,0.8623,0.6579
26,15,59,0.8603,0.6821
26,16,58,0.8582,0.7057
26,17,57,0.8560,0.7286
26,18,56,0.8537,0.7507
26,19,55,0.8513,0.7720
26,20,54,0.8489,0.7923
26,21,53,0.8465,0.8117
26,22,52,0.8442,0.8301
26,23,51,0.8418,0.8474
26,24,50,0.8396,0.8636
26,25,49,0.8375,0.8788
26,26,48,0.8355,0.8927
26,27,47,0.8337,0.9055
26,28,46,0.8320,0.9172
26,29,45,0.8305,0.9276
26,30,44,0.8292,0.9369
26,31,43,0.8282,0.9449
26,32,42,0.8273,0.9517
26,33,41,0.8267,0.9572
26,34,40,0.8264,0.9616
26,35,39,0.8262,0.9647
26,36,38,0.8263,0.9665
26,37,37,0.8266,0.9671
26,38,36,0.8271,0.9665
26,39,35,0.8278,0.9647
26,40,34,0.8287,0.9616
26,41,33,0.8298,0.9572
26,42,32,0.8310,0.9517
26,43,31,0.8324,0.9449
26,44,30,0.8339,0.9369
26,45,29,0.8355,0.9276
26,46,28,0.8372,0.9172
26,47,27,0.8390,0.9055
26,48,26,0.8408,0.8927
26,49,25,0.8427,0.8788
26,50,24,0.8446,0.8636
26,51,23,0.8465,0.8474
26,52,22,0.8484,0.8301
26,53,21,0.8502,0.8117
26,54,20,0.8521,0.7923
26,55,19,0.8539,0.7720
26,56,18,0.8557,0.7507
26,57,17,0.8575,0.7286
26,58,16,0.8592,0.7057
26,59,15,0.8608,0.6821
26,60,14,0.8624,0.6579
26,61,13,0.8640,0.6331
26,62,12,0.8655,0.6078
26,63,11,0.8670,0.5822
26,64,10,0.8684,0.5563
26,65,9,0.8698,0.5302
26,66,8,0.8712,0.5040
26,67,7,0.8725,0.4779
26,68,6,0.8739,0.4519
26,69,5,0.8752,0.4261
26,70,4,0.8765,0.4007
26,71,3,0.8777,0.3757
26,72,2,0.8790,0.3512
26,73,1,0.8803,0.3273
26,74,0,0.8816,0.3041
27,0,73,0.8683,0.3125
27,1,72,0.8698,0.3361
27,2,71,0.8709,0.3603
27,3,70,0.8718,0.3852
27,4,69,0.8723,0.4105
27,5,68,0.8725,0.4363
27,6,67,0.8724,0.4624
27,7,66,0.8720,0.4888
27,8,65,0.8713,0.5152
27,9,64,0.8704,0.5417
27,10,63,0.8693,0.5680
27,11,62,0.8679,0.5942
27,12,61,0.8663,0.6201
27,13,60,0.8645,0.6455
27,14,59,0.8626,0.6705
27,15,58,0.8605,0.6949
27,16,57,0.8584,0.7187
27,17,56,0.8561,0.7417
27,18,55,0.8538,0.7639
27,19,54,0.8514,0.7852
27,20,53,0.8491,0.8056
27,21,52,0.8468,0.8250
27,22,51,0.8445,0.8433
27,23,50,0.8423,0.8606
27,24,49,0.8402,0.8767
27,25,48,0.8383,0.8917
27,26,47,0.8365,0.9055
27,27,46,0.8348,0.9182
27,28,45,0.8334,0.9296
27,29,44,0.8321,0.9397
27,30,43,0.8311,0.9487
27,31,42,0.8302,0.9563
27,32,41,0.8296,0.9627
27,33,40,0.8292,0.9678
27,34,39,0.8291,0.9717
27,35,38,0.8291,0.9743
27,36,37,0.8294,0.9755
27,37,36,0.8299,0.9755
27,38,35,0.8306,0.9743
27,39,34,0.8314,0.9717
27,40,33,0.8325,0.9678
27,41,32,0.8337,0.9627
27,42,31,0.8350,0.9563
27,43,30,0.8365,0.9487
27,44,29,0.8381,0.9397
27,45,28,0.8397,0.9296
27,46,27,0.8415,0.9182
27,47,26,0.8432,0.9055
27,48,25,0.8451,0.8917
27,49,24,0.8469,0.8767
27,50,23,0.8488,0.8606
27,51,22,0.8507,0.8433
27,52,21,0.8525,0.8250
27,53,20,0.8543,0.8056
27,54,19,0.8561,0.7852
27,55,18,0.8579,0.7639
27,56,17,0.8596,0.7417
27,57,16,0.8613,0.7187
27,58,15,0.8629,0.6949
27,59,14,0.8645,0.6705
27,60,13,0.8660,0.6455
27,61,12,0.8675,0.6201
27,62,11,0.8690,0.5942
27,63,10,0.8704,0.5680
27,64,9,0.8717,0.5417
27,65,8,0.8730,0.5152
27,66,7,0.8743,0.4888
27,67,6,0.8756,0.4624
27,68,5,0.8769,0.4363
27,69,4,0.8781,0.4105
27,70,3,0.8793,0.3852
27,71,2,0.8806,0.3603
27,72,1,0.8818,0.3361
27,73,0,0.8830,0.3125
28,0,72,0.8720,0.3204
28,1,71,0.8731,0.3444
28,2,70,0.8739,0.3690
28,3,69,0.8744,0.3942
28,4,68,0.8746,0.4199
28,5,67,0.8745,0.4460
28,6,66,0.8741,0.4724
28,7,65,0.8734,0.4991
28,8,64,0.8725,0.5258
28,9,63,0.8714,0.5525
28,10,62,0.8700,0.5791
28,11,61,0.8685,0.6055
28,12,60,0.8668,0.6316
28,13,59,0.8649,0.6572
28,14,58,0.8629,0.6824
28,15,57,0.8607,0.7069
28,16,56,0.8585,0.7308
28,17,55,0.8563,0.7539
28,18,54,0.8540,0.7761
28,19,53,0.8517,0.7975
28,20,52,0.8494,0.8179
28,21,51,0.8472,0.8372
28,22,50,0.8450,0.8555
28,23,49,0.8430,0.8727
28,24,48,0.8411,0.8887
28,25,47,0.8393,0.9036
28,26,46,0.8377,0.9172
28,27,45,0.8362,0.9296
28,28,44,0.8350,0.9407
28,29,43,0.8340,0.9506
28,30,42,0.8331,0.9591
28,31,41,0.8325,0.9664
28,32,40,0.8321,0.9723
28,33,39,0.8319,0.9770
28,34,38,0.8320,0.9803
28,35,37,0.8322,0.9823
28,36,36,0.8327,0.9829
28,37,35,0.8334,0.9823
28,38,34,0.8342,0.9803
28,39,33,0.8352,0.9770
28,40,32,0.8364,0.9723
28,41,31,0.8377,0.9664
28,42,30,0.8391,0.9591
28,43,29,0.8407,0.9506
28,44,28,0.8423,0.9407
28,45,27,0.8440,0.9296
28,46,26,0.8457,0.9172
28,47,25,0.8475,0.9036
28,48,24,0.8494,0.8887
28,49,23,0.8512,0.8727
28,50,22,0.8531,0.8555
28,51,21,0.8549,0.8372
28,52,20,0.8567,0.8179
28,53,19,0.8585,0.7975
28,54,18,0.8602,0.7761
28,55,17,0.8619,0.7539
28,56,16,0.8636,0.7308
28,57,15,0.8652,0.7069
28,58,14,0.8667,0.6824
28,59,13,0.8682,0.6572
28,60,12,0.8697,0.6316
28,61,11,0.8711,0.6055
28,62,10,0.8725,0.5791
28,63,9,0.8738,0.5525
28,64,8,0.8751,0.5258
28,65,7,0.8763,0.4991
28,66,6,0.8776,0.4724
28,67,5,0.8788,0.4460
28,68,4,0.8800,0.4199
28,69,3,0.8811,0.3942
28,70,2,0.8823,0.3690
28,71,1,0.8835,0.3444
28,72,0,0.8846,0.3204
29,0,71,0.8753,0.3280
29,1,70,0.8761,0.3523
29,2,69,0.8765,0.3773
29,3,68,0.8767,0.4028
29,4,67,0.8766,0.4288
29,5,66,0.8762,0.4552
29,6,65,0.8756,0.4819
29,7,64,0.8747,0.5088
29,8,63,0.8736,0.5357
29,9,62,0.8722,0.5627
29,10,61,0.8707,0.5895
29,11,60,0.8690,0.6161
29,12,59,0.8672,0.6423
29,13,58,0.8652,0.6681
29,14,57,0.8631,0.6934
29,15,56,0.8609,0.7181
29,16,55,0.8587,0.7420
29,17,54,0.8565,0.7652
29,18,53,0.8542,0.7874
29,19,52,0.8520,0.8088
29,20,51,0.8498,0.8292
29,21,50,0.8478,0.8485
29,22,49,0.8457,0.8667
29,23,48,0.8439,0.8837
29,24,47,0.8421,0.8996
29,25,46,0.8405,0.9142
29,26,45,0.8391,0.9276
29,27,44,0.8379,0.9397
29,28,43,0.8369,0.9506
29,29,42,0.8360,0.9601
29,30,41,0.8354,0.9682
29,31,40,0.8350,0.9750
29,32,39,0.8348,0.9805
29,33,38,0.8349,0.9846
29,34,37,0.8351,0.9874
29,35,36,0.8356,0.9887
29,36,35,0.8362,0.9887
29,37,34,0.8370,0.9874
29,38,33,0.8380,0.9846
29,39,32,0.8391,0.9805
29,40,31,0.8404,0.9750
29,41,30,0.8418,0.9682
29,42,29,0.8433,0.9601
29,43,28,0.8449,0.9506
29,44,27,0.8466,0.9397
29,45,26,0.8483,0.9276
29,46,25,0.8501,0.9142
29,47,24,0.8519,0.8996
29,48,23,0.8537,0.8837
29,49,22,0.8556,0.8667
29,50,21,0.8574,0.8485
29,51,20,0.8592,0.8292
29,52,19,0.8609,0.8088
29,53,18,0.8626,0.7874
29,54,17,0.8643,0.7652
29,55,16,0.8660,0.7420
29,56,15,0.8676,0.7181
29,57,14,0.8691,0.6934
29,58,13,0.8706,0.6681
29,59,12,0.8720,0.6423
29,60,11,0.8734,0.6161
29,61,10,0.8747,0.5895
29,62,9,0.8760,0.5627
29,63,8,0.8773,0.5357
29,64,7,0.8785,0.5088
29,65,6,0.8797,0.4819
29,66,5,0.8808,0.4552
29,67,4,0.8820,0.4288
29,68,3,0.8831,0.4028
29,69,2,0.8842,0.3773
29,70,1,0.8853,0.3523
29,71,0,0.8864,0.3280
30,0,70,0.8783,0.3352
30,1,69,0.8788,0.3598
30,2,68,0.8789,0.3851
30,3,67,0.8788,0.4109
30,4,66,0.8784,0.4372
30,5,65,0.8778,0.4638
30,6,64,0.8769,0.4908
30,7,63,0.8758,0.5179
30,8,62,0.8745,0.5451
30,9,61,0.8730,0.5722
30,10,60,0.8713,0.5992
30,11,59,0.8695,0.6260
30,12,58,0.8676,0.6524
30,13,57,0.8655,0.6783
30,14,56,0.8634,0.7037
30,15,55,0.8612,0.7284
30,16,54,0.8590,0.7524
30,17,53,0.8568,0.7756
30,18,52,0.8547,0.7979
30,19,51,0.8525,0.8192
30,20,50,0.8505,0.8395
30,21,49,0.8485,0.8587
30,22,48,0.8467,0.8768
30,23,47,0.8449,0.8937
30,24,46,0.8434,0.9093
30,25,45,0.8420,0.9237
30,26,44,0.8408,0.9369
30,27,43,0.8398,0.9487
30,28,42,0.8390,0.9591
30,29,41,0.8383,0.9682
30,30,40,0.8380,0.9759
30,31,39,0.8378,0.9823
30,32,38,0.8378,0.9872
30,33,37,0.8380,0.9908
30,34,36,0.8385,0.9929
30,35,35,0.8391,0.9936
30,36,34,0.8399,0.9929
30,37,33,0.8408,0.9908
30,38,32,0.8420,0.9872
30,39,31,0.8432,0.9823
30,40,30,0.8446,0.9759
30,41,29,0.8461,0.9682
30,42,28,0.8477,0.9591
30,43,27,0.8493,0.9487
30,44,26,0.8510,0.9369
30,45,25,0.8528,0.9237
30,46,24,0.8546,0.9093
30,47,23,0.8564,0.8937
30,48,22,0.8582,0.8768
30,49,21,0.8600,0.8587
30,50,20,0.8617,0.8395
30,51,19,0.8635,0.8192
30,52,18,0.8652,0.7979
30,53,17,0.8669,0.7756
30,54,16,0.8685,0.7524
30,55,15,0.8701,0.7284
30,56,14,0.8716,0.7037
30,57,13,0.8731,0.6783
30,58,12,0.8745,0.6524
30,59,11,0.8758,0.6260
30,60,10,0.8771,0.5992
30,61,9,0.8784,0.5722
30,62,8,0.8796,0.5451
30,63,7,0.8808,0.5179
30,64,6,0.8820,0.4908
30,65,5,0.8831,0.4638
30,66,4,0.8842,0.4372
30,67,3,0.8852,0.4109
30,68,2,0.8863,0.3851
30,69,1,0.8873,0.3598
30,70,0,0.8884,0.3352
31,0,69,0.8811,0.3421
31,1,68,0.8812,0.3669
31,2,67,0.8810,0.3924
31,3,66,0.8806,0.4185
31,4,65,0.8800,0.4450
31,5,64,0.8791,0.4719
31,6,63,0.8780,0.4991
31,7,62,0.8767,0.5264
31,8,61,0.8753,0.5538
31,9,60,0.8736,0.5811
31,10,59,0.8718,0.6083
31,11,58,0.8699,0.6352
31,12,57,0.8679,0.6617
31,13,56,0.8659,0.6877
31,14,55,0.8637,0.7131
31,15,54,0.8616,0.7379
31,16,53,0.8594,0.7619
31,17,52,0.8573,0.7851
31,18,51,0.8552,0.8073
31,19,50,0.8532,0.8286
31,20,49,0.8513,0.8488
31,21,48,0.8495,0.8679
31,22,47,0.8478,0.8858
31,23,46,0.8463,0.9025
31,24,45,0.8449,0.9179
31,25,44,0.8437,0.9321
31,26,43,0.8427,0.9449
31,27,42,0.8419,0.9563
31,28,41,0.8413,0.9664
31,29,40,0.8409,0.9750
31,30,39,0.8407,0.9823
31,31,38,0.8407,0.9881
31,32,37,0.8410,0.9925
31,33,36,0.8414,0.9954
31,34,35,0.8420,0.9968
31,35,34,0.8428,0.9968
31,36,33,0.8437,0.9954
31,37,32,0.8448,0.9925
31,38,31,0.8461,0.9881
31,39,30,0.8474,0.9823
31,40,29,0.8489,0.9750
31,41,28,0.8505,0.9664
31,42,27,0.8521,0.9563
31,43,26,0.8538,0.9449
31,44,25,0.8555,0.9321
31,45,24,0.8573,0.9179
31,46,23,0.8591,0.9025
31,47,22,0.8609,0.8858
31,48,21,0.8627,0.8679
31,49,20,0.8644,0.8488
31,50,19,0.8662,0.8286
31,51,18,0.8679,0.8073
31,52,17,0.8695,0.7851
31,53,16,0.8711,0.7619
31,54,15,0.8727,0.7379
31,55,14,0.8742,0.7131
31,56,13,0.8757,0.6877
31,57,12,0.8771,0.6617
31,58,11,0.8784,0.6352
31,59,10,0.8797,0.6083
31,60,9,0.8809,0.5811
31,61,8,0.8821,0.5538
31,62,7,0.8833,0.5264
31,63,6,0.8844,0.4991
31,64,5,0.8855,0.4719
31,65,4,0.8865,0.4450
31,66,3,0.8876,0.4185
31,67,2,0.8886,0.3924
31,68,1,0.8896,0.3669
31,69,0,0.8905,0.3421
32,0,68,0.8835,0.3485
32,1,67,0.8834,0.3736
32,2,66,0.8829,0.3994
32,3,65,0.8823,0.4257
32,4,64,0.8814,0.4524
32,5,63,0.8803,0.4795
32,6,62,0.8791,0.5069
32,7,61,0.8776,0.5344
32,8,60,0.8760,0.5619
32,9,59,0.8742,0.5894
32,10,58,0.8724,0.6167
32,11,57,0.8704,0.6437
32,12,56,0.8684,0.6703
32,13,55,0.8663,0.6963
32,14,54,0.8642,0.7218
32,15,53,0.8621,0.7466
32,16,52,0.8600,0.7706
32,17,51,0.8579,0.7937
32,18,50,0.8560,0.8159
32,19,49,0.8541,0.8371
32,20,48,0.8523,0.8572
32,21,47,0.8507,0.8761
32,22,46,0.8492,0.8938
32,23,45,0.8478,0.9102
32,24,44,0.8467,0.9254
32,25,43,0.8457,0.9392
32,26,42,0.8449,0.9517
32,27,41,0.8443,0.9627
32,28,40,0.8439,0.9723
32,29,39,0.8437,0.9805
32,30,38,0.8437,0.9872
32,31,37,0.8440,0.9925
32,32,36,0.8444,0.9962
32,33,35,0.8450,0.9985
32,34,34,0.8457,0.9992
32,35,33,0.8467,0.9985
32,36,32,0.8477,0.9962
32,37,31,0.8490,0.9925
32,38,30,0.8503,0.9872
32,39,29,0.8518,0.9805
32,40,28,0.8533,0.9723
32,41,27,0.8549,0.9627
32,42,26,0.8566,0.9517
32,43,25,0.8583,0.9392
32,44,24,0.8601,0.9254
32,45,23,0.8619,0.9102
32,46,22,0.8637,0.8938
32,47,21,0.8654,0.8761
32,48,20,0.8672,0.8572
32,49,19,0.8689,0.8371
32,50,18,0.8706,0.8159
32,51,17,0.8723,0.7937
32,52,16,0.8739,0.7706
32,53,15,0.8754,0.7466
32,54,14,0.8769,0.7218
32,55,13,0.8784,0.6963
32,56,12,0.8798,0.6703
32,57,11,0.8811,0.6437
32,58,10,0.8824,0.6167
32,59,9,0.8836,0.5894
32,60,8,0.8848,0.5619
32,61,7,0.8859,0.5344
32,62,6,0.8870,0.5069
32,63,5,0.8880,0.4795
32,64,4,0.8891,0.4524
32,65,3,0.8900,0.4257
32,66,2,0.8910,0.3994
32,67,1,0.8919,0.3736
32,68,0,0.8929,0.3485
33,0,67,0.8857,0.3545
33,1,66,0.8853,0.3799
33,2,65,0.8846,0.4058
33,3,64,0.8838,0.4324
33,4,63,0.8827,0.4593
33,5,62,0.8814,0.4866
33,6,61,0.8800,0.5141
33,7,60,0.8784,0.5418
33,8,59,0.8767,0.5695
33,9,58,0.8748,0.5971
33,10,57,0.8729,0.6244
33,11,56,0.8709,0.6515
33,12,55,0.8689,0.6781
33,13,54,0.8668,0.7042
33,14,53,0.8647,0.7297
33,15,52,0.8627,0.7545
33,16,51,0.8607,0.7785
33,17,50,0.8588,0.8015
33,18,49,0.8569,0.8236
33,19,48,0.8552,0.8446
33,20,47,0.8536,0.8645
33,21,46,0.8521,0.8832
33,22,45,0.8508,0.9007
33,23,44,0.8497,0.9169
33,24,43,0.8487,0.9317
33,25,42,0.8479,0.9452
33,26,41,0.8473,0.9572
33,27,40,0.8469,0.9678
33,28,39,0.8468,0.9770
33,29,38,0.8468,0.9846
33,30,37,0.8470,0.9908
33,31,36,0.8474,0.9954
33,32,35,0.8480,0.9985
33,33,34,0.8487,1.0000
33,34,33,0.8497,1.0000
33,35,32,0.8507,0.9985
33,36,31,0.8519,0.9954
33,37,30,0.8533,0.9908
33,38,29,0.8547,0.9846
33,39,28,0.8562,0.9770
33,40,27,0.8578,0.9678
33,41,26,0.8595,0.9572
33,42,25,0.8612,0.9452
33,43,24,0.8630,0.9317
33,44,23,0.8647,0.9169
33,45,22,0.8665,0.9007
33,46,21,0.8683,0.8832
33,47,20,0.8700,0.8645
33,48,19,0.8718,0.8446
33,49,18,0.8735,0.8236
33,50,17,0.8751,0.8015
33,51,16,0.8767,0.7785
33,52,15,0.8783,0.7545
33,53,14,0.8798,0.7297
33,54,13,0.8812,0.7042
33,55,12,0.8826,0.6781
33,56,11,0.8839,0.6515
33,57,10,0.8852,0.6244
33,58,9,0.8864,0.5971
33,59,8,0.8875,0.5695
33,60,7,0.8886,0.5418
33,61,6,0.8897,0.5141
33,62,5,0.8907,0.4866
33,63,4,0.8917,0.4593
33,64,3,0.8927,0.4324
33,65,2,0.8936,0.4058
33,66,1,0.8945,0.3799
33,67,0,0.8953,0.3545
34,0,66,0.8877,0.3602
34,1,65,0.8870,0.3857
34,2,64,0.8862,0.4119
34,3,63,0.8851,0.4386
34,4,62,0.8838,0.4657
34,5,61,0.8824,0.4932
34,6,60,0.8809,0.5208
34,7,59,0.8792,0.5486
34,8,58,0.8774,0.5764
34,9,57,0.8755,0.6041
34,10,56,0.8735,0.6315
34,11,55,0.8715,0.6586
34,12,54,0.8695,0.6853
34,13,53,0.8675,0.7114
34,14,52,0.8655,0.7369
34,15,51,0.8635,0.7616
34,16,50,0.8616,0.7855
34,17,49,0.8598,0.8084
34,18,48,0.8581,0.8303
34,19,47,0.8565,0.8512
34,20,46,0.8551,0.8709
34,21,45,0.8538,0.8894
34,22,44,0.8527,0.9065
34,23,43,0.8517,0.9224
34,24,42,0.8510,0.9369
34,25,41,0.8504,0.9500
34,26,40,0.8500,0.9616
34,27,39,0.8499,0.9717
34,28,38,0.8499,0.9803
34,29,37,0.8501,0.9874
34,30,36,0.8505,0.9929
34,31,35,0.8511,0.9968
34,32,34,0.8518,0.9992
34,33,33,0.8527,1.0000
34,34,32,0.8538,0.9992
34,35,31,0.8550,0.9968
34,36,30,0.8563,0.9929
34,37,29,0.8577,0.9874
34,38,28,0.8592,0.9803
34,39,27,0.8608,0.9717
34,40,26,0.8625,0.9616
34,41,25,0.8642,0.9500
34,42,24,0.8659,0.9369
34,43,23,0.8677,0.9224
34,44,22,0.8694,0.9065
34,45,21,0.8712,0.8894
34,46,20,0.8730,0.8709
34,47,19,0.8747,0.8512
34,48,18,0.8764,0.8303
34,49,17,0.8780,0.8084
34,50,16,0.8796,0.7855
34,51,15,0.8812,0.7616
34,52,14,0.8827,0.7369
34,53,13,0.8841,0.7114
34,54,12,0.8855,0.6853
34,55,11,0.8868,0.6586
34,56,10,0.8881,0.6315
34,57,9,0.8893,0.6041
34,58,8,0.8904,0.5764
34,59,7,0.8915,0.5486
34,60,6,0.8925,0.5208
34,61,5,0.8935,0.4932
34,62,4,0.8945,0.4657
34,63,3,0.8954,0.4386
34,64,2,0.8963,0.4119
34,65,1,0.8971,0.3857
34,66,0,0.8980,0.3602
35,0,65,0.8895,0.3655
35,1,64,0.8886,0.3912
35,2,63,0.8875,0.4175
35,3,62,0.8863,0.4444
35,4,61,0.8849,0.4716
35,5,60,0.8833,0.4992
35,6,59,0.8817,0.5270
35,7,58,0.8799,0.5549
35,8,57,0.8780,0.5827
35,9,56,0.8761,0.6105
35,10,55,0.8742,0.6379
35,11,54,0.8722,0.6651
35,12,53,0.8702,0.6917
35,13,52,0.8682,0.7178
35,14,51,0.8663,0.7432
35,15,50,0.8645,0.7679
35,16,49,0.8627,0.7916
35,17,48,0.8610,0.8144
35,18,47,0.8595,0.8362
35,19,46,0.8581,0.8568
35,20,45,0.8568,0.8763
35,21,44,0.8557,0.8945
35,22,43,0.8548,0.9113
35,23,42,0.8541,0.9268
35,24,41,0.8535,0.9409
35,25,40,0.8532,0.9535
35,26,39,0.8530,0.9647
35,27,38,0.8530,0.9743
35,28,37,0.8532,0.9823
35,29,36,0.8536,0.9887
35,30,35,0.8542,0.9936
35,31,34,0.8549,0.9968
35,32,33,0.8558,0.9985
35,33,32,0.8569,0.9985
35,34,31,0.8580,0.9968
35,35,30,0.8593,0.9936
35,36,29,0.8608,0.9887
35,37,28,0.8623,0.9823
35,38,27,0.8638,0.9743
35,39,26,0.8655,0.9647
35,40,25,0.8672,0.9535
35,41,24,0.8689,0.9409
35,42,23,0.8707,0.9268
35,43,22,0.8724,0.9113
35,44,21,0.8742,0.8945
35,45,20,0.8759,0.8763
35,46,19,0.8777,0.8568
35,47,18,0.8793,0.8362
35,48,17,0.8810,0.8144
35,49,16,0.8826,0.7916
35,50,15,0.8841,0.7679
35,51,14,0.8856,0.7432
35,52,13,0.8871,0.7178
35,53,12,0.8885,0.6917
35,54,11,0.8898,0.6651
35,55,10,0.8910,0.6379
35,56,9,0.8922,0.6105
35,57,8,0.8934,0.5827
35,58,7,0.8944,0.5549
35,59,6,0.8955,0.5270
35,60,5,0.8964,0.4992
35,61,4,0.8974,0.4716
35,62,3,0.8983,0.4444
35,63,2,0.8991,0.4175
35,64,1,0.8999,0.3912
35,65,0,0.9007,0.3655
36,0,64,0.8911,0.3704
36,1,63,0.8900,0.3962
36,2,62,0.8888,0.4227
36,3,61,0.8874,0.4497
36,4,60,0.8859,0.4771
36,5,59,0.8842,0.5048
36,6,58,0.8825,0.5326
36,7,57,0.8807,0.5606
36,8,56,0.8788,0.5885
36,9,55,0.8769,0.6163
36,10,54,0.8749,0.6437
36,11,53,0.8730,0.6709
36,12,52,0.8711,0.6975
36,13,51,0.8692,0.7235
36,14,50,0.8674,0.7488
36,15,49,0.8657,0.7733
36,16,48,0.8640,0.7969
36,17,47,0.8625,0.8196
36,18,46,0.8612,0.8411
36,19,45,0.8599,0.8615
36,20,44,0.8589,0.8807
36,21,43,0.8580,0.8985
36,22,42,0.8572,0.9151
36,23,41,0.8567,0.9302
36,24,40,0.8563,0.9438
36,25,39,0.8562,0.9559
36,26,38,0.8562,0.9665
36,27,37,0.8564,0.9755
36,28,36,0.8568,0.9829
36,29,35,0.8573,0.9887
36,30,34,0.8581,0.9929
36,31,33,0.8590,0.9954
36,32,32,0.8600,0.9962
36,33,31,0.8612,0.9954
36,34,30,0.8625,0.9929
36,35,29,0.8639,0.9887
36,36,28,0.8654,0.9829
36,37,27,0.8669,0.9755
36,38,26,0.8686,0.9665
36,39,25,0.8702,0.9559
36,40,24,0.8720,0.9438
36,41,23,0.8737,0.9302
36,42,22,0.8755,0.9151
36,43,21,0.8772,0.8985
36,44,20,0.8790,0.8807
36,45,19,0.8807,0.8615
36,46,18,0.8824,0.8411
36,47,17,0.8840,0.8196
36,48,16,0.8856,0.7969
36,49,15,0.8872,0.7733
36,50,14,0.8887,0.7488
36,51,13,0.8901,0.7235
36,52,12,0.8915,0.6975
36,53,11,0.8928,0.6709
36,54,10,0.8941,0.6437
36,55,9,0.8953,0.6163
36,56,8,0.8964,0.5885
36,57,7,0.8975,0.5606
36,58,6,0.8985,0.5326
36,59,5,0.8994,0.5048
36,60,4,0.9003,0.4771
36,61,3,0.9012,0.4497
36,62,2,0.9020,0.4227
36,63,1,0.9028,0.3962
36,64,0,0.9036,0.3704
37,0,63,0.8926,0.3749
37,1,62,0.8913,0.4009
37,2,61,0.8900,0.4275
37,3,60,0.8885,0.4546
37,4,59,0.8869,0.4821
37,5,58,0.8851,0.5098
37,6,57,0.8834,0.5378
37,7,56,0.8815,0.5657
37,8,55,0.8796,0.5937
37,9,54,0.8777,0.6214
37,10,53,0.8758,0.6489
37,11,52,0.8740,0.6760
37,12,51,0.8721,0.7025
37,13,50,0.8704,0.7285
37,14,49,0.8687,0.7536
37,15,48,0.8671,0.7780
37,16,47,0.8656,0.8014
37,17,46,0.8643,0.8238
37,18,45,0.8631,0.8451
37,19,44,0.8620,0.8653
37,20,43,0.8611,0.8841
37,21,42,0.8604,0.9016
37,22,41,0.8599,0.9177
37,23,40,0.8596,0.9324
37,24,39,0.8594,0.9455
37,25,38,0.8594,0.9571
37,26,37,0.8596,0.9671
37,27,36,0.8600,0.9755
37,28,35,0.8606,0.9823
37,29,34,0.8613,0.9874
37,30,33,0.8622,0.9908
37,31,32,0.8632,0.9925
37,32,31,0.8644,0.9925
37,33,30,0.8656,0.9908
37,34,29,0.8670,0.9874
37,35,28,0.8685,0.9823
37,36,27,0.8701,0.9755
37,37,26,0.8717,0.9671
37,38,25,0.8734,0.9571
37,39,24,0.8751,0.9455
37,40,23,0.8768,0.9324
37,41,22,0.8786,0.9177
37,42,21,0.8803,0.9016
37,43,20,0.8821,0.8841
37,44,19,0.8838,0.8653
37,45,18,0.8855,0.8451
37,46,17,0.8871,0.8238
37,47,16,0.8887,0.8014
37,48,15,0.8903,0.7780
37,49,14,0.8918,0.7536
37,50,13,0.8932,0.7285
37,51,12,0.8946,0.7025
37,52,11,0.8959,0.6760
37,53,10,0.8972,0.6489
37,54,9,0.8984,0.6214
37,55,8,0.8995,0.5937
37,56,7,0.9006,0.5657
37,57,6,0.9016,0.5378
37,58,5,0.9025,0.5098
37,59,4,0.9034,0.4821
37,60,3,0.9043,0.4546
37,61,2,0.9051,0.4275
37,62,1,0.9058,0.4009
37,63,0,0.9066,0.3749
38,0,62,0.8939,0.3791
38,1,61,0.8926,0.4052
38,2,60,0.8911,0.4319
38,3,59,0.8895,0.4591
38,4,58,0.8878,0.4866
38,5,57,0.8861,0.5144
38,6,56,0.8843,0.5424
38,7,55,0.8824,0.5704
38,8,54,0.8806,0.5983
38,9,53,0.8787,0.6260
38,10,52,0.8769,0.6534
38,11,51,0.8751,0.6804
38,12,50,0.8734,0.7069
38,13,49,0.8717,0.7327
38,14,48,0.8702,0.7577
38,15,47,0.8687,0.7819
38,16,46,0.8674,0.8051
38,17,45,0.8662,0.8273
38,18,44,0.8652,0.8483
38,19,43,0.8644,0.8681
38,20,42,0.8637,0.8865
38,21,41,0.8632,0.9036
38,22,40,0.8628,0.9193
38,23,39,0.8627,0.9335
38,24,38,0.8627,0.9461
38,25,37,0.8629,0.9571
38,26,36,0.8633,0.9665
38,27,35,0.8639,0.9743
38,28,34,0.8646,0.9803
38,29,33,0.8654,0.9846
38,30,32,0.8665,0.9872
38,31,31,0.8676,0.9881
38,32,30,0.8689,0.9872
38,33,29,0.8702,0.9846
38,34,28,0.8717,0.9803
38,35,27,0.8732,0.9743
38,36,26,0.8749,0.9665
38,37,25,0.8765,0.9571
38,38,24,0.8782,0.9461
38,39,23,0.8800,0.9335
38,40,22,0.8817,0.9193
38,41,21,0.8835,0.9036
38,42,20,0.8852,0.8865
38,43,19,0.8869,0.8681
38,44,18,0.8886,0.8483
38,45,17,0.8903,0.8273
38,46,16,0.8919,0.8051
38,47,15,0.8934,0.7819
38,48,14,0.8949,0.7577
38,49,13,0.8964,0.7327
38,50,12,0.8977,0.7069
38,51,11,0.8991,0.6804
38,52,10,0.9003,0.6534
38,53,9,0.9015,0.6260
38,54,8,0.9026,0.5983
38,55,7,0.9037,0.5704
38,56,6,0.9047,0.5424
38,57,5,0.9056,0.5144
38,58,4,0.9065,0.4866
38,59,3,0.9074,0.4591
38,60,2,0.9082,0.4319
38,61,1,0.9089,0.4052
38,62,0,0.9096,0.3791
39,0,61,0.8952,0.3829
39,1,60,0.8938,0.4091
39,2,59,0.8922,0.4359
39,3,58,0.8905,0.4631
39,4,57,0.8888,0.4907
39,5,56,0.8871,0.5185
39,6,55,0.8853,0.5465
39,7,54,0.8834,0.5745
39,8,53,0.8816,0.6023
39,9,52,0.8798,0.6300
39,10,51,0.8781,0.6574
39,11,50,0.8764,0.6843
39,12,49,0.8748,0.7106
39,13,48,0.8733,0.7362
39,14,47,0.8719,0.7611
39,15,46,0.8706,0.7850
39,16,45,0.8695,0.8080
39,17,44,0.8685,0.8298
39,18,43,0.8677,0.8505
39,19,42,0.8670,0.8699
39,20,41,0.8665,0.8880
39,21,40,0.8662,0.9047
39,22,39,0.8660,0.9198
39,23,38,0.8661,0.9335
39,24,37,0.8663,0.9455
39,25,36,0.8666,0.9559
39,26,35,0.8672,0.9647
39,27,34,0.8679,0.9717
39,28,33,0.8688,0.9770
39,29,32,0.8698,0.9805
39,30,31,0.8709,0.9823
39,31,30,0.8721,0.9823
39,32,29,0.8735,0.9805
39,33,28,0.8749,0.9770
39,34,27,0.8765,0.9717
39,35,26,0.8781,0.9647
39,36,25,0.8797,0.9559
39,37,24,0.8814,0.9455
39,38,23,0.8832,0.9335
39,39,22,0.8849,0.9198
39,40,21,0.8866,0.9047
39,41,20,0.8884,0.8880
39,42,19,0.8901,0.8699
39,43,18,0.8918,0.8505
39,44,17,0.8934,0.8298
39,45,16,0.8950,0.8080
39,46,15,0.8966,0.7850
39,47,14,0.8981,0.7611
39,48,13,0.8995,0.7362
39,49,12,0.9009,0.7106
39,50,11,0.9022,0.6843
39,51,10,0.9035,0.6574
39,52,9,0.9047,0.6300
39,53,8,0.9058,0.6023
39,54,7,0.9069,0.5745
39,55,6,0.9079,0.5465
39,56,5,0.9088,0.5185
39,57,4,0.9097,0.4907
39,58,3,0.9105,0.4631
39,59,2,0.9113,0.4359
39,60,1,0.9121,0.4091
39,61,0,0.9127,0.3829
40,0,60,0.8965,0.3863
40,1,59,0.8949,0.4126
40,2,58,0.8933,0.4394
40,3,57,0.8916,0.4667
40,4,56,0.8899,0.4943
40,5,55,0.8881,0.5221
40,6,54,0.8864,0.5501
40,7,53,0.8846,0.5780
40,8,52,0.8828,0.6059
40,9,51,0.8811,0.6334
40,10,50,0.8795,0.6607
40,11,49,0.8779,0.6874
40,12,48,0.8765,0.7136
40,13,47,0.8751,0.7390
40,14,46,0.8739,0.7636
40,15,45,0.8728,0.7873
40,16,44,0.8718,0.8100
40,17,43,0.8710,0.8315
40,18,42,0.8703,0.8519
40,19,41,0.8699,0.8709
40,20,40,0.8696,0.8885
40,21,39,0.8694,0.9047
40,22,38,0.8695,0.9193
40,23,37,0.8697,0.9324
40,24,36,0.8700,0.9438
40,25,35,0.8706,0.9535
40,26,34,0.8713,0.9616
40,27,33,0.8721,0.9678
40,28,32,0.8731,0.9723
40,29,31,0.8742,0.9750
40,30,30,0.8755,0.9759
40,31,29,0.8768,0.9750
40,32,28,0.8782,0.9723
40,33,27,0.8798,0.9678
40,34,26,0.8813,0.9616
40,35,25,0.8830,0.9535
40,36,24,0.8847,0.9438
40,37,23,0.8864,0.9324
40,38,22,0.8881,0.9193
40,39,21,0.8898,0.9047
40,40,20,0.8916,0.8885
40,41,19,0.8933,0.8709
40,42,18,0.8950,0.8519
40,43,17,0.8966,0.8315
40,44,16,0.8982,0.8100
40,45,15,0.8998,0.7873
40,46,14,0.9013,0.7636
40,47,13,0.9027,0.7390
40,48,12,0.9041,0.7136
40,49,11,0.9055,0.6874
40,50,10,0.9067,0.6607
40,51,9,0.9079,0.6334
40,52,8,0.9090,0.6059
40,53,7,0.9101,0.5780
40,54,6,0.9111,0.5501
40,55,5,0.9120,0.5221
40,56,4,0.9129,0.4943
40,57,3,0.9137,0.4667
40,58,2,0.9145,0.4394
40,59,1,0.9152,0.4126
40,60,0,0.9159,0.3863
41,0,59,0.8977,0.3895
41,1,58,0.8961,0.4158
41,2,57,0.8945,0.4426
41,3,56,0.8928,0.4699
41,4,55,0.8910,0.4975
41,5,54,0.8893,0.5253
41,6,53,0.8876,0.5532
41,7,52,0.8859,0.5811
41,8,51,0.8842,0.6088
41,9,50,0.8826,0.6363
41,10,49,0.8811,0.6634
41,11,48,0.8797,0.6900
41,12,47,0.8784,0.7159
41,13,46,0.8772,0.7411
41,14,45,0.8761,0.7655
41,15,44,0.8752,0.7889
41,16,43,0.8744,0.8112
41,17,42,0.8738,0.8324
41,18,41,0.8733,0.8523
41,19,40,0.8730,0.8709
41,20,39,0.8729,0.8880
41,21,38,0.8729,0.9036
41,22,37,0.8731,0.9177
41,23,36,0.8735,0.9302
41,24,35,0.8740,0.9409
41,25,34,0.8747,0.9500
41,26,33,0.8755,0.9572
41,27,32,0.8765,0.9627
41,28,31,0.8776,0.9664
41,29,30,0.8788,0.9682
41,30,29,0.8802,0.9682
41,31,28,0.8816,0.9664
41,32,27,0.8831,0.9627
41,33,26,0.8846,0.9572
41,34,25,0.8863,0.9500
41,35,24,0.8879,0.9409
41,36,23,0.8896,0.9302
41,37,22,0.8913,0.9177
41,38,21,0.8931,0.9036
41,39,20,0.8948,0.8880
41,40,19,0.8965,0.8709
41,41,18,0.8982,0.8523
41,42,17,0.8998,0.8324
41,43,16,0.9014,0.8112
41,44,15,0.9030,0.7889
41,45,14,0.9045,0.7655
41,46,13,0.9059,0.7411
41,47,12,0.9073,0.7159
41,48,11,0.9087,0.6900
41,49,10,0.9099,0.6634
41,50,9,0.9111,0.6363
41,51,8,0.9123,0.6088
41,52,7,0.9133,0.5811
41,53,6,0.9143,0.5532
41,54,5,0.9153,0.5253
41,55,4,0.9162,0.4975
41,56,3,0.9170,0.4699
41,57,2,0.9177,0.4426
41,58,1,0.9185,0.4158
41,59,0,0.9191,0.3895
42,0,58,0.8989,0.3922
42,1,57,0.8973,0.4186
42,2,56,0.8957,0.4454
42,3,55,0.8940,0.4727
42,4,54,0.8923,0.5002
42,5,53,0.8906,0.5280
42,6,52,0.8890,0.5558
42,7,51,0.8874,0.5836
42,8,50,0.8858,0.6112
42,9,49,0.8844,0.6385
42,10,48,0.8830,0.6655
42,11,47,0.8817,0.6918
42,12,46,0.8805,0.7176
42,13,45,0.8795,0.7425
42,14,44,0.8786,0.7666
42,15,43,0.8778,0.7897
42,16,42,0.8772,0.8116
42,17,41,0.8768,0.8324
42,18,40,0.8765,0.8519
42,19,39,0.8764,0.8699
42,20,38,0.8764,0.8865
42,21,37,0.8766,0.9016
42,22,36,0.8770,0.9151
42,23,35,0.8775,0.9268
42,24,34,0.8782,0.9369
42,25,33,0.8790,0.9452
42,26,32,0.8800,0.9517
42,27,31,0.8811,0.9563
42,28,30,0.8823,0.9591
42,29,29,0.8836,0.9601
42,30,28,0.8850,0.9591
42,31,27,0.8864,0.9563
42,32,26,0.8880,0.9517
42,33,25,0.8896,0.9452
42,34,24,0.8912,0.9369
42,35,23,0.8929,0.9268
42,36,22,0.8946,0.9151
42,37,21,0.8963,0.9016
42,38,20,0.8980,0.8865
42,39,19,0.8997,0.8699
42,40,18,0.9014,0.8519
42,41,17,0.9030,0.8324
42,42,16,0.9046,0.8116
42,43,15,0.9062,0.7897
42,44,14,0.9077,0.7666
42,45,13,0.9092,0.7425
42,46,12,0.9105,0.7176
42,47,11,0.9119,0.6918
42,48,10,0.9132,0.6655
42,49,9,0.9144,0.6385
42,50,8,0.9155,0.6112
42,51,7,0.9166,0.5836
42,52,6,0.9176,0.5558
42,53,5,0.9185,0.5280
42,54,4,0.9194,0.5002
42,55,3,0.9202,0.4727
42,56,2,0.9210,0.4454
42,57,1,0.9217,0.4186
42,58,0,0.9223,0.3922
43,0,57,0.9002,0.3947
43,1,56,0.8986,0.4210
43,2,55,0.8970,0.4478
43,3,54,0.8953,0.4751
43,4,53,0.8937,0.5026
43,5,52,0.8921,0.5302
43,6,51,0.8905,0.5580
43,7,50,0.8890,0.5856
43,8,49,0.8876,0.6131
43,9,48,0.8863,0.6402
43,10,47,0.8850,0.6670
43,11,46,0.8839,0.6931
43,12,45,0.8829,0.7186
43,13,44,0.8820,0.7432
43,14,43,0.8813,0.7670
43,15,42,0.8807,0.7897
43,16,41,0.8803,0.8112
43,17,40,0.8800,0.8315
43,18,39,0.8799,0.8505
43,19,38,0.8800,0.8681
43,20,37,0.8802,0.8841
43,21,36,0.8805,0.8985
43,22,35,0.8810,0.9113
43,23,34,0.8817,0.9224
43,24,33,0.8825,0.9317
43,25,32,0.8835,0.9392
43,26,31,0.8845,0.9449
43,27,30,0.8857,0.9487
43,28,29,0.8870,0.9506
43,29,28,0.8884,0.9506
43,30,27,0.8898,0.9487
43,31,26,0.8914,0.9449
43,32,25,0.8929,0.9392
43,33,24,0.8946,0.9317
43,34,23,0.8962,0.9224
43,35,22,0.8979,0.9113
43,36,21,0.8996,0.8985
43,37,20,0.9013,0.8841
43,38,19,0.9030,0.8681
43,39,18,0.9046,0.8505
43,40,17,0.9063,0.8315
43,41,16,0.9078,0.8112
43,42,15,0.9094,0.7897
43,43,14,0.9109,0.7670
43,44,13,0.9124,0.7432
43,45,12,0.9138,0.7186
43,46,11,0.9151,0.6931
43,47,10,0.9164,0.6670
43,48,9,0.9176,0.6402
43,49,8,0.9187,0.6131
43,50,7,0.9198,0.5856
43,51,6,0.9208,0.5580
43,52,5,0.9217,0.5302
43,53,4,0.9226,0.5026
43,54,3,0.9234,0.4751
43,55,2,0.9242,0.4478
43,56,1,0.9249,0.4210
43,57,0,0.9256,0.3947
44,0,56,0.9015,0.3968
44,1,55,0.9000,0.4231
44,2,54,0.8984,0.4499
44,3,53,0.8968,0.4770
44,4,52,0.8952,0.5045
44,5,51,0.8937,0.5320
44,6,50,0.8923,0.5596
44,7,49,0.8909,0.5871
44,8,48,0.8896,0.6144
44,9,47,0.8884,0.6414
44,10,46,0.8873,0.6679
44,11,45,0.8863,0.6937
44,12,44,0.8855,0.7189
44,13,43,0.8848,0.7432
44,14,42,0.8842,0.7666
44,15,41,0.8838,0.7889
44,16,40,0.8836,0.8100
44,17,39,0.8835,0.8298
44,18,38,0.8835,0.8483
44,19,37,0.8837,0.8653
44,20,36,0.8841,0.8807
44,21,35,0.8846,0.8945
44,22,34,0.8853,0.9065
44,23,33,0.8861,0.9169
44,24,32,0.8870,0.9254
44,25,31,0.8880,0.9321
44,26,30,0.8892,0.9369
44,27,29,0.8905,0.9397
44,28,28,0.8918,0.9407
44,29,27,0.8932,0.9397
44,30,26,0.8947,0.9369
44,31,25,0.8963,0.9321
44,32,24,0.8979,0.9254
44,33,23,0.8995,0.9169
44,34,22,0.9012,0.9065
44,35,21,0.9029,0.8945
44,36,20,0.9045,0.8807
44,37,19,0.9062,0.8653
44,38,18,0.9079,0.8483
44,39,17,0.9095,0.8298
44,40,16,0.9111,0.8100
44,41,15,0.9126,0.7889
44,42,14,0.9141,0.7666
44,43,13,0.9156,0.7432
44,44,12,0.9169,0.7189
44,45,11,0.9183,0.6937
44,46,10,0.9196,0.6679
44,47,9,0.9208,0.6414
44,48,8,0.9219,0.6144
44,49,7,0.9230,0.5871
44,50,6,0.9240,0.5596
44,51,5,0.9249,0.5320
44,52,4,0.9258,0.5045
44,53,3,0.9267,0.4770
44,54,2,0.9274,0.4499
44,55,1,0.9281,0.4231
44,56,0,0.9288,0.3968
45,0,55,0.9030,0.3986
45,1,54,0.9014,0.4248
45,2,53,0.8999,0.4515
45,3,52,0.8984,0.4786
45,4,51,0.8969,0.5059
45,5,50,0.8955,0.5334
45,6,49,0.8942,0.5608
45,7,48,0.8930,0.5881
45,8,47,0.8918,0.6152
45,9,46,0.8908,0.6419
45,10,45,0.8898,0.6682
45,11,44,0.8890,0.6937
45,12,43,0.8883,0.7186
45,13,42,0.8878,0.7425
45,14,41,0.8874,0.7655
45,15,40,0.8872,0.7873
45,16,39,0.8871,0.8080
45,17,38,0.8872,0.8273
45,18,37,0.8874,0.8451
45,19,36,0.8877,0.8615
45,20,35,0.8882,0.8763
45,21,34,0.8889,0.8894
45,22,33,0.8897,0.9007
45,23,32,0.8906,0.9102
45,24,31,0.8916,0.9179
45,25,30,0.8927,0.9237
45,26,29,0.8940,0.9276
45,27,28,0.8953,0.9296
45,28,27,0.8967,0.9296
45,29,26,0.8982,0.9276
45,30,25,0.8997,0.9237
45,31,24,0.9013,0.9179
45,32,23,0.9029,0.9102
45,33,22,0.9045,0.9007
45,34,21,0.9062,0.8894
45,35,20,0.9078,0.8763
45,36,19,0.9095,0.8615
45,37,18,0.9111,0.8451
45,38,17,0.9127,0.8273
45,39,16,0.9143,0.8080
45,40,15,0.9158,0.7873
45,41,14,0.9173,0.7655
45,42,13,0.9187,0.7425
45,43,12,0.9201,0.7186
45,44,11,0.9215,0.6937
45,45,10,0.9227,0.6682
45,46,9,0.9239,0.6419
45,47,8,0.9251,0.6152
45,48,7,0.9262,0.5881
45,49,6,0.9272,0.5608
45,50,5,0.9281,0.5334
45,51,4,0.9290,0.5059
45,52,3,0.9298,0.4786
45,53,2,0.9306,0.4515
45,54,1,0.9313,0.4248
45,55,0,0.9320,0.3986
46,0,54,0.9045,0.4000
46,1,53,0.9030,0.4262
46,2,52,0.9016,0.4528
46,3,51,0.9002,0.4798
46,4,50,0.8988,0.5070
46,5,49,0.8975,0.5343
46,6,48,0.8963,0.5615
46,7,47,0.8952,0.5886
46,8,46,0.8942,0.6155
46,9,45,0.8933,0.6419
46,10,44,0.8926,0.6679
46,11,43,0.8919,0.6931
46,12,42,0.8914,0.7176
46,13,41,0.8910,0.7411
46,14,40,0.8908,0.7636
46,15,39,0.8907,0.7850
46,16,38,0.8908,0.8051
46,17,37,0.8910,0.8238
46,18,36,0.8914,0.8411
46,19,35,0.8919,0.8568
46,20,34,0.8925,0.8709
46,21,33,0.8933,0.8832
46,22,32,0.8942,0.8938
46,23,31,0.8952,0.9025
46,24,30,0.8963,0.9093
46,25,29,0.8975,0.9142
46,26,28,0.8988,0.9172
46,27,27,0.9002,0.9182
46,28,26,0.9016,0.9172
46,29,25,0.9031,0.9142
46,30,24,0.9047,0.9093
46,31,23,0.9062,0.9025
46,32,22,0.9078,0.8938
46,33,21,0.9095,0.8832
46,34,20,0.9111,0.8709
46,35,19,0.9127,0.8568
46,36,18,0.9143,0.8411
46,37,17,0.9159,0.8238
46,38,16,0.9175,0.8051
46,39,15,0.9190,0.7850
46,40,14,0.9205,0.7636
46,41,13,0.9219,0.7411
46,42,12,0.9233,0.7176
46,43,11,0.9246,0.6931
46,44,10,0.9259,0.6679
46,45,9,0.9271,0.6419
46,46,8,0.9282,0.6155
46,47,7,0.9293,0.5886
46,48,6,0.9303,0.5615
46,49,5,0.9313,0.5343
46,50,4,0.9321,0.5070
46,51,3,0.9330,0.4798
46,52,2,0.9337,0.4528
46,53,1,0.9345,0.4262
46,54,0,0.9351,0.4000
47,0,53,0.9062,0.4012
47,1,52,0.9048,0.4273
47,2,51,0.9034,0.4538
47,3,50,0.9021,0.4806
47,4,49,0.9009,0.5076
47,5,48,0.8997,0.5347
47,6,47,0.8987,0.5618
47,7,46,0.8977,0.5886
47,8,45,0.8968,0.6152
47,9,44,0.8961,0.6414
47,10,43,0.8955,0.6670
47,11,42,0.8950,0.6918
47,12,41,0.8947,0.7159
47,13,40,0.8945,0.7390
47,14,39,0.8944,0.7611
47,15,38,0.8945,0.7819
47,16,37,0.8947,0.8014
47,17,36,0.8950,0.8196
47,18,35,0.8955,0.8362
47,19,34,0.8962,0.8512
47,20,33,0.8969,0.8645
47,21,32,0.8978,0.8761
47,22,31,0.8988,0.8858
47,23,30,0.8998,0.8937
47,24,29,0.9010,0.8996
47,25,28,0.9023,0.9036
47,26,27,0.9036,0.9055
47,27,26,0.9051,0.9055
47,28,25,0.9065,0.9036
47,29,24,0.9080,0.8996
47,30,23,0.9096,0.8937
47,31,22,0.9112,0.8858
47,32,21,0.9127,0.8761
47,33,20,0.9143,0.8645
47,34,19,0.9159,0.8512
47,35,18,0.9175,0.8362
47,36,17,0.9191,0.8196
47,37,16,0.9206,0.8014
47,38,15,0.9221,0.7819
47,39,14,0.9236,0.7611
47,40,13,0.9250,0.7390
47,41,12,0.9264,0.7159
47,42,11,0.9277,0.6918
47,43,10,0.9290,0.6670
47,44,9,0.9302,0.6414
47,45,8,0.9313,0.6152
47,46,7,0.9324,0.5886
47,47,6,0.9334,0.5618
47,48,5,0.9343,0.5347
47,49,4,0.9352,0.5076
47,50,3,0.9361,0.4806
47,51,2,0.9368,0.4538
47,52,1,0.9375,0.4273
47,53,0,0.9382,0.4012
48,0,52,0.9080,0.4020
48,1,51,0.9067,0.4279
48,2,50,0.9054,0.4543
48,3,49,0.9042,0.4810
48,4,48,0.9031,0.5078
48,5,47,0.9021,0.5347
48,6,46,0.9012,0.5615
48,7,45,0.9004,0.5881
48,8,44,0.8997,0.6144
48,9,43,0.8991,0.6402
48,10,42,0.8986,0.6655
48,11,41,0.8983,0.6900
48,12,40,0.8981,0.7136
48,13,39,0.8981,0.7362
48,14,38,0.8982,0.7577
48,15,37,0.8984,0.7780
48,16,36,0.8987,0.7969
48,17,35,0.8992,0.8144
48,18,34,0.8998,0.8303
48,19,33,0.9006,0.8446
48,20,32,0.9014,0.8572
48,21,31,0.9024,0.8679
48,22,30,0.9034,0.8768
48,23,29,0.9046,0.8837
48,24,28,0.9058,0.8887
48,25,27,0.9071,0.8917
48,26,26,0.9085,0.8927
48,27,25,0.9099,0.8917
48,28,24,0.9114,0.8887
48,29,23,0.9129,0.8837
48,30,22,0.9145,0.8768
48,31,21,0.9160,0.8679
48,32,20,0.9176,0.8572
48,33,19,0.9192,0.8446
48,34,18,0.9207,0.8303
48,35,17,0.9223,0.8144
48,36,16,0.9238,0.7969
48,37,15,0.9252,0.7780
48,38,14,0.9267,0.7577
48,39,13,0.9281,0.7362
48,40,12,0.9294,0.7136
48,41,11,0.9308,0.6900
48,42,10,0.9320,0.6655
48,43,9,0.9332,0.6402
48,44,8,0.9343,0.6144
48,45,7,0.9354,0.5881
48,46,6,0.9364,0.5615
48,47,5,0.9374,0.5347
48,48,4,0.9383,0.5078
48,49,3,0.9391,0.4810
48,50,2,0.9399,0.4543
48,51,1,0.9406,0.4279
48,52,0,0.9412,0.4020
49,0,51,0.9099,0.4025
49,1,50,0.9087,0.4283
49,2,49,0.9076,0.4545
49,3,48,0.9065,0.4810
49,4,47,0.9055,0.5076
49,5,46,0.9047,0.5343
49,6,45,0.9039,0.5608
49,7,44,0.9032,0.5871
49,8,43,0.9027,0.6131
49,9,42,0.9023,0.6385
49,10,41,0.9020,0.6634
49,11,40,0.9018,0.6874
49,12,39,0.9018,0.7106
49,13,38,0.9018,0.7327
49,14,37,0.9021,0.7536
49,15,36,0.9024,0.7733
49,16,35,0.9029,0.7916
49,17,34,0.9035,0.8084
49,18,33,0.9042,0.8236
49,19,32,0.9050,0.8371
49,20,31,0.9060,0.8488
49,21,30,0.9070,0.8587
49,22,29,0.9081,0.8667
49,23,28,0.9093,0.8727
49,24,27,0.9106,0.8767
49,25,26,0.9120,0.8788
49,26,25,0.9134,0.8788
49,27,24,0.9148,0.8767
49,28,23,0.9163,0.8727
49,29,22,0.9178,0.8667
49,30,21,0.9193,0.8587
49,31,20,0.9208,0.8488
49,32,19,0.9224,0.8371
49,33,18,0.9239,0.8236
49,34,17,0.9254,0.8084
49,35,16,0.9269,0.7916
49,36,15,0.9283,0.7733
49,37,14,0.9298,0.7536
49,38,13,0.9311,0.7327
49,39,12,0.9325,0.7106
49,40,11,0.9338,0.6874
49,41,10,0.9350,0.6634
49,42,9,0.9362,0.6385
49,43,8,0.9373,0.6131
49,44,7,0.9384,0.5871
49,45,6,0.9394,0.5608
49,46,5,0.9403,0.5343
49,47,4,0.9412,0.5076
49,48,3,0.9421,0.4810
49,49,2,0.9428,0.4545
49,50,1,0.9435,0.4283
49,51,0,0.9442,0.4025
50,0,50,0.9120,0.4026
50,1,49,0.9109,0.4283
50,2,48,0.9099,0.4543
50,3,47,0.9090,0.4806
50,4,46,0.9082,0.5070
50,5,45,0.9074,0.5334
50,6,44,0.9068,0.5596
50,7,43,0.9063,0.5856
50,8,42,0.9059,0.6112
50,9,41,0.9056,0.6363
50,10,40,0.9055,0.6607
50,11,39,0.9054,0.6843
50,12,38,0.9055,0.7069
50,13,37,0.9058,0.7285
50,14,36,0.9061,0.7488
50,15,35,0.9066,0.7679
50,16,34,0.9072,0.7855
50,17,33,0.9079,0.8015
50,18,32,0.9087,0.8159
50,19,31,0.9096,0.8286
50,20,30,0.9106,0.8395
50,21,29,0.9117,0.8485
50,22,28,0.9129,0.8555
50,23,27,0.9141,0.8606
50,24,26,0.9154,0.8636
50,25,25,0.9168,0.8647
50,26,24,0.9182,0.8636
50,27,23,0.9196,0.8606
50,28,22,0.9211,0.8555
50,29,21,0.9226,0.8485
50,30,20,0.9240,0.8395
50,31,19,0.9255,0.8286
50,32,18,0.9270,0.8159
50,33,17,0.9285,0.8015
50,34,16,0.9300,0.7855
50,35,15,0.9314,0.7679
50,36,14,0.9328,0.7488
50,37,13,0.9341,0.7285
50,38,12,0.9355,0.7069
50,39,11,0.9367,0.6843
50,40,10,0.9380,0.6607
50,41,9,0.9391,0.6363
50,42,8,0.9402,0.6112
50,43,7,0.9413,0.5856
50,44,6,0.9423,0.5596
50,45,5,0.9432,0.5334
50,46,4,0.9441,0.5070
50,47,3,0.9450,0.4806
50,48,2,0.9457,0.4543
50,49,1,0.9464,0.4283
50,50,0,0.9471,0.4026
51,0,49,0.9142,0.4025
51,1,48,0.9133,0.4279
51,2,47,0.9124,0.4538
51,3,46,0.9116,0.4798
51,4,45,0.9109,0.5059
51,5,44,0.9103,0.5320
51,6,43,0.9099,0.5580
51,7,42,0.9095,0.5836
51,8,41,0.9092,0.6088
51,9,40,0.9091,0.6334
51,10,39,0.9091,0.6574
51,11,38,0.9092,0.6804
51,12,37,0.9094,0.7025
51,13,36,0.9098,0.7235
51,14,35,0.9102,0.7432
51,15,34,0.9108,0.7616
51,16,33,0.9115,0.7785
51,17,32,0.9123,0.7937
51,18,31,0.9132,0.8073
51,19,30,0.9142,0.8192
51,20,29,0.9152,0.8292
51,21,28,0.9164,0.8372
51,22,27,0.9176,0.8433
51,23,26,0.9188,0.8474
51,24,25,0.9202,0.8494
51,25,24,0.9215,0.8494
51,26,23,0.9229,0.8474
51,27,22,0.9243,0.8433
51,28,21,0.9258,0.8372
51,29,20,0.9272,0.8292
51,30,19,0.9287,0.8192
51,31,18,0.9301,0.8073
51,32,17,0.9316,0.7937
51,33,16,0.9330,0.7785
51,34,15,0.9344,0.7616
51,35,14,0.9358,0.7432
51,36,13,0.9371,0.7235
51,37,12,0.9384,0.7025
51,38,11,0.9396,0.6804
51,39,10,0.9408,0.6574
51,40,9,0.9420,0.6334
51,41,8,0.9431,0.6088
51,42,7,0.9441,0.5836
51,43,6,0.9451,0.5580
51,44,5,0.9461,0.5320
51,45,4,0.9470,0.5059
51,46,3,0.9478,0.4798
51,47,2,0.9485,0.4538
51,48,1,0.9493,0.4279
51,49,0,0.9499,0.4025
52,0,48,0.9166,0.4020
52,1,47,0.9158,0.4273
52,2,46,0.9151,0.4528
52,3,45,0.9144,0.4786
52,4,44,0.9139,0.5045
52,5,43,0.9134,0.5302
52,6,42,0.9131,0.5558
52,7,41,0.9128,0.5811
52,8,40,0.9127,0.6059
52,9,39,0.9127,0.6300
52,10,38,0.9129,0.6534
52,11,37,0.9131,0.6760
52,12,36,0.9134,0.6975
52,13,35,0.9139,0.7178
52,14,34,0.9145,0.7369
52,15,33,0.9151,0.7545
52,16,32,0.9159,0.7706
52,17,31,0.9168,0.7851
52,18,30,0.9177,0.7979
52,19,29,0.9187,0.8088
52,20,28,0.9198,0.8179
52,21,27,0.9210,0.8250
52,22,26,0.9222,0.8301
52,23,25,0.9235,0.8332
52,24,24,0.9248,0.8342
52,25,23,0.9262,0.8332
52,26,22,0.9276,0.8301
52,27,21,0.9290,0.8250
52,28,20,0.9304,0.8179
52,29,19,0.9318,0.8088
52,30,18,0.9332,0.7979
52,31,17,0.9346,0.7851
52,32,16,0.9360,0.7706
52,33,15,0.9374,0.7545
52,34,14,0.9387,0.7369
52,35,13,0.9400,0.7178
52,36,12,0.9413,0.6975
52,37,11,0.9425,0.6760
52,38,10,0.9437,0.6534
52,39,9,0.9448,0.6300
52,40,8,0.9459,0.6059
52,41,7,0.9469,0.5811
52,42,6,0.9479,0.5558
52,43,5,0.9488,0.5302
52,44,4,0.9497,0.5045
52,45,3,0.9505,0.4786
52,46,2,0.9513,0.4528
52,47,1,0.9520,0.4273
52,48,0,0.9526,0.4020
53,0,47,0.9192,0.4012
53,1,46,0.9185,0.4262
53,2,45,0.9179,0.4515
53,3,44,0.9173,0.4770
53,4,43,0.9169,0.5026
53,5,42,0.9166,0.5280
53,6,41,0.9164,0.5532
53,7,40,0.9163,0.5780
53,8,39,0.9163,0.6023
53,9,38,0.9165,0.6260
53,10,37,0.9167,0.6489
53,11,36,0.9171,0.6709
53,12,35,0.9175,0.6917
53,13,34,0.9181,0.7114
53,14,33,0.9187,0.7297
53,15,32,0.9195,0.7466
53,16,31,0.9203,0.7619
53,17,30,0.9212,0.7756
53,18,29,0.9222,0.7874
53,19,28,0.9233,0.7975
53,20,27,0.9244,0.8056
53,21,26,0.9256,0.8117
53,22,25,0.9269,0.8158
53,23,24,0.9281,0.8179
53,24,23,0.9294,0.8179
53,25,22,0.9308,0.8158
53,26,21,0.9321,0.8117
53,27,20,0.9335,0.8056
53,28,19,0.9349,0.7975
53,29,18,0.9362,0.7874
53,30,17,0.9376,0.7756
53,31,16,0.9389,0.7619
53,32,15,0.9403,0.7466
53,33,14,0.9416,0.7297
53,34,13,0.9428,0.7114
53,35,12,0.9441,0.6917
53,36,11,0.9453,0.6709
53,37,10,0.9464,0.6489
53,38,9,0.9475,0.6260
53,39,8,0.9486,0.6023
53,40,7,0.9496,0.5780
53,41,6,0.9506,0.5532
53,42,5,0.9515,0.5280
53,43,4,0.9524,0.5026
53,44,3,0.9532,0.4770
53,45,2,0.9539,0.4515
53,46,1,0.9546,0.4262
53,47,0,0.9553,0.4012
54,0,46,0.9218,0.4000
54,1,45,0.9213,0.4248
54,2,44,0.9208,0.4499
54,3,43,0.9204,0.4751
54,4,42,0.9201,0.5002
54,5,41,0.9200,0.5253
54,6,40,0.9199,0.5501
54,7,39,0.9199,0.5745
54,8,38,0.9201,0.5983
54,9,37,0.9203,0.6214
54,10,36,0.9206,0.6437
54,11,35,0.9211,0.6651
54,12,34,0.9216,0.6853
54,13,33,0.9223,0.7042
54,14,32,0.9230,0.7218
54,15,31,0.9238,0.7379
54,16,30,0.9247,0.7524
54,17,29,0.9257,0.7652
54,18,28,0.9267,0.7761
54,19,27,0.9278,0.7852
54,20,26,0.9290,0.7923
54,21,25,0.9301,0.7975
54,22,24,0.9314,0.8005
54,23,23,0.9326,0.8016
54,24,22,0.9339,0.8005
54,25,21,0.9352,0.7975
54,26,20,0.9366,0.7923
54,27,19,0.9379,0.7852
54,28,18,0.9392,0.7761
54,29,17,0.9405,0.7652
54,30,16,0.9418,0.7524
54,31,15,0.9431,0.7379
54,32,14,0.9444,0.7218
54,33,13,0.9456,0.7042
54,34,12,0.9468,0.6853
54,35,11,0.9480,0.6651
54,36,10,0.9491,0.6437
54,37,9,0.9502,0.6214
54,38,8,0.9512,0.5983
54,39,7,0.9522,0.5745
54,40,6,0.9532,0.5501
54,41,5,0.9541,0.5253
54,42,4,0.9549,0.5002
54,43,3,0.9557,0.4751
54,44,2,0.9565,0.4499
54,45,1,0.9572,0.4248
54,46,0,0.9578,0.4000
55,0,45,0.9246,0.3986
55,1,44,0.9242,0.4231
55,2,43,0.9239,0.4478
55,3,42,0.9236,0.4727
55,4,41,0.9235,0.4975
55,5,40,0.9234,0.5221
55,6,39,0.9235,0.5465
55,7,38,0.9236,0.5704
55,8,37,0.9238,0.5937
55,9,36,0.9242,0.6163
55,10,35,0.9246,0.6379
55,11,34,0.9252,0.6586
55,12,33,0.9258,0.6781
55,13,32,0.9265,0.6963
55,14,31,0.9273,0.7131
55,15,30,0.9281,0.7284
55,16,29,0.9291,0.7420
55,17,28,0.9301,0.7539
55,18,27,0.9311,0.7639
55,19,26,0.9322,0.7720
55,20,25,0.9334,0.7781
55,21,24,0.9346,0.7822
55,22,23,0.9358,0.7843
55,23,22,0.9371,0.7843
55,24,21,0.9383,0.7822
55,25,20,0.9396,0.7781
55,26,19,0.9409,0.7720
55,27,18,0.9421,0.7639
55,28,17,0.9434,0.7539
55,29,16,0.9447,0.7420
55,30,15,0.9459,0.7284
55,31,14,0.9471,0.7131
55,32,13,0.9483,0.6963
55,33,12,0.9495,0.6781
55,34,11,0.9506,0.6586
55,35,10,0.9517,0.6379
55,36,9,0.9528,0.6163
55,37,8,0.9538,0.5937
55,38,7,0.9548,0.5704
55,39,6,0.9557,0.5465
55,40,5,0.9566,0.5221
55,41,4,0.9574,0.4975
55,42,3,0.9582,0.4727
55,43,2,0.9590,0.4478
55,44,1,0.9596,0.4231
55,45,0,0.9603,0.3986
56,0,44,0.9276,0.3968
56,1,43,0.9272,0.4210
56,2,42,0.9270,0.4454
56,3,41,0.9269,0.4699
56,4,40,0.9269,0.4943
56,5,39,0.9269,0.5185
56,6,38,0.9271,0.5424
56,7,37,0.9273,0.5657
56,8,36,0.9277,0.5885
56,9,35,0.9281,0.6105
56,10,34,0.9286,0.6315
56,11,33,0.9292,0.6515
56,12,32,0.9299,0.6703
56,13,31,0.9307,0.6877
56,14,30,0.9315,0.7037
56,15,29,0.9324,0.7181
56,16,28,0.9334,0.7308
56,17,27,0.9344,0.7417
56,18,26,0.9355,0.7507
56,19,25,0.9366,0.7578
56,20,24,0.9377,0.7630
56,21,23,0.9389,0.7660
56,22,22,0.9401,0.7671
56,23,21,0.9413,0.7660
56,24,20,0.9426,0.7630
56,25,19,0.9438,0.7578
56,26,18,0.9450,0.7507
56,27,17,0.9462,0.7417
56,28,16,0.9475,0.7308
56,29,15,0.9487,0.7181
56,30,14,0.9498,0.7037
56,31,13,0.9510,0.6877
56,32,12,0.9521,0.6703
56,33,11,0.9532,0.6515
56,34,10,0.9543,0.6315
56,35,9,0.9553,0.6105
56,36,8,0.9563,0.5885
56,37,7,0.9572,0.5657
56,38,6,0.9582,0.5424
56,39,5,0.9590,0.5185
56,40,4,0.9598,0.4943
56,41,3,0.9606,0.4699
56,42,2,0.9613,0.4454
56,43,1,0.9620,0.4210
56,44,0,0.9626,0.3968
57,0,43,0.9306,0.3947
57,1,42,0.9304,0.4186
57,2,41,0.9303,0.4426
57,3,40,0.9303,0.4667
57,4,39,0.9303,0.4907
57,5,38,0.9305,0.5144
57,6,37,0.9308,0.5378
57,7,36,0.9311,0.5606
57,8,35,0.9315,0.5827
57,9,34,0.9320,0.6041
57,10,33,0.9326,0.6244
57,11,32,0.9333,0.6437
57,12,31,0.9340,0.6617
57,13,30,0.9349,0.6783
57,14,29,0.9357,0.6934
57,15,28,0.9367,0.7069
57,16,27,0.9376,0.7187
57,17,26,0.9387,0.7286
57,18,25,0.9397,0.7367
57,19,24,0.9408,0.7428
57,20,23,0.9420,0.7469
57,21,22,0.9431,0.7489
57,22,21,0.9443,0.7489
57,23,20,0.9455,0.7469
57,24,19,0.9466,0.7428
57,25,18,0.9478,0.7367
57,26,17,0.9490,0.7286
57,27,16,0.9502,0.7187
57,28,15,0.9513,0.7069
57,29,14,0.9525,0.6934
57,30,13,0.9536,0.6783
57,31,12,0.9547,0.6617
57,32,11,0.9557,0.6437
57,33,10,0.9568,0.6244
57,34,9,0.9578,0.6041
57,35,8,0.9587,0.5827
57,36,7,0.9596,0.5606
57,37,6,0.9605,0.5378
57,38,5,0.9614,0.5144
57,39,4,0.9621,0.4907
57,40,3,0.9629,0.4667
57,41,2,0.9636,0.4426
57,42,1,0.9643,0.4186
57,43,0,0.9649,0.3947
58,0,42,0.9337,0.3922
58,1,41,0.9336,0.4158
58,2,40,0.9336,0.4394
58,3,39,0.9337,0.4631
58,4,38,0.9339,0.4866
58,5,37,0.9341,0.5098
58,6,36,0.9345,0.5326
58,7,35,0.9349,0.5549
58,8,34,0.9354,0.5764
58,9,33,0.9360,0.5971
58,10,32,0.9366,0.6167
58,11,31,0.9373,0.6352
58,12,30,0.9381,0.6524
58,13,29,0.9390,0.6681
58,14,28,0.9398,0.6824
58,15,27,0.9408,0.6949
58,16,26,0.9418,0.7057
58,17,25,0.9428,0.7147
58,18,24,0.9439,0.7218
58,19,23,0.9449,0.7268
58,20,22,0.9460,0.7299
58,21,21,0.9472,0.7309
58,22,20,0.9483,0.7299
58,23,19,0.9494,0.7268
58,24,18,0.9506,0.7218
58,25,17,0.9517,0.7147
58,26,16,0.9528,0.7057
58,27,15,0.9539,0.6949
58,28,14,0.9550,0.6824
58,29,13,0.9561,0.6681
58,30,12,0.9571,0.6524
58,31,11,0.9582,0.6352
58,32,10,0.9592,0.6167
58,33,9,0.9601,0.5971
58,34,8,0.9610,0.5764
58,35,7,0.9619,0.5549
58,36,6,0.9628,0.5326
58,37,5,0.9636,0.5098
58,38,4,0.9644,0.4866
58,39,3,0.9651,0.4631
58,40,2,0.9658,0.4394
58,41,1,0.9665,0.4158
58,42,0,0.9671,0.3922
59,0,41,0.9368,0.3895
59,1,40,0.9368,0.4126
59,2,39,0.9369,0.4359
59,3,38,0.9371,0.4591
59,4,37,0.9374,0.4821
59,5,36,0.9377,0.5048
59,6,35,0.9382,0.5270
59,7,34,0.9386,0.5486
59,8,33,0.9392,0.5695
59,9,32,0.9398,0.5894
59,10,31,0.9405,0.6083
59,11,30,0.9413,0.6260
59,12,29,0.9421,0.6423
59,13,28,0.9430,0.6572
59,14,27,0.9439,0.6705
59,15,26,0.9448,0.6821
59,16,25,0.9458,0.6920
59,17,24,0.9468,0.6999
59,18,23,0.9478,0.7060
59,19,22,0.9489,0.7100
59,20,21,0.9500,0.7120
59,21,20,0.9511,0.7120
59,22,19,0.9521,0.7100
59,23,18,0.9532,0.7060
59,24,17,0.9543,0.6999
59,25,16,0.9554,0.6920
59,26,15,0.9565,0.6821
59,27,14,0.9575,0.6705
59,28,13,0.9585,0.6572
59,29,12,0.9595,0.6423
59,30,11,0.9605,0.6260
59,31,10,0.9615,0.6083
59,32,9,0.9624,0.5894
59,33,8,0.9633,0.5695
59,34,7,0.9642,0.5486
59,35,6,0.9650,0.5270
59,36,5,0.9658,0.5048
59,37,4,0.9665,0.4821
59,38,3,0.9672,0.4591
59,39,2,0.9679,0.4359
59,40,1,0.9685,0.4126
59,41,0,0.9691,0.3895
60,0,40,0.9400,0.3863
60,1,39,0.9401,0.4091
60,2,38,0.9403,0.4319
60,3,37,0.9406,0.4546
60,4,36,0.9409,0.4771
60,5,35,0.9414,0.4992
60,6,34,0.9418,0.5208
60,7,33,0.9424,0.5418
60,8,32,0.9430,0.5619
60,9,31,0.9437,0.5811
60,10,30,0.9444,0.5992
60,11,29,0.9452,0.6161
60,12,28,0.9460,0.6316
60,13,27,0.9469,0.6455
60,14,26,0.9478,0.6579
60,15,25,0.9487,0.6685
60,16,24,0.9497,0.6774
60,17,23,0.9507,0.6843
60,18,22,0.9517,0.6893
60,19,21,0.9527,0.6923
60,20,20,0.9537,0.6934
60,21,19,0.9548,0.6923
60,22,18,0.9558,0.6893
60,23,17,0.9569,0.6843
60,24,16,0.9579,0.6774
60,25,15,0.9589,0.6685
60,26,14,0.9599,0.6579
60,27,13,0.9609,0.6455
60,28,12,0.9619,0.6316
60,29,11,0.9628,0.6161
60,30,10,0.9637,0.5992
60,31,9,0.9646,0.5811
60,32,8,0.9655,0.5619
60,33,7,0.9663,0.5418
60,34,6,0.9671,0.5208
60,35,5,0.9678,0.4992
60,36,4,0.9686,0.4771
60,37,3,0.9693,0.4546
60,38,2,0.9699,0.4319
60,39,1,0.9705,0.4091
60,40,0,0.9711,0.3863
61,0,39,0.9432,0.3829
61,1,38,0.9434,0.4052
61,2,37,0.9437,0.4275
61,3,36,0.9441,0.4497
61,4,35,0.9445,0.4716
61,5,34,0.9449,0.4932
61,6,33,0.9455,0.5141
61,7,32,0.9461,0.5344
61,8,31,0.9467,0.5538
61,9,30,0.9474,0.5722
61,10,29,0.9482,0.5895
61,11,28,0.9490,0.6055
61,12,27,0.9498,0.6201
61,13,26,0.9507,0.6331
61,14,25,0.9516,0.6445
61,15,24,0.9525,0.6541
61,16,23,0.9534,0.6620
61,17,22,0.9544,0.6679
61,18,21,0.9554,0.6719
61,19,20,0.9564,0.6739
61,20,19,0.9573,0.6739
61,21,18,0.9583,0.6719
61,22,17,0.9593,0.6679
61,23,16,0.9603,0.6620
61,24,15,0.9613,0.6541
61,25,14,0.9622,0.6445
61,26,13,0.9632,0.6331
61,27,12,0.9641,0.6201
61,28,11,0.9650,0.6055
61,29,10,0.9659,0.5895
61,30,9,0.9667,0.5722
61,31,8,0.9675,0.5538
61,32,7,0.9683,0.5344
61,33,6,0.9691,0.5141
61,34,5,0.9698,0.4932
61,35,4,0.9705,0.4716
61,36,3,0.9712,0.4497
61,37,2,0.9718,0.4275
61,38,1,0.9724,0.4052
61,39,0,0.9730,0.3829
62,0,38,0.9465,0.3791
62,1,37,0.9467,0.4009
62,2,36,0.9471,0.4227
62,3,35,0.9475,0.4444
62,4,34,0.9479,0.4657
62,5,33,0.9485,0.4866
62,6,32,0.9490,0.5069
62,7,31,0.9497,0.5264
62,8,30,0.9503,0.5451
62,9,29,0.9511,0.5627
62,10,28,0.9518,0.5791
62,11,27,0.9526,0.5942
62,12,26,0.9534,0.6078
62,13,25,0.9543,0.6199
62,14,24,0.9552,0.6303
62,15,23,0.9561,0.6390
62,16,22,0.9570,0.6458
62,17,21,0.9579,0.6507
62,18,20,0.9589,0.6536
62,19,19,0.9598,0.6546
62,20,18,0.9608,0.6536
62,21,17,0.9617,0.6507
62,22,16,0.9626,0.6458
62,23,15,0.9636,0.6390
62,24,14,0.9645,0.6303
62,25,13,0.9654,0.6199
62,26,12,0.9662,0.6078
62,27,11,0.9671,0.5942
62,28,10,0.9679,0.5791
62,29,9,0.9688,0.5627
62,30,8,0.9695,0.5451
62,31,7,0.9703,0.5264
62,32,6,0.9710,0.5069
62,33,5,0.9717,0.4866
62,34,4,0.9724,0.4657
62,35,3,0.9731,0.4444
62,36,2,0.9737,0.4227
62,37,1,0.9742,0.4009
62,38,0,0.9748,0.3791
63,0,37,0.9497,0.3749
63,1,36,0.9500,0.3962
63,2,35,0.9504,0.4175
63,3,34,0.9508,0.4386
63,4,33,0.9513,0.4593
63,5,32,0.9519,0.4795
63,6,31,0.9525,0.4991
63,7,30,0.9532,0.5179
63,8,29,0.9539,0.5357
63,9,28,0.9546,0.5525
63,10,27,0.9553,0.5680
63,11,26,0.9561,0.5822
63,12,25,0.9570,0.5949
63,13,24,0.9578,0.6060
63,14,23,0.9587,0.6154
63,15,22,0.9595,0.6230
63,16,21,0.9604,0.6288
63,17,20,0.9613,0.6327
63,18,19,0.9622,0.6347
63,19,18,0.9631,0.6347
63,20,17,0.9640,0.6327
63,21,16,0.9649,0.6288
63,22,15,0.9658,0.6230
63,23,14,0.9666,0.6154
63,24,13,0.9675,0.6060
63,25,12,0.9683,0.5949
63,26,11,0.9691,0.5822
63,27,10,0.9699,0.5680
63,28,9,0.9707,0.5525
63,29,8,0.9715,0.5357
63,30,7,0.9722,0.5179
63,31,6,0.9729,0.4991
63,32,5,0.9736,0.4795
63,33,4,0.9742,0.4593
63,34,3,0.9748,0.4386
63,35,2,0.9754,0.4175
63,36,1,0.9760,0.3962
63,37,0,0.9765,0.3749
64,0,36,0.9528,0.3704
64,1,35,0.9532,0.3912
64,2,34,0.9537,0.4119
64,3,33,0.9541,0.4324
64,4,32,0.9547,0.4524
64,5,31,0.9553,0.4719
64,6,30,0.9559,0.4908
64,7,29,0.9566,0.5088
64,8,28,0.9573,0.5258
64,9,27,0.9580,0.5417
64,10,26,0.9587,0.5563
64,11,25,0.9595,0.5695
64,12,24,0.9603,0.5812
64,13,23,0.9611,0.5913
64,14,22,0.9620,0.5998
64,15,21,0.9628,0.6064
64,16,20,0.9637,0.6111
64,17,19,0.9645,0.6140
64,18,18,0.9654,0.6150
64,19,17,0.9662,0.6140
64,20,16,0.9671,0.6111
64,21,15,0.9679,0.6064
64,22,14,0.9687,0.5998
64,23,13,0.9695,0.5913
64,24,12,0.9703,0.5812
64,25,11,0.9711,0.5695
64,26,10,0.9718,0.5563
64,27,9,0.9726,0.5417
64,28,8,0.9733,0.5258
64,29,7,0.9740,0.5088
64,30,6,0.9747,0.4908
64,31,5,0.9753,0.4719
64,32,4,0.9759,0.4524
64,33,3,0.9765,0.4324
64,34,2,0.9771,0.4119
64,35,1,0.9776,0.3912
64,36,0,0.9781,0.3704
65,0,35,0.9559,0.3655
65,1,34,0.9564,0.3857
65,2,33,0.9568,0.4058
65,3,32,0.9574,0.4257
65,4,31,0.9579,0.4450
65,5,30,0.9585,0.4638
65,6,29,0.9592,0.4819
65,7,28,0.9598,0.4991
65,8,27,0.9605,0.5152
65,9,26,0.9612,0.5302
65,10,25,0.9620,0.5439
65,11,24,0.9627,0.5562
65,12,23,0.9635,0.5669
65,13,22,0.9643,0.5760
65,14,21,0.9651,0.5834
65,15,20,0.9659,0.5890
65,16,19,0.9667,0.5928
65,17,18,0.9675,0.5947
65,18,17,0.9683,0.5947
65,19,16,0.9691,0.5928
65,20,15,0.9699,0.5890
65,21,14,0.9707,0.5834
65,22,13,0.9715,0.5760
65,23,12,0.9722,0.5669
65,24,11,0.9730,0.5562
65,25,10,0.9737,0.5439
65,26,9,0.9744,0.5302
65,27,8,0.9751,0.5152
65,28,7,0.9757,0.4991
65,29,6,0.9763,0.4819
65,30,5,0.9770,0.4638
65,31,4,0.9775,0.4450
65,32,3,0.9781,0.4257
65,33,2,0.9786,0.4058
65,34,1,0.9791,0.3857
65,35,0,0.9796,0.3655
66,0,34,0.9590,0.3602
66,1,33,0.9594,0.3799
66,2,32,0.9599,0.3994
66,3,31,0.9605,0.4185
66,4,30,0.9610,0.4372
66,5,29,0.9617,0.4552
66,6,28,0.9623,0.4724
66,7,27,0.9630,0.4888
66,8,26,0.9636,0.5040
66,9,25,0.9644,0.5181
66,10,24,0.9651,0.5308
66,11,23,0.9658,0.5421
66,12,22,0.9666,0.5519
66,13,21,0.9673,0.5600
66,14,20,0.9681,0.5664
66,15,19,0.9688,0.5710
66,16,18,0.9696,0.5738
66,17,17,0.9704,0.5747
66,18,16,0.9711,0.5738
66,19,15,0.9719,0.5710
66,20,14,0.9726,0.5664
66,21,13,0.9733,0.5600
66,22,12,0.9740,0.5519
66,23,11,0.9747,0.5421
66,24,10,0.9754,0.5308
66,25,9,0.9761,0.5181
66,26,8,0.9767,0.5040
66,27,7,0.9773,0.4888
66,28,6,0.9779,0.4724
66,29,5,0.9785,0.4552
66,30,4,0.9791,0.4372
66,31,3,0.9796,0.4185
66,32,2,0.9801,0.3994
66,33,1,0.9806,0.3799
66,34,0,0.9811,0.3602
67,0,33,0.9619,0.3545
67,1,32,0.9624,0.3736
67,2,31,0.9629,0.3924
67,3,30,0.9635,0.4109
67,4,29,0.9641,0.4288
67,5,28,0.9647,0.4460
67,6,27,0.9653,0.4624
67,7,26,0.9660,0.4779
67,8,25,0.9666,0.4923
67,9,24,0.9673,0.5054
67,10,23,0.9680,0.5172
67,11,22,0.9687,0.5275
67,12,21,0.9694,0.5363
67,13,20,0.9702,0.5434
67,14,19,0.9709,0.5488
67,15,18,0.9716,0.5524
67,16,17,0.9723,0.5542
67,17,16,0.9730,0.5542
67,18,15,0.9737,0.5524
67,19,14,0.9744,0.5488
67,20,13,0.9751,0.5434
67,21,12,0.9758,0.5363
67,22,11,0.9764,0.5275
67,23,10,0.9771,0.5172
67,24,9,0.9777,0.5054
67,25,8,0.9783,0.4923
67,26,7,0.9789,0.4779
67,27,6,0.9795,0.4624
67,28,5,0.9800,0.4460
67,29,4,0.9805,0.4288
67,30,3,0.9811,0.4109
67,31,2,0.9815,0.3924
67,32,1,0.9820,0.3736
67,33,0,0.9824,0.3545
68,0,32,0.9648,0.3485
68,1,31,0.9653,0.3669
68,2,30,0.9658,0.3851
68,3,29,0.9663,0.4028
68,4,28,0.9669,0.4199
68,5,27,0.9675,0.4363
68,6,26,0.9682,0.4519
68,7,25,0.9688,0.4665
68,8,24,0.9694,0.4799
68,9,23,0.9701,0.4921
68,10,22,0.9708,0.5029
68,11,21,0.9714,0.5122
68,12,20,0.9721,0.5200
68,13,19,0.9728,0.5261
68,14,18,0.9735,0.5306
68,15,17,0.9742,0.5332
68,16,16,0.9748,0.5341
68,17,15,0.9755,0.5332
68,18,14,0.9762,0.5306
68,19,13,0.9768,0.5261
68,20,12,0.9774,0.5200
68,21,11,0.9780,0.5122
68,22,10,0.9787,0.5029
68,23,9,0.9792,0.4921
68,24,8,0.9798,0.4799
68,25,7,0.9804,0.4665
68,26,6,0.9809,0.4519
68,27,5,0.9814,0.4363
68,28,4,0.9819,0.4199
68,29,3,0.9824,0.4028
68,30,2,0.9829,0.3851
68,31,1,0.9833,0.3669
68,32,0,0.9837,0.3485
69,0,31,0.9675,0.3421
69,1,30,0.9680,0.3598
69,2,29,0.9685,0.3773
69,3,28,0.9691,0.3942
69,4,27,0.9697,0.4105
69,5,26,0.9702,0.4261
69,6,25,0.9709,0.4408
69,7,24,0.9715,0.4545
69,8,23,0.9721,0.4670
69,9,22,0.9727,0.4782
69,10,21,0.9734,0.4881
69,11,20,0.9740,0.4964
69,12,19,0.9746,0.5032
69,13,18,0.9753,0.5084
69,14,17,0.9759,0.5118
69,15,16,0.9766,0.5136
69,16,15,0.9772,0.5136
69,17,14,0.9778,0.5118
69,18,13,0.9784,0.5084
69,19,12,0.9790,0.5032
69,20,11,0.9796,0.4964
69,21,10,0.9802,0.4881
69,22,9,0.9807,0.4782
69,23,8,0.9812,0.4670
69,24,7,0.9818,0.4545
69,25,6,0.9823,0.4408
69,26,5,0.9828,0.4261
69,27,4,0.9832,0.4105
69,28,3,0.9837,0.3942
69,29,2,0.9841,0.3773
69,30,1,0.9845,0.3598
69,31,0,0.9849,0.3421
70,0,30,0.9701,0.3352
70,1,29,0.9706,0.3523
70,2,28,0.9711,0.3690
70,3,27,0.9717,0.3852
70,4,26,0.9722,0.4007
70,5,25,0.9728,0.4154
70,6,24,0.9734,0.4292
70,7,23,0.9740,0.4420
70,8,22,0.9746,0.4535
70,9,21,0.9752,0.4638
70,10,20,0.9758,0.4727
70,11,19,0.9764,0.4801
70,12,18,0.9770,0.4859
70,13,17,0.9776,0.4901
70,14,16,0.9782,0.4926
70,15,15,0.9788,0.4935
70,16,14,0.9794,0.4926
70,17,13,0.9799,0.4901
70,18,12,0.9805,0.4859
70,19,11,0.9810,0.4801
70,20,10,0.9816,0.4727
70,21,9,0.9821,0.4638
70,22,8,0.9826,0.4535
70,23,7,0.9831,0.4420
70,24,6,0.9836,0.4292
70,25,5,0.9840,0.4154
70,26,4,0.9845,0.4007
70,27,3,0.9849,0.3852
70,28,2,0.9853,0.3690
70,29,1,0.9857,0.3523
70,30,0,0.9861,0.3352
71,0,29,0.9726,0.3280
71,1,28,0.9731,0.3444
71,2,27,0.9736,0.3603
71,3,26,0.9741,0.3757
71,4,25,0.9747,0.3904
71,5,24,0.9752,0.4042
71,6,23,0.9758,0.4171
71,7,22,0.9764,0.4289
71,8,21,0.9769,0.4395
71,9,20,0.9775,0.4489
71,10,19,0.9781,0.4568
71,11,18,0.9786,0.4632
71,12,17,0.9792,0.4681
71,13,16,0.9797,0.4714
71,14,15,0.9803,0.4730
71,15,14,0.9808,0.4730
71,16,13,0.9814,0.4714
71,17,12,0.9819,0.4681
71,18,11,0.9824,0.4632
71,19,10,0.9829,0.4568
71,20,9,0.9834,0.4489
71,21,8,0.9839,0.4395
71,22,7,0.9843,0.4289
71,23,6,0.9848,0.4171
71,24,5,0.9852,0.4042
71,25,4,0.9856,0.3904
71,26,3,0.9860,0.3757
71,27,2,0.9864,0.3603
71,28,1,0.9868,0.3444
71,29,0,0.9871,0.3280
72,0,28,0.9750,0.3204
72,1,27,0.9754,0.3361
72,2,26,0.9759,0.3512
72,3,25,0.9765,0.3657
72,4,24,0.9770,0.3796
72,5,23,0.9775,0.3925
72,6,22,0.9780,0.4045
72,7,21,0.9786,0.4154
72,8,20,0.9791,0.4251
72,9,19,0.9796,0.4335
72,10,18,0.9802,0.4404
72,11,17,0.9807,0.4459
72,12,16,0.9812,0.4499
72,13,15,0.9817,0.4523
72,14,14,0.9822,0.4531
72,15,13,0.9827,0.4523
72,16,12,0.9832,0.4499
72,17,11,0.9837,0.4459
72,18,10,0.9842,0.4404
72,19,9,0.9846,0.4335
72,20,8,0.9851,0.4251
72,21,7,0.9855,0.4154
72,22,6,0.9859,0.4045
72,23,5,0.9863,0.3925
72,24,4,0.9867,0.3796
72,25,3,0.9871,0.3657
72,26,2,0.9875,0.3512
72,27,1,0.9878,0.3361
72,28,0,0.9881,0.3204
73,0,27,0.9772,0.3125
73,1,26,0.9776,0.3273
73,2,25,0.9781,0.3417
73,3,24,0.9786,0.3554
73,4,23,0.9791,0.3683
73,5,22,0.9796,0.3804
73,6,21,0.9801,0.3915
73,7,20,0.9806,0.4014
73,8,19,0.9811,0.4102
73,9,18,0.9816,0.4176
73,10,17,0.9821,0.4237
73,11,16,0.9826,0.4283
73,12,15,0.9831,0.4314
73,13,14,0.9835,0.4329
73,14,13,0.9840,0.4329
73,15,12,0.9845,0.4314
73,16,11,0.9849,0.4283
73,17,10,0.9854,0.4237
73,18,9,0.9858,0.4176
73,19,8,0.9862,0.4102
73,20,7,0.9866,0.4014
73,21,6,0.9870,0.3915
73,22,5,0.9874,0.3804
73,23,4,0.9877,0.3683
73,24,3,0.9881,0.3554
73,25,2,0.9884,0.3417
73,26,1,0.9888,0.3273
73,27,0,0.9891,0.3125
74,0,26,0.9792,0.3041
74,1,25,0.9797,0.3182
74,2,24,0.9802,0.3317
74,3,23,0.9806,0.3446
74,4,22,0.9811,0.3567
74,5,21,0.9816,0.3679
74,6,20,0.9820,0.3780
74,7,19,0.9825,0.3871
74,8,18,0.9830,0.3949
74,9,17,0.9834,0.4014
74,10,16,0.9839,0.4066
74,11,15,0.9843,0.4103
74,12,14,0.9848,0.4125
74,13,13,0.9852,0.4133
74,14,12,0.9856,0.4125
74,15,11,0.9861,0.4103
74,16,10,0.9865,0.4066
74,17,9,0.9869,0.4014
74,18,8,0.9873,0.3949
74,19,7,0.9876,0.3871
74,20,6,0.9880,0.3780
74,21,5,0.9884,0.3679
74,22,4,0.9887,0.3567
74,23,3,0.9890,0.3446
74,24,2,0.9894,0.3317
74,25,1,0.9897,0.3182
74,26,0,0.9900,0.3041
75,0,25,0.9812,0.2954
75,1,24,0.9816,0.3087
75,2,23,0.9821,0.3214
75,3,22,0.9825,0.3335
75,4,21,0.9829,0.3447
75,5,20,0.9834,0.3550
75,6,19,0.9838,0.3642
75,7,18,0.9843,0.3724
75,8,17,0.9847,0.3793
75,9,16,0.9851,0.3849
75,10,15,0.9855,0.3892
75,11,14,0.9859,0.3921
75,12,13,0.9864,0.3935
75,13,12,0.9868,0.3935
75,14,11,0.9871,0.3921
75,15,10,0.9875,0.3892
75,16,9,0.9879,0.3849
75,17,8,0.9883,0.3793
75,18,7,0.9886,0.3724
75,19,6,0.9890,0.3642
75,20,5,0.9893,0.3550
75,21,4,0.9896,0.3447
75,22,3,0.9899,0.3335
75,23,2,0.9902,0.3214
75,24,1,0.9905,0.3087
75,25,0,0.9908,0.2954
76,0,24,0.9830,0.2864
76,1,23,0.9834,0.2989
76,2,22,0.9838,0.3108
76,3,21,0.9842,0.3219
76,4,20,0.9846,0.3323
76,5,19,0.9850,0.3417
76,6,18,0.9855,0.3501
76,7,17,0.9859,0.3573
76,8,16,0.9863,0.3634
76,9,15,0.9866,0.3681
76,10,14,0.9870,0.3716
76,11,13,0.9874,0.3737
76,12,12,0.9878,0.3744
76,13,11,0.9882,0.3737
76,14,10,0.9885,0.3716
76,15,9,0.9889,0.3681
76,16,8,0.9892,0.3634
76,17,7,0.9895,0.3573
76,18,6,0.9898,0.3501
76,19,5,0.9901,0.3417
76,20,4,0.9904,0.3323
76,21,3,0.9907,0.3219
76,22,2,0.9910,0.3108
76,23,1,0.9913,0.2989
76,24,0,0.9915,0.2864
77,0,23,0.9847,0.2770
77,1,22,0.9851,0.2887
77,2,21,0.9854,0.2998
77,3,20,0.9858,0.3101
77,4,19,0.9862,0.3196
77,5,18,0.9866,0.3281
77,6,17,0.9870,0.3356
77,7,16,0.9873,0.3420
77,8,15,0.9877,0.3472
77,9,14,0.9881,0.3512
77,10,13,0.9884,0.3538
77,11,12,0.9888,0.3552
77,12,11,0.9891,0.3552
77,13,10,0.9894,0.3538
77,14,9,0.9897,0.3512
77,15,8,0.9901,0.3472
77,16,7,0.9904,0.3420
77,17,6,0.9907,0.3356
77,18,5,0.9909,0.3281
77,19,4,0.9912,0.3196
77,20,3,0.9915,0.3101
77,21,2,0.9917,0.2998
77,22,1,0.9920,0.2887
77,23,0,0.9922,0.2770
78,0,22,0.9862,0.2674
78,1,21,0.9866,0.2783
78,2,20,0.9869,0.2885
78,3,19,0.9873,0.2980
78,4,18,0.9876,0.3066
78,5,17,0.9880,0.3143
78,6,16,0.9883,0.3210
78,7,15,0.9887,0.3265
78,8,14,0.9890,0.3309
78,9,13,0.9893,0.3341
78,10,12,0.9897,0.3360
78,11,11,0.9900,0.3366
78,12,10,0.9903,0.3360
78,13,9,0.9906,0.3341
78,14,8,0.9909,0.3309
78,15,7,0.9911,0.3265
78,16,6,0.9914,0.3210
78,17,5,0.9917,0.3143
78,18,4,0.9919,0.3066
78,19,3,0.9922,0.2980
78,20,2,0.9924,0.2885
78,21,1,0.9927,0.2783
78,22,0,0.9929,0.2674
79,0,21,0.9876,0.2575
79,1,20,0.9880,0.2676
79,2,19,0.9883,0.2770
79,3,18,0.9886,0.2856
79,4,17,0.9889,0.2934
79,5,16,0.9893,0.3003
79,6,15,0.9896,0.3061
79,7,14,0.9899,0.3109
79,8,13,0.9902,0.3145
79,9,12,0.9905,0.3169
79,10,11,0.9908,0.3181
79,11,10,0.9911,0.3181
79,12,9,0.9913,0.3169
79,13,8,0.9916,0.3145
79,14,7,0.9919,0.3109
79,15,6,0.9921,0.3061
79,16,5,0.9924,0.3003
79,17,4,0.9926,0.2934
79,18,3,0.9928,0.2856
79,19,2,0.9931,0.2770
79,20,1,0.9933,0.2676
79,21,0,0.9935,0.2575
80,0,20,0.9889,0.2473
80,1,19,0.9892,0.2566
80,2,18,0.9895,0.2652
80,3,17,0.9898,0.2731
80,4,16,0.9901,0.2801
80,5,15,0.9904,0.2861
80,6,14,0.9907,0.2912
80,7,13,0.9910,0.2952
80,8,12,0.9913,0.2981
80,9,11,0.9915,0.2998
80,10,10,0.9918,0.3004
80,11,9,0.9921,0.2998
80,12,8,0.9923,0.2981
80,13,7,0.9926,0.2952
80,14,6,0.9928,0.2912
80,15,5,0.9930,0.2861
80,16,4,0.9932,0.2801
80,17,3,0.9935,0.2731
80,18,2,0.9937,0.2652
80,19,1,0.9939,0.2566
80,20,0,0.9940,0.2473
81,0,19,0.9901,0.2370
81,1,18,0.9904,0.2455
81,2,17,0.9907,0.2533
81,3,16,0.9909,0.2604
81,4,15,0.9912,0.2666
81,5,14,0.9915,0.2719
81,6,13,0.9917,0.2762
81,7,12,0.9920,0.2794
81,8,11,0.9923,0.2817
81,9,10,0.9925,0.2828
81,10,9,0.9927,0.2828
81,11,8,0.9930,0.2817
81,12,7,0.9932,0.2794
81,13,6,0.9934,0.2762
81,14,5,0.9936,0.2719
81,15,4,0.9938,0.2666
81,16,3,0.9940,0.2604
81,17,2,0.9942,0.2533
81,18,1,0.9944,0.2455
81,19,0,0.9946,0.2370
82,0,18,0.9912,0.2264
82,1,17,0.9914,0.2342
82,2,16,0.9917,0.2413
82,3,15,0.9919,0.2476
82,4,14,0.9922,0.2530
82,5,13,0.9924,0.2576
82,6,12,0.9927,0.2612
82,7,11,0.9929,0.2638
82,8,10,0.9931,0.2654
82,9,9,0.9934,0.2659
82,10,8,0.9936,0.2654
82,11,7,0.9938,0.2638
82,12,6,0.9940,0.2612
82,13,5,0.9942,0.2576
82,14,4,0.9944,0.2530
82,15,3,0.9945,0.2476
82,16,2,0.9947,0.2413
82,17,1,0.9949,0.2342
82,18,0,0.9950,0.2264
83,0,17,0.9922,0.2158
83,1,16,0.9924,0.2228
83,2,15,0.9926,0.2292
83,3,14,0.9929,0.2347
83,4,13,0.9931,0.2395
83,5,12,0.9933,0.2433
83,6,11,0.9935,0.2463
83,7,10,0.9937,0.2483
83,8,9,0.9939,0.2493
83,9,8,0.9941,0.2493
83,10,7,0.9943,0.2483
83,11,6,0.9945,0.2463
83,12,5,0.9947,0.2433
83,13,4,0.9948,0.2395
83,14,3,0.9950,0.2347
83,15,2,0.9952,0.2292
83,16,1,0.9953,0.2228
83,17,0,0.9955,0.2158
84,0,16,0.9930,0.2051
84,1,15,0.9933,0.2114
84,2,14,0.9935,0.2170
84,3,13,0.9937,0.2219
84,4,12,0.9939,0.2260
84,5,11,0.9941,0.2292
84,6,10,0.9943,0.2315
84,7,9,0.9944,0.2329
84,8,8,0.9946,0.2334
84,9,7,0.9948,0.2329
84,10,6,0.9950,0.2315
84,11,5,0.9951,0.2292
84,12,4,0.9953,0.2260
84,13,3,0.9955,0.2219
84,14,2,0.9956,0.2170
84,15,1,0.9957,0.2114
84,16,0,0.9959,0.2051
85,0,15,0.9938,0.1944
85,1,14,0.9940,0.2000
85,2,13,0.9942,0.2049
85,3,12,0.9944,0.2091
85,4,11,0.9946,0.2126
85,5,10,0.9948,0.2152
85,6,9,0.9949,0.2170
85,7,8,0.9951,0.2178
85,8,7,0.9953,0.2178
85,9,6,0.9954,0.2170
85,10,5,0.9956,0.2152
85,11,4,0.9957,0.2126
85,12,3,0.9959,0.2091
85,13,2,0.9960,0.2049
85,14,1,0.9961,0.2000
85,15,0,0.9963,0.1944
86,0,14,0.9945,0.1837
86,1,13,0.9947,0.1886
86,2,12,0.9949,0.1929
86,3,11,0.9951,0.1965
86,4,10,0.9952,0.1994
86,5,9,0.9954,0.2014
86,6,8,0.9955,0.2027
86,7,7,0.9957,0.2031
86,8,6,0.9958,0.2027
86,9,5,0.9960,0.2014
86,10,4,0.9961,0.1994
86,11,3,0.9962,0.1965
86,12,2,0.9964,0.1929
86,13,1,0.9965,0.1886
86,14,0,0.9966,0.1837
87,0,13,0.9952,0.1730
87,1,12,0.9953,0.1773
87,2,11,0.9955,0.1810
87,3,10,0.9957,0.1841
87,4,9,0.9958,0.1864
87,5,8,0.9959,0.1879
87,6,7,0.9961,0.1887
87,7,6,0.9962,0.1887
87,8,5,0.9963,0.1879
87,9,4,0.9965,0.1864
87,10,3,0.9966,0.1841
87,11,2,0.9967,0.1810
87,12,1,0.9968,0.1773
87,13,0,0.9969,0.1730
88,0,12,0.9958,0.1624
88,1,11,0.9959,0.1662
88,2,10,0.9960,0.1694
88,3,9,0.9962,0.1718
88,4,8,0.9963,0.1736
88,5,7,0.9964,0.1747
88,6,6,0.9966,0.1751
88,7,5,0.9967,0.1747
88,8,4,0.9968,0.1736
88,9,3,0.9969,0.1718
88,10,2,0.9970,0.1694
88,11,1,0.9971,0.1662
88,12,0,0.9972,0.1624
89,0,11,0.9963,0.1521
89,1,10,0.9964,0.1553
89,2,9,0.9965,0.1579
89,3,8,0.9966,0.1599
89,4,7,0.9968,0.1613
89,5,6,0.9969,0.1619
89,6,5,0.9970,0.1619
89,7,4,0.9971,0.1613
89,8,3,0.9972,0.1599
89,9,2,0.9973,0.1579
89,10,1,0.9974,0.1553
89,11,0,0.9975,0.1521
90,0,10,0.9967,0.1419
90,1,9,0.9968,0.1446
90,2,8,0.9969,0.1467
90,3,7,0.9971,0.1483
90,4,6,0.9972,0.1492
90,5,5,0.9973,0.1496
90,6,4,0.9973,0.1492
90,7,3,0.9974,0.1483
90,8,2,0.9975,0.1467
90,9,1,0.9976,0.1446
90,10,0,0.9977,0.1419
91,0,9,0.9971,0.1319
91,1,8,0.9972,0.1342
91,2,7,0.9973,0.1359
91,3,6,0.9974,0.1371
91,4,5,0.9975,0.1377
91,5,4,0.9976,0.1377
91,6,3,0.9977,0.1371
91,7,2,0.9978,0.1359
91,8,1,0.9978,0.1342
91,9,0,0.9979,0.1319
92,0,8,0.9975,0.1223
92,1,7,0.9976,0.1241
92,2,6,0.9977,0.1254
92,3,5,0.9977,0.1262
92,4,4,0.9978,0.1265
92,5,3,0.9979,0.1262
92,6,2,0.9980,0.1254
92,7,1,0.9980,0.1241
92,8,0,0.9981,0.1223
93,0,7,0.9978,0.1129
93,1,6,0.9979,0.1144
93,2,5,0.9980,0.1154
93,3,4,0.9980,0.1159
93,4,3,0.9981,0.1159
93,5,2,0.9982,0.1154
93,6,1,0.9982,0.1144
93,7,0,0.9983,0.1129
94,0,6,0.9981,0.1039
94,1,5,0.9982,0.1050
94,2,4,0.9982,0.1057
94,3,3,0.9983,0.1059
94,4,2,0.9983,0.1057
94,5,1,0.9984,0.1050
94,6,0,0.9985,0.1039
95,0,5,0.9983,0.0953
95,1,4,0.9984,0.0961
95,2,3,0.9984,0.0965
95,3,2,0.9985,0.0965
95,4,1,0.9986,0.0961
95,5,0,0.9986,0.0953
96,0,4,0.9985,0.0870
96,1,3,0.9986,0.0876
96,2,2,0.9986,0.0878
96,3,1,0.9987,0.0876
96,4,0,0.9987,0.0870
97,0,3,0.9987,0.0792
97,1,2,0.9988,0.0796
97,2,1,0.9988,0.0796
97,3,0,0.9989,0.0792
98,0,2,0.9989,0.0719
98,1,1,0.9989,0.0720
98,2,0,0.9990,0.0719
99,0,1,0.9990,0.0649
99,1,0,0.9991,0.0649
100,0,0,0.9992,0.0584
