DQ_pct_X,TBZ_pct_Y,THI_pct_Z,correct_fraction_nnls_Z2,data_density_alpha
0,0,100,0.6115,0.0584
0,1,99,0.6185,0.0649
0,2,98,0.6253,0.0719
0,3,97,0.6319,0.0792
0,4,96,0.6383,0.0870
0,5,95,0.6446,0.0953
0,6,94,0.6506,0.1039
0,7,93,0.6564,0.1129
0,8,92,0.6621,0.1223
0,9,91,0.6675,0.1319
0,10,90,0.6727,0.1419
0,11,89,0.6776,0.1521
0,12,88,0.6824,0.1624
0,13,87,0.6869,0.1730
0,14,86,0.6912,0.1836
0,15,85,0.6953,0.1944
0,16,84,0.6992,0.2051
0,17,83,0.7029,0.2158
0,18,82,0.7065,0.2264
0,19,81,0.7098,0.2369
0,20,80,0.7131,0.2473
0,21,79,0.7162,0.2575
0,22,78,0.7192,0.2674
0,23,77,0.7222,0.2770
0,24,76,0.7251,0.2864
0,25,75,0.7280,0.2954
0,26,74,0.7309,0.3041
0,27,73,0.7338,0.3124
0,28,72,0.7368,0.3204
0,29,71,0.7398,0.3280
0,30,70,0.7429,0.3352
0,31,69,0.7461,0.3420
0,32,68,0.7494,0.3485
0,33,67,0.7528,0.3545
0,34,66,0.7563,0.3601
0,35,65,0.7600,0.3654
0,36,64,0.7637,0.3703
0,37,63,0.7675,0.3749
0,38,62,0.7714,0.3790
0,39,61,0.7754,0.3828
0,40,60,0.7793,0.3863
0,41,59,0.7832,0.3894
0,42,58,0.7871,0.3922
0,43,57,0.7908,0.3947
0,44,56,0.7945,0.3968
0,45,55,0.7979,0.3986
0,46,54,0.8012,0.4000
0,47,53,0.8042,0.4011
0,48,52,0.8069,0.4020
0,49,51,0.8094,0.4024
0,50,50,0.8115,0.4026
0,51,49,0.8133,0.4024
0,52,48,0.8147,0.4020
0,53,47,0.8157,0.4011
0,54,46,0.8164,0.4000
0,55,45,0.8167,0.3986
0,56,44,0.8167,0.3968
0,57,43,0.8164,0.3947
0,58,42,0.8157,0.3922
0,59,41,0.8148,0.3894
0,60,40,0.8136,0.3863
0,61,39,0.8122,0.3828
0,62,38,0.8106,0.3790
0,63,37,0.8089,0.3749
0,64,36,0.8071,0.3703
0,65,35,0.8053,0.3654
0,66,34,0.8034,0.3601
0,67,33,0.8016,0.3545
0,68,32,0.7998,0.3485
0,69,31,0.7982,0.3420
0,70,30,0.7966,0.3352
0,71,29,0.7953,0.3280
0,72,28,0.7941,0.3204
0,73,27,0.7931,0.3124
0,74,26,0.7924,0.3041
0,75,25,0.7919,0.2954
0,76,24,0.7916,0.2864
0,77,23,0.7916,0.2770
0,78,22,0.7919,0.2674
0,79,21,0.7924,0.2575
0,80,20,0.7931,0.2473
0,81,19,0.7942,0.2369
0,82,18,0.7954,0.2264
0,83,17,0.7970,0.2158
0,84,16,0.7987,0.2051
0,85,15,0.8007,0.1944
0,86,14,0.8028,0.1836
0,87,13,0.8052,0.1730
0,88,12,0.8077,0.1624
0,89,11,0.8104,0.1521
0,90,10,0.8133,0.1419
0,91,9,0.8163,0.1319
0,92,8,0.8194,0.1223
0,93,7,0.8226,0.1129
0,94,6,0.8259,0.1039
0,95,5,0.8293,0.0953
0,96,4,0.8328,0.0870
0,97,3,0.8364,0.0792
0,98,2,0.8400,0.0719
0,99,1,0.8436,0.0649
0,100,0,0.8472,0.0584
1,0,99,0.6191,0.0649
1,1,98,0.6259,0.0720
1,2,97,0.6324,0.0796
1,3,96,0.6388,0.0876
1,4,95,0.6451,0.0961
1,5,94,0.6511,0.1050
1,6,93,0.6569,0.1144
1,7,92,0.6625,0.1241
1,8,91,0.6679,0.1342
1,9,90,0.6730,0.1446
1,10,89,0.6780,0.1553
1,11,88,0.6827,0.1662
1,12,87,0.6872,0.1773
1,13,86,0.6915,0.1886
1,14,85,0.6955,0.2000
1,15,84,0.6994,0.2114
1,16,83,0.7030,0.2228
1,17,82,0.7065,0.2342
1,18,81,0.7099,0.2455
1,19,80,0.7130,0.2566
1,20,79,0.7161,0.2675
1,21,78,0.7190,0.2783
1,22,77,0.7219,0.2887
1,23,76,0.7247,0.2989
1,24,75,0.7274,0.3087
1,25,74,0.7302,0.3182
1,26,73,0.7329,0.3273
1,27,72,0.7357,0.3360
1,28,71,0.7386,0.3444
1,29,70,0.7415,0.3523
1,30,69,0.7445,0.3598
1,31,68,0.7476,0.3669
1,32,67,0.7508,0.3736
1,33,66,0.7542,0.3798
1,34,65,0.7576,0.3857
1,35,64,0.7611,0.3912
1,36,63,0.7647,0.3962
1,37,62,0.7684,0.4009
1,38,61,0.7722,0.4052
1,39,60,0.7759,0.4091
1,40,59,0.7797,0.4126
1,41,58,0.7834,0.4157
1,42,57,0.7870,0.4185
1,43,56,0.7906,0.4210
1,44,55,0.7939,0.4231
1,45,54,0.7971,0.4248
1,46,53,0.8000,0.4262
1,47,52,0.8027,0.4272
1,48,51,0.8051,0.4279
1,49,50,0.8072,0.4283
1,50,49,0.8090,0.4283
1,51,48,0.8104,0.4279
1,52,47,0.8115,0.4272
1,53,46,0.8122,0.4262
1,54,45,0.8125,0.4248
1,55,44,0.8125,0.4231
1,56,43,0.8122,0.4210
1,57,42,0.8115,0.4185
1,58,41,0.8106,0.4157
1,59,40,0.8094,0.4126
1,60,39,0.8080,0.4091
1,61,38,0.8064,0.4052
1,62,37,0.8046,0.4009
1,63,36,0.8028,0.3962
1,64,35,0.8009,0.3912
1,65,34,0.7989,0.3857
1,66,33,0.7970,0.3798
1,67,32,0.7952,0.3736
1,68,31,0.7934,0.3669
1,69,30,0.7918,0.3598
1,70,29,0.7903,0.3523
1,71,28,0.7890,0.3444
1,72,27,0.7879,0.3360
1,73,26,0.7870,0.3273
1,74,25,0.7863,0.3182
1,75,24,0.7859,0.3087
1,76,23,0.7858,0.2989
1,77,22,0.7859,0.2887
1,78,21,0.7863,0.2783
1,79,20,0.7870,0.2675
1,80,19,0.7879,0.2566
1,81,18,0.7891,0.2455
1,82,17,0.7905,0.2342
1,83,16,0.7922,0.2228
1,84,15,0.7940,0.2114
1,85,14,0.7961,0.2000
1,86,13,0.7985,0.1886
1,87,12,0.8010,0.1773
1,88,11,0.8036,0.1662
1,89,10,0.8065,0.1553
1,90,9,0.8094,0.1446
1,91,8,0.8126,0.1342
1,92,7,0.8158,0.1241
1,93,6,0.8191,0.1144
1,94,5,0.8226,0.1050
1,95,4,0.8261,0.0961
1,96,3,0.8297,0.0876
1,97,2,0.8333,0.0796
1,98,1,0.8370,0.0720
1,99,0,0.8407,0.0649
2,0,98,0.6266,0.0719
2,1,97,0.6331,0.0796
2,2,96,0.6395,0.0878
2,3,95,0.6457,0.0965
2,4,94,0.6517,0.1057
2,5,93,0.6575,0.1154
2,6,92,0.6630,0.1254
2,7,91,0.6684,0.1359
2,8,90,0.6735,0.1467
2,9,89,0.6784,0.1579
2,10,88,0.6831,0.1694
2,11,87,0.6876,0.1810
2,12,86,0.6918,0.1929
2,13,85,0.6959,0.2049
2,14,84,0.6997,0.2170
2,15,83,0.7033,0.2291
2,16,82,0.7067,0.2413
2,17,81,0.7100,0.2533
2,18,80,0.7131,0.2652
2,19,79,0.7161,0.2770
2,20,78,0.7189,0.2885
2,21,77,0.7217,0.2998
2,22,76,0.7244,0.3107
2,23,75,0.7270,0.3214
2,24,74,0.7296,0.3317
2,25,73,0.7323,0.3416
2,26,72,0.7349,0.3512
2,27,71,0.7376,0.3603
2,28,70,0.7403,0.3690
2,29,69,0.7431,0.3772
2,30,68,0.7461,0.3850
2,31,67,0.7491,0.3924
2,32,66,0.7522,0.3993
2,33,65,0.7554,0.4058
2,34,64,0.7587,0.4119
2,35,63,0.7622,0.4175
2,36,62,0.7657,0.4227
2,37,61,0.7692,0.4275
2,38,60,0.7728,0.4319
2,39,59,0.7764,0.4358
2,40,58,0.7799,0.4394
2,41,57,0.7834,0.4426
2,42,56,0.7868,0.4454
2,43,55,0.7900,0.4478
2,44,54,0.7931,0.4498
2,45,53,0.7960,0.4515
2,46,52,0.7986,0.4528
2,47,51,0.8010,0.4537
2,48,50,0.8030,0.4543
2,49,49,0.8048,0.4545
2,50,48,0.8062,0.4543
2,51,47,0.8072,0.4537
2,52,46,0.8079,0.4528
2,53,45,0.8083,0.4515
2,54,44,0.8083,0.4498
2,55,43,0.8079,0.4478
2,56,42,0.8073,0.4454
2,57,41,0.8064,0.4426
2,58,40,0.8052,0.4394
2,59,39,0.8037,0.4358
2,60,38,0.8021,0.4319
2,61,37,0.8003,0.4275
2,62,36,0.7984,0.4227
2,63,35,0.7965,0.4175
2,64,34,0.7944,0.4119
2,65,33,0.7924,0.4058
2,66,32,0.7905,0.3993
2,67,31,0.7886,0.3924
2,68,30,0.7868,0.3850
2,69,29,0.7852,0.3772
2,70,28,0.7838,0.3690
2,71,27,0.7826,0.3603
2,72,26,0.7815,0.3512
2,73,25,0.7808,0.3416
2,74,24,0.7802,0.3317
2,75,23,0.7799,0.3214
2,76,22,0.7799,0.3107
2,77,21,0.7802,0.2998
2,78,20,0.7807,0.2885
2,79,19,0.7815,0.2770
2,80,18,0.7826,0.2652
2,81,17,0.7839,0.2533
2,82,16,0.7855,0.2413
2,83,15,0.7873,0.2291
2,84,14,0.7893,0.2170
2,85,13,0.7916,0.2049
2,86,12,0.7940,0.1929
2,87,11,0.7967,0.1810
2,88,10,0.7995,0.1694
2,89,9,0.8024,0.1579
2,90,8,0.8056,0.1467
2,91,7,0.8088,0.1359
2,92,6,0.8122,0.1254
2,93,5,0.8156,0.1154
2,94,4,0.8192,0.1057
2,95,3,0.8228,0.0965
2,96,2,0.8265,0.0878
2,97,1,0.8302,0.0796
2,98,0,0.8340,0.0719
3,0,97,0.6339,0.0792
3,1,96,0.6403,0.0876
3,2,95,0.6464,0.0965
3,3,94,0.6524,0.1059
3,4,93,0.6581,0.1159
3,5,92,0.6637,0.1262
3,6,91,0.6690,0.1371
3,7,90,0.6741,0.1483
3,8,89,0.6790,0.1599
3,9,88,0.6837,0.1718
3,10,87,0.6881,0.1841
3,11,86,0.6923,0.1965
3,12,85,0.6963,0.2091
3,13,84,0.7001,0.2219
3,14,83,0.7037,0.2347
3,15,82,0.7071,0.2475
3,16,81,0.7103,0.2603
3,17,80,0.7133,0.2730
3,18,79,0.7162,0.2856
3,19,78,0.7190,0.2980
3,20,77,0.7217,0.3101
3,21,76,0.7243,0.3219
3,22,75,0.7268,0.3334
3,23,74,0.7293,0.3446
3,24,73,0.7318,0.3554
3,25,72,0.7343,0.3657
3,26,71,0.7368,0.3757
3,27,70,0.7393,0.3851
3,28,69,0.7420,0.3942
3,29,68,0.7447,0.4027
3,30,67,0.7475,0.4108
3,31,66,0.7504,0.4185
3,32,65,0.7535,0.4256
3,33,64,0.7566,0.4323
3,34,63,0.7598,0.4386
3,35,62,0.7631,0.4443
3,36,61,0.7664,0.4497
3,37,60,0.7698,0.4546
3,38,59,0.7732,0.4590
3,39,58,0.7766,0.4631
3,40,57,0.7799,0.4667
3,41,56,0.7832,0.4699
3,42,55,0.7863,0.4726
3,43,54,0.7893,0.4750
3,44,53,0.7920,0.4770
3,45,52,0.7946,0.4786
3,46,51,0.7969,0.4798
3,47,50,0.7989,0.4805
3,48,49,0.8006,0.4809
3,49,48,0.8020,0.4809
3,50,47,0.8030,0.4805
3,51,46,0.8037,0.4798
3,52,45,0.8041,0.4786
3,53,44,0.8041,0.4770
3,54,43,0.8038,0.4750
3,55,42,0.8031,0.4726
3,56,41,0.8022,0.4699
3,57,40,0.8009,0.4667
3,58,39,0.7995,0.4631
3,59,38,0.7978,0.4590
3,60,37,0.7960,0.4546
3,61,36,0.7941,0.4497
3,62,35,0.7920,0.4443
3,63,34,0.7900,0.4386
3,64,33,0.7879,0.4323
3,65,32,0.7858,0.4256
3,66,31,0.7838,0.4185
3,67,30,0.7819,0.4108
3,68,29,0.7802,0.4027
3,69,28,0.7786,0.3942
3,70,27,0.7772,0.3851
3,71,26,0.7761,0.3757
3,72,25,0.7752,0.3657
3,73,24,0.7745,0.3554
3,74,23,0.7741,0.3446
3,75,22,0.7739,0.3334
3,76,21,0.7740,0.3219
3,77,20,0.7744,0.3101
3,78,19,0.7751,0.2980
3,79,18,0.7761,0.2856
3,80,17,0.7773,0.2730
3,81,16,0.7788,0.2603
3,82,15,0.7805,0.2475
3,83,14,0.7824,0.2347
3,84,13,0.7846,0.2219
3,85,12,0.7870,0.2091
3,86,11,0.7896,0.1965
3,87,10,0.7923,0.1841
3,88,9,0.7953,0.1718
3,89,8,0.7984,0.1599
3,90,7,0.8016,0.1483
3,91,6,0.8050,0.1371
3,92,5,0.8084,0.1262
3,93,4,0.8120,0.1159
3,94,3,0.8157,0.1059
3,95,2,0.8194,0.0965
3,96,1,0.8232,0.0876
3,97,0,0.8271,0.0792
4,0,96,0.6412,0.0870
4,1,95,0.6473,0.0961
4,2,94,0.6532,0.1057
4,3,93,0.6589,0.1159
4,4,92,0.6645,0.1265
4,5,91,0.6698,0.1377
4,6,90,0.6748,0.1492
4,7,89,0.6797,0.1613
4,8,88,0.6843,0.1736
4,9,87,0.6887,0.1864
4,10,86,0.6929,0.1994
4,11,85,0.6969,0.2126
4,12,84,0.7006,0.2260
4,13,83,0.7042,0.2395
4,14,82,0.7075,0.2530
4,15,81,0.7107,0.2666
4,16,80,0.7136,0.2800
4,17,79,0.7165,0.2934
4,18,78,0.7192,0.3066
4,19,77,0.7218,0.3196
4,20,76,0.7243,0.3323
4,21,75,0.7267,0.3446
4,22,74,0.7291,0.3567
4,23,73,0.7314,0.3683
4,24,72,0.7338,0.3795
4,25,71,0.7361,0.3903
4,26,70,0.7386,0.4007
4,27,69,0.7410,0.4105
4,28,68,0.7436,0.4199
4,29,67,0.7462,0.4288
4,30,66,0.7489,0.4371
4,31,65,0.7517,0.4450
4,32,64,0.7546,0.4524
4,33,63,0.7576,0.4593
4,34,62,0.7607,0.4657
4,35,61,0.7638,0.4716
4,36,60,0.7670,0.4771
4,37,59,0.7702,0.4820
4,38,58,0.7734,0.4866
4,39,57,0.7766,0.4906
4,40,56,0.7797,0.4943
4,41,55,0.7827,0.4974
4,42,54,0.7855,0.5002
4,43,53,0.7882,0.5025
4,44,52,0.7907,0.5044
4,45,51,0.7929,0.5059
4,46,50,0.7949,0.5069
4,47,49,0.7965,0.5076
4,48,48,0.7979,0.5078
4,49,47,0.7989,0.5076
4,50,46,0.7996,0.5069
4,51,45,0.7999,0.5059
4,52,44,0.7999,0.5044
4,53,43,0.7996,0.5025
4,54,42,0.7989,0.5002
4,55,41,0.7980,0.4974
4,56,40,0.7967,0.4943
4,57,39,0.7953,0.4906
4,58,38,0.7936,0.4866
4,59,37,0.7917,0.4820
4,60,36,0.7897,0.4771
4,61,35,0.7876,0.4716
4,62,34,0.7855,0.4657
4,63,33,0.7833,0.4593
4,64,32,0.7811,0.4524
4,65,31,0.7790,0.4450
4,66,30,0.7770,0.4371
4,67,29,0.7752,0.4288
4,68,28,0.7734,0.4199
4,69,27,0.7719,0.4105
4,70,26,0.7706,0.4007
4,71,25,0.7695,0.3903
4,72,24,0.7687,0.3795
4,73,23,0.7681,0.3683
4,74,22,0.7679,0.3567
4,75,21,0.7678,0.3446
4,76,20,0.7681,0.3323
4,77,19,0.7686,0.3196
4,78,18,0.7695,0.3066
4,79,17,0.7706,0.2934
4,80,16,0.7719,0.2800
4,81,15,0.7735,0.2666
4,82,14,0.7754,0.2530
4,83,13,0.7775,0.2395
4,84,12,0.7798,0.2260
4,85,11,0.7823,0.2126
4,86,10,0.7850,0.1994
4,87,9,0.7879,0.1864
4,88,8,0.7910,0.1736
4,89,7,0.7942,0.1613
4,90,6,0.7976,0.1492
4,91,5,0.8011,0.1377
4,92,4,0.8047,0.1265
4,93,3,0.8083,0.1159
4,94,2,0.8121,0.1057
4,95,1,0.8160,0.0961
4,96,0,0.8199,0.0870
5,0,95,0.6483,0.0953
5,1,94,0.6542,0.1050
5,2,93,0.6599,0.1154
5,3,92,0.6653,0.1262
5,4,91,0.6706,0.1377
5,5,90,0.6757,0.1496
5,6,89,0.6805,0.1619
5,7,88,0.6851,0.1747
5,8,87,0.6895,0.1879
5,9,86,0.6936,0.2014
5,10,85,0.6975,0.2152
5,11,84,0.7013,0.2292
5,12,83,0.7048,0.2433
5,13,82,0.7081,0.2576
5,14,81,0.7112,0.2718
5,15,80,0.7141,0.2861
5,16,79,0.7169,0.3003
5,17,78,0.7195,0.3143
5,18,77,0.7220,0.3281
5,19,76,0.7244,0.3417
5,20,75,0.7268,0.3549
5,21,74,0.7290,0.3679
5,22,73,0.7313,0.3804
5,23,72,0.7335,0.3925
5,24,71,0.7357,0.4042
5,25,70,0.7379,0.4154
5,26,69,0.7402,0.4261
5,27,68,0.7426,0.4363
5,28,67,0.7450,0.4460
5,29,66,0.7476,0.4552
5,30,65,0.7502,0.4638
5,31,64,0.7529,0.4719
5,32,63,0.7556,0.4795
5,33,62,0.7585,0.4866
5,34,61,0.7615,0.4931
5,35,60,0.7644,0.4992
5,36,59,0.7675,0.5047
5,37,58,0.7705,0.5098
5,38,57,0.7735,0.5144
5,39,56,0.7764,0.5185
5,40,55,0.7792,0.5221
5,41,54,0.7820,0.5253
5,42,53,0.7845,0.5280
5,43,52,0.7869,0.5302
5,44,51,0.7890,0.5320
5,45,50,0.7909,0.5333
5,46,49,0.7925,0.5342
5,47,48,0.7938,0.5347
5,48,47,0.7948,0.5347
5,49,46,0.7955,0.5342
5,50,45,0.7958,0.5333
5,51,44,0.7958,0.5320
5,52,43,0.7954,0.5302
5,53,42,0.7948,0.5280
5,54,41,0.7938,0.5253
5,55,40,0.7926,0.5221
5,56,39,0.7911,0.5185
5,57,38,0.7893,0.5144
5,58,37,0.7874,0.5098
5,59,36,0.7854,0.5047
5,60,35,0.7832,0.4992
5,61,34,0.7810,0.4931
5,62,33,0.7787,0.4866
5,63,32,0.7765,0.4795
5,64,31,0.7743,0.4719
5,65,30,0.7721,0.4638
5,66,29,0.7701,0.4552
5,67,28,0.7683,0.4460
5,68,27,0.7666,0.4363
5,69,26,0.7652,0.4261
5,70,25,0.7639,0.4154
5,71,24,0.7629,0.4042
5,72,23,0.7622,0.3925
5,73,22,0.7618,0.3804
5,74,21,0.7616,0.3679
5,75,20,0.7617,0.3549
5,76,19,0.7621,0.3417
5,77,18,0.7628,0.3281
5,78,17,0.7638,0.3143
5,79,16,0.7650,0.3003
5,80,15,0.7665,0.2861
5,81,14,0.7683,0.2718
5,82,13,0.7703,0.2576
5,83,12,0.7725,0.2433
5,84,11,0.7749,0.2292
5,85,10,0.7776,0.2152
5,86,9,0.7805,0.2014
5,87,8,0.7835,0.1879
5,88,7,0.7867,0.1747
5,89,6,0.7900,0.1619
5,90,5,0.7935,0.1496
5,91,4,0.7971,0.1377
5,92,3,0.8008,0.1262
5,93,2,0.8046,0.1154
5,94,1,0.8085,0.1050
5,95,0,0.8124,0.0953
6,0,94,0.6552,0.1039
6,1,93,0.6609,0.1144
6,2,92,0.6663,0.1254
6,3,91,0.6716,0.1371
6,4,90,0.6766,0.1492
6,5,89,0.6814,0.1619
6,6,88,0.6860,0.1751
6,7,87,0.6903,0.1887
6,8,86,0.6944,0.2027
6,9,85,0.6983,0.2169
6,10,84,0.7020,0.2315
6,11,83,0.7055,0.2463
6,12,82,0.7087,0.2612
6,13,81,0.7118,0.2762
6,14,80,0.7147,0.2912
6,15,79,0.7174,0.3061
6,16,78,0.7200,0.3209
6,17,77,0.7224,0.3356
6,18,76,0.7247,0.3500
6,19,75,0.7270,0.3642
6,20,74,0.7291,0.3780
6,21,73,0.7312,0.3915
6,22,72,0.7333,0.4045
6,23,71,0.7354,0.4171
6,24,70,0.7375,0.4292
6,25,69,0.7396,0.4408
6,26,68,0.7418,0.4519
6,27,67,0.7441,0.4624
6,28,66,0.7464,0.4724
6,29,65,0.7488,0.4818
6,30,64,0.7513,0.4907
6,31,63,0.7539,0.4991
6,32,62,0.7566,0.5069
6,33,61,0.7593,0.5141
6,34,60,0.7621,0.5208
6,35,59,0.7649,0.5270
6,36,58,0.7677,0.5326
6,37,57,0.7705,0.5377
6,38,56,0.7733,0.5423
6,39,55,0.7760,0.5464
6,40,54,0.7785,0.5500
6,41,53,0.7810,0.5532
6,42,52,0.7832,0.5558
6,43,51,0.7853,0.5579
6,44,50,0.7871,0.5596
6,45,49,0.7886,0.5608
6,46,48,0.7899,0.5615
6,47,47,0.7908,0.5617
6,48,46,0.7914,0.5615
6,49,45,0.7917,0.5608
6,50,44,0.7917,0.5596
6,51,43,0.7913,0.5579
6,52,42,0.7906,0.5558
6,53,41,0.7897,0.5532
6,54,40,0.7884,0.5500
6,55,39,0.7869,0.5464
6,56,38,0.7851,0.5423
6,57,37,0.7832,0.5377
6,58,36,0.7811,0.5326
6,59,35,0.7788,0.5270
6,60,34,0.7765,0.5208
6,61,33,0.7742,0.5141
6,62,32,0.7718,0.5069
6,63,31,0.7695,0.4991
6,64,30,0.7673,0.4907
6,65,29,0.7651,0.4818
6,66,28,0.7631,0.4724
6,67,27,0.7613,0.4624
6,68,26,0.7597,0.4519
6,69,25,0.7583,0.4408
6,70,24,0.7572,0.4292
6,71,23,0.7563,0.4171
6,72,22,0.7557,0.4045
6,73,21,0.7553,0.3915
6,74,20,0.7553,0.3780
6,75,19,0.7555,0.3642
6,76,18,0.7561,0.3500
6,77,17,0.7569,0.3356
6,78,16,0.7580,0.3209
6,79,15,0.7594,0.3061
6,80,14,0.7610,0.2912
6,81,13,0.7629,0.2762
6,82,12,0.7651,0.2612
6,83,11,0.7674,0.2463
6,84,10,0.7700,0.2315
6,85,9,0.7728,0.2169
6,86,8,0.7758,0.2027
6,87,7,0.7790,0.1887
6,88,6,0.7823,0.1751
6,89,5,0.7857,0.1619
6,90,4,0.7893,0.1492
6,91,3,0.7931,0.1371
6,92,2,0.7969,0.1254
6,93,1,0.8008,0.1144
6,94,0,0.8048,0.1039
7,0,93,0.6620,0.1129
7,1,92,0.6674,0.1241
7,2,91,0.6727,0.1359
7,3,90,0.6776,0.1483
7,4,89,0.6824,0.1613
7,5,88,0.6869,0.1747
7,6,87,0.6913,0.1887
7,7,86,0.6953,0.2031
7,8,85,0.6992,0.2178
7,9,84,0.7028,0.2329
7,10,83,0.7063,0.2482
7,11,82,0.7095,0.2638
7,12,81,0.7125,0.2794
7,13,80,0.7154,0.2951
7,14,79,0.7180,0.3109
7,15,78,0.7205,0.3265
7,16,77,0.7229,0.3420
7,17,76,0.7251,0.3573
7,18,75,0.7273,0.3723
7,19,74,0.7293,0.3871
7,20,73,0.7313,0.4014
7,21,72,0.7333,0.4154
7,22,71,0.7353,0.4289
7,23,70,0.7372,0.4419
7,24,69,0.7392,0.4544
7,25,68,0.7412,0.4664
7,26,67,0.7433,0.4779
7,27,66,0.7454,0.4887
7,28,65,0.7477,0.4990
7,29,64,0.7500,0.5087
7,30,63,0.7523,0.5179
7,31,62,0.7548,0.5264
7,32,61,0.7573,0.5344
7,33,60,0.7599,0.5418
7,34,59,0.7625,0.5486
7,35,58,0.7651,0.5548
7,36,57,0.7678,0.5606
7,37,56,0.7703,0.5657
7,38,55,0.7729,0.5703
7,39,54,0.7753,0.5744
7,40,53,0.7776,0.5780
7,41,52,0.7797,0.5810
7,42,51,0.7816,0.5836
7,43,50,0.7834,0.5856
7,44,49,0.7848,0.5871
7,45,48,0.7860,0.5881
7,46,47,0.7869,0.5886
7,47,46,0.7875,0.5886
7,48,45,0.7877,0.5881
7,49,44,0.7877,0.5871
7,50,43,0.7873,0.5856
7,51,42,0.7866,0.5836
7,52,41,0.7856,0.5810
7,53,40,0.7843,0.5780
7,54,39,0.7827,0.5744
7,55,38,0.7809,0.5703
7,56,37,0.7789,0.5657
7,57,36,0.7768,0.5606
7,58,35,0.7745,0.5548
7,59,34,0.7721,0.5486
7,60,33,0.7697,0.5418
7,61,32,0.7672,0.5344
7,62,31,0.7648,0.5264
7,63,30,0.7624,0.5179
7,64,29,0.7602,0.5087
7,65,28,0.7580,0.4990
7,66,27,0.7561,0.4887
7,67,26,0.7543,0.4779
7,68,25,0.7528,0.4664
7,69,24,0.7514,0.4544
7,70,23,0.7504,0.4419
7,71,22,0.7496,0.4289
7,72,21,0.7491,0.4154
7,73,20,0.7489,0.4014
7,74,19,0.7490,0.3871
7,75,18,0.7493,0.3723
7,76,17,0.7500,0.3573
7,77,16,0.7510,0.3420
7,78,15,0.7522,0.3265
7,79,14,0.7537,0.3109
7,80,13,0.7555,0.2951
7,81,12,0.7575,0.2794
7,82,11,0.7598,0.2638
7,83,10,0.7623,0.2482
7,84,9,0.7651,0.2329
7,85,8,0.7680,0.2178
7,86,7,0.7711,0.2031
7,87,6,0.7744,0.1887
7,88,5,0.7778,0.1747
7,89,4,0.7814,0.1613
7,90,3,0.7851,0.1483
7,91,2,0.7889,0.1359
7,92,1,0.7928,0.1241
7,93,0,0.7969,0.1129
8,0,92,0.6687,0.1223
8,1,91,0.6738,0.1342
8,2,90,0.6788,0.1467
8,3,89,0.6835,0.1599
8,4,88,0.6880,0.1736
8,5,87,0.6923,0.1879
8,6,86,0.6964,0.2027
8,7,85,0.7002,0.2178
8,8,84,0.7038,0.2334
8,9,83,0.7072,0.2492
8,10,82,0.7104,0.2653
8,11,81,0.7133,0.2816
8,12,80,0.7161,0.2980
8,13,79,0.7187,0.3145
8,14,78,0.7212,0.3309
8,15,77,0.7235,0.3472
8,16,76,0.7257,0.3633
8,17,75,0.7277,0.3792
8,18,74,0.7297,0.3949
8,19,73,0.7316,0.4102
8,20,72,0.7334,0.4251
8,21,71,0.7353,0.4395
8,22,70,0.7371,0.4535
8,23,69,0.7389,0.4669
8,24,68,0.7408,0.4799
8,25,67,0.7427,0.4922
8,26,66,0.7447,0.5040
8,27,65,0.7467,0.5152
8,28,64,0.7488,0.5257
8,29,63,0.7510,0.5357
8,30,62,0.7532,0.5450
8,31,61,0.7555,0.5538
8,32,60,0.7579,0.5619
8,33,59,0.7603,0.5694
8,34,58,0.7627,0.5764
8,35,57,0.7652,0.5827
8,36,56,0.7676,0.5885
8,37,55,0.7699,0.5936
8,38,54,0.7722,0.5983
8,39,53,0.7743,0.6023
8,40,52,0.7763,0.6058
8,41,51,0.7781,0.6088
8,42,50,0.7798,0.6112
8,43,49,0.7811,0.6131
8,44,48,0.7822,0.6144
8,45,47,0.7831,0.6152
8,46,46,0.7836,0.6155
8,47,45,0.7838,0.6152
8,48,44,0.7837,0.6144
8,49,43,0.7833,0.6131
8,50,42,0.7825,0.6112
8,51,41,0.7815,0.6088
8,52,40,0.7802,0.6058
8,53,39,0.7786,0.6023
8,54,38,0.7768,0.5983
8,55,37,0.7748,0.5936
8,56,36,0.7725,0.5885
8,57,35,0.7702,0.5827
8,58,34,0.7677,0.5764
8,59,33,0.7652,0.5694
8,60,32,0.7627,0.5619
8,61,31,0.7601,0.5538
8,62,30,0.7576,0.5450
8,63,29,0.7552,0.5357
8,64,28,0.7530,0.5257
8,65,27,0.7509,0.5152
8,66,26,0.7489,0.5040
8,67,25,0.7472,0.4922
8,68,24,0.7457,0.4799
8,69,23,0.7445,0.4669
8,70,22,0.7435,0.4535
8,71,21,0.7429,0.4395
8,72,20,0.7425,0.4251
8,73,19,0.7424,0.4102
8,74,18,0.7426,0.3949
8,75,17,0.7431,0.3792
8,76,16,0.7439,0.3633
8,77,15,0.7450,0.3472
8,78,14,0.7464,0.3309
8,79,13,0.7480,0.3145
8,80,12,0.7499,0.2980
8,81,11,0.7521,0.2816
8,82,10,0.7545,0.2653
8,83,9,0.7572,0.2492
8,84,8,0.7600,0.2334
8,85,7,0.7631,0.2178
8,86,6,0.7663,0.2027
8,87,5,0.7697,0.1879
8,88,4,0.7733,0.1736
8,89,3,0.7769,0.1599
8,90,2,0.7808,0.1467
8,91,1,0.7847,0.1342
8,92,0,0.7887,0.1223
9,0,91,0.6751,0.1319
9,1,90,0.6800,0.1446
9,2,89,0.6847,0.1579
9,3,88,0.6892,0.1718
9,4,87,0.6934,0.1864
9,5,86,0.6975,0.2014
9,6,85,0.7013,0.2169
9,7,84,0.7048,0.2329
9,8,83,0.7082,0.2492
9,9,82,0.7113,0.2659
9,10,81,0.7143,0.2827
9,11,80,0.7170,0.2998
9,12,79,0.7196,0.3169
9,13,78,0.7220,0.3340
9,14,77,0.7242,0.3511
9,15,76,0.7263,0.3681
9,16,75,0.7283,0.3849
9,17,74,0.7302,0.4014
9,18,73,0.7320,0.4176
9,19,72,0.7337,0.4334
9,20,71,0.7354,0.4488
9,21,70,0.7371,0.4638
9,22,69,0.7388,0.4782
9,23,68,0.7405,0.4921
9,24,67,0.7422,0.5054
9,25,66,0.7440,0.5181
9,26,65,0.7459,0.5302
9,27,64,0.7478,0.5416
9,28,63,0.7498,0.5525
9,29,62,0.7518,0.5626
9,30,61,0.7539,0.5722
9,31,60,0.7561,0.5811
9,32,59,0.7583,0.5894
9,33,58,0.7605,0.5970
9,34,57,0.7628,0.6040
9,35,56,0.7650,0.6104
9,36,55,0.7672,0.6162
9,37,54,0.7693,0.6214
9,38,53,0.7713,0.6260
9,39,52,0.7731,0.6300
9,40,51,0.7748,0.6334
9,41,50,0.7763,0.6362
9,42,49,0.7776,0.6385
9,43,48,0.7786,0.6402
9,44,47,0.7793,0.6413
9,45,46,0.7798,0.6419
9,46,45,0.7799,0.6419
9,47,44,0.7798,0.6413
9,48,43,0.7793,0.6402
9,49,42,0.7786,0.6385
9,50,41,0.7775,0.6362
9,51,40,0.7762,0.6334
9,52,39,0.7746,0.6300
9,53,38,0.7727,0.6260
9,54,37,0.7706,0.6214
9,55,36,0.7684,0.6162
9,56,35,0.7659,0.6104
9,57,34,0.7634,0.6040
9,58,33,0.7608,0.5970
9,59,32,0.7582,0.5894
9,60,31,0.7555,0.5811
9,61,30,0.7529,0.5722
9,62,29,0.7504,0.5626
9,63,28,0.7480,0.5525
9,64,27,0.7457,0.5416
9,65,26,0.7436,0.5302
9,66,25,0.7417,0.5181
9,67,24,0.7401,0.5054
9,68,23,0.7387,0.4921
9,69,22,0.7375,0.4782
9,70,21,0.7367,0.4638
9,71,20,0.7361,0.4488
9,72,19,0.7358,0.4334
9,73,18,0.7358,0.4176
9,74,17,0.7362,0.4014
9,75,16,0.7368,0.3849
9,76,15,0.7377,0.3681
9,77,14,0.7390,0.3511
9,78,13,0.7405,0.3340
9,79,12,0.7423,0.3169
9,80,11,0.7443,0.2998
9,81,10,0.7466,0.2827
9,82,9,0.7492,0.2659
9,83,8,0.7519,0.2492
9,84,7,0.7549,0.2329
9,85,6,0.7581,0.2169
9,86,5,0.7614,0.2014
9,87,4,0.7649,0.1864
9,88,3,0.7686,0.1718
9,89,2,0.7724,0.1579
9,90,1,0.7763,0.1446
9,91,0,0.7804,0.1319
10,0,90,0.6814,0.1419
10,1,89,0.6860,0.1553
10,2,88,0.6905,0.1694
10,3,87,0.6947,0.1841
10,4,86,0.6987,0.1994
10,5,85,0.7024,0.2152
10,6,84,0.7060,0.2315
10,7,83,0.7093,0.2482
10,8,82,0.7124,0.2653
10,9,81,0.7153,0.2827
10,10,80,0.7180,0.3004
10,11,79,0.7205,0.3181
10,12,78,0.7228,0.3360
10,13,77,0.7250,0.3538
10,14,76,0.7270,0.3716
10,15,75,0.7289,0.3892
10,16,74,0.7307,0.4065
10,17,73,0.7325,0.4236
10,18,72,0.7341,0.4404
10,19,71,0.7357,0.4567
10,20,70,0.7373,0.4726
10,21,69,0.7388,0.4880
10,22,68,0.7404,0.5029
10,23,67,0.7420,0.5171
10,24,66,0.7436,0.5308
10,25,65,0.7453,0.5438
10,26,64,0.7470,0.5562
10,27,63,0.7488,0.5680
10,28,62,0.7506,0.5791
10,29,61,0.7525,0.5895
10,30,60,0.7545,0.5992
10,31,59,0.7565,0.6083
10,32,58,0.7585,0.6167
10,33,57,0.7606,0.6244
10,34,56,0.7626,0.6315
10,35,55,0.7646,0.6379
10,36,54,0.7665,0.6437
10,37,53,0.7683,0.6489
10,38,52,0.7700,0.6534
10,39,51,0.7716,0.6573
10,40,50,0.7730,0.6606
10,41,49,0.7741,0.6633
10,42,48,0.7750,0.6654
10,43,47,0.7757,0.6669
10,44,46,0.7761,0.6678
10,45,45,0.7762,0.6681
10,46,44,0.7760,0.6678
10,47,43,0.7755,0.6669
10,48,42,0.7747,0.6654
10,49,41,0.7736,0.6633
10,50,40,0.7722,0.6606
10,51,39,0.7706,0.6573
10,52,38,0.7687,0.6534
10,53,37,0.7665,0.6489
10,54,36,0.7642,0.6437
10,55,35,0.7618,0.6379
10,56,34,0.7592,0.6315
10,57,33,0.7565,0.6244
10,58,32,0.7537,0.6167
10,59,31,0.7510,0.6083
10,60,30,0.7483,0.5992
10,61,29,0.7456,0.5895
10,62,28,0.7430,0.5791
10,63,27,0.7406,0.5680
10,64,26,0.7384,0.5562
10,65,25,0.7363,0.5438
10,66,24,0.7345,0.5308
10,67,23,0.7329,0.5171
10,68,22,0.7316,0.5029
10,69,21,0.7305,0.4880
10,70,20,0.7297,0.4726
10,71,19,0.7293,0.4567
10,72,18,0.7291,0.4404
10,73,17,0.7293,0.4236
10,74,16,0.7297,0.4065
10,75,15,0.7305,0.3892
10,76,14,0.7315,0.3716
10,77,13,0.7329,0.3538
10,78,12,0.7345,0.3360
10,79,11,0.7365,0.3181
10,80,10,0.7386,0.3004
10,81,9,0.7411,0.2827
10,82,8,0.7437,0.2653
10,83,7,0.7466,0.2482
10,84,6,0.7497,0.2315
10,85,5,0.7530,0.2152
10,86,4,0.7565,0.1994
10,87,3,0.7601,0.1841
10,88,2,0.7639,0.1694
10,89,1,0.7678,0.1553
10,90,0,0.7718,0.1419
11,0,89,0.6874,0.1521
11,1,88,0.6918,0.1662
11,2,87,0.6960,0.1810
11,3,86,0.6999,0.1965
11,4,85,0.7037,0.2126
11,5,84,0.7072,0.2292
11,6,83,0.7104,0.2463
11,7,82,0.7135,0.2638
11,8,81,0.7164,0.2816
11,9,80,0.7190,0.2998
11,10,79,0.7215,0.3181
11,11,78,0.7238,0.3366
11,12,77,0.7259,0.3551
11,13,76,0.7279,0.3736
11,14,75,0.7297,0.3920
11,15,74,0.7314,0.4103
11,16,73,0.7330,0.4282
11,17,72,0.7346,0.4459
11,18,71,0.7361,0.4632
11,19,70,0.7375,0.4800
11,20,69,0.7390,0.4964
11,21,68,0.7404,0.5122
11,22,67,0.7418,0.5275
11,23,66,0.7433,0.5421
11,24,65,0.7448,0.5561
11,25,64,0.7463,0.5695
11,26,63,0.7479,0.5822
11,27,62,0.7496,0.5941
11,28,61,0.7513,0.6054
11,29,60,0.7531,0.6160
11,30,59,0.7549,0.6259
11,31,58,0.7567,0.6351
11,32,57,0.7585,0.6436
11,33,56,0.7604,0.6515
11,34,55,0.7622,0.6586
11,35,54,0.7639,0.6650
11,36,53,0.7656,0.6708
11,37,52,0.7671,0.6759
11,38,51,0.7685,0.6804
11,39,50,0.7698,0.6842
11,40,49,0.7708,0.6874
11,41,48,0.7716,0.6899
11,42,47,0.7722,0.6918
11,43,46,0.7725,0.6931
11,44,45,0.7725,0.6937
11,45,44,0.7723,0.6937
11,46,43,0.7717,0.6931
11,47,42,0.7709,0.6918
11,48,41,0.7698,0.6899
11,49,40,0.7683,0.6874
11,50,39,0.7666,0.6842
11,51,38,0.7647,0.6804
11,52,37,0.7625,0.6759
11,53,36,0.7602,0.6708
11,54,35,0.7576,0.6650
11,55,34,0.7550,0.6586
11,56,33,0.7522,0.6515
11,57,32,0.7494,0.6436
11,58,31,0.7465,0.6351
11,59,30,0.7437,0.6259
11,60,29,0.7409,0.6160
11,61,28,0.7382,0.6054
11,62,27,0.7356,0.5941
11,63,26,0.7332,0.5822
11,64,25,0.7310,0.5695
11,65,24,0.7290,0.5561
11,66,23,0.7272,0.5421
11,67,22,0.7257,0.5275
11,68,21,0.7244,0.5122
11,69,20,0.7235,0.4964
11,70,19,0.7228,0.4800
11,71,18,0.7224,0.4632
11,72,17,0.7224,0.4459
11,73,16,0.7227,0.4282
11,74,15,0.7232,0.4103
11,75,14,0.7241,0.3920
11,76,13,0.7253,0.3736
11,77,12,0.7268,0.3551
11,78,11,0.7286,0.3366
11,79,10,0.7306,0.3181
11,80,9,0.7329,0.2998
11,81,8,0.7354,0.2816
11,82,7,0.7382,0.2638
11,83,6,0.7412,0.2463
11,84,5,0.7444,0.2292
11,85,4,0.7478,0.2126
11,86,3,0.7514,0.1965
11,87,2,0.7552,0.1810
11,88,1,0.7590,0.1662
11,89,0,0.7631,0.1521
12,0,88,0.6933,0.1624
12,1,87,0.6974,0.1773
12,2,86,0.7013,0.1929
12,3,85,0.7050,0.2091
12,4,84,0.7085,0.2260
12,5,83,0.7117,0.2433
12,6,82,0.7147,0.2612
12,7,81,0.7175,0.2794
12,8,80,0.7201,0.2980
12,9,79,0.7226,0.3169
12,10,78,0.7248,0.3360
12,11,77,0.7269,0.3551
12,12,76,0.7288,0.3743
12,13,75,0.7305,0.3935
12,14,74,0.7322,0.4125
12,15,73,0.7337,0.4313
12,16,72,0.7352,0.4499
12,17,71,0.7366,0.4681
12,18,70,0.7379,0.4859
12,19,69,0.7392,0.5032
12,20,68,0.7405,0.5200
12,21,67,0.7418,0.5362
12,22,66,0.7431,0.5519
12,23,65,0.7444,0.5669
12,24,64,0.7458,0.5812
12,25,63,0.7472,0.5948
12,26,62,0.7487,0.6078
12,27,61,0.7502,0.6200
12,28,60,0.7518,0.6315
12,29,59,0.7534,0.6423
12,30,58,0.7550,0.6523
12,31,57,0.7567,0.6616
12,32,56,0.7583,0.6702
12,33,55,0.7599,0.6781
12,34,54,0.7615,0.6853
12,35,53,0.7630,0.6917
12,36,52,0.7644,0.6974
12,37,51,0.7656,0.7025
12,38,50,0.7667,0.7069
12,39,49,0.7676,0.7105
12,40,48,0.7683,0.7135
12,41,47,0.7688,0.7159
12,42,46,0.7690,0.7175
12,43,45,0.7690,0.7185
12,44,44,0.7687,0.7189
12,45,43,0.7681,0.7185
12,46,42,0.7672,0.7175
12,47,41,0.7660,0.7159
12,48,40,0.7645,0.7135
12,49,39,0.7628,0.7105
12,50,38,0.7608,0.7069
12,51,37,0.7586,0.7025
12,52,36,0.7562,0.6974
12,53,35,0.7536,0.6917
12,54,34,0.7508,0.6853
12,55,33,0.7480,0.6781
12,56,32,0.7451,0.6702
12,57,31,0.7421,0.6616
12,58,30,0.7392,0.6523
12,59,29,0.7363,0.6423
12,60,28,0.7334,0.6315
12,61,27,0.7307,0.6200
12,62,26,0.7281,0.6078
12,63,25,0.7257,0.5948
12,64,24,0.7235,0.5812
12,65,23,0.7216,0.5669
12,66,22,0.7199,0.5519
12,67,21,0.7184,0.5362
12,68,20,0.7172,0.5200
12,69,19,0.7164,0.5032
12,70,18,0.7158,0.4859
12,71,17,0.7156,0.4681
12,72,16,0.7156,0.4499
12,73,15,0.7160,0.4313
12,74,14,0.7167,0.4125
12,75,13,0.7177,0.3935
12,76,12,0.7190,0.3743
12,77,11,0.7206,0.3551
12,78,10,0.7225,0.3360
12,79,9,0.7247,0.3169
12,80,8,0.7271,0.2980
12,81,7,0.7297,0.2794
12,82,6,0.7326,0.2612
12,83,5,0.7358,0.2433
12,84,4,0.7391,0.2260
12,85,3,0.7426,0.2091
12,86,2,0.7463,0.1929
12,87,1,0.7501,0.1773
12,88,0,0.7541,0.1624
13,0,87,0.6989,0.1730
13,1,86,0.7028,0.1886
13,2,85,0.7064,0.2049
13,3,84,0.7098,0.2219
13,4,83,0.7130,0.2395
13,5,82,0.7160,0.2576
13,6,81,0.7188,0.2762
13,7,80,0.7213,0.2951
13,8,79,0.7237,0.3145
13,9,78,0.7259,0.3340
13,10,77,0.7279,0.3538
13,11,76,0.7297,0.3736
13,12,75,0.7315,0.3935
13,13,74,0.7330,0.4133
13,14,73,0.7345,0.4329
13,15,72,0.7359,0.4523
13,16,71,0.7371,0.4714
13,17,70,0.7384,0.4901
13,18,69,0.7396,0.5083
13,19,68,0.7407,0.5261
13,20,67,0.7419,0.5433
13,21,66,0.7431,0.5600
13,22,65,0.7442,0.5760
13,23,64,0.7455,0.5913
13,24,63,0.7467,0.6060
13,25,62,0.7480,0.6199
13,26,61,0.7493,0.6331
13,27,60,0.7507,0.6455
13,28,59,0.7521,0.6572
13,29,58,0.7536,0.6681
13,30,57,0.7550,0.6783
13,31,56,0.7564,0.6877
13,32,55,0.7579,0.6963
13,33,54,0.7592,0.7042
13,34,53,0.7606,0.7114
13,35,52,0.7618,0.7178
13,36,51,0.7629,0.7235
13,37,50,0.7638,0.7284
13,38,49,0.7646,0.7327
13,39,48,0.7652,0.7362
13,40,47,0.7656,0.7390
13,41,46,0.7657,0.7411
13,42,45,0.7656,0.7425
13,43,44,0.7652,0.7432
13,44,43,0.7645,0.7432
13,45,42,0.7636,0.7425
13,46,41,0.7623,0.7411
13,47,40,0.7608,0.7390
13,48,39,0.7590,0.7362
13,49,38,0.7570,0.7327
13,50,37,0.7547,0.7284
13,51,36,0.7523,0.7235
13,52,35,0.7496,0.7178
13,53,34,0.7468,0.7114
13,54,33,0.7439,0.7042
13,55,32,0.7409,0.6963
13,56,31,0.7379,0.6877
13,57,30,0.7348,0.6783
13,58,29,0.7318,0.6681
13,59,28,0.7288,0.6572
13,60,27,0.7259,0.6455
13,61,26,0.7232,0.6331
13,62,25,0.7206,0.6199
13,63,24,0.7182,0.6060
13,64,23,0.7161,0.5913
13,65,22,0.7142,0.5760
13,66,21,0.7125,0.5600
13,67,20,0.7111,0.5433
13,68,19,0.7101,0.5261
13,69,18,0.7093,0.5083
13,70,17,0.7088,0.4901
13,71,16,0.7087,0.4714
13,72,15,0.7089,0.4523
13,73,14,0.7094,0.4329
13,74,13,0.7102,0.4133
13,75,12,0.7113,0.3935
13,76,11,0.7127,0.3736
13,77,10,0.7144,0.3538
13,78,9,0.7164,0.3340
13,79,8,0.7187,0.3145
13,80,7,0.7212,0.2951
13,81,6,0.7240,0.2762
13,82,5,0.7270,0.2576
13,83,4,0.7302,0.2395
13,84,3,0.7336,0.2219
13,85,2,0.7373,0.2049
13,86,1,0.7410,0.1886
13,87,0,0.7450,0.1730
14,0,86,0.7043,0.1836
14,1,85,0.7079,0.2000
14,2,84,0.7113,0.2170
14,3,83,0.7144,0.2347
14,4,82,0.7174,0.2530
14,5,81,0.7201,0.2718
14,6,80,0.7226,0.2912
14,7,79,0.7249,0.3109
14,8,78,0.7270,0.3309
14,9,77,0.7290,0.3511
14,10,76,0.7308,0.3716
14,11,75,0.7324,0.3920
14,12,74,0.7339,0.4125
14,13,73,0.7353,0.4329
14,14,72,0.7366,0.4531
14,15,71,0.7378,0.4730
14,16,70,0.7389,0.4926
14,17,69,0.7400,0.5118
14,18,68,0.7411,0.5305
14,19,67,0.7421,0.5487
14,20,66,0.7431,0.5664
14,21,65,0.7442,0.5834
14,22,64,0.7452,0.5997
14,23,63,0.7463,0.6154
14,24,62,0.7474,0.6303
14,25,61,0.7486,0.6444
14,26,60,0.7498,0.6579
14,27,59,0.7510,0.6705
14,28,58,0.7522,0.6823
14,29,57,0.7535,0.6934
14,30,56,0.7547,0.7036
14,31,55,0.7560,0.7131
14,32,54,0.7571,0.7218
14,33,53,0.7583,0.7297
14,34,52,0.7593,0.7368
14,35,51,0.7603,0.7432
14,36,50,0.7611,0.7488
14,37,49,0.7617,0.7536
14,38,48,0.7622,0.7577
14,39,47,0.7624,0.7610
14,40,46,0.7625,0.7636
14,41,45,0.7622,0.7655
14,42,44,0.7618,0.7666
14,43,43,0.7610,0.7669
14,44,42,0.7600,0.7666
14,45,41,0.7587,0.7655
14,46,40,0.7572,0.7636
14,47,39,0.7554,0.7610
14,48,38,0.7533,0.7577
14,49,37,0.7510,0.7536
14,50,36,0.7485,0.7488
14,51,35,0.7458,0.7432
14,52,34,0.7429,0.7368
14,53,33,0.7399,0.7297
14,54,32,0.7368,0.7218
14,55,31,0.7337,0.7131
14,56,30,0.7305,0.7036
14,57,29,0.7274,0.6934
14,58,28,0.7243,0.6823
14,59,27,0.7212,0.6705
14,60,26,0.7184,0.6579
14,61,25,0.7156,0.6444
14,62,24,0.7131,0.6303
14,63,23,0.7107,0.6154
14,64,22,0.7086,0.5997
14,65,21,0.7067,0.5834
14,66,20,0.7051,0.5664
14,67,19,0.7039,0.5487
14,68,18,0.7029,0.5305
14,69,17,0.7022,0.5118
14,70,16,0.7018,0.4926
14,71,15,0.7018,0.4730
14,72,14,0.7021,0.4531
14,73,13,0.7027,0.4329
14,74,12,0.7036,0.4125
14,75,11,0.7048,0.3920
14,76,10,0.7063,0.3716
14,77,9,0.7081,0.3511
14,78,8,0.7102,0.3309
14,79,7,0.7126,0.3109
14,80,6,0.7153,0.2912
14,81,5,0.7181,0.2718
14,82,4,0.7212,0.2530
14,83,3,0.7246,0.2347
14,84,2,0.7281,0.2170
14,85,1,0.7318,0.2000
14,86,0,0.7357,0.1836
15,0,85,0.7094,0.1944
15,1,84,0.7128,0.2114
15,2,83,0.7159,0.2291
15,3,82,0.7188,0.2475
15,4,81,0.7214,0.2666
15,5,80,0.7239,0.2861
15,6,79,0.7262,0.3061
15,7,78,0.7283,0.3265
15,8,77,0.7302,0.3472
15,9,76,0.7319,0.3681
15,10,75,0.7335,0.3892
15,11,74,0.7349,0.4103
15,12,73,0.7362,0.4313
15,13,72,0.7374,0.4523
15,14,71,0.7386,0.4730
15,15,70,0.7396,0.4935
15,16,69,0.7406,0.5136
15,17,68,0.7415,0.5332
15,18,67,0.7424,0.5524
15,19,66,0.7433,0.5710
15,20,65,0.7442,0.5890
15,21,64,0.7451,0.6063
15,22,63,0.7460,0.6230
15,23,62,0.7470,0.6389
15,24,61,0.7479,0.6541
15,25,60,0.7489,0.6685
15,26,59,0.7500,0.6821
15,27,58,0.7510,0.6949
15,28,57,0.7521,0.7069
15,29,56,0.7532,0.7180
15,30,55,0.7542,0.7284
15,31,54,0.7552,0.7379
15,32,53,0.7562,0.7466
15,33,52,0.7570,0.7545
15,34,51,0.7578,0.7616
15,35,50,0.7585,0.7678
15,36,49,0.7590,0.7733
15,37,48,0.7593,0.7780
15,38,47,0.7594,0.7819
15,39,46,0.7594,0.7850
15,40,45,0.7590,0.7873
15,41,44,0.7585,0.7889
15,42,43,0.7577,0.7896
15,43,42,0.7566,0.7896
15,44,41,0.7553,0.7889
15,45,40,0.7536,0.7873
15,46,39,0.7518,0.7850
15,47,38,0.7497,0.7819
15,48,37,0.7473,0.7780
15,49,36,0.7447,0.7733
15,50,35,0.7420,0.7678
15,51,34,0.7391,0.7616
15,52,33,0.7360,0.7545
15,53,32,0.7328,0.7466
15,54,31,0.7296,0.7379
15,55,30,0.7263,0.7284
15,56,29,0.7231,0.7180
15,57,28,0.7199,0.7069
15,58,27,0.7167,0.6949
15,59,26,0.7137,0.6821
15,60,25,0.7108,0.6685
15,61,24,0.7080,0.6541
15,62,23,0.7055,0.6389
15,63,22,0.7032,0.6230
15,64,21,0.7011,0.6063
15,65,20,0.6993,0.5890
15,66,19,0.6978,0.5710
15,67,18,0.6966,0.5524
15,68,17,0.6957,0.5332
15,69,16,0.6951,0.5136
15,70,15,0.6948,0.4935
15,71,14,0.6948,0.4730
15,72,13,0.6952,0.4523
15,73,12,0.6959,0.4313
15,74,11,0.6969,0.4103
15,75,10,0.6983,0.3892
15,76,9,0.6999,0.3681
15,77,8,0.7018,0.3472
15,78,7,0.7040,0.3265
15,79,6,0.7065,0.3061
15,80,5,0.7092,0.2861
15,81,4,0.7122,0.2666
15,82,3,0.7154,0.2475
15,83,2,0.7188,0.2291
15,84,1,0.7225,0.2114
15,85,0,0.7263,0.1944
16,0,84,0.7143,0.2051
16,1,83,0.7174,0.2228
16,2,82,0.7202,0.2413
16,3,81,0.7229,0.2603
16,4,80,0.7253,0.2800
16,5,79,0.7275,0.3003
16,6,78,0.7295,0.3209
16,7,77,0.7314,0.3420
16,8,76,0.7331,0.3633
16,9,75,0.7346,0.3849
16,10,74,0.7360,0.4065
16,11,73,0.7372,0.4282
16,12,72,0.7383,0.4499
16,13,71,0.7394,0.4714
16,14,70,0.7403,0.4926
16,15,69,0.7412,0.5136
16,16,68,0.7420,0.5341
16,17,67,0.7428,0.5542
16,18,66,0.7436,0.5738
16,19,65,0.7443,0.5928
16,20,64,0.7451,0.6111
16,21,63,0.7458,0.6288
16,22,62,0.7466,0.6457
16,23,61,0.7474,0.6619
16,24,60,0.7483,0.6773
16,25,59,0.7491,0.6919
16,26,58,0.7500,0.7057
16,27,57,0.7509,0.7186
16,28,56,0.7517,0.7307
16,29,55,0.7526,0.7420
16,30,54,0.7534,0.7524
16,31,53,0.7542,0.7619
16,32,52,0.7549,0.7706
16,33,51,0.7555,0.7784
16,34,50,0.7560,0.7854
16,35,49,0.7563,0.7916
16,36,48,0.7565,0.7969
16,37,47,0.7566,0.8014
16,38,46,0.7564,0.8051
16,39,45,0.7560,0.8079
16,40,44,0.7553,0.8100
16,41,43,0.7544,0.8112
16,42,42,0.7533,0.8116
16,43,41,0.7519,0.8112
16,44,40,0.7502,0.8100
16,45,39,0.7483,0.8079
16,46,38,0.7461,0.8051
16,47,37,0.7437,0.8014
16,48,36,0.7411,0.7969
16,49,35,0.7383,0.7916
16,50,34,0.7353,0.7854
16,51,33,0.7322,0.7784
16,52,32,0.7290,0.7706
16,53,31,0.7257,0.7619
16,54,30,0.7223,0.7524
16,55,29,0.7189,0.7420
16,56,28,0.7156,0.7307
16,57,27,0.7123,0.7186
16,58,26,0.7091,0.7057
16,59,25,0.7060,0.6919
16,60,24,0.7031,0.6773
16,61,23,0.7004,0.6619
16,62,22,0.6979,0.6457
16,63,21,0.6956,0.6288
16,64,20,0.6936,0.6111
16,65,19,0.6919,0.5928
16,66,18,0.6904,0.5738
16,67,17,0.6893,0.5542
16,68,16,0.6884,0.5341
16,69,15,0.6879,0.5136
16,70,14,0.6878,0.4926
16,71,13,0.6879,0.4714
16,72,12,0.6884,0.4499
16,73,11,0.6892,0.4282
16,74,10,0.6903,0.4065
16,75,9,0.6917,0.3849
16,76,8,0.6934,0.3633
16,77,7,0.6954,0.3420
16,78,6,0.6977,0.3209
16,79,5,0.7003,0.3003
16,80,4,0.7031,0.2800
16,81,3,0.7062,0.2603
16,82,2,0.7095,0.2413
16,83,1,0.7130,0.2228
16,84,0,0.7167,0.2051
17,0,83,0.7190,0.2158
17,1,82,0.7218,0.2342
17,2,81,0.7244,0.2533
17,3,80,0.7267,0.2730
17,4,79,0.7289,0.2934
17,5,78,0.7309,0.3143
17,6,77,0.7327,0.3356
17,7,76,0.7343,0.3573
17,8,75,0.7357,0.3792
17,9,74,0.7370,0.4014
17,10,73,0.7382,0.4236
17,11,72,0.7393,0.4459
17,12,71,0.7402,0.4681
17,13,70,0.7411,0.4901
17,14,69,0.7419,0.5118
17,15,68,0.7426,0.5332
17,16,67,0.7432,0.5542
17,17,66,0.7439,0.5747
17,18,65,0.7445,0.5947
17,19,64,0.7451,0.6140
17,20,63,0.7458,0.6327
17,21,62,0.7464,0.6506
17,22,61,0.7470,0.6679
17,23,60,0.7477,0.6843
17,24,59,0.7484,0.6999
17,25,58,0.7490,0.7147
17,26,57,0.7497,0.7286
17,27,56,0.7504,0.7416
17,28,55,0.7511,0.7538
17,29,54,0.7517,0.7651
17,30,53,0.7523,0.7755
17,31,52,0.7529,0.7851
17,32,51,0.7533,0.7937
17,33,50,0.7537,0.8015
17,34,49,0.7539,0.8084
17,35,48,0.7539,0.8144
17,36,47,0.7538,0.8195
17,37,46,0.7535,0.8238
17,38,45,0.7530,0.8273
17,39,44,0.7522,0.8298
17,40,43,0.7513,0.8315
17,41,42,0.7501,0.8324
17,42,41,0.7486,0.8324
17,43,40,0.7469,0.8315
17,44,39,0.7449,0.8298
17,45,38,0.7427,0.8273
17,46,37,0.7402,0.8238
17,47,36,0.7376,0.8195
17,48,35,0.7347,0.8144
17,49,34,0.7317,0.8084
17,50,33,0.7285,0.8015
17,51,32,0.7252,0.7937
17,52,31,0.7218,0.7851
17,53,30,0.7184,0.7755
17,54,29,0.7149,0.7651
17,55,28,0.7115,0.7538
17,56,27,0.7081,0.7416
17,57,26,0.7047,0.7286
17,58,25,0.7015,0.7147
17,59,24,0.6984,0.6999
17,60,23,0.6955,0.6843
17,61,22,0.6928,0.6679
17,62,21,0.6903,0.6506
17,63,20,0.6881,0.6327
17,64,19,0.6861,0.6140
17,65,18,0.6844,0.5947
17,66,17,0.6831,0.5747
17,67,16,0.6820,0.5542
17,68,15,0.6812,0.5332
17,69,14,0.6808,0.5118
17,70,13,0.6807,0.4901
17,71,12,0.6809,0.4681
17,72,11,0.6815,0.4459
17,73,10,0.6824,0.4236
17,74,9,0.6836,0.4014
17,75,8,0.6851,0.3792
17,76,7,0.6869,0.3573
17,77,6,0.6890,0.3356
17,78,5,0.6914,0.3143
17,79,4,0.6941,0.2934
17,80,3,0.6970,0.2730
17,81,2,0.7001,0.2533
17,82,1,0.7035,0.2342
17,83,0,0.7071,0.2158
18,0,82,0.7233,0.2264
18,1,81,0.7259,0.2455
18,2,80,0.7282,0.2652
18,3,79,0.7303,0.2856
18,4,78,0.7322,0.3066
18,5,77,0.7340,0.3281
18,6,76,0.7355,0.3500
18,7,75,0.7369,0.3723
18,8,74,0.7382,0.3949
18,9,73,0.7393,0.4176
18,10,72,0.7403,0.4404
18,11,71,0.7411,0.4632
18,12,70,0.7419,0.4859
18,13,69,0.7426,0.5083
18,14,68,0.7432,0.5305
18,15,67,0.7438,0.5524
18,16,66,0.7443,0.5738
18,17,65,0.7448,0.5947
18,18,64,0.7453,0.6150
18,19,63,0.7458,0.6346
18,20,62,0.7462,0.6536
18,21,61,0.7467,0.6718
18,22,60,0.7472,0.6893
18,23,59,0.7477,0.7059
18,24,58,0.7482,0.7217
18,25,57,0.7487,0.7367
18,26,56,0.7493,0.7507
18,27,55,0.7497,0.7638
18,28,54,0.7502,0.7761
18,29,53,0.7506,0.7874
18,30,52,0.7510,0.7978
18,31,51,0.7513,0.8073
18,32,50,0.7514,0.8159
18,33,49,0.7515,0.8236
18,34,48,0.7514,0.8303
18,35,47,0.7512,0.8362
18,36,46,0.7507,0.8411
18,37,45,0.7501,0.8451
18,38,44,0.7493,0.8483
18,39,43,0.7482,0.8505
18,40,42,0.7469,0.8518
18,41,41,0.7454,0.8523
18,42,40,0.7436,0.8518
18,43,39,0.7416,0.8505
18,44,38,0.7394,0.8483
18,45,37,0.7369,0.8451
18,46,36,0.7342,0.8411
18,47,35,0.7313,0.8362
18,48,34,0.7282,0.8303
18,49,33,0.7250,0.8236
18,50,32,0.7216,0.8159
18,51,31,0.7181,0.8073
18,52,30,0.7146,0.7978
18,53,29,0.7111,0.7874
18,54,28,0.7075,0.7761
18,55,27,0.7040,0.7638
18,56,26,0.7005,0.7507
18,57,25,0.6971,0.7367
18,58,24,0.6939,0.7217
18,59,23,0.6908,0.7059
18,60,22,0.6879,0.6893
18,61,21,0.6852,0.6718
18,62,20,0.6828,0.6536
18,63,19,0.6806,0.6346
18,64,18,0.6786,0.6150
18,65,17,0.6770,0.5947
18,66,16,0.6757,0.5738
18,67,15,0.6747,0.5524
18,68,14,0.6740,0.5305
18,69,13,0.6737,0.5083
18,70,12,0.6737,0.4859
18,71,11,0.6740,0.4632
18,72,10,0.6746,0.4404
18,73,9,0.6756,0.4176
18,74,8,0.6768,0.3949
18,75,7,0.6784,0.3723
18,76,6,0.6803,0.3500
18,77,5,0.6825,0.3281
18,78,4,0.6850,0.3066
18,79,3,0.6877,0.2856
18,80,2,0.6907,0.2652
18,81,1,0.6939,0.2455
18,82,0,0.6974,0.2264
19,0,81,0.7274,0.2369
19,1,80,0.7297,0.2566
19,2,79,0.7318,0.2770
19,3,78,0.7336,0.2980
19,4,77,0.7353,0.3196
19,5,76,0.7368,0.3417
19,6,75,0.7381,0.3642
19,7,74,0.7393,0.3871
19,8,73,0.7404,0.4102
19,9,72,0.7413,0.4334
19,10,71,0.7420,0.4567
19,11,70,0.7427,0.4800
19,12,69,0.7433,0.5032
19,13,68,0.7439,0.5261
19,14,67,0.7443,0.5487
19,15,66,0.7447,0.5710
19,16,65,0.7451,0.5928
19,17,64,0.7455,0.6140
19,18,63,0.7458,0.6346
19,19,62,0.7461,0.6546
19,20,61,0.7465,0.6738
19,21,60,0.7468,0.6923
19,22,59,0.7472,0.7100
19,23,58,0.7475,0.7268
19,24,57,0.7478,0.7428
19,25,56,0.7482,0.7578
19,26,55,0.7485,0.7720
19,27,54,0.7488,0.7852
19,28,53,0.7490,0.7974
19,29,52,0.7492,0.8088
19,30,51,0.7493,0.8192
19,31,50,0.7493,0.8286
19,32,49,0.7493,0.8371
19,33,48,0.7490,0.8446
19,34,47,0.7487,0.8512
19,35,46,0.7481,0.8568
19,36,45,0.7474,0.8615
19,37,44,0.7464,0.8652
19,38,43,0.7453,0.8680
19,39,42,0.7439,0.8699
19,40,41,0.7423,0.8709
19,41,40,0.7405,0.8709
19,42,39,0.7384,0.8699
19,43,38,0.7361,0.8680
19,44,37,0.7336,0.8652
19,45,36,0.7308,0.8615
19,46,35,0.7279,0.8568
19,47,34,0.7248,0.8512
19,48,33,0.7215,0.8446
19,49,32,0.7181,0.8371
19,50,31,0.7146,0.8286
19,51,30,0.7110,0.8192
19,52,29,0.7073,0.8088
19,53,28,0.7037,0.7974
19,54,27,0.7000,0.7852
19,55,26,0.6964,0.7720
19,56,25,0.6929,0.7578
19,57,24,0.6895,0.7428
19,58,23,0.6863,0.7268
19,59,22,0.6832,0.7100
19,60,21,0.6803,0.6923
19,61,20,0.6776,0.6738
19,62,19,0.6752,0.6546
19,63,18,0.6731,0.6346
19,64,17,0.6712,0.6140
19,65,16,0.6696,0.5928
19,66,15,0.6684,0.5710
19,67,14,0.6674,0.5487
19,68,13,0.6668,0.5261
19,69,12,0.6665,0.5032
19,70,11,0.6666,0.4800
19,71,10,0.6670,0.4567
19,72,9,0.6677,0.4334
19,73,8,0.6687,0.4102
19,74,7,0.6701,0.3871
19,75,6,0.6717,0.3642
19,76,5,0.6737,0.3417
19,77,4,0.6760,0.3196
19,78,3,0.6785,0.2980
19,79,2,0.6813,0.2770
19,80,1,0.6844,0.2566
19,81,0,0.6877,0.2369
20,0,80,0.7313,0.2473
20,1,79,0.7333,0.2675
20,2,78,0.7351,0.2885
20,3,77,0.7367,0.3101
20,4,76,0.7381,0.3323
20,5,75,0.7394,0.3549
20,6,74,0.7405,0.3780
20,7,73,0.7415,0.4014
20,8,72,0.7423,0.4251
20,9,71,0.7430,0.4488
20,10,70,0.7436,0.4726
20,11,69,0.7441,0.4964
20,12,68,0.7445,0.5200
20,13,67,0.7449,0.5433
20,14,66,0.7452,0.5664
20,15,65,0.7455,0.5890
20,16,64,0.7457,0.6111
20,17,63,0.7459,0.6327
20,18,62,0.7461,0.6536
20,19,61,0.7463,0.6738
20,20,60,0.7465,0.6933
20,21,59,0.7467,0.7120
20,22,58,0.7469,0.7299
20,23,57,0.7470,0.7468
20,24,56,0.7472,0.7629
20,25,55,0.7473,0.7781
20,26,54,0.7475,0.7923
20,27,53,0.7475,0.8056
20,28,52,0.7476,0.8178
20,29,51,0.7475,0.8291
20,30,50,0.7474,0.8395
20,31,49,0.7471,0.8488
20,32,48,0.7467,0.8571
20,33,47,0.7462,0.8645
20,34,46,0.7456,0.8709
20,35,45,0.7447,0.8763
20,36,44,0.7437,0.8807
20,37,43,0.7425,0.8841
20,38,42,0.7410,0.8865
20,39,41,0.7393,0.8880
20,40,40,0.7374,0.8885
20,41,39,0.7353,0.8880
20,42,38,0.7330,0.8865
20,43,37,0.7304,0.8841
20,44,36,0.7276,0.8807
20,45,35,0.7246,0.8763
20,46,34,0.7215,0.8709
20,47,33,0.7182,0.8645
20,48,32,0.7147,0.8571
20,49,31,0.7111,0.8488
20,50,30,0.7075,0.8395
20,51,29,0.7037,0.8291
20,52,28,0.7000,0.8178
20,53,27,0.6962,0.8056
20,54,26,0.6925,0.7923
20,55,25,0.6889,0.7781
20,56,24,0.6853,0.7629
20,57,23,0.6819,0.7468
20,58,22,0.6787,0.7299
20,59,21,0.6756,0.7120
20,60,20,0.6727,0.6933
20,61,19,0.6701,0.6738
20,62,18,0.6677,0.6536
20,63,17,0.6656,0.6327
20,64,16,0.6638,0.6111
20,65,15,0.6623,0.5890
20,66,14,0.6611,0.5664
20,67,13,0.6602,0.5433
20,68,12,0.6596,0.5200
20,69,11,0.6594,0.4964
20,70,10,0.6595,0.4726
20,71,9,0.6600,0.4488
20,72,8,0.6607,0.4251
20,73,7,0.6618,0.4014
20,74,6,0.6633,0.3780
20,75,5,0.6650,0.3549
20,76,4,0.6670,0.3323
20,77,3,0.6693,0.3101
20,78,2,0.6719,0.2885
20,79,1,0.6748,0.2675
20,80,0,0.6779,0.2473
21,0,79,0.7348,0.2575
21,1,78,0.7365,0.2783
21,2,77,0.7381,0.2998
21,3,76,0.7394,0.3219
21,4,75,0.7406,0.3446
21,5,74,0.7417,0.3679
21,6,73,0.7426,0.3915
21,7,72,0.7433,0.4154
21,8,71,0.7440,0.4395
21,9,70,0.7445,0.4638
21,10,69,0.7449,0.4880
21,11,68,0.7453,0.5122
21,12,67,0.7455,0.5362
21,13,66,0.7457,0.5600
21,14,65,0.7459,0.5834
21,15,64,0.7460,0.6063
21,16,63,0.7461,0.6288
21,17,62,0.7461,0.6506
21,18,61,0.7462,0.6718
21,19,60,0.7462,0.6923
21,20,59,0.7463,0.7120
21,21,58,0.7463,0.7309
21,22,57,0.7463,0.7489
21,23,56,0.7463,0.7660
21,24,55,0.7463,0.7822
21,25,54,0.7462,0.7974
21,26,53,0.7461,0.8117
21,27,52,0.7460,0.8249
21,28,51,0.7458,0.8372
21,29,50,0.7455,0.8484
21,30,49,0.7451,0.8587
21,31,48,0.7446,0.8679
21,32,47,0.7439,0.8761
21,33,46,0.7431,0.8832
21,34,45,0.7422,0.8893
21,35,44,0.7410,0.8944
21,36,43,0.7397,0.8985
21,37,42,0.7382,0.9016
21,38,41,0.7364,0.9036
21,39,40,0.7345,0.9047
21,40,39,0.7323,0.9047
21,41,38,0.7299,0.9036
21,42,37,0.7273,0.9016
21,43,36,0.7245,0.8985
21,44,35,0.7215,0.8944
21,45,34,0.7183,0.8893
21,46,33,0.7149,0.8832
21,47,32,0.7114,0.8761
21,48,31,0.7078,0.8679
21,49,30,0.7041,0.8587
21,50,29,0.7003,0.8484
21,51,28,0.6965,0.8372
21,52,27,0.6926,0.8249
21,53,26,0.6888,0.8117
21,54,25,0.6851,0.7974
21,55,24,0.6814,0.7822
21,56,23,0.6778,0.7660
21,57,22,0.6744,0.7489
21,58,21,0.6711,0.7309
21,59,20,0.6681,0.7120
21,60,19,0.6652,0.6923
21,61,18,0.6626,0.6718
21,62,17,0.6603,0.6506
21,63,16,0.6582,0.6288
21,64,15,0.6564,0.6063
21,65,14,0.6549,0.5834
21,66,13,0.6538,0.5600
21,67,12,0.6530,0.5362
21,68,11,0.6525,0.5122
21,69,10,0.6523,0.4880
21,70,9,0.6525,0.4638
21,71,8,0.6529,0.4395
21,72,7,0.6538,0.4154
21,73,6,0.6549,0.3915
21,74,5,0.6564,0.3679
21,75,4,0.6582,0.3446
21,76,3,0.6603,0.3219
21,77,2,0.6626,0.2998
21,78,1,0.6653,0.2783
21,79,0,0.6682,0.2575
22,0,78,0.7380,0.2674
22,1,77,0.7395,0.2887
22,2,76,0.7408,0.3107
22,3,75,0.7419,0.3334
22,4,74,0.7429,0.3567
22,5,73,0.7437,0.3804
22,6,72,0.7444,0.4045
22,7,71,0.7449,0.4289
22,8,70,0.7454,0.4535
22,9,69,0.7457,0.4782
22,10,68,0.7460,0.5029
22,11,67,0.7461,0.5275
22,12,66,0.7462,0.5519
22,13,65,0.7463,0.5760
22,14,64,0.7463,0.5997
22,15,63,0.7463,0.6230
22,16,62,0.7462,0.6457
22,17,61,0.7461,0.6679
22,18,60,0.7460,0.6893
22,19,59,0.7459,0.7100
22,20,58,0.7458,0.7299
22,21,57,0.7456,0.7489
22,22,56,0.7454,0.7671
22,23,55,0.7453,0.7843
22,24,54,0.7450,0.8005
22,25,53,0.7448,0.8158
22,26,52,0.7445,0.8301
22,27,51,0.7441,0.8433
22,28,50,0.7437,0.8555
22,29,49,0.7431,0.8666
22,30,48,0.7425,0.8767
22,31,47,0.7417,0.8858
22,32,46,0.7408,0.8938
22,33,45,0.7397,0.9007
22,34,44,0.7385,0.9065
22,35,43,0.7371,0.9113
22,36,42,0.7354,0.9150
22,37,41,0.7336,0.9177
22,38,40,0.7316,0.9193
22,39,39,0.7294,0.9198
22,40,38,0.7270,0.9193
22,41,37,0.7243,0.9177
22,42,36,0.7215,0.9150
22,43,35,0.7184,0.9113
22,44,34,0.7152,0.9065
22,45,33,0.7118,0.9007
22,46,32,0.7083,0.8938
22,47,31,0.7046,0.8858
22,48,30,0.7009,0.8767
22,49,29,0.6970,0.8666
22,50,28,0.6931,0.8555
22,51,27,0.6892,0.8433
22,52,26,0.6853,0.8301
22,53,25,0.6814,0.8158
22,54,24,0.6776,0.8005
22,55,23,0.6739,0.7843
22,56,22,0.6703,0.7671
22,57,21,0.6669,0.7489
22,58,20,0.6636,0.7299
22,59,19,0.6606,0.7100
22,60,18,0.6577,0.6893
22,61,17,0.6552,0.6679
22,62,16,0.6528,0.6457
22,63,15,0.6508,0.6230
22,64,14,0.6491,0.5997
22,65,13,0.6476,0.5760
22,66,12,0.6465,0.5519
22,67,11,0.6457,0.5275
22,68,10,0.6453,0.5029
22,69,9,0.6452,0.4782
22,70,8,0.6454,0.4535
22,71,7,0.6459,0.4289
22,72,6,0.6468,0.4045
22,73,5,0.6480,0.3804
22,74,4,0.6495,0.3567
22,75,3,0.6513,0.3334
22,76,2,0.6535,0.3107
22,77,1,0.6559,0.2887
22,78,0,0.6586,0.2674
23,0,77,0.7409,0.2770
23,1,76,0.7421,0.2989
23,2,75,0.7432,0.3214
23,3,74,0.7441,0.3446
23,4,73,0.7448,0.3683
23,5,72,0.7454,0.3925
23,6,71,0.7459,0.4171
23,7,70,0.7463,0.4419
23,8,69,0.7465,0.4669
23,9,68,0.7467,0.4921
23,10,67,0.7468,0.5171
23,11,66,0.7468,0.5421
23,12,65,0.7467,0.5669
23,13,64,0.7466,0.5913
23,14,63,0.7464,0.6154
23,15,62,0.7463,0.6389
23,16,61,0.7460,0.6619
23,17,60,0.7458,0.6843
23,18,59,0.7455,0.7059
23,19,58,0.7453,0.7268
23,20,57,0.7450,0.7468
23,21,56,0.7446,0.7660
23,22,55,0.7443,0.7843
23,23,54,0.7439,0.8016
23,24,53,0.7435,0.8179
23,25,52,0.7430,0.8331
23,26,51,0.7425,0.8474
23,27,50,0.7419,0.8606
23,28,49,0.7412,0.8727
23,29,48,0.7404,0.8837
23,30,47,0.7395,0.8936
23,31,46,0.7385,0.9025
23,32,45,0.7373,0.9102
23,33,44,0.7360,0.9169
23,34,43,0.7345,0.9224
23,35,42,0.7328,0.9268
23,36,41,0.7309,0.9301
23,37,40,0.7288,0.9324
23,38,39,0.7265,0.9335
23,39,38,0.7241,0.9335
23,40,37,0.7214,0.9324
23,41,36,0.7185,0.9301
23,42,35,0.7154,0.9268
23,43,34,0.7122,0.9224
23,44,33,0.7088,0.9169
23,45,32,0.7052,0.9102
23,46,31,0.7015,0.9025
23,47,30,0.6977,0.8936
23,48,29,0.6939,0.8837
23,49,28,0.6899,0.8727
23,50,27,0.6859,0.8606
23,51,26,0.6819,0.8474
23,52,25,0.6780,0.8331
23,53,24,0.6741,0.8179
23,54,23,0.6702,0.8016
23,55,22,0.6665,0.7843
23,56,21,0.6629,0.7660
23,57,20,0.6595,0.7468
23,58,19,0.6562,0.7268
23,59,18,0.6532,0.7059
23,60,17,0.6504,0.6843
23,61,16,0.6478,0.6619
23,62,15,0.6455,0.6389
23,63,14,0.6435,0.6154
23,64,13,0.6418,0.5913
23,65,12,0.6404,0.5669
23,66,11,0.6393,0.5421
23,67,10,0.6386,0.5171
23,68,9,0.6381,0.4921
23,69,8,0.6381,0.4669
23,70,7,0.6383,0.4419
23,71,6,0.6389,0.4171
23,72,5,0.6398,0.3925
23,73,4,0.6410,0.3683
23,74,3,0.6426,0.3446
23,75,2,0.6444,0.3214
23,76,1,0.6466,0.2989
23,77,0,0.6490,0.2770
24,0,76,0.7434,0.2864
24,1,75,0.7444,0.3087
24,2,74,0.7453,0.3317
24,3,73,0.7459,0.3554
24,4,72,0.7465,0.3795
24,5,71,0.7469,0.4042
24,6,70,0.7472,0.4292
24,7,69,0.7473,0.4544
24,8,68,0.7474,0.4799
24,9,67,0.7474,0.5054
24,10,66,0.7473,0.5308
24,11,65,0.7471,0.5561
24,12,64,0.7469,0.5812
24,13,63,0.7466,0.6060
24,14,62,0.7463,0.6303
24,15,61,0.7460,0.6541
24,16,60,0.7456,0.6773
24,17,59,0.7452,0.6999
24,18,58,0.7448,0.7217
24,19,57,0.7443,0.7428
24,20,56,0.7439,0.7629
24,21,55,0.7434,0.7822
24,22,54,0.7429,0.8005
24,23,53,0.7423,0.8179
24,24,52,0.7417,0.8342
24,25,51,0.7410,0.8494
24,26,50,0.7402,0.8636
24,27,49,0.7394,0.8767
24,28,48,0.7385,0.8887
24,29,47,0.7374,0.8996
24,30,46,0.7363,0.9093
24,31,45,0.7350,0.9179
24,32,44,0.7336,0.9254
24,33,43,0.7320,0.9317
24,34,42,0.7302,0.9369
24,35,41,0.7282,0.9409
24,36,40,0.7261,0.9438
24,37,39,0.7238,0.9455
24,38,38,0.7212,0.9461
24,39,37,0.7185,0.9455
24,40,36,0.7156,0.9438
24,41,35,0.7125,0.9409
24,42,34,0.7093,0.9369
24,43,33,0.7059,0.9317
24,44,32,0.7023,0.9254
24,45,31,0.6986,0.9179
24,46,30,0.6947,0.9093
24,47,29,0.6908,0.8996
24,48,28,0.6868,0.8887
24,49,27,0.6828,0.8767
24,50,26,0.6788,0.8636
24,51,25,0.6747,0.8494
24,52,24,0.6707,0.8342
24,53,23,0.6667,0.8179
24,54,22,0.6629,0.8005
24,55,21,0.6591,0.7822
24,56,20,0.6555,0.7629
24,57,19,0.6521,0.7428
24,58,18,0.6489,0.7217
24,59,17,0.6458,0.6999
24,60,16,0.6430,0.6773
24,61,15,0.6405,0.6541
24,62,14,0.6382,0.6303
24,63,13,0.6362,0.6060
24,64,12,0.6346,0.5812
24,65,11,0.6332,0.5561
24,66,10,0.6321,0.5308
24,67,9,0.6314,0.5054
24,68,8,0.6310,0.4799
24,69,7,0.6310,0.4544
24,70,6,0.6312,0.4292
24,71,5,0.6318,0.4042
24,72,4,0.6328,0.3795
24,73,3,0.6340,0.3554
24,74,2,0.6356,0.3317
24,75,1,0.6375,0.3087
24,76,0,0.6397,0.2864
25,0,75,0.7457,0.2954
25,1,74,0.7464,0.3182
25,2,73,0.7470,0.3416
25,3,72,0.7475,0.3657
25,4,71,0.7478,0.3903
25,5,70,0.7480,0.4154
25,6,69,0.7481,0.4408
25,7,68,0.7481,0.4664
25,8,67,0.7480,0.4922
25,9,66,0.7478,0.5181
25,10,65,0.7475,0.5438
25,11,64,0.7472,0.5695
25,12,63,0.7468,0.5948
25,13,62,0.7464,0.6199
25,14,61,0.7459,0.6444
25,15,60,0.7454,0.6685
25,16,59,0.7449,0.6919
25,17,58,0.7443,0.7147
25,18,57,0.7437,0.7367
25,19,56,0.7431,0.7578
25,20,55,0.7425,0.7781
25,21,54,0.7418,0.7974
25,22,53,0.7411,0.8158
25,23,52,0.7403,0.8331
25,24,51,0.7395,0.8494
25,25,50,0.7386,0.8646
25,26,49,0.7376,0.8787
25,27,48,0.7366,0.8917
25,28,47,0.7354,0.9035
25,29,46,0.7341,0.9142
25,30,45,0.7327,0.9237
25,31,44,0.7312,0.9321
25,32,43,0.7295,0.9392
25,33,42,0.7276,0.9452
25,34,41,0.7256,0.9499
25,35,40,0.7234,0.9535
25,36,39,0.7211,0.9559
25,37,38,0.7185,0.9571
25,38,37,0.7158,0.9571
25,39,36,0.7128,0.9559
25,40,35,0.7097,0.9535
25,41,34,0.7065,0.9499
25,42,33,0.7030,0.9452
25,43,32,0.6994,0.9392
25,44,31,0.6957,0.9321
25,45,30,0.6919,0.9237
25,46,29,0.6879,0.9142
25,47,28,0.6839,0.9035
25,48,27,0.6798,0.8917
25,49,26,0.6757,0.8787
25,50,25,0.6716,0.8646
25,51,24,0.6675,0.8494
25,52,23,0.6635,0.8331
25,53,22,0.6595,0.8158
25,54,21,0.6556,0.7974
25,55,20,0.6519,0.7781
25,56,19,0.6483,0.7578
25,57,18,0.6448,0.7367
25,58,17,0.6416,0.7147
25,59,16,0.6386,0.6919
25,60,15,0.6358,0.6685
25,61,14,0.6333,0.6444
25,62,13,0.6310,0.6199
25,63,12,0.6291,0.5948
25,64,11,0.6274,0.5695
25,65,10,0.6260,0.5438
25,66,9,0.6250,0.5181
25,67,8,0.6243,0.4922
25,68,7,0.6239,0.4664
25,69,6,0.6239,0.4408
25,70,5,0.6241,0.4154
25,71,4,0.6248,0.3903
25,72,3,0.6257,0.3657
25,73,2,0.6270,0.3416
25,74,1,0.6286,0.3182
25,75,0,0.6305,0.2954
26,0,74,0.7476,0.3041
26,1,73,0.7481,0.3273
26,2,72,0.7485,0.3512
26,3,71,0.7487,0.3757
26,4,70,0.7488,0.4007
26,5,69,0.7488,0.4261
26,6,68,0.7487,0.4519
26,7,67,0.7485,0.4779
26,8,66,0.7482,0.5040
26,9,65,0.7479,0.5302
26,10,64,0.7474,0.5562
26,11,63,0.7469,0.5822
26,12,62,0.7464,0.6078
26,13,61,0.7458,0.6331
26,14,60,0.7452,0.6579
26,15,59,0.7445,0.6821
26,16,58,0.7438,0.7057
26,17,57,0.7431,0.7286
26,18,56,0.7424,0.7507
26,19,55,0.7416,0.7720
26,20,54,0.7408,0.7923
26,21,53,0.7399,0.8117
26,22,52,0.7390,0.8301
26,23,51,0.7380,0.8474
26,24,50,0.7370,0.8636
26,25,49,0.7359,0.8787
26,26,48,0.7347,0.8927
26,27,47,0.7334,0.9055
26,28,46,0.7320,0.9172
26,29,45,0.7305,0.9276
26,30,44,0.7289,0.9368
26,31,43,0.7271,0.9449
26,32,42,0.7251,0.9517
26,33,41,0.7231,0.9572
26,34,40,0.7208,0.9616
26,35,39,0.7184,0.9647
26,36,38,0.7158,0.9665
26,37,37,0.7130,0.9671
26,38,36,0.7101,0.9665
26,39,35,0.7070,0.9647
26,40,34,0.7037,0.9616
26,41,33,0.7002,0.9572
26,42,32,0.6967,0.9517
26,43,31,0.6929,0.9449
26,44,30,0.6891,0.9368
26,45,29,0.6851,0.9276
26,46,28,0.6811,0.9172
26,47,27,0.6770,0.9055
26,48,26,0.6729,0.8927
26,49,25,0.6687,0.8787
26,50,24,0.6645,0.8636
26,51,23,0.6604,0.8474
26,52,22,0.6563,0.8301
26,53,21,0.6523,0.8117
26,54,20,0.6484,0.7923
26,55,19,0.6447,0.7720
26,56,18,0.6411,0.7507
26,57,17,0.6376,0.7286
26,58,16,0.6344,0.7057
26,59,15,0.6314,0.6821
26,60,14,0.6286,0.6579
26,61,13,0.6261,0.6331
26,62,12,0.6239,0.6078
26,63,11,0.6219,0.5822
26,64,10,0.6203,0.5562
26,65,9,0.6189,0.5302
26,66,8,0.6179,0.5040
26,67,7,0.6172,0.4779
26,68,6,0.6168,0.4519
26,69,5,0.6168,0.4261
26,70,4,0.6171,0.4007
26,71,3,0.6177,0.3757
26,72,2,0.6186,0.3512
26,73,1,0.6199,0.3273
26,74,0,0.6215,0.3041
27,0,73,0.7492,0.3124
27,1,72,0.7495,0.3360
27,2,71,0.7496,0.3603
27,3,70,0.7496,0.3851
27,4,69,0.7495,0.4105
27,5,68,0.7493,0.4363
27,6,67,0.7490,0.4624
27,7,66,0.7486,0.4887
27,8,65,0.7482,0.5152
27,9,64,0.7476,0.5416
27,10,63,0.7470,0.5680
27,11,62,0.7464,0.5941
27,12,61,0.7457,0.6200
27,13,60,0.7450,0.6455
27,14,59,0.7442,0.6705
27,15,58,0.7434,0.6949
27,16,57,0.7425,0.7186
27,17,56,0.7416,0.7416
27,18,55,0.7407,0.7638
27,19,54,0.7397,0.7852
27,20,53,0.7387,0.8056
27,21,52,0.7377,0.8249
27,22,51,0.7366,0.8433
27,23,50,0.7354,0.8606
27,24,49,0.7341,0.8767
27,25,48,0.7328,0.8917
27,26,47,0.7314,0.9055
27,27,46,0.7299,0.9182
27,28,45,0.7283,0.9296
27,29,44,0.7266,0.9397
27,30,43,0.7247,0.9487
27,31,42,0.7227,0.9563
27,32,41,0.7205,0.9627
27,33,40,0.7182,0.9678
27,34,39,0.7158,0.9717
27,35,38,0.7131,0.9742
27,36,37,0.7103,0.9755
27,37,36,0.7074,0.9755
27,38,35,0.7043,0.9742
27,39,34,0.7010,0.9717
27,40,33,0.6975,0.9678
27,41,32,0.6940,0.9627
27,42,31,0.6903,0.9563
27,43,30,0.6864,0.9487
27,44,29,0.6825,0.9397
27,45,28,0.6784,0.9296
27,46,27,0.6743,0.9182
27,47,26,0.6702,0.9055
27,48,25,0.6660,0.8917
27,49,24,0.6617,0.8767
27,50,23,0.6575,0.8606
27,51,22,0.6534,0.8433
27,52,21,0.6493,0.8249
27,53,20,0.6453,0.8056
27,54,19,0.6414,0.7852
27,55,18,0.6376,0.7638
27,56,17,0.6340,0.7416
27,57,16,0.6306,0.7186
27,58,15,0.6274,0.6949
27,59,14,0.6243,0.6705
27,60,13,0.6216,0.6455
27,61,12,0.6191,0.6200
27,62,11,0.6168,0.5941
27,63,10,0.6149,0.5680
27,64,9,0.6132,0.5416
27,65,8,0.6119,0.5152
27,66,7,0.6109,0.4887
27,67,6,0.6102,0.4624
27,68,5,0.6098,0.4363
27,69,4,0.6097,0.4105
27,70,3,0.6100,0.3851
27,71,2,0.6106,0.3603
27,72,1,0.6116,0.3360
27,73,0,0.6128,0.3124
28,0,72,0.7504,0.3204
28,1,71,0.7504,0.3444
28,2,70,0.7504,0.3690
28,3,69,0.7502,0.3942
28,4,68,0.7499,0.4199
28,5,67,0.7495,0.4460
28,6,66,0.7490,0.4724
28,7,65,0.7484,0.4990
28,8,64,0.7478,0.5257
28,9,63,0.7471,0.5525
28,10,62,0.7463,0.5791
28,11,61,0.7455,0.6054
28,12,60,0.7447,0.6315
28,13,59,0.7438,0.6572
28,14,58,0.7428,0.6823
28,15,57,0.7418,0.7069
28,16,56,0.7408,0.7307
28,17,55,0.7398,0.7538
28,18,54,0.7387,0.7761
28,19,53,0.7375,0.7974
28,20,52,0.7363,0.8178
28,21,51,0.7351,0.8372
28,22,50,0.7338,0.8555
28,23,49,0.7324,0.8727
28,24,48,0.7310,0.8887
28,25,47,0.7294,0.9035
28,26,46,0.7278,0.9172
28,27,45,0.7261,0.9296
28,28,44,0.7243,0.9407
28,29,43,0.7223,0.9505
28,30,42,0.7202,0.9591
28,31,41,0.7180,0.9664
28,32,40,0.7157,0.9723
28,33,39,0.7132,0.9770
28,34,38,0.7105,0.9803
28,35,37,0.7077,0.9823
28,36,36,0.7047,0.9829
28,37,35,0.7016,0.9823
28,38,34,0.6983,0.9803
28,39,33,0.6949,0.9770
28,40,32,0.6913,0.9723
28,41,31,0.6876,0.9664
28,42,30,0.6838,0.9591
28,43,29,0.6799,0.9505
28,44,28,0.6758,0.9407
28,45,27,0.6717,0.9296
28,46,26,0.6676,0.9172
28,47,25,0.6634,0.9035
28,48,24,0.6591,0.8887
28,49,23,0.6549,0.8727
28,50,22,0.6506,0.8555
28,51,21,0.6465,0.8372
28,52,20,0.6424,0.8178
28,53,19,0.6383,0.7974
28,54,18,0.6344,0.7761
28,55,17,0.6307,0.7538
28,56,16,0.6271,0.7307
28,57,15,0.6236,0.7069
28,58,14,0.6204,0.6823
28,59,13,0.6174,0.6572
28,60,12,0.6146,0.6315
28,61,11,0.6121,0.6054
28,62,10,0.6099,0.5791
28,63,9,0.6079,0.5525
28,64,8,0.6063,0.5257
28,65,7,0.6049,0.4990
28,66,6,0.6039,0.4724
28,67,5,0.6031,0.4460
28,68,4,0.6027,0.4199
28,69,3,0.6027,0.3942
28,70,2,0.6029,0.3690
28,71,1,0.6035,0.3444
28,72,0,0.6045,0.3204
29,0,71,0.7512,0.3280
29,1,70,0.7511,0.3523
29,2,69,0.7508,0.3772
29,3,68,0.7504,0.4027
29,4,67,0.7499,0.4288
29,5,66,0.7493,0.4552
29,6,65,0.7487,0.4818
29,7,64,0.7479,0.5087
29,8,63,0.7471,0.5357
29,9,62,0.7462,0.5626
29,10,61,0.7453,0.5895
29,11,60,0.7443,0.6160
29,12,59,0.7433,0.6423
29,13,58,0.7422,0.6681
29,14,57,0.7411,0.6934
29,15,56,0.7400,0.7180
29,16,55,0.7388,0.7420
29,17,54,0.7376,0.7651
29,18,53,0.7363,0.7874
29,19,52,0.7350,0.8088
29,20,51,0.7336,0.8291
29,21,50,0.7322,0.8484
29,22,49,0.7307,0.8666
29,23,48,0.7291,0.8837
29,24,47,0.7275,0.8996
29,25,46,0.7257,0.9142
29,26,45,0.7239,0.9276
29,27,44,0.7220,0.9397
29,28,43,0.7199,0.9505
29,29,42,0.7178,0.9600
29,30,41,0.7155,0.9682
29,31,40,0.7131,0.9750
29,32,39,0.7106,0.9805
29,33,38,0.7079,0.9846
29,34,37,0.7051,0.9874
29,35,36,0.7021,0.9887
29,36,35,0.6990,0.9887
29,37,34,0.6957,0.9874
29,38,33,0.6923,0.9846
29,39,32,0.6887,0.9805
29,40,31,0.6851,0.9750
29,41,30,0.6813,0.9682
29,42,29,0.6774,0.9600
29,43,28,0.6734,0.9505
29,44,27,0.6693,0.9397
29,45,26,0.6651,0.9276
29,46,25,0.6609,0.9142
29,47,24,0.6566,0.8996
29,48,23,0.6524,0.8837
29,49,22,0.6481,0.8666
29,50,21,0.6439,0.8484
29,51,20,0.6397,0.8291
29,52,19,0.6356,0.8088
29,53,18,0.6315,0.7874
29,54,17,0.6276,0.7651
29,55,16,0.6238,0.7420
29,56,15,0.6202,0.7180
29,57,14,0.6168,0.6934
29,58,13,0.6136,0.6681
29,59,12,0.6106,0.6423
29,60,11,0.6078,0.6160
29,61,10,0.6053,0.5895
29,62,9,0.6030,0.5626
29,63,8,0.6010,0.5357
29,64,7,0.5993,0.5087
29,65,6,0.5980,0.4818
29,66,5,0.5969,0.4552
29,67,4,0.5962,0.4288
29,68,3,0.5957,0.4027
29,69,2,0.5957,0.3772
29,70,1,0.5959,0.3523
29,71,0,0.5965,0.3280
30,0,70,0.7517,0.3352
30,1,69,0.7513,0.3598
30,2,68,0.7508,0.3850
30,3,67,0.7502,0.4108
30,4,66,0.7496,0.4371
30,5,65,0.7488,0.4638
30,6,64,0.7479,0.4907
30,7,63,0.7470,0.5179
30,8,62,0.7460,0.5450
30,9,61,0.7450,0.5722
30,10,60,0.7439,0.5992
30,11,59,0.7428,0.6259
30,12,58,0.7416,0.6523
30,13,57,0.7404,0.6783
30,14,56,0.7391,0.7036
30,15,55,0.7378,0.7284
30,16,54,0.7364,0.7524
30,17,53,0.7350,0.7755
30,18,52,0.7336,0.7978
30,19,51,0.7321,0.8192
30,20,50,0.7305,0.8395
30,21,49,0.7289,0.8587
30,22,48,0.7272,0.8767
30,23,47,0.7255,0.8936
30,24,46,0.7236,0.9093
30,25,45,0.7217,0.9237
30,26,44,0.7197,0.9368
30,27,43,0.7176,0.9487
30,28,42,0.7154,0.9591
30,29,41,0.7130,0.9682
30,30,40,0.7106,0.9759
30,31,39,0.7080,0.9823
30,32,38,0.7053,0.9872
30,33,37,0.7024,0.9908
30,34,36,0.6995,0.9929
30,35,35,0.6963,0.9936
30,36,34,0.6931,0.9929
30,37,33,0.6897,0.9908
30,38,32,0.6862,0.9872
30,39,31,0.6826,0.9823
30,40,30,0.6788,0.9759
30,41,29,0.6749,0.9682
30,42,28,0.6710,0.9591
30,43,27,0.6669,0.9487
30,44,26,0.6627,0.9368
30,45,25,0.6585,0.9237
30,46,24,0.6543,0.9093
30,47,23,0.6500,0.8936
30,48,22,0.6457,0.8767
30,49,21,0.6415,0.8587
30,50,20,0.6372,0.8395
30,51,19,0.6330,0.8192
30,52,18,0.6289,0.7978
30,53,17,0.6249,0.7755
30,54,16,0.6209,0.7524
30,55,15,0.6172,0.7284
30,56,14,0.6135,0.7036
30,57,13,0.6101,0.6783
30,58,12,0.6069,0.6523
30,59,11,0.6038,0.6259
30,60,10,0.6010,0.5992
30,61,9,0.5985,0.5722
30,62,8,0.5962,0.5450
30,63,7,0.5942,0.5179
30,64,6,0.5925,0.4907
30,65,5,0.5911,0.4638
30,66,4,0.5900,0.4371
30,67,3,0.5892,0.4108
30,68,2,0.5888,0.3850
30,69,1,0.5887,0.3598
30,70,0,0.5889,0.3352
31,0,69,0.7518,0.3420
31,1,68,0.7512,0.3669
31,2,67,0.7505,0.3924
31,3,66,0.7497,0.4185
31,4,65,0.7489,0.4450
31,5,64,0.7479,0.4719
31,6,63,0.7469,0.4991
31,7,62,0.7458,0.5264
31,8,61,0.7446,0.5538
31,9,60,0.7434,0.5811
31,10,59,0.7422,0.6083
31,11,58,0.7409,0.6351
31,12,57,0.7395,0.6616
31,13,56,0.7381,0.6877
31,14,55,0.7367,0.7131
31,15,54,0.7352,0.7379
31,16,53,0.7337,0.7619
31,17,52,0.7321,0.7851
31,18,51,0.7305,0.8073
31,19,50,0.7288,0.8286
31,20,49,0.7271,0.8488
31,21,48,0.7253,0.8679
31,22,47,0.7234,0.8858
31,23,46,0.7215,0.9025
31,24,45,0.7195,0.9179
31,25,44,0.7174,0.9321
31,26,43,0.7152,0.9449
31,27,42,0.7129,0.9563
31,28,41,0.7105,0.9664
31,29,40,0.7080,0.9750
31,30,39,0.7054,0.9823
31,31,38,0.7027,0.9881
31,32,37,0.6998,0.9925
31,33,36,0.6968,0.9954
31,34,35,0.6937,0.9968
31,35,34,0.6905,0.9968
31,36,33,0.6871,0.9954
31,37,32,0.6837,0.9925
31,38,31,0.6801,0.9881
31,39,30,0.6764,0.9823
31,40,29,0.6725,0.9750
31,41,28,0.6686,0.9664
31,42,27,0.6646,0.9563
31,43,26,0.6605,0.9449
31,44,25,0.6563,0.9321
31,45,24,0.6521,0.9179
31,46,23,0.6478,0.9025
31,47,22,0.6435,0.8858
31,48,21,0.6392,0.8679
31,49,20,0.6349,0.8488
31,50,19,0.6307,0.8286
31,51,18,0.6265,0.8073
31,52,17,0.6224,0.7851
31,53,16,0.6183,0.7619
31,54,15,0.6144,0.7379
31,55,14,0.6106,0.7131
31,56,13,0.6070,0.6877
31,57,12,0.6035,0.6616
31,58,11,0.6003,0.6351
31,59,10,0.5972,0.6083
31,60,9,0.5944,0.5811
31,61,8,0.5919,0.5538
31,62,7,0.5896,0.5264
31,63,6,0.5875,0.4991
31,64,5,0.5858,0.4719
31,65,4,0.5843,0.4450
31,66,3,0.5832,0.4185
31,67,2,0.5824,0.3924
31,68,1,0.5819,0.3669
31,69,0,0.5817,0.3420
32,0,68,0.7515,0.3485
32,1,67,0.7507,0.3736
32,2,66,0.7498,0.3993
32,3,65,0.7488,0.4256
32,4,64,0.7478,0.4524
32,5,63,0.7466,0.4795
32,6,62,0.7454,0.5069
32,7,61,0.7442,0.5344
32,8,60,0.7429,0.5619
32,9,59,0.7415,0.5894
32,10,58,0.7401,0.6167
32,11,57,0.7386,0.6436
32,12,56,0.7371,0.6702
32,13,55,0.7355,0.6963
32,14,54,0.7339,0.7218
32,15,53,0.7323,0.7466
32,16,52,0.7306,0.7706
32,17,51,0.7288,0.7937
32,18,50,0.7270,0.8159
32,19,49,0.7252,0.8371
32,20,48,0.7233,0.8571
32,21,47,0.7213,0.8761
32,22,46,0.7193,0.8938
32,23,45,0.7172,0.9102
32,24,44,0.7150,0.9254
32,25,43,0.7128,0.9392
32,26,42,0.7104,0.9517
32,27,41,0.7080,0.9627
32,28,40,0.7054,0.9723
32,29,39,0.7028,0.9805
32,30,38,0.7000,0.9872
32,31,37,0.6972,0.9925
32,32,36,0.6942,0.9962
32,33,35,0.6911,0.9985
32,34,34,0.6879,0.9992
32,35,33,0.6846,0.9985
32,36,32,0.6812,0.9962
32,37,31,0.6776,0.9925
32,38,30,0.6739,0.9872
32,39,29,0.6702,0.9805
32,40,28,0.6663,0.9723
32,41,27,0.6623,0.9627
32,42,26,0.6583,0.9517
32,43,25,0.6542,0.9392
32,44,24,0.6500,0.9254
32,45,23,0.6457,0.9102
32,46,22,0.6415,0.8938
32,47,21,0.6372,0.8761
32,48,20,0.6329,0.8571
32,49,19,0.6286,0.8371
32,50,18,0.6243,0.8159
32,51,17,0.6201,0.7937
32,52,16,0.6160,0.7706
32,53,15,0.6120,0.7466
32,54,14,0.6080,0.7218
32,55,13,0.6043,0.6963
32,56,12,0.6006,0.6702
32,57,11,0.5971,0.6436
32,58,10,0.5939,0.6167
32,59,9,0.5908,0.5894
32,60,8,0.5879,0.5619
32,61,7,0.5853,0.5344
32,62,6,0.5830,0.5069
32,63,5,0.5809,0.4795
32,64,4,0.5791,0.4524
32,65,3,0.5776,0.4256
32,66,2,0.5764,0.3993
32,67,1,0.5756,0.3736
32,68,0,0.5750,0.3485
33,0,67,0.7508,0.3545
33,1,66,0.7498,0.3798
33,2,65,0.7487,0.4058
33,3,64,0.7476,0.4323
33,4,63,0.7463,0.4593
33,5,62,0.7450,0.4866
33,6,61,0.7436,0.5141
33,7,60,0.7422,0.5418
33,8,59,0.7407,0.5694
33,9,58,0.7392,0.5970
33,10,57,0.7376,0.6244
33,11,56,0.7360,0.6515
33,12,55,0.7343,0.6781
33,13,54,0.7326,0.7042
33,14,53,0.7308,0.7297
33,15,52,0.7290,0.7545
33,16,51,0.7271,0.7784
33,17,50,0.7252,0.8015
33,18,49,0.7233,0.8236
33,19,48,0.7213,0.8446
33,20,47,0.7192,0.8645
33,21,46,0.7171,0.8832
33,22,45,0.7149,0.9007
33,23,44,0.7126,0.9169
33,24,43,0.7103,0.9317
33,25,42,0.7079,0.9452
33,26,41,0.7054,0.9572
33,27,40,0.7028,0.9678
33,28,39,0.7001,0.9770
33,29,38,0.6974,0.9846
33,30,37,0.6945,0.9908
33,31,36,0.6915,0.9954
33,32,35,0.6885,0.9985
33,33,34,0.6853,1.0000
33,34,33,0.6820,1.0000
33,35,32,0.6786,0.9985
33,36,31,0.6751,0.9954
33,37,30,0.6715,0.9908
33,38,29,0.6678,0.9846
33,39,28,0.6640,0.9770
33,40,27,0.6601,0.9678
33,41,26,0.6562,0.9572
33,42,25,0.6521,0.9452
33,43,24,0.6480,0.9317
33,44,23,0.6438,0.9169
33,45,22,0.6395,0.9007
33,46,21,0.6353,0.8832
33,47,20,0.6310,0.8645
33,48,19,0.6267,0.8446
33,49,18,0.6224,0.8236
33,50,17,0.6182,0.8015
33,51,16,0.6140,0.7784
33,52,15,0.6098,0.7545
33,53,14,0.6058,0.7297
33,54,13,0.6018,0.7042
33,55,12,0.5980,0.6781
33,56,11,0.5944,0.6515
33,57,10,0.5909,0.6244
33,58,9,0.5876,0.5970
33,59,8,0.5845,0.5694
33,60,7,0.5816,0.5418
33,61,6,0.5789,0.5141
33,62,5,0.5765,0.4866
33,63,4,0.5744,0.4593
33,64,3,0.5726,0.4323
33,65,2,0.5710,0.4058
33,66,1,0.5697,0.3798
33,67,0,0.5688,0.3545
34,0,66,0.7497,0.3601
34,1,65,0.7485,0.3857
34,2,64,0.7472,0.4119
34,3,63,0.7459,0.4386
34,4,62,0.7445,0.4657
34,5,61,0.7430,0.4931
34,6,60,0.7414,0.5208
34,7,59,0.7398,0.5486
34,8,58,0.7382,0.5764
34,9,57,0.7365,0.6040
34,10,56,0.7347,0.6315
34,11,55,0.7329,0.6586
34,12,54,0.7311,0.6853
34,13,53,0.7292,0.7114
34,14,52,0.7273,0.7368
34,15,51,0.7253,0.7616
34,16,50,0.7233,0.7854
34,17,49,0.7213,0.8084
34,18,48,0.7192,0.8303
34,19,47,0.7170,0.8512
34,20,46,0.7148,0.8709
34,21,45,0.7125,0.8893
34,22,44,0.7102,0.9065
34,23,43,0.7078,0.9224
34,24,42,0.7053,0.9369
34,25,41,0.7028,0.9499
34,26,40,0.7001,0.9616
34,27,39,0.6974,0.9717
34,28,38,0.6947,0.9803
34,29,37,0.6918,0.9874
34,30,36,0.6889,0.9929
34,31,35,0.6858,0.9968
34,32,34,0.6827,0.9992
34,33,33,0.6794,1.0000
34,34,32,0.6761,0.9992
34,35,31,0.6727,0.9968
34,36,30,0.6691,0.9929
34,37,29,0.6655,0.9874
34,38,28,0.6618,0.9803
34,39,27,0.6580,0.9717
34,40,26,0.6541,0.9616
34,41,25,0.6501,0.9499
34,42,24,0.6460,0.9369
34,43,23,0.6419,0.9224
34,44,22,0.6377,0.9065
34,45,21,0.6335,0.8893
34,46,20,0.6292,0.8709
34,47,19,0.6250,0.8512
34,48,18,0.6207,0.8303
34,49,17,0.6164,0.8084
34,50,16,0.6121,0.7854
34,51,15,0.6079,0.7616
34,52,14,0.6038,0.7368
34,53,13,0.5998,0.7114
34,54,12,0.5958,0.6853
34,55,11,0.5920,0.6586
34,56,10,0.5883,0.6315
34,57,9,0.5848,0.6040
34,58,8,0.5814,0.5764
34,59,7,0.5783,0.5486
34,60,6,0.5753,0.5208
34,61,5,0.5726,0.4931
34,62,4,0.5702,0.4657
34,63,3,0.5680,0.4386
34,64,2,0.5661,0.4119
34,65,1,0.5645,0.3857
34,66,0,0.5631,0.3601
35,0,65,0.7482,0.3654
35,1,64,0.7468,0.3912
35,2,63,0.7453,0.4175
35,3,62,0.7438,0.4443
35,4,61,0.7422,0.4716
35,5,60,0.7406,0.4992
35,6,59,0.7388,0.5270
35,7,58,0.7371,0.5548
35,8,57,0.7353,0.5827
35,9,56,0.7334,0.6104
35,10,55,0.7315,0.6379
35,11,54,0.7295,0.6650
35,12,53,0.7276,0.6917
35,13,52,0.7255,0.7178
35,14,51,0.7234,0.7432
35,15,50,0.7213,0.7678
35,16,49,0.7192,0.7916
35,17,48,0.7170,0.8144
35,18,47,0.7147,0.8362
35,19,46,0.7124,0.8568
35,20,45,0.7100,0.8763
35,21,44,0.7076,0.8944
35,22,43,0.7052,0.9113
35,23,42,0.7027,0.9268
35,24,41,0.7001,0.9409
35,25,40,0.6974,0.9535
35,26,39,0.6947,0.9647
35,27,38,0.6919,0.9742
35,28,37,0.6891,0.9823
35,29,36,0.6861,0.9887
35,30,35,0.6831,0.9936
35,31,34,0.6800,0.9968
35,32,33,0.6768,0.9985
35,33,32,0.6735,0.9985
35,34,31,0.6702,0.9968
35,35,30,0.6667,0.9936
35,36,29,0.6632,0.9887
35,37,28,0.6595,0.9823
35,38,27,0.6558,0.9742
35,39,26,0.6520,0.9647
35,40,25,0.6481,0.9535
35,41,24,0.6441,0.9409
35,42,23,0.6401,0.9268
35,43,22,0.6360,0.9113
35,44,21,0.6318,0.8944
35,45,20,0.6276,0.8763
35,46,19,0.6234,0.8568
35,47,18,0.6191,0.8362
35,48,17,0.6148,0.8144
35,49,16,0.6106,0.7916
35,50,15,0.6063,0.7678
35,51,14,0.6021,0.7432
35,52,13,0.5980,0.7178
35,53,12,0.5939,0.6917
35,54,11,0.5899,0.6650
35,55,10,0.5861,0.6379
35,56,9,0.5824,0.6104
35,57,8,0.5788,0.5827
35,58,7,0.5754,0.5548
35,59,6,0.5722,0.5270
35,60,5,0.5692,0.4992
35,61,4,0.5665,0.4716
35,62,3,0.5640,0.4443
35,63,2,0.5617,0.4175
35,64,1,0.5597,0.3912
35,65,0,0.5580,0.3654
36,0,64,0.7463,0.3703
36,1,63,0.7447,0.3962
36,2,62,0.7431,0.4227
36,3,61,0.7413,0.4497
36,4,60,0.7396,0.4771
36,5,59,0.7377,0.5047
36,6,58,0.7359,0.5326
36,7,57,0.7339,0.5606
36,8,56,0.7320,0.5885
36,9,55,0.7299,0.6162
36,10,54,0.7279,0.6437
36,11,53,0.7258,0.6708
36,12,52,0.7236,0.6974
36,13,51,0.7215,0.7235
36,14,50,0.7192,0.7488
36,15,49,0.7170,0.7733
36,16,48,0.7147,0.7969
36,17,47,0.7123,0.8195
36,18,46,0.7099,0.8411
36,19,45,0.7075,0.8615
36,20,44,0.7050,0.8807
36,21,43,0.7025,0.8985
36,22,42,0.7000,0.9150
36,23,41,0.6973,0.9301
36,24,40,0.6946,0.9438
36,25,39,0.6919,0.9559
36,26,38,0.6891,0.9665
36,27,37,0.6863,0.9755
36,28,36,0.6833,0.9829
36,29,35,0.6803,0.9887
36,30,34,0.6773,0.9929
36,31,33,0.6742,0.9954
36,32,32,0.6709,0.9962
36,33,31,0.6676,0.9954
36,34,30,0.6643,0.9929
36,35,29,0.6608,0.9887
36,36,28,0.6573,0.9829
36,37,27,0.6537,0.9755
36,38,26,0.6500,0.9665
36,39,25,0.6462,0.9559
36,40,24,0.6423,0.9438
36,41,23,0.6384,0.9301
36,42,22,0.6343,0.9150
36,43,21,0.6303,0.8985
36,44,20,0.6261,0.8807
36,45,19,0.6219,0.8615
36,46,18,0.6177,0.8411
36,47,17,0.6135,0.8195
36,48,16,0.6092,0.7969
36,49,15,0.6049,0.7733
36,50,14,0.6007,0.7488
36,51,13,0.5965,0.7235
36,52,12,0.5923,0.6974
36,53,11,0.5883,0.6708
36,54,10,0.5843,0.6437
36,55,9,0.5804,0.6162
36,56,8,0.5766,0.5885
36,57,7,0.5730,0.5606
36,58,6,0.5696,0.5326
36,59,5,0.5663,0.5047
36,60,4,0.5633,0.4771
36,61,3,0.5605,0.4497
36,62,2,0.5579,0.4227
36,63,1,0.5555,0.3962
36,64,0,0.5534,0.3703
37,0,63,0.7439,0.3749
37,1,62,0.7422,0.4009
37,2,61,0.7403,0.4275
37,3,60,0.7385,0.4546
37,4,59,0.7365,0.4820
37,5,58,0.7345,0.5098
37,6,57,0.7325,0.5377
37,7,56,0.7304,0.5657
37,8,55,0.7283,0.5936
37,9,54,0.7261,0.6214
37,10,53,0.7239,0.6489
37,11,52,0.7216,0.6759
37,12,51,0.7194,0.7025
37,13,50,0.7170,0.7284
37,14,49,0.7147,0.7536
37,15,48,0.7123,0.7780
37,16,47,0.7099,0.8014
37,17,46,0.7074,0.8238
37,18,45,0.7049,0.8451
37,19,44,0.7024,0.8652
37,20,43,0.6998,0.8841
37,21,42,0.6972,0.9016
37,22,41,0.6945,0.9177
37,23,40,0.6918,0.9324
37,24,39,0.6891,0.9455
37,25,38,0.6863,0.9571
37,26,37,0.6834,0.9671
37,27,36,0.6805,0.9755
37,28,35,0.6775,0.9823
37,29,34,0.6745,0.9874
37,30,33,0.6714,0.9908
37,31,32,0.6683,0.9925
37,32,31,0.6651,0.9925
37,33,30,0.6618,0.9908
37,34,29,0.6585,0.9874
37,35,28,0.6550,0.9823
37,36,27,0.6515,0.9755
37,37,26,0.6479,0.9671
37,38,25,0.6442,0.9571
37,39,24,0.6405,0.9455
37,40,23,0.6366,0.9324
37,41,22,0.6327,0.9177
37,42,21,0.6288,0.9016
37,43,20,0.6247,0.8841
37,44,19,0.6206,0.8652
37,45,18,0.6164,0.8451
37,46,17,0.6122,0.8238
37,47,16,0.6080,0.8014
37,48,15,0.6038,0.7780
37,49,14,0.5995,0.7536
37,50,13,0.5953,0.7284
37,51,12,0.5911,0.7025
37,52,11,0.5869,0.6759
37,53,10,0.5828,0.6489
37,54,9,0.5788,0.6214
37,55,8,0.5749,0.5936
37,56,7,0.5711,0.5657
37,57,6,0.5674,0.5377
37,58,5,0.5639,0.5098
37,59,4,0.5606,0.4820
37,60,3,0.5575,0.4546
37,61,2,0.5546,0.4275
37,62,1,0.5519,0.4009
37,63,0,0.5495,0.3749
38,0,62,0.7412,0.3790
38,1,61,0.7392,0.4052
38,2,60,0.7372,0.4319
38,3,59,0.7352,0.4590
38,4,58,0.7331,0.4866
38,5,57,0.7309,0.5144
38,6,56,0.7287,0.5423
38,7,55,0.7265,0.5703
38,8,54,0.7242,0.5983
38,9,53,0.7219,0.6260
38,10,52,0.7195,0.6534
38,11,51,0.7172,0.6804
38,12,50,0.7147,0.7069
38,13,49,0.7123,0.7327
38,14,48,0.7098,0.7577
38,15,47,0.7073,0.7819
38,16,46,0.7048,0.8051
38,17,45,0.7022,0.8273
38,18,44,0.6996,0.8483
38,19,43,0.6970,0.8680
38,20,42,0.6943,0.8865
38,21,41,0.6916,0.9036
38,22,40,0.6889,0.9193
38,23,39,0.6861,0.9335
38,24,38,0.6833,0.9461
38,25,37,0.6805,0.9571
38,26,36,0.6776,0.9665
38,27,35,0.6747,0.9742
38,28,34,0.6717,0.9803
38,29,33,0.6687,0.9846
38,30,32,0.6656,0.9872
38,31,31,0.6625,0.9881
38,32,30,0.6593,0.9872
38,33,29,0.6560,0.9846
38,34,28,0.6527,0.9803
38,35,27,0.6493,0.9742
38,36,26,0.6459,0.9665
38,37,25,0.6423,0.9571
38,38,24,0.6387,0.9461
38,39,23,0.6350,0.9335
38,40,22,0.6312,0.9193
38,41,21,0.6273,0.9036
38,42,20,0.6234,0.8865
38,43,19,0.6194,0.8680
38,44,18,0.6153,0.8483
38,45,17,0.6112,0.8273
38,46,16,0.6070,0.8051
38,47,15,0.6028,0.7819
38,48,14,0.5986,0.7577
38,49,13,0.5943,0.7327
38,50,12,0.5901,0.7069
38,51,11,0.5859,0.6804
38,52,10,0.5817,0.6534
38,53,9,0.5776,0.6260
38,54,8,0.5735,0.5983
38,55,7,0.5695,0.5703
38,56,6,0.5657,0.5423
38,57,5,0.5620,0.5144
38,58,4,0.5584,0.4866
38,59,3,0.5550,0.4590
38,60,2,0.5518,0.4319
38,61,1,0.5488,0.4052
38,62,0,0.5461,0.3790
39,0,61,0.7380,0.3828
39,1,60,0.7359,0.4091
39,2,59,0.7337,0.4358
39,3,58,0.7315,0.4631
39,4,57,0.7292,0.4906
39,5,56,0.7269,0.5185
39,6,55,0.7246,0.5464
39,7,54,0.7222,0.5744
39,8,53,0.7198,0.6023
39,9,52,0.7173,0.6300
39,10,51,0.7148,0.6573
39,11,50,0.7123,0.6842
39,12,49,0.7098,0.7105
39,13,48,0.7072,0.7362
39,14,47,0.7047,0.7610
39,15,46,0.7020,0.7850
39,16,45,0.6994,0.8079
39,17,44,0.6967,0.8298
39,18,43,0.6941,0.8505
39,19,42,0.6914,0.8699
39,20,41,0.6886,0.8880
39,21,40,0.6859,0.9047
39,22,39,0.6831,0.9198
39,23,38,0.6803,0.9335
39,24,37,0.6775,0.9455
39,25,36,0.6746,0.9559
39,26,35,0.6718,0.9647
39,27,34,0.6688,0.9717
39,28,33,0.6659,0.9770
39,29,32,0.6629,0.9805
39,30,31,0.6598,0.9823
39,31,30,0.6567,0.9823
39,32,29,0.6536,0.9805
39,33,28,0.6504,0.9770
39,34,27,0.6471,0.9717
39,35,26,0.6438,0.9647
39,36,25,0.6404,0.9559
39,37,24,0.6369,0.9455
39,38,23,0.6333,0.9335
39,39,22,0.6297,0.9198
39,40,21,0.6259,0.9047
39,41,20,0.6221,0.8880
39,42,19,0.6182,0.8699
39,43,18,0.6143,0.8505
39,44,17,0.6102,0.8298
39,45,16,0.6061,0.8079
39,46,15,0.6020,0.7850
39,47,14,0.5978,0.7610
39,48,13,0.5936,0.7362
39,49,12,0.5893,0.7105
39,50,11,0.5851,0.6842
39,51,10,0.5809,0.6573
39,52,9,0.5767,0.6300
39,53,8,0.5725,0.6023
39,54,7,0.5684,0.5744
39,55,6,0.5644,0.5464
39,56,5,0.5605,0.5185
39,57,4,0.5567,0.4906
39,58,3,0.5531,0.4631
39,59,2,0.5496,0.4358
39,60,1,0.5463,0.4091
39,61,0,0.5432,0.3828
40,0,60,0.7344,0.3863
40,1,59,0.7321,0.4126
40,2,58,0.7298,0.4394
40,3,57,0.7274,0.4667
40,4,56,0.7250,0.4943
40,5,55,0.7225,0.5221
40,6,54,0.7200,0.5500
40,7,53,0.7175,0.5780
40,8,52,0.7150,0.6058
40,9,51,0.7124,0.6334
40,10,50,0.7098,0.6606
40,11,49,0.7072,0.6874
40,12,48,0.7046,0.7135
40,13,47,0.7019,0.7390
40,14,46,0.6992,0.7636
40,15,45,0.6965,0.7873
40,16,44,0.6938,0.8100
40,17,43,0.6911,0.8315
40,18,42,0.6883,0.8518
40,19,41,0.6856,0.8709
40,20,40,0.6828,0.8885
40,21,39,0.6800,0.9047
40,22,38,0.6773,0.9193
40,23,37,0.6744,0.9324
40,24,36,0.6716,0.9438
40,25,35,0.6688,0.9535
40,26,34,0.6659,0.9616
40,27,33,0.6630,0.9678
40,28,32,0.6601,0.9723
40,29,31,0.6571,0.9750
40,30,30,0.6542,0.9759
40,31,29,0.6511,0.9750
40,32,28,0.6480,0.9723
40,33,27,0.6449,0.9678
40,34,26,0.6417,0.9616
40,35,25,0.6384,0.9535
40,36,24,0.6351,0.9438
40,37,23,0.6316,0.9324
40,38,22,0.6281,0.9193
40,39,21,0.6245,0.9047
40,40,20,0.6209,0.8885
40,41,19,0.6171,0.8709
40,42,18,0.6133,0.8518
40,43,17,0.6094,0.8315
40,44,16,0.6054,0.8100
40,45,15,0.6013,0.7873
40,46,14,0.5972,0.7636
40,47,13,0.5930,0.7390
40,48,12,0.5888,0.7135
40,49,11,0.5846,0.6874
40,50,10,0.5803,0.6606
40,51,9,0.5761,0.6334
40,52,8,0.5719,0.6058
40,53,7,0.5677,0.5780
40,54,6,0.5635,0.5500
40,55,5,0.5595,0.5221
40,56,4,0.5555,0.4943
40,57,3,0.5517,0.4667
40,58,2,0.5479,0.4394
40,59,1,0.5444,0.4126
40,60,0,0.5410,0.3863
41,0,59,0.7304,0.3894
41,1,58,0.7279,0.4157
41,2,57,0.7255,0.4426
41,3,56,0.7229,0.4699
41,4,55,0.7204,0.4974
41,5,54,0.7178,0.5253
41,6,53,0.7152,0.5532
41,7,52,0.7125,0.5810
41,8,51,0.7099,0.6088
41,9,50,0.7072,0.6362
41,10,49,0.7045,0.6633
41,11,48,0.7018,0.6899
41,12,47,0.6990,0.7159
41,13,46,0.6963,0.7411
41,14,45,0.6935,0.7655
41,15,44,0.6908,0.7889
41,16,43,0.6880,0.8112
41,17,42,0.6852,0.8324
41,18,41,0.6825,0.8523
41,19,40,0.6797,0.8709
41,20,39,0.6769,0.8880
41,21,38,0.6741,0.9036
41,22,37,0.6713,0.9177
41,23,36,0.6685,0.9301
41,24,35,0.6657,0.9409
41,25,34,0.6629,0.9499
41,26,33,0.6601,0.9572
41,27,32,0.6573,0.9627
41,28,31,0.6544,0.9664
41,29,30,0.6515,0.9682
41,30,29,0.6486,0.9682
41,31,28,0.6456,0.9664
41,32,27,0.6426,0.9627
41,33,26,0.6395,0.9572
41,34,25,0.6364,0.9499
41,35,24,0.6332,0.9409
41,36,23,0.6300,0.9301
41,37,22,0.6266,0.9177
41,38,21,0.6232,0.9036
41,39,20,0.6197,0.8880
41,40,19,0.6161,0.8709
41,41,18,0.6124,0.8523
41,42,17,0.6086,0.8324
41,43,16,0.6047,0.8112
41,44,15,0.6008,0.7889
41,45,14,0.5968,0.7655
41,46,13,0.5927,0.7411
41,47,12,0.5885,0.7159
41,48,11,0.5843,0.6899
41,49,10,0.5801,0.6633
41,50,9,0.5758,0.6362
41,51,8,0.5715,0.6088
41,52,7,0.5673,0.5810
41,53,6,0.5630,0.5532
41,54,5,0.5589,0.5253
41,55,4,0.5547,0.4974
41,56,3,0.5507,0.4699
41,57,2,0.5468,0.4426
41,58,1,0.5430,0.4157
41,59,0,0.5393,0.3894
42,0,58,0.7260,0.3922
42,1,57,0.7234,0.4185
42,2,56,0.7207,0.4454
42,3,55,0.7181,0.4726
42,4,54,0.7154,0.5002
42,5,53,0.7127,0.5280
42,6,52,0.7099,0.5558
42,7,51,0.7072,0.5836
42,8,50,0.7044,0.6112
42,9,49,0.7016,0.6385
42,10,48,0.6989,0.6654
42,11,47,0.6961,0.6918
42,12,46,0.6933,0.7175
42,13,45,0.6904,0.7425
42,14,44,0.6876,0.7666
42,15,43,0.6848,0.7896
42,16,42,0.6820,0.8116
42,17,41,0.6792,0.8324
42,18,40,0.6765,0.8518
42,19,39,0.6737,0.8699
42,20,38,0.6709,0.8865
42,21,37,0.6681,0.9016
42,22,36,0.6654,0.9150
42,23,35,0.6626,0.9268
42,24,34,0.6599,0.9369
42,25,33,0.6571,0.9452
42,26,32,0.6544,0.9517
42,27,31,0.6516,0.9563
42,28,30,0.6488,0.9591
42,29,29,0.6460,0.9600
42,30,28,0.6432,0.9591
42,31,27,0.6403,0.9563
42,32,26,0.6374,0.9517
42,33,25,0.6344,0.9452
42,34,24,0.6314,0.9369
42,35,23,0.6283,0.9268
42,36,22,0.6251,0.9150
42,37,21,0.6219,0.9016
42,38,20,0.6185,0.8865
42,39,19,0.6151,0.8699
42,40,18,0.6115,0.8518
42,41,17,0.6079,0.8324
42,42,16,0.6042,0.8116
42,43,15,0.6004,0.7896
42,44,14,0.5965,0.7666
42,45,13,0.5925,0.7425
42,46,12,0.5884,0.7175
42,47,11,0.5843,0.6918
42,48,10,0.5800,0.6654
42,49,9,0.5758,0.6385
42,50,8,0.5715,0.6112
42,51,7,0.5672,0.5836
42,52,6,0.5629,0.5558
42,53,5,0.5586,0.5280
42,54,4,0.5544,0.5002
42,55,3,0.5502,0.4726
42,56,2,0.5461,0.4454
42,57,1,0.5421,0.4185
42,58,0,0.5382,0.3922
43,0,57,0.7212,0.3947
43,1,56,0.7184,0.4210
43,2,55,0.7157,0.4478
43,3,54,0.7129,0.4750
43,4,53,0.7101,0.5025
43,5,52,0.7072,0.5302
43,6,51,0.7044,0.5579
43,7,50,0.7016,0.5856
43,8,49,0.6987,0.6131
43,9,48,0.6958,0.6402
43,10,47,0.6930,0.6669
43,11,46,0.6901,0.6931
43,12,45,0.6873,0.7185
43,13,44,0.6844,0.7432
43,14,43,0.6816,0.7669
43,15,42,0.6788,0.7896
43,16,41,0.6760,0.8112
43,17,40,0.6732,0.8315
43,18,39,0.6704,0.8505
43,19,38,0.6676,0.8680
43,20,37,0.6649,0.8841
43,21,36,0.6622,0.8985
43,22,35,0.6595,0.9113
43,23,34,0.6568,0.9224
43,24,33,0.6541,0.9317
43,25,32,0.6514,0.9392
43,26,31,0.6488,0.9449
43,27,30,0.6461,0.9487
43,28,29,0.6434,0.9505
43,29,28,0.6407,0.9505
43,30,27,0.6380,0.9487
43,31,26,0.6352,0.9449
43,32,25,0.6324,0.9392
43,33,24,0.6295,0.9317
43,34,23,0.6266,0.9224
43,35,22,0.6236,0.9113
43,36,21,0.6205,0.8985
43,37,20,0.6173,0.8841
43,38,19,0.6141,0.8680
43,39,18,0.6107,0.8505
43,40,17,0.6073,0.8315
43,41,16,0.6037,0.8112
43,42,15,0.6000,0.7896
43,43,14,0.5963,0.7669
43,44,13,0.5924,0.7432
43,45,12,0.5884,0.7185
43,46,11,0.5844,0.6931
43,47,10,0.5802,0.6669
43,48,9,0.5760,0.6402
43,49,8,0.5718,0.6131
43,50,7,0.5675,0.5856
43,51,6,0.5631,0.5579
43,52,5,0.5588,0.5302
43,53,4,0.5545,0.5025
43,54,3,0.5502,0.4750
43,55,2,0.5459,0.4478
43,56,1,0.5417,0.4210
43,57,0,0.5376,0.3947
44,0,56,0.7160,0.3968
44,1,55,0.7131,0.4231
44,2,54,0.7102,0.4498
44,3,53,0.7073,0.4770
44,4,52,0.7044,0.5044
44,5,51,0.7015,0.5320
44,6,50,0.6986,0.5596
44,7,49,0.6957,0.5871
44,8,48,0.6927,0.6144
44,9,47,0.6898,0.6413
44,10,46,0.6869,0.6678
44,11,45,0.6840,0.6937
44,12,44,0.6811,0.7189
44,13,43,0.6783,0.7432
44,14,42,0.6754,0.7666
44,15,41,0.6726,0.7889
44,16,40,0.6698,0.8100
44,17,39,0.6671,0.8298
44,18,38,0.6643,0.8483
44,19,37,0.6616,0.8652
44,20,36,0.6589,0.8807
44,21,35,0.6563,0.8944
44,22,34,0.6537,0.9065
44,23,33,0.6511,0.9169
44,24,32,0.6485,0.9254
44,25,31,0.6459,0.9321
44,26,30,0.6433,0.9368
44,27,29,0.6408,0.9397
44,28,28,0.6382,0.9407
44,29,27,0.6356,0.9397
44,30,26,0.6330,0.9368
44,31,25,0.6303,0.9321
44,32,24,0.6276,0.9254
44,33,23,0.6249,0.9169
44,34,22,0.6221,0.9065
44,35,21,0.6192,0.8944
44,36,20,0.6162,0.8807
44,37,19,0.6131,0.8652
44,38,18,0.6100,0.8483
44,39,17,0.6067,0.8298
44,40,16,0.6033,0.8100
44,41,15,0.5998,0.7889
44,42,14,0.5962,0.7666
44,43,13,0.5925,0.7432
44,44,12,0.5886,0.7189
44,45,11,0.5847,0.6937
44,46,10,0.5806,0.6678
44,47,9,0.5765,0.6413
44,48,8,0.5723,0.6144
44,49,7,0.5680,0.5871
44,50,6,0.5637,0.5596
44,51,5,0.5593,0.5320
44,52,4,0.5549,0.5044
44,53,3,0.5505,0.4770
44,54,2,0.5462,0.4498
44,55,1,0.5418,0.4231
44,56,0,0.5376,0.3968
45,0,55,0.7105,0.3986
45,1,54,0.7075,0.4248
45,2,53,0.7045,0.4515
45,3,52,0.7015,0.4786
45,4,51,0.6985,0.5059
45,5,50,0.6955,0.5333
45,6,49,0.6925,0.5608
45,7,48,0.6895,0.5881
45,8,47,0.6866,0.6152
45,9,46,0.6836,0.6419
45,10,45,0.6807,0.6681
45,11,44,0.6778,0.6937
45,12,43,0.6749,0.7185
45,13,42,0.6720,0.7425
45,14,41,0.6692,0.7655
45,15,40,0.6664,0.7873
45,16,39,0.6637,0.8079
45,17,38,0.6609,0.8273
45,18,37,0.6583,0.8451
45,19,36,0.6556,0.8615
45,20,35,0.6530,0.8763
45,21,34,0.6505,0.8893
45,22,33,0.6480,0.9007
45,23,32,0.6455,0.9102
45,24,31,0.6430,0.9179
45,25,30,0.6405,0.9237
45,26,29,0.6381,0.9276
45,27,28,0.6357,0.9296
45,28,27,0.6332,0.9296
45,29,26,0.6308,0.9276
45,30,25,0.6283,0.9237
45,31,24,0.6257,0.9179
45,32,23,0.6232,0.9102
45,33,22,0.6205,0.9007
45,34,21,0.6178,0.8893
45,35,20,0.6150,0.8763
45,36,19,0.6122,0.8615
45,37,18,0.6092,0.8451
45,38,17,0.6061,0.8273
45,39,16,0.6029,0.8079
45,40,15,0.5996,0.7873
45,41,14,0.5962,0.7655
45,42,13,0.5926,0.7425
45,43,12,0.5889,0.7185
45,44,11,0.5851,0.6937
45,45,10,0.5812,0.6681
45,46,9,0.5772,0.6419
45,47,8,0.5730,0.6152
45,48,7,0.5688,0.5881
45,49,6,0.5645,0.5608
45,50,5,0.5601,0.5333
45,51,4,0.5557,0.5059
45,52,3,0.5513,0.4786
45,53,2,0.5468,0.4515
45,54,1,0.5424,0.4248
45,55,0,0.5380,0.3986
46,0,54,0.7046,0.4000
46,1,53,0.7016,0.4262
46,2,52,0.6985,0.4528
46,3,51,0.6954,0.4798
46,4,50,0.6923,0.5069
46,5,49,0.6893,0.5342
46,6,48,0.6862,0.5615
46,7,47,0.6832,0.5886
46,8,46,0.6802,0.6155
46,9,45,0.6773,0.6419
46,10,44,0.6743,0.6678
46,11,43,0.6714,0.6931
46,12,42,0.6686,0.7175
46,13,41,0.6657,0.7411
46,14,40,0.6630,0.7636
46,15,39,0.6602,0.7850
46,16,38,0.6575,0.8051
46,17,37,0.6549,0.8238
46,18,36,0.6523,0.8411
46,19,35,0.6498,0.8568
46,20,34,0.6473,0.8709
46,21,33,0.6448,0.8832
46,22,32,0.6424,0.8938
46,23,31,0.6401,0.9025
46,24,30,0.6377,0.9093
46,25,29,0.6354,0.9142
46,26,28,0.6331,0.9172
46,27,27,0.6308,0.9182
46,28,26,0.6285,0.9172
46,29,25,0.6262,0.9142
46,30,24,0.6238,0.9093
46,31,23,0.6214,0.9025
46,32,22,0.6190,0.8938
46,33,21,0.6165,0.8832
46,34,20,0.6139,0.8709
46,35,19,0.6112,0.8568
46,36,18,0.6085,0.8411
46,37,17,0.6056,0.8238
46,38,16,0.6026,0.8051
46,39,15,0.5995,0.7850
46,40,14,0.5962,0.7636
46,41,13,0.5928,0.7411
46,42,12,0.5893,0.7175
46,43,11,0.5857,0.6931
46,44,10,0.5819,0.6678
46,45,9,0.5780,0.6419
46,46,8,0.5740,0.6155
46,47,7,0.5698,0.5886
46,48,6,0.5656,0.5615
46,49,5,0.5613,0.5342
46,50,4,0.5569,0.5069
46,51,3,0.5524,0.4798
46,52,2,0.5479,0.4528
46,53,1,0.5434,0.4262
46,54,0,0.5389,0.4000
47,0,53,0.6985,0.4011
47,1,52,0.6953,0.4272
47,2,51,0.6922,0.4537
47,3,50,0.6891,0.4805
47,4,49,0.6860,0.5076
47,5,48,0.6829,0.5347
47,6,47,0.6798,0.5617
47,7,46,0.6768,0.5886
47,8,45,0.6738,0.6152
47,9,44,0.6708,0.6413
47,10,43,0.6679,0.6669
47,11,42,0.6650,0.6918
47,12,41,0.6622,0.7159
47,13,40,0.6595,0.7390
47,14,39,0.6567,0.7610
47,15,38,0.6541,0.7819
47,16,37,0.6515,0.8014
47,17,36,0.6490,0.8195
47,18,35,0.6465,0.8362
47,19,34,0.6441,0.8512
47,20,33,0.6417,0.8645
47,21,32,0.6394,0.8761
47,22,31,0.6371,0.8858
47,23,30,0.6349,0.8936
47,24,29,0.6327,0.8996
47,25,28,0.6306,0.9035
47,26,27,0.6284,0.9055
47,27,26,0.6263,0.9055
47,28,25,0.6241,0.9035
47,29,24,0.6219,0.8996
47,30,23,0.6197,0.8936
47,31,22,0.6175,0.8858
47,32,21,0.6152,0.8761
47,33,20,0.6128,0.8645
47,34,19,0.6103,0.8512
47,35,18,0.6078,0.8362
47,36,17,0.6051,0.8195
47,37,16,0.6023,0.8014
47,38,15,0.5994,0.7819
47,39,14,0.5964,0.7610
47,40,13,0.5932,0.7390
47,41,12,0.5898,0.7159
47,42,11,0.5864,0.6918
47,43,10,0.5828,0.6669
47,44,9,0.5790,0.6413
47,45,8,0.5751,0.6152
47,46,7,0.5711,0.5886
47,47,6,0.5669,0.5617
47,48,5,0.5627,0.5347
47,49,4,0.5583,0.5076
47,50,3,0.5539,0.4805
47,51,2,0.5493,0.4537
47,52,1,0.5448,0.4272
47,53,0,0.5402,0.4011
48,0,52,0.6921,0.4020
48,1,51,0.6889,0.4279
48,2,50,0.6857,0.4543
48,3,49,0.6826,0.4809
48,4,48,0.6794,0.5078
48,5,47,0.6763,0.5347
48,6,46,0.6733,0.5615
48,7,45,0.6702,0.5881
48,8,44,0.6673,0.6144
48,9,43,0.6643,0.6402
48,10,42,0.6615,0.6654
48,11,41,0.6587,0.6899
48,12,40,0.6559,0.7135
48,13,39,0.6532,0.7362
48,14,38,0.6506,0.7577
48,15,37,0.6481,0.7780
48,16,36,0.6456,0.7969
48,17,35,0.6432,0.8144
48,18,34,0.6409,0.8303
48,19,33,0.6386,0.8446
48,20,32,0.6364,0.8571
48,21,31,0.6342,0.8679
48,22,30,0.6321,0.8767
48,23,29,0.6301,0.8837
48,24,28,0.6280,0.8887
48,25,27,0.6260,0.8917
48,26,26,0.6240,0.8927
48,27,25,0.6220,0.8917
48,28,24,0.6201,0.8887
48,29,23,0.6180,0.8837
48,30,22,0.6160,0.8767
48,31,21,0.6139,0.8679
48,32,20,0.6117,0.8571
48,33,19,0.6094,0.8446
48,34,18,0.6071,0.8303
48,35,17,0.6046,0.8144
48,36,16,0.6021,0.7969
48,37,15,0.5994,0.7780
48,38,14,0.5965,0.7577
48,39,13,0.5936,0.7362
48,40,12,0.5904,0.7135
48,41,11,0.5872,0.6899
48,42,10,0.5837,0.6654
48,43,9,0.5801,0.6402
48,44,8,0.5764,0.6144
48,45,7,0.5725,0.5881
48,46,6,0.5685,0.5615
48,47,5,0.5643,0.5347
48,48,4,0.5600,0.5078
48,49,3,0.5556,0.4809
48,50,2,0.5511,0.4543
48,51,1,0.5465,0.4279
48,52,0,0.5419,0.4020
49,0,51,0.6855,0.4024
49,1,50,0.6823,0.4283
49,2,49,0.6791,0.4545
49,3,48,0.6759,0.4809
49,4,47,0.6728,0.5076
49,5,46,0.6697,0.5342
49,6,45,0.6666,0.5608
49,7,44,0.6637,0.5871
49,8,43,0.6607,0.6131
49,9,42,0.6579,0.6385
49,10,41,0.6551,0.6633
49,11,40,0.6524,0.6874
49,12,39,0.6497,0.7105
49,13,38,0.6472,0.7327
49,14,37,0.6447,0.7536
49,15,36,0.6423,0.7733
49,16,35,0.6399,0.7916
49,17,34,0.6377,0.8084
49,18,33,0.6355,0.8236
49,19,32,0.6334,0.8371
49,20,31,0.6313,0.8488
49,21,30,0.6294,0.8587
49,22,29,0.6274,0.8666
49,23,28,0.6255,0.8727
49,24,27,0.6237,0.8767
49,25,26,0.6218,0.8787
49,26,25,0.6200,0.8787
49,27,24,0.6182,0.8767
49,28,23,0.6164,0.8727
49,29,22,0.6145,0.8666
49,30,21,0.6126,0.8587
49,31,20,0.6106,0.8488
49,32,19,0.6086,0.8371
49,33,18,0.6064,0.8236
49,34,17,0.6042,0.8084
49,35,16,0.6019,0.7916
49,36,15,0.5994,0.7733
49,37,14,0.5968,0.7536
49,38,13,0.5940,0.7327
49,39,12,0.5911,0.7105
49,40,11,0.5881,0.6874
49,41,10,0.5848,0.6633
49,42,9,0.5814,0.6385
49,43,8,0.5778,0.6131
49,44,7,0.5741,0.5871
49,45,6,0.5702,0.5608
49,46,5,0.5662,0.5342
49,47,4,0.5620,0.5076
49,48,3,0.5576,0.4809
49,49,2,0.5532,0.4545
49,50,1,0.5487,0.4283
49,51,0,0.5440,0.4024
50,0,50,0.6788,0.4026
50,1,49,0.6755,0.4283
50,2,48,0.6723,0.4543
50,3,47,0.6692,0.4805
50,4,46,0.6661,0.5069
50,5,45,0.6630,0.5333
50,6,44,0.6600,0.5596
50,7,43,0.6571,0.5856
50,8,42,0.6543,0.6112
50,9,41,0.6515,0.6362
50,10,40,0.6488,0.6606
50,11,39,0.6462,0.6842
50,12,38,0.6437,0.7069
50,13,37,0.6413,0.7284
50,14,36,0.6389,0.7488
50,15,35,0.6367,0.7678
50,16,34,0.6345,0.7854
50,17,33,0.6324,0.8015
50,18,32,0.6304,0.8159
50,19,31,0.6285,0.8286
50,20,30,0.6266,0.8395
50,21,29,0.6248,0.8484
50,22,28,0.6231,0.8555
50,23,27,0.6214,0.8606
50,24,26,0.6197,0.8636
50,25,25,0.6180,0.8646
50,26,24,0.6164,0.8636
50,27,23,0.6147,0.8606
50,28,22,0.6131,0.8555
50,29,21,0.6114,0.8484
50,30,20,0.6096,0.8395
50,31,19,0.6078,0.8286
50,32,18,0.6059,0.8159
50,33,17,0.6038,0.8015
50,34,16,0.6017,0.7854
50,35,15,0.5995,0.7678
50,36,14,0.5971,0.7488
50,37,13,0.5946,0.7284
50,38,12,0.5919,0.7069
50,39,11,0.5890,0.6842
50,40,10,0.5860,0.6606
50,41,9,0.5828,0.6362
50,42,8,0.5794,0.6112
50,43,7,0.5759,0.5856
50,44,6,0.5721,0.5596
50,45,5,0.5682,0.5333
50,46,4,0.5642,0.5069
50,47,3,0.5599,0.4805
50,48,2,0.5556,0.4543
50,49,1,0.5511,0.4283
50,50,0,0.5465,0.4026
51,0,49,0.6720,0.4024
51,1,48,0.6687,0.4279
51,2,47,0.6655,0.4537
51,3,46,0.6624,0.4798
51,4,45,0.6594,0.5059
51,5,44,0.6564,0.5320
51,6,43,0.6535,0.5579
51,7,42,0.6507,0.5836
51,8,41,0.6480,0.6088
51,9,40,0.6453,0.6334
51,10,39,0.6428,0.6573
51,11,38,0.6403,0.6804
51,12,37,0.6379,0.7025
51,13,36,0.6357,0.7235
51,14,35,0.6335,0.7432
51,15,34,0.6314,0.7616
51,16,33,0.6294,0.7784
51,17,32,0.6275,0.7937
51,18,31,0.6257,0.8073
51,19,30,0.6239,0.8192
51,20,29,0.6223,0.8291
51,21,28,0.6207,0.8372
51,22,27,0.6191,0.8433
51,23,26,0.6176,0.8474
51,24,25,0.6161,0.8494
51,25,24,0.6146,0.8494
51,26,23,0.6132,0.8474
51,27,22,0.6117,0.8433
51,28,21,0.6102,0.8372
51,29,20,0.6086,0.8291
51,30,19,0.6070,0.8192
51,31,18,0.6053,0.8073
51,32,17,0.6035,0.7937
51,33,16,0.6016,0.7784
51,34,15,0.5996,0.7616
51,35,14,0.5975,0.7432
51,36,13,0.5952,0.7235
51,37,12,0.5927,0.7025
51,38,11,0.5901,0.6804
51,39,10,0.5873,0.6573
51,40,9,0.5843,0.6334
51,41,8,0.5811,0.6088
51,42,7,0.5778,0.5836
51,43,6,0.5742,0.5579
51,44,5,0.5705,0.5320
51,45,4,0.5666,0.5059
51,46,3,0.5625,0.4798
51,47,2,0.5582,0.4537
51,48,1,0.5538,0.4279
51,49,0,0.5493,0.4024
52,0,48,0.6651,0.4020
52,1,47,0.6619,0.4272
52,2,46,0.6588,0.4528
52,3,45,0.6557,0.4786
52,4,44,0.6528,0.5044
52,5,43,0.6499,0.5302
52,6,42,0.6471,0.5558
52,7,41,0.6444,0.5810
52,8,40,0.6418,0.6058
52,9,39,0.6393,0.6300
52,10,38,0.6369,0.6534
52,11,37,0.6346,0.6759
52,12,36,0.6324,0.6974
52,13,35,0.6303,0.7178
52,14,34,0.6283,0.7368
52,15,33,0.6265,0.7545
52,16,32,0.6247,0.7706
52,17,31,0.6230,0.7851
52,18,30,0.6213,0.7978
52,19,29,0.6198,0.8088
52,20,28,0.6183,0.8178
52,21,27,0.6169,0.8249
52,22,26,0.6156,0.8301
52,23,25,0.6143,0.8331
52,24,24,0.6130,0.8342
52,25,23,0.6117,0.8331
52,26,22,0.6104,0.8301
52,27,21,0.6091,0.8249
52,28,20,0.6077,0.8178
52,29,19,0.6063,0.8088
52,30,18,0.6049,0.7978
52,31,17,0.6033,0.7851
52,32,16,0.6016,0.7706
52,33,15,0.5999,0.7545
52,34,14,0.5979,0.7368
52,35,13,0.5959,0.7178
52,36,12,0.5937,0.6974
52,37,11,0.5913,0.6759
52,38,10,0.5887,0.6534
52,39,9,0.5859,0.6300
52,40,8,0.5830,0.6058
52,41,7,0.5798,0.5810
52,42,6,0.5765,0.5558
52,43,5,0.5729,0.5302
52,44,4,0.5692,0.5044
52,45,3,0.5652,0.4786
52,46,2,0.5611,0.4528
52,47,1,0.5568,0.4272
52,48,0,0.5524,0.4020
53,0,47,0.6582,0.4011
53,1,46,0.6551,0.4262
53,2,45,0.6521,0.4515
53,3,44,0.6491,0.4770
53,4,43,0.6463,0.5025
53,5,42,0.6435,0.5280
53,6,41,0.6409,0.5532
53,7,40,0.6383,0.5780
53,8,39,0.6359,0.6023
53,9,38,0.6336,0.6260
53,10,37,0.6313,0.6489
53,11,36,0.6292,0.6708
53,12,35,0.6272,0.6917
53,13,34,0.6254,0.7114
53,14,33,0.6236,0.7297
53,15,32,0.6219,0.7466
53,16,31,0.6203,0.7619
53,17,30,0.6188,0.7755
53,18,29,0.6174,0.7874
53,19,28,0.6161,0.7974
53,20,27,0.6149,0.8056
53,21,26,0.6137,0.8117
53,22,25,0.6125,0.8158
53,23,24,0.6114,0.8179
53,24,23,0.6103,0.8179
53,25,22,0.6092,0.8158
53,26,21,0.6081,0.8117
53,27,20,0.6069,0.8056
53,28,19,0.6057,0.7974
53,29,18,0.6045,0.7874
53,30,17,0.6031,0.7755
53,31,16,0.6017,0.7619
53,32,15,0.6002,0.7466
53,33,14,0.5985,0.7297
53,34,13,0.5967,0.7114
53,35,12,0.5947,0.6917
53,36,11,0.5925,0.6708
53,37,10,0.5902,0.6489
53,38,9,0.5877,0.6260
53,39,8,0.5849,0.6023
53,40,7,0.5820,0.5780
53,41,6,0.5789,0.5532
53,42,5,0.5755,0.5280
53,43,4,0.5719,0.5025
53,44,3,0.5682,0.4770
53,45,2,0.5642,0.4515
53,46,1,0.5601,0.4262
53,47,0,0.5557,0.4011
54,0,46,0.6514,0.4000
54,1,45,0.6484,0.4248
54,2,44,0.6455,0.4498
54,3,43,0.6427,0.4750
54,4,42,0.6400,0.5002
54,5,41,0.6374,0.5253
54,6,40,0.6349,0.5500
54,7,39,0.6325,0.5744
54,8,38,0.6303,0.5983
54,9,37,0.6282,0.6214
54,10,36,0.6261,0.6437
54,11,35,0.6242,0.6650
54,12,34,0.6225,0.6853
54,13,33,0.6208,0.7042
54,14,32,0.6192,0.7218
54,15,31,0.6178,0.7379
54,16,30,0.6164,0.7524
54,17,29,0.6152,0.7651
54,18,28,0.6140,0.7761
54,19,27,0.6129,0.7852
54,20,26,0.6119,0.7923
54,21,25,0.6109,0.7974
54,22,24,0.6099,0.8005
54,23,23,0.6090,0.8016
54,24,22,0.6081,0.8005
54,25,21,0.6072,0.7974
54,26,20,0.6062,0.7923
54,27,19,0.6052,0.7852
54,28,18,0.6042,0.7761
54,29,17,0.6031,0.7651
54,30,16,0.6019,0.7524
54,31,15,0.6005,0.7379
54,32,14,0.5991,0.7218
54,33,13,0.5975,0.7042
54,34,12,0.5958,0.6853
54,35,11,0.5939,0.6650
54,36,10,0.5918,0.6437
54,37,9,0.5895,0.6214
54,38,8,0.5870,0.5983
54,39,7,0.5843,0.5744
54,40,6,0.5814,0.5500
54,41,5,0.5782,0.5253
54,42,4,0.5749,0.5002
54,43,3,0.5713,0.4750
54,44,2,0.5675,0.4498
54,45,1,0.5635,0.4248
54,46,0,0.5593,0.4000
55,0,45,0.6448,0.3986
55,1,44,0.6419,0.4231
55,2,43,0.6391,0.4478
55,3,42,0.6365,0.4726
55,4,41,0.6340,0.4974
55,5,40,0.6316,0.5221
55,6,39,0.6293,0.5464
55,7,38,0.6271,0.5703
55,8,37,0.6251,0.5936
55,9,36,0.6231,0.6162
55,10,35,0.6214,0.6379
55,11,34,0.6197,0.6586
55,12,33,0.6181,0.6781
55,13,32,0.6167,0.6963
55,14,31,0.6154,0.7131
55,15,30,0.6142,0.7284
55,16,29,0.6131,0.7420
55,17,28,0.6120,0.7538
55,18,27,0.6111,0.7638
55,19,26,0.6102,0.7720
55,20,25,0.6094,0.7781
55,21,24,0.6086,0.7822
55,22,23,0.6078,0.7843
55,23,22,0.6071,0.7843
55,24,21,0.6064,0.7822
55,25,20,0.6056,0.7781
55,26,19,0.6049,0.7720
55,27,18,0.6040,0.7638
55,28,17,0.6031,0.7538
55,29,16,0.6021,0.7420
55,30,15,0.6010,0.7284
55,31,14,0.5998,0.7131
55,32,13,0.5985,0.6963
55,33,12,0.5970,0.6781
55,34,11,0.5953,0.6586
55,35,10,0.5935,0.6379
55,36,9,0.5914,0.6162
55,37,8,0.5892,0.5936
55,38,7,0.5867,0.5703
55,39,6,0.5840,0.5464
55,40,5,0.5811,0.5221
55,41,4,0.5780,0.4974
55,42,3,0.5746,0.4726
55,43,2,0.5710,0.4478
55,44,1,0.5672,0.4231
55,45,0,0.5632,0.3986
56,0,44,0.6384,0.3968
56,1,43,0.6357,0.4210
56,2,42,0.6331,0.4454
56,3,41,0.6306,0.4699
56,4,40,0.6283,0.4943
56,5,39,0.6261,0.5185
56,6,38,0.6240,0.5423
56,7,37,0.6221,0.5657
56,8,36,0.6203,0.5885
56,9,35,0.6186,0.6104
56,10,34,0.6170,0.6315
56,11,33,0.6156,0.6515
56,12,32,0.6143,0.6702
56,13,31,0.6131,0.6877
56,14,30,0.6121,0.7036
56,15,29,0.6111,0.7180
56,16,28,0.6102,0.7307
56,17,27,0.6094,0.7416
56,18,26,0.6087,0.7507
56,19,25,0.6080,0.7578
56,20,24,0.6074,0.7629
56,21,23,0.6068,0.7660
56,22,22,0.6063,0.7671
56,23,21,0.6058,0.7660
56,24,20,0.6052,0.7629
56,25,19,0.6046,0.7578
56,26,18,0.6040,0.7507
56,27,17,0.6033,0.7416
56,28,16,0.6025,0.7307
56,29,15,0.6017,0.7180
56,30,14,0.6007,0.7036
56,31,13,0.5996,0.6877
56,32,12,0.5983,0.6702
56,33,11,0.5969,0.6515
56,34,10,0.5953,0.6315
56,35,9,0.5935,0.6104
56,36,8,0.5915,0.5885
56,37,7,0.5893,0.5657
56,38,6,0.5868,0.5423
56,39,5,0.5842,0.5185
56,40,4,0.5812,0.4943
56,41,3,0.5781,0.4699
56,42,2,0.5747,0.4454
56,43,1,0.5711,0.4210
56,44,0,0.5672,0.3968
57,0,43,0.6323,0.3947
57,1,42,0.6297,0.4185
57,2,41,0.6274,0.4426
57,3,40,0.6251,0.4667
57,4,39,0.6230,0.4906
57,5,38,0.6210,0.5144
57,6,37,0.6192,0.5377
57,7,36,0.6175,0.5606
57,8,35,0.6160,0.5827
57,9,34,0.6145,0.6040
57,10,33,0.6132,0.6244
57,11,32,0.6121,0.6436
57,12,31,0.6110,0.6616
57,13,30,0.6101,0.6783
57,14,29,0.6093,0.6934
57,15,28,0.6085,0.7069
57,16,27,0.6079,0.7186
57,17,26,0.6073,0.7286
57,18,25,0.6068,0.7367
57,19,24,0.6064,0.7428
57,20,23,0.6060,0.7468
57,21,22,0.6056,0.7489
57,22,21,0.6053,0.7489
57,23,20,0.6049,0.7468
57,24,19,0.6045,0.7428
57,25,18,0.6041,0.7367
57,26,17,0.6036,0.7286
57,27,16,0.6031,0.7186
57,28,15,0.6024,0.7069
57,29,14,0.6017,0.6934
57,30,13,0.6008,0.6783
57,31,12,0.5998,0.6616
57,32,11,0.5986,0.6436
57,33,10,0.5972,0.6244
57,34,9,0.5957,0.6040
57,35,8,0.5939,0.5827
57,36,7,0.5919,0.5606
57,37,6,0.5897,0.5377
57,38,5,0.5873,0.5144
57,39,4,0.5846,0.4906
57,40,3,0.5817,0.4667
57,41,2,0.5786,0.4426
57,42,1,0.5752,0.4185
57,43,0,0.5715,0.3947
58,0,42,0.6265,0.3922
58,1,41,0.6242,0.4157
58,2,40,0.6221,0.4394
58,3,39,0.6200,0.4631
58,4,38,0.6182,0.4866
58,5,37,0.6165,0.5098
58,6,36,0.6149,0.5326
58,7,35,0.6135,0.5548
58,8,34,0.6122,0.5764
58,9,33,0.6110,0.5970
58,10,32,0.6100,0.6167
58,11,31,0.6091,0.6351
58,12,30,0.6083,0.6523
58,13,29,0.6076,0.6681
58,14,28,0.6071,0.6823
58,15,27,0.6066,0.6949
58,16,26,0.6062,0.7057
58,17,25,0.6059,0.7147
58,18,24,0.6056,0.7217
58,19,23,0.6054,0.7268
58,20,22,0.6052,0.7299
58,21,21,0.6050,0.7309
58,22,20,0.6048,0.7299
58,23,19,0.6046,0.7268
58,24,18,0.6044,0.7217
58,25,17,0.6041,0.7147
58,26,16,0.6038,0.7057
58,27,15,0.6033,0.6949
58,28,14,0.6028,0.6823
58,29,13,0.6022,0.6681
58,30,12,0.6014,0.6523
58,31,11,0.6004,0.6351
58,32,10,0.5993,0.6167
58,33,9,0.5980,0.5970
58,34,8,0.5965,0.5764
58,35,7,0.5947,0.5548
58,36,6,0.5928,0.5326
58,37,5,0.5906,0.5098
58,38,4,0.5882,0.4866
58,39,3,0.5855,0.4631
58,40,2,0.5826,0.4394
58,41,1,0.5794,0.4157
58,42,0,0.5760,0.3922
59,0,41,0.6212,0.3894
59,1,40,0.6191,0.4126
59,2,39,0.6172,0.4358
59,3,38,0.6155,0.4590
59,4,37,0.6139,0.4820
59,5,36,0.6124,0.5047
59,6,35,0.6111,0.5270
59,7,34,0.6100,0.5486
59,8,33,0.6090,0.5694
59,9,32,0.6081,0.5894
59,10,31,0.6073,0.6083
59,11,30,0.6067,0.6259
59,12,29,0.6062,0.6423
59,13,28,0.6058,0.6572
59,14,27,0.6055,0.6705
59,15,26,0.6052,0.6821
59,16,25,0.6051,0.6919
59,17,24,0.6050,0.6999
59,18,23,0.6049,0.7059
59,19,22,0.6049,0.7100
59,20,21,0.6049,0.7120
59,21,20,0.6049,0.7120
59,22,19,0.6049,0.7100
59,23,18,0.6049,0.7059
59,24,17,0.6048,0.6999
59,25,16,0.6047,0.6919
59,26,15,0.6044,0.6821
59,27,14,0.6041,0.6705
59,28,13,0.6037,0.6572
59,29,12,0.6031,0.6423
59,30,11,0.6024,0.6259
59,31,10,0.6015,0.6083
59,32,9,0.6004,0.5894
59,33,8,0.5992,0.5694
59,34,7,0.5977,0.5486
59,35,6,0.5960,0.5270
59,36,5,0.5940,0.5047
59,37,4,0.5919,0.4820
59,38,3,0.5894,0.4590
59,39,2,0.5867,0.4358
59,40,1,0.5838,0.4126
59,41,0,0.5806,0.3894
60,0,40,0.6163,0.3863
60,1,39,0.6145,0.4091
60,2,38,0.6129,0.4319
60,3,37,0.6115,0.4546
60,4,36,0.6102,0.4771
60,5,35,0.6090,0.4992
60,6,34,0.6080,0.5208
60,7,33,0.6071,0.5418
60,8,32,0.6064,0.5619
60,9,31,0.6058,0.5811
60,10,30,0.6053,0.5992
60,11,29,0.6050,0.6160
60,12,28,0.6047,0.6315
60,13,27,0.6045,0.6455
60,14,26,0.6045,0.6579
60,15,25,0.6045,0.6685
60,16,24,0.6046,0.6773
60,17,23,0.6047,0.6843
60,18,22,0.6048,0.6893
60,19,21,0.6050,0.6923
60,20,20,0.6052,0.6933
60,21,19,0.6054,0.6923
60,22,18,0.6055,0.6893
60,23,17,0.6057,0.6843
60,24,16,0.6057,0.6773
60,25,15,0.6057,0.6685
60,26,14,0.6056,0.6579
60,27,13,0.6054,0.6455
60,28,12,0.6050,0.6315
60,29,11,0.6045,0.6160
60,30,10,0.6038,0.5992
60,31,9,0.6030,0.5811
60,32,8,0.6020,0.5619
60,33,7,0.6007,0.5418
60,34,6,0.5993,0.5208
60,35,5,0.5976,0.4992
60,36,4,0.5957,0.4771
60,37,3,0.5935,0.4546
60,38,2,0.5910,0.4319
60,39,1,0.5883,0.4091
60,40,0,0.5854,0.3863
61,0,39,0.6120,0.3828
61,1,38,0.6105,0.4052
61,2,37,0.6092,0.4275
61,3,36,0.6081,0.4497
61,4,35,0.6070,0.4716
61,5,34,0.6062,0.4931
61,6,33,0.6055,0.5141
61,7,32,0.6049,0.5344
61,8,31,0.6045,0.5538
61,9,30,0.6041,0.5722
61,10,29,0.6039,0.5895
61,11,28,0.6039,0.6054
61,12,27,0.6039,0.6200
61,13,26,0.6040,0.6331
61,14,25,0.6041,0.6444
61,15,24,0.6044,0.6541
61,16,23,0.6047,0.6619
61,17,22,0.6050,0.6679
61,18,21,0.6053,0.6718
61,19,20,0.6057,0.6738
61,20,19,0.6061,0.6738
61,21,18,0.6064,0.6718
61,22,17,0.6067,0.6679
61,23,16,0.6070,0.6619
61,24,15,0.6071,0.6541
61,25,14,0.6072,0.6444
61,26,13,0.6072,0.6331
61,27,12,0.6071,0.6200
61,28,11,0.6068,0.6054
61,29,10,0.6064,0.5895
61,30,9,0.6058,0.5722
61,31,8,0.6050,0.5538
61,32,7,0.6040,0.5344
61,33,6,0.6027,0.5141
61,34,5,0.6013,0.4931
61,35,4,0.5996,0.4716
61,36,3,0.5977,0.4497
61,37,2,0.5955,0.4275
61,38,1,0.5930,0.4052
61,39,0,0.5903,0.3828
62,0,38,0.6083,0.3790
62,1,37,0.6072,0.4009
62,2,36,0.6061,0.4227
62,3,35,0.6053,0.4443
62,4,34,0.6046,0.4657
62,5,33,0.6040,0.4866
62,6,32,0.6036,0.5069
62,7,31,0.6033,0.5264
62,8,30,0.6032,0.5450
62,9,29,0.6032,0.5626
62,10,28,0.6032,0.5791
62,11,27,0.6034,0.5941
62,12,26,0.6037,0.6078
62,13,25,0.6040,0.6199
62,14,24,0.6044,0.6303
62,15,23,0.6049,0.6389
62,16,22,0.6054,0.6457
62,17,21,0.6059,0.6506
62,18,20,0.6065,0.6536
62,19,19,0.6070,0.6546
62,20,18,0.6075,0.6536
62,21,17,0.6080,0.6506
62,22,16,0.6084,0.6457
62,23,15,0.6088,0.6389
62,24,14,0.6091,0.6303
62,25,13,0.6093,0.6199
62,26,12,0.6093,0.6078
62,27,11,0.6093,0.5941
62,28,10,0.6090,0.5791
62,29,9,0.6087,0.5626
62,30,8,0.6081,0.5450
62,31,7,0.6073,0.5264
62,32,6,0.6063,0.5069
62,33,5,0.6051,0.4866
62,34,4,0.6037,0.4657
62,35,3,0.6020,0.4443
62,36,2,0.6001,0.4227
62,37,1,0.5979,0.4009
62,38,0,0.5954,0.3790
63,0,37,0.6053,0.3749
63,1,36,0.6044,0.3962
63,2,35,0.6038,0.4175
63,3,34,0.6032,0.4386
63,4,33,0.6028,0.4593
63,5,32,0.6026,0.4795
63,6,31,0.6025,0.4991
63,7,30,0.6025,0.5179
63,8,29,0.6026,0.5357
63,9,28,0.6029,0.5525
63,10,27,0.6032,0.5680
63,11,26,0.6036,0.5822
63,12,25,0.6041,0.5948
63,13,24,0.6047,0.6060
63,14,23,0.6054,0.6154
63,15,22,0.6060,0.6230
63,16,21,0.6067,0.6288
63,17,20,0.6074,0.6327
63,18,19,0.6081,0.6346
63,19,18,0.6088,0.6346
63,20,17,0.6095,0.6327
63,21,16,0.6101,0.6288
63,22,15,0.6107,0.6230
63,23,14,0.6111,0.6154
63,24,13,0.6115,0.6060
63,25,12,0.6118,0.5948
63,26,11,0.6119,0.5822
63,27,10,0.6119,0.5680
63,28,9,0.6117,0.5525
63,29,8,0.6114,0.5357
63,30,7,0.6108,0.5179
63,31,6,0.6101,0.4991
63,32,5,0.6091,0.4795
63,33,4,0.6079,0.4593
63,34,3,0.6065,0.4386
63,35,2,0.6048,0.4175
63,36,1,0.6028,0.3962
63,37,0,0.6006,0.3749
64,0,36,0.6030,0.3703
64,1,35,0.6024,0.3912
64,2,34,0.6021,0.4119
64,3,33,0.6018,0.4323
64,4,32,0.6018,0.4524
64,5,31,0.6018,0.4719
64,6,30,0.6020,0.4907
64,7,29,0.6023,0.5087
64,8,28,0.6027,0.5257
64,9,27,0.6033,0.5416
64,10,26,0.6039,0.5562
64,11,25,0.6045,0.5695
64,12,24,0.6053,0.5812
64,13,23,0.6061,0.5913
64,14,22,0.6069,0.5997
64,15,21,0.6078,0.6063
64,16,20,0.6087,0.6111
64,17,19,0.6095,0.6140
64,18,18,0.6104,0.6150
64,19,17,0.6112,0.6140
64,20,16,0.6120,0.6111
64,21,15,0.6127,0.6063
64,22,14,0.6134,0.5997
64,23,13,0.6140,0.5913
64,24,12,0.6144,0.5812
64,25,11,0.6147,0.5695
64,26,10,0.6149,0.5562
64,27,9,0.6150,0.5416
64,28,8,0.6148,0.5257
64,29,7,0.6145,0.5087
64,30,6,0.6140,0.4907
64,31,5,0.6133,0.4719
64,32,4,0.6123,0.4524
64,33,3,0.6111,0.4323
64,34,2,0.6096,0.4119
64,35,1,0.6079,0.3912
64,36,0,0.6059,0.3703
65,0,35,0.6013,0.3654
65,1,34,0.6011,0.3857
65,2,33,0.6011,0.4058
65,3,32,0.6012,0.4256
65,4,31,0.6014,0.4450
65,5,30,0.6018,0.4638
65,6,29,0.6023,0.4818
65,7,28,0.6029,0.4990
65,8,27,0.6036,0.5152
65,9,26,0.6043,0.5302
65,10,25,0.6052,0.5438
65,11,24,0.6061,0.5561
65,12,23,0.6070,0.5669
65,13,22,0.6080,0.5760
65,14,21,0.6091,0.5834
65,15,20,0.6101,0.5890
65,16,19,0.6112,0.5928
65,17,18,0.6122,0.5947
65,18,17,0.6132,0.5947
65,19,16,0.6142,0.5928
65,20,15,0.6151,0.5890
65,21,14,0.6159,0.5834
65,22,13,0.6166,0.5760
65,23,12,0.6173,0.5669
65,24,11,0.6178,0.5561
65,25,10,0.6182,0.5438
65,26,9,0.6184,0.5302
65,27,8,0.6185,0.5152
65,28,7,0.6184,0.4990
65,29,6,0.6181,0.4818
65,30,5,0.6175,0.4638
65,31,4,0.6168,0.4450
65,32,3,0.6158,0.4256
65,33,2,0.6146,0.4058
65,34,1,0.6131,0.3857
65,35,0,0.6114,0.3654
66,0,34,0.6005,0.3601
66,1,33,0.6006,0.3798
66,2,32,0.6009,0.3993
66,3,31,0.6013,0.4185
66,4,30,0.6018,0.4371
66,5,29,0.6025,0.4552
66,6,28,0.6033,0.4724
66,7,27,0.6041,0.4887
66,8,26,0.6051,0.5040
66,9,25,0.6061,0.5181
66,10,24,0.6072,0.5308
66,11,23,0.6083,0.5421
66,12,22,0.6094,0.5519
66,13,21,0.6106,0.5600
66,14,20,0.6118,0.5664
66,15,19,0.6130,0.5710
66,16,18,0.6142,0.5738
66,17,17,0.6154,0.5747
66,18,16,0.6165,0.5738
66,19,15,0.6176,0.5710
66,20,14,0.6186,0.5664
66,21,13,0.6195,0.5600
66,22,12,0.6203,0.5519
66,23,11,0.6210,0.5421
66,24,10,0.6216,0.5308
66,25,9,0.6220,0.5181
66,26,8,0.6223,0.5040
66,27,7,0.6224,0.4887
66,28,6,0.6223,0.4724
66,29,5,0.6220,0.4552
66,30,4,0.6215,0.4371
66,31,3,0.6207,0.4185
66,32,2,0.6197,0.3993
66,33,1,0.6185,0.3798
66,34,0,0.6170,0.3601
67,0,33,0.6004,0.3545
67,1,32,0.6008,0.3736
67,2,31,0.6014,0.3924
67,3,30,0.6021,0.4108
67,4,29,0.6030,0.4288
67,5,28,0.6039,0.4460
67,6,27,0.6049,0.4624
67,7,26,0.6061,0.4779
67,8,25,0.6072,0.4922
67,9,24,0.6085,0.5054
67,10,23,0.6098,0.5171
67,11,22,0.6111,0.5275
67,12,21,0.6125,0.5362
67,13,20,0.6138,0.5433
67,14,19,0.6152,0.5487
67,15,18,0.6165,0.5524
67,16,17,0.6178,0.5542
67,17,16,0.6191,0.5542
67,18,15,0.6204,0.5524
67,19,14,0.6215,0.5487
67,20,13,0.6226,0.5433
67,21,12,0.6236,0.5362
67,22,11,0.6244,0.5275
67,23,10,0.6252,0.5171
67,24,9,0.6258,0.5054
67,25,8,0.6262,0.4922
67,26,7,0.6265,0.4779
67,27,6,0.6266,0.4624
67,28,5,0.6265,0.4460
67,29,4,0.6262,0.4288
67,30,3,0.6257,0.4108
67,31,2,0.6250,0.3924
67,32,1,0.6239,0.3736
67,33,0,0.6227,0.3545
68,0,32,0.6010,0.3485
68,1,31,0.6018,0.3669
68,2,30,0.6027,0.3850
68,3,29,0.6037,0.4027
68,4,28,0.6048,0.4199
68,5,27,0.6060,0.4363
68,6,26,0.6073,0.4519
68,7,25,0.6087,0.4664
68,8,24,0.6101,0.4799
68,9,23,0.6115,0.4921
68,10,22,0.6130,0.5029
68,11,21,0.6145,0.5122
68,12,20,0.6161,0.5200
68,13,19,0.6176,0.5261
68,14,18,0.6191,0.5305
68,15,17,0.6205,0.5332
68,16,16,0.6220,0.5341
68,17,15,0.6234,0.5332
68,18,14,0.6247,0.5305
68,19,13,0.6259,0.5261
68,20,12,0.6270,0.5200
68,21,11,0.6281,0.5122
68,22,10,0.6290,0.5029
68,23,9,0.6298,0.4921
68,24,8,0.6304,0.4799
68,25,7,0.6309,0.4664
68,26,6,0.6312,0.4519
68,27,5,0.6313,0.4363
68,28,4,0.6312,0.4199
68,29,3,0.6308,0.4027
68,30,2,0.6303,0.3850
68,31,1,0.6295,0.3669
68,32,0,0.6285,0.3485
69,0,31,0.6024,0.3420
69,1,30,0.6035,0.3598
69,2,29,0.6047,0.3772
69,3,28,0.6060,0.3942
69,4,27,0.6074,0.4105
69,5,26,0.6089,0.4261
69,6,25,0.6104,0.4408
69,7,24,0.6119,0.4544
69,8,23,0.6136,0.4669
69,9,22,0.6152,0.4782
69,10,21,0.6169,0.4880
69,11,20,0.6185,0.4964
69,12,19,0.6202,0.5032
69,13,18,0.6219,0.5083
69,14,17,0.6235,0.5118
69,15,16,0.6250,0.5136
69,16,15,0.6266,0.5136
69,17,14,0.6280,0.5118
69,18,13,0.6294,0.5083
69,19,12,0.6307,0.5032
69,20,11,0.6319,0.4964
69,21,10,0.6330,0.4880
69,22,9,0.6339,0.4782
69,23,8,0.6347,0.4669
69,24,7,0.6354,0.4544
69,25,6,0.6358,0.4408
69,26,5,0.6361,0.4261
69,27,4,0.6362,0.4105
69,28,3,0.6361,0.3942
69,29,2,0.6358,0.3772
69,30,1,0.6352,0.3598
69,31,0,0.6344,0.3420
70,0,30,0.6046,0.3352
70,1,29,0.6060,0.3523
70,2,28,0.6075,0.3690
70,3,27,0.6090,0.3851
70,4,26,0.6106,0.4007
70,5,25,0.6123,0.4154
70,6,24,0.6141,0.4292
70,7,23,0.6158,0.4419
70,8,22,0.6176,0.4535
70,9,21,0.6195,0.4638
70,10,20,0.6213,0.4726
70,11,19,0.6231,0.4800
70,12,18,0.6249,0.4859
70,13,17,0.6266,0.4901
70,14,16,0.6284,0.4926
70,15,15,0.6300,0.4935
70,16,14,0.6316,0.4926
70,17,13,0.6332,0.4901
70,18,12,0.6346,0.4859
70,19,11,0.6359,0.4800
70,20,10,0.6371,0.4726
70,21,9,0.6382,0.4638
70,22,8,0.6392,0.4535
70,23,7,0.6400,0.4419
70,24,6,0.6407,0.4292
70,25,5,0.6411,0.4154
70,26,4,0.6414,0.4007
70,27,3,0.6415,0.3851
70,28,2,0.6414,0.3690
70,29,1,0.6410,0.3523
70,30,0,0.6404,0.3352
71,0,29,0.6075,0.3280
71,1,28,0.6092,0.3444
71,2,27,0.6109,0.3603
71,3,26,0.6127,0.3757
71,4,25,0.6146,0.3903
71,5,24,0.6164,0.4042
71,6,23,0.6184,0.4171
71,7,22,0.6203,0.4289
71,8,21,0.6223,0.4395
71,9,20,0.6243,0.4488
71,10,19,0.6262,0.4567
71,11,18,0.6281,0.4632
71,12,17,0.6300,0.4681
71,13,16,0.6319,0.4714
71,14,15,0.6337,0.4730
71,15,14,0.6354,0.4730
71,16,13,0.6371,0.4714
71,17,12,0.6387,0.4681
71,18,11,0.6401,0.4632
71,19,10,0.6415,0.4567
71,20,9,0.6427,0.4488
71,21,8,0.6439,0.4395
71,22,7,0.6448,0.4289
71,23,6,0.6456,0.4171
71,24,5,0.6463,0.4042
71,25,4,0.6467,0.3903
71,26,3,0.6470,0.3757
71,27,2,0.6470,0.3603
71,28,1,0.6469,0.3444
71,29,0,0.6465,0.3280
72,0,28,0.6112,0.3204
72,1,27,0.6131,0.3360
72,2,26,0.6150,0.3512
72,3,25,0.6170,0.3657
72,4,24,0.6191,0.3795
72,5,23,0.6212,0.3925
72,6,22,0.6233,0.4045
72,7,21,0.6254,0.4154
72,8,20,0.6275,0.4251
72,9,19,0.6296,0.4334
72,10,18,0.6316,0.4404
72,11,17,0.6337,0.4459
72,12,16,0.6356,0.4499
72,13,15,0.6376,0.4523
72,14,14,0.6394,0.4531
72,15,13,0.6412,0.4523
72,16,12,0.6429,0.4499
72,17,11,0.6445,0.4459
72,18,10,0.6460,0.4404
72,19,9,0.6474,0.4334
72,20,8,0.6487,0.4251
72,21,7,0.6498,0.4154
72,22,6,0.6507,0.4045
72,23,5,0.6515,0.3925
72,24,4,0.6522,0.3795
72,25,3,0.6526,0.3657
72,26,2,0.6528,0.3512
72,27,1,0.6529,0.3360
72,28,0,0.6527,0.3204
73,0,27,0.6154,0.3124
73,1,26,0.6176,0.3273
73,2,25,0.6197,0.3416
73,3,24,0.6220,0.3554
73,4,23,0.6242,0.3683
73,5,22,0.6264,0.3804
73,6,21,0.6287,0.3915
73,7,20,0.6309,0.4014
73,8,19,0.6331,0.4102
73,9,18,0.6353,0.4176
73,10,17,0.6375,0.4236
73,11,16,0.6396,0.4282
73,12,15,0.6417,0.4313
73,13,14,0.6437,0.4329
73,14,13,0.6456,0.4329
73,15,12,0.6474,0.4313
73,16,11,0.6491,0.4282
73,17,10,0.6508,0.4236
73,18,9,0.6523,0.4176
73,19,8,0.6536,0.4102
73,20,7,0.6549,0.4014
73,21,6,0.6560,0.3915
73,22,5,0.6569,0.3804
73,23,4,0.6577,0.3683
73,24,3,0.6583,0.3554
73,25,2,0.6587,0.3416
73,26,1,0.6589,0.3273
73,27,0,0.6589,0.3124
74,0,26,0.6204,0.3041
74,1,25,0.6227,0.3182
74,2,24,0.6251,0.3317
74,3,23,0.6274,0.3446
74,4,22,0.6298,0.3567
74,5,21,0.6322,0.3679
74,6,20,0.6346,0.3780
74,7,19,0.6369,0.3871
74,8,18,0.6393,0.3949
74,9,17,0.6415,0.4014
74,10,16,0.6438,0.4065
74,11,15,0.6460,0.4103
74,12,14,0.6481,0.4125
74,13,13,0.6501,0.4133
74,14,12,0.6520,0.4125
74,15,11,0.6539,0.4103
74,16,10,0.6556,0.4065
74,17,9,0.6573,0.4014
74,18,8,0.6588,0.3949
74,19,7,0.6601,0.3871
74,20,6,0.6614,0.3780
74,21,5,0.6625,0.3679
74,22,4,0.6634,0.3567
74,23,3,0.6641,0.3446
74,24,2,0.6647,0.3317
74,25,1,0.6651,0.3182
74,26,0,0.6652,0.3041
75,0,25,0.6259,0.2954
75,1,24,0.6284,0.3087
75,2,23,0.6309,0.3214
75,3,22,0.6335,0.3334
75,4,21,0.6360,0.3446
75,5,20,0.6385,0.3549
75,6,19,0.6410,0.3642
75,7,18,0.6434,0.3723
75,8,17,0.6458,0.3792
75,9,16,0.6481,0.3849
75,10,15,0.6504,0.3892
75,11,14,0.6526,0.3920
75,12,13,0.6548,0.3935
75,13,12,0.6568,0.3935
75,14,11,0.6588,0.3920
75,15,10,0.6606,0.3892
75,16,9,0.6624,0.3849
75,17,8,0.6640,0.3792
75,18,7,0.6655,0.3723
75,19,6,0.6669,0.3642
75,20,5,0.6681,0.3549
75,21,4,0.6691,0.3446
75,22,3,0.6700,0.3334
75,23,2,0.6707,0.3214
75,24,1,0.6713,0.3087
75,25,0,0.6716,0.2954
76,0,24,0.6320,0.2864
76,1,23,0.6346,0.2989
76,2,22,0.6373,0.3107
76,3,21,0.6399,0.3219
76,4,20,0.6426,0.3323
76,5,19,0.6452,0.3417
76,6,18,0.6477,0.3500
76,7,17,0.6502,0.3573
76,8,16,0.6527,0.3633
76,9,15,0.6551,0.3681
76,10,14,0.6574,0.3716
76,11,13,0.6596,0.3736
76,12,12,0.6618,0.3743
76,13,11,0.6639,0.3736
76,14,10,0.6658,0.3716
76,15,9,0.6677,0.3681
76,16,8,0.6694,0.3633
76,17,7,0.6710,0.3573
76,18,6,0.6725,0.3500
76,19,5,0.6738,0.3417
76,20,4,0.6750,0.3323
76,21,3,0.6760,0.3219
76,22,2,0.6769,0.3107
76,23,1,0.6775,0.2989
76,24,0,0.6780,0.2864
77,0,23,0.6386,0.2770
77,1,22,0.6413,0.2887
77,2,21,0.6441,0.2998
77,3,20,0.6469,0.3101
77,4,19,0.6496,0.3196
77,5,18,0.6522,0.3281
77,6,17,0.6549,0.3356
77,7,16,0.6574,0.3420
77,8,15,0.6599,0.3472
77,9,14,0.6623,0.3511
77,10,13,0.6647,0.3538
77,11,12,0.6669,0.3551
77,12,11,0.6691,0.3551
77,13,10,0.6711,0.3538
77,14,9,0.6731,0.3511
77,15,8,0.6749,0.3472
77,16,7,0.6766,0.3420
77,17,6,0.6782,0.3356
77,18,5,0.6796,0.3281
77,19,4,0.6809,0.3196
77,20,3,0.6821,0.3101
77,21,2,0.6831,0.2998
77,22,1,0.6839,0.2887
77,23,0,0.6845,0.2770
78,0,22,0.6456,0.2674
78,1,21,0.6485,0.2783
78,2,20,0.6513,0.2885
78,3,19,0.6541,0.2980
78,4,18,0.6569,0.3066
78,5,17,0.6596,0.3143
78,6,16,0.6623,0.3209
78,7,15,0.6649,0.3265
78,8,14,0.6674,0.3309
78,9,13,0.6698,0.3340
78,10,12,0.6722,0.3360
78,11,11,0.6744,0.3366
78,12,10,0.6766,0.3360
78,13,9,0.6786,0.3340
78,14,8,0.6805,0.3309
78,15,7,0.6823,0.3265
78,16,6,0.6840,0.3209
78,17,5,0.6855,0.3143
78,18,4,0.6869,0.3066
78,19,3,0.6882,0.2980
78,20,2,0.6893,0.2885
78,21,1,0.6902,0.2783
78,22,0,0.6910,0.2674
79,0,21,0.6530,0.2575
79,1,20,0.6560,0.2675
79,2,19,0.6589,0.2770
79,3,18,0.6618,0.2856
79,4,17,0.6646,0.2934
79,5,16,0.6673,0.3003
79,6,15,0.6700,0.3061
79,7,14,0.6726,0.3109
79,8,13,0.6751,0.3145
79,9,12,0.6775,0.3169
79,10,11,0.6799,0.3181
79,11,10,0.6821,0.3181
79,12,9,0.6842,0.3169
79,13,8,0.6862,0.3145
79,14,7,0.6881,0.3109
79,15,6,0.6899,0.3061
79,16,5,0.6915,0.3003
79,17,4,0.6930,0.2934
79,18,3,0.6944,0.2856
79,19,2,0.6956,0.2770
79,20,1,0.6966,0.2675
79,21,0,0.6975,0.2575
80,0,20,0.6608,0.2473
80,1,19,0.6638,0.2566
80,2,18,0.6668,0.2652
80,3,17,0.6697,0.2730
80,4,16,0.6725,0.2800
80,5,15,0.6752,0.2861
80,6,14,0.6779,0.2912
80,7,13,0.6805,0.2951
80,8,12,0.6830,0.2980
80,9,11,0.6854,0.2998
80,10,10,0.6877,0.3004
80,11,9,0.6899,0.2998
80,12,8,0.6920,0.2980
80,13,7,0.6940,0.2951
80,14,6,0.6958,0.2912
80,15,5,0.6976,0.2861
80,16,4,0.6991,0.2800
80,17,3,0.7006,0.2730
80,18,2,0.7019,0.2652
80,19,1,0.7031,0.2566
80,20,0,0.7041,0.2473
81,0,19,0.6688,0.2369
81,1,18,0.6719,0.2455
81,2,17,0.6749,0.2533
81,3,16,0.6778,0.2603
81,4,15,0.6806,0.2666
81,5,14,0.6834,0.2718
81,6,13,0.6860,0.2762
81,7,12,0.6886,0.2794
81,8,11,0.6911,0.2816
81,9,10,0.6935,0.2827
81,10,9,0.6957,0.2827
81,11,8,0.6979,0.2816
81,12,7,0.6999,0.2794
81,13,6,0.7018,0.2762
81,14,5,0.7036,0.2718
81,15,4,0.7053,0.2666
81,16,3,0.7069,0.2603
81,17,2,0.7082,0.2533
81,18,1,0.7095,0.2455
81,19,0,0.7106,0.2369
82,0,18,0.6771,0.2264
82,1,17,0.6802,0.2342
82,2,16,0.6832,0.2413
82,3,15,0.6861,0.2475
82,4,14,0.6889,0.2530
82,5,13,0.6916,0.2576
82,6,12,0.6943,0.2612
82,7,11,0.6968,0.2638
82,8,10,0.6993,0.2653
82,9,9,0.7016,0.2659
82,10,8,0.7038,0.2653
82,11,7,0.7059,0.2638
82,12,6,0.7079,0.2612
82,13,5,0.7098,0.2576
82,14,4,0.7115,0.2530
82,15,3,0.7131,0.2475
82,16,2,0.7146,0.2413
82,17,1,0.7160,0.2342
82,18,0,0.7171,0.2264
83,0,17,0.6856,0.2158
83,1,16,0.6887,0.2228
83,2,15,0.6917,0.2291
83,3,14,0.6945,0.2347
83,4,13,0.6973,0.2395
83,5,12,0.7000,0.2433
83,6,11,0.7026,0.2463
83,7,10,0.7051,0.2482
83,8,9,0.7075,0.2492
83,9,8,0.7098,0.2492
83,10,7,0.7120,0.2482
83,11,6,0.7140,0.2463
83,12,5,0.7159,0.2433
83,13,4,0.7178,0.2395
83,14,3,0.7194,0.2347
83,15,2,0.7210,0.2291
83,16,1,0.7224,0.2228
83,17,0,0.7237,0.2158
84,0,16,0.6943,0.2051
84,1,15,0.6973,0.2114
84,2,14,0.7003,0.2170
84,3,13,0.7031,0.2219
84,4,12,0.7059,0.2260
84,5,11,0.7085,0.2292
84,6,10,0.7111,0.2315
84,7,9,0.7135,0.2329
84,8,8,0.7158,0.2334
84,9,7,0.7180,0.2329
84,10,6,0.7201,0.2315
84,11,5,0.7221,0.2292
84,12,4,0.7240,0.2260
84,13,3,0.7257,0.2219
84,14,2,0.7274,0.2170
84,15,1,0.7288,0.2114
84,16,0,0.7302,0.2051
85,0,15,0.7030,0.1944
85,1,14,0.7060,0.2000
85,2,13,0.7089,0.2049
85,3,12,0.7117,0.2091
85,4,11,0.7144,0.2126
85,5,10,0.7170,0.2152
85,6,9,0.7195,0.2169
85,7,8,0.7219,0.2178
85,8,7,0.7241,0.2178
85,9,6,0.7263,0.2169
85,10,5,0.7283,0.2152
85,11,4,0.7302,0.2126
85,12,3,0.7320,0.2091
85,13,2,0.7337,0.2049
85,14,1,0.7353,0.2000
85,15,0,0.7367,0.1944
86,0,14,0.7119,0.1836
86,1,13,0.7148,0.1886
86,2,12,0.7177,0.1929
86,3,11,0.7204,0.1965
86,4,10,0.7230,0.1994
86,5,9,0.7255,0.2014
86,6,8,0.7280,0.2027
86,7,7,0.7303,0.2031
86,8,6,0.7325,0.2027
86,9,5,0.7345,0.2014
86,10,4,0.7365,0.1994
86,11,3,0.7383,0.1965
86,12,2,0.7401,0.1929
86,13,1,0.7417,0.1886
86,14,0,0.7431,0.1836
87,0,13,0.7207,0.1730
87,1,12,0.7236,0.1773
87,2,11,0.7264,0.1810
87,3,10,0.7290,0.1841
87,4,9,0.7316,0.1864
87,5,8,0.7340,0.1879
87,6,7,0.7364,0.1887
87,7,6,0.7386,0.1887
87,8,5,0.7407,0.1879
87,9,4,0.7427,0.1864
87,10,3,0.7446,0.1841
87,11,2,0.7464,0.1810
87,12,1,0.7480,0.1773
87,13,0,0.7496,0.1730
88,0,12,0.7296,0.1624
88,1,11,0.7324,0.1662
88,2,10,0.7351,0.1694
88,3,9,0.7377,0.1718
88,4,8,0.7401,0.1736
88,5,7,0.7425,0.1747
88,6,6,0.7448,0.1751
88,7,5,0.7469,0.1747
88,8,4,0.7489,0.1736
88,9,3,0.7509,0.1718
88,10,2,0.7527,0.1694
88,11,1,0.7544,0.1662
88,12,0,0.7559,0.1624
89,0,11,0.7384,0.1521
89,1,10,0.7411,0.1553
89,2,9,0.7437,0.1579
89,3,8,0.7462,0.1599
89,4,7,0.7486,0.1613
89,5,6,0.7509,0.1619
89,6,5,0.7531,0.1619
89,7,4,0.7551,0.1613
89,8,3,0.7571,0.1599
89,9,2,0.7589,0.1579
89,10,1,0.7606,0.1553
89,11,0,0.7622,0.1521
90,0,10,0.7471,0.1419
90,1,9,0.7498,0.1446
90,2,8,0.7523,0.1467
90,3,7,0.7547,0.1483
90,4,6,0.7570,0.1492
90,5,5,0.7592,0.1496
90,6,4,0.7613,0.1492
90,7,3,0.7632,0.1483
90,8,2,0.7651,0.1467
90,9,1,0.7669,0.1446
90,10,0,0.7685,0.1419
91,0,9,0.7558,0.1319
91,1,8,0.7583,0.1342
91,2,7,0.7607,0.1359
91,3,6,0.7631,0.1371
91,4,5,0.7653,0.1377
91,5,4,0.7674,0.1377
91,6,3,0.7694,0.1371
91,7,2,0.7712,0.1359
91,8,1,0.7730,0.1342
91,9,0,0.7747,0.1319
92,0,8,0.7643,0.1223
92,1,7,0.7668,0.1241
92,2,6,0.7691,0.1254
92,3,5,0.7713,0.1262
92,4,4,0.7734,0.1265
92,5,3,0.7754,0.1262
92,6,2,0.7773,0.1254
92,7,1,0.7791,0.1241
92,8,0,0.7808,0.1223
93,0,7,0.7727,0.1129
93,1,6,0.7751,0.1144
93,2,5,0.7773,0.1154
93,3,4,0.7794,0.1159
93,4,3,0.7814,0.1159
93,5,2,0.7833,0.1154
93,6,1,0.7851,0.1144
93,7,0,0.7868,0.1129
94,0,6,0.7810,0.1039
94,1,5,0.7832,0.1050
94,2,4,0.7853,0.1057
94,3,3,0.7874,0.1059
94,4,2,0.7893,0.1057
94,5,1,0.7911,0.1050
94,6,0,0.7928,0.1039
95,0,5,0.7891,0.0953
95,1,4,0.7912,0.0961
95,2,3,0.7932,0.0965
95,3,2,0.7951,0.0965
95,4,1,0.7970,0.0961
95,5,0,0.7987,0.0953
96,0,4,0.7970,0.0870
96,1,3,0.7990,0.0876
96,2,2,0.8009,0.0878
96,3,1,0.8027,0.0876
96,4,0,0.8045,0.0870
97,0,3,0.8047,0.0792
97,1,2,0.8066,0.0796
97,2,1,0.8084,0.0796
97,3,0,0.8102,0.0792
98,0,2,0.8122,0.0719
98,1,1,0.8140,0.0720
98,2,0,0.8158,0.0719
99,0,1,0.8195,0.0649
99,1,0,0.8212,0.0649
100,0,0,0.8266,0.0584
