DQ_pct_X,TBZ_pct_Y,THI_pct_Z,correct_fraction_mlp_Z2,data_density_alpha
0,0,100,1.0000,0.1093
0,1,99,1.0000,0.1233
0,2,98,1.0000,0.1378
0,3,97,1.0000,0.1527
0,4,96,1.0000,0.1677
0,5,95,1.0000,0.1826
0,6,94,1.0000,0.1972
0,7,93,1.0000,0.2114
0,8,92,1.0000,0.2250
0,9,91,1.0000,0.2378
0,10,90,1.0000,0.2496
0,11,89,1.0000,0.2605
0,12,88,1.0000,0.2703
0,13,87,1.0000,0.2788
0,14,86,1.0000,0.2862
0,15,85,1.0000,0.2922
0,16,84,1.0000,0.2970
0,17,83,1.0000,0.3004
0,18,82,1.0000,0.3026
0,19,81,1.0000,0.3035
0,20,80,1.0000,0.3032
0,21,79,1.0000,0.3018
0,22,78,1.0000,0.2993
0,23,77,1.0000,0.2958
0,24,76,1.0000,0.2914
0,25,75,1.0000,0.2864
0,26,74,1.0000,0.2809
0,27,73,1.0000,0.2750
0,28,72,1.0000,0.2690
0,29,71,1.0000,0.2631
0,30,70,0.9999,0.2575
0,31,69,0.9999,0.2524
0,32,68,0.9999,0.2482
0,33,67,0.9999,0.2450
0,34,66,0.9999,0.2429
0,35,65,0.9998,0.2423
0,36,64,0.9998,0.2432
0,37,63,0.9997,0.2457
0,38,62,0.9997,0.2498
0,39,61,0.9996,0.2555
0,40,60,0.9996,0.2626
0,41,59,0.9996,0.2709
0,42,58,0.9995,0.2800
0,43,57,0.9995,0.2897
0,44,56,0.9995,0.2994
0,45,55,0.9994,0.3087
0,46,54,0.9994,0.3171
0,47,53,0.9994,0.3241
0,48,52,0.9994,0.3295
0,49,51,0.9994,0.3328
0,50,50,0.9994,0.3340
0,51,49,0.9994,0.3328
0,52,48,0.9994,0.3295
0,53,47,0.9994,0.3241
0,54,46,0.9994,0.3171
0,55,45,0.9994,0.3087
0,56,44,0.9995,0.2994
0,57,43,0.9995,0.2897
0,58,42,0.9995,0.2800
0,59,41,0.9996,0.2709
0,60,40,0.9996,0.2626
0,61,39,0.9996,0.2555
0,62,38,0.9997,0.2498
0,63,37,0.9997,0.2457
0,64,36,0.9998,0.2432
0,65,35,0.9998,0.2423
0,66,34,0.9999,0.2429
0,67,33,0.9999,0.2450
0,68,32,0.9999,0.2482
0,69,31,0.9999,0.2524
0,70,30,0.9999,0.2575
0,71,29,1.0000,0.2631
0,72,28,1.0000,0.2690
0,73,27,1.0000,0.2750
0,74,26,1.0000,0.2809
0,75,25,1.0000,0.2864
0,76,24,1.0000,0.2914
0,77,23,1.0000,0.2958
0,78,22,1.0000,0.2993
0,79,21,1.0000,0.3018
0,80,20,1.0000,0.3032
0,81,19,1.0000,0.3035
0,82,18,1.0000,0.3026
0,83,17,1.0000,0.3004
0,84,16,1.0000,0.2970
0,85,15,1.0000,0.2922
0,86,14,1.0000,0.2862
0,87,13,1.0000,0.2788
0,88,12,1.0000,0.2703
0,89,11,1.0000,0.2605
0,90,10,1.0000,0.2496
0,91,9,1.0000,0.2378
0,92,8,1.0000,0.2250
0,93,7,1.0000,0.2114
0,94,6,1.0000,0.1972
0,95,5,1.0000,0.1826
0,96,4,1.0000,0.1677
0,97,3,1.0000,0.1527
0,98,2,1.0000,0.1378
0,99,1,1.0000,0.1233
0,100,0,1.0000,0.1093
1,0,99,1.0000,0.1233
1,1,98,1.0000,0.1384
1,2,97,1.0000,0.1539
1,3,96,1.0000,0.1696
1,4,95,1.0000,0.1853
1,5,94,1.0000,0.2009
1,6,93,1.0000,0.2161
1,7,92,1.0000,0.2307
1,8,91,1.0000,0.2446
1,9,90,1.0000,0.2577
1,10,89,1.0000,0.2697
1,11,88,1.0000,0.2807
1,12,87,1.0000,0.2904
1,13,86,1.0000,0.2990
1,14,85,1.0000,0.3062
1,15,84,1.0000,0.3122
1,16,83,1.0000,0.3168
1,17,82,1.0000,0.3201
1,18,81,1.0000,0.3221
1,19,80,1.0000,0.3228
1,20,79,1.0000,0.3223
1,21,78,1.0000,0.3207
1,22,77,1.0000,0.3180
1,23,76,1.0000,0.3144
1,24,75,1.0000,0.3100
1,25,74,1.0000,0.3049
1,26,73,1.0000,0.2994
1,27,72,1.0000,0.2937
1,28,71,1.0000,0.2879
1,29,70,0.9999,0.2823
1,30,69,0.9999,0.2771
1,31,68,0.9999,0.2726
1,32,67,0.9999,0.2690
1,33,66,0.9998,0.2665
1,34,65,0.9998,0.2653
1,35,64,0.9997,0.2656
1,36,63,0.9997,0.2675
1,37,62,0.9996,0.2711
1,38,61,0.9996,0.2763
1,39,60,0.9995,0.2830
1,40,59,0.9995,0.2910
1,41,58,0.9994,0.3002
1,42,57,0.9994,0.3100
1,43,56,0.9993,0.3201
1,44,55,0.9993,0.3301
1,45,54,0.9992,0.3393
1,46,53,0.9992,0.3474
1,47,52,0.9992,0.3539
1,48,51,0.9992,0.3585
1,49,50,0.9992,0.3608
1,50,49,0.9992,0.3608
1,51,48,0.9992,0.3585
1,52,47,0.9992,0.3539
1,53,46,0.9992,0.3474
1,54,45,0.9992,0.3393
1,55,44,0.9993,0.3301
1,56,43,0.9993,0.3201
1,57,42,0.9994,0.3100
1,58,41,0.9994,0.3002
1,59,40,0.9995,0.2910
1,60,39,0.9995,0.2830
1,61,38,0.9996,0.2763
1,62,37,0.9996,0.2711
1,63,36,0.9997,0.2675
1,64,35,0.9997,0.2656
1,65,34,0.9998,0.2653
1,66,33,0.9998,0.2665
1,67,32,0.9999,0.2690
1,68,31,0.9999,0.2726
1,69,30,0.9999,0.2771
1,70,29,0.9999,0.2823
1,71,28,1.0000,0.2879
1,72,27,1.0000,0.2937
1,73,26,1.0000,0.2994
1,74,25,1.0000,0.3049
1,75,24,1.0000,0.3100
1,76,23,1.0000,0.3144
1,77,22,1.0000,0.3180
1,78,21,1.0000,0.3207
1,79,20,1.0000,0.3223
1,80,19,1.0000,0.3228
1,81,18,1.0000,0.3221
1,82,17,1.0000,0.3201
1,83,16,1.0000,0.3168
1,84,15,1.0000,0.3122
1,85,14,1.0000,0.3062
1,86,13,1.0000,0.2990
1,87,12,1.0000,0.2904
1,88,11,1.0000,0.2807
1,89,10,1.0000,0.2697
1,90,9,1.0000,0.2577
1,91,8,1.0000,0.2446
1,92,7,1.0000,0.2307
1,93,6,1.0000,0.2161
1,94,5,1.0000,0.2009
1,95,4,1.0000,0.1853
1,96,3,1.0000,0.1696
1,97,2,1.0000,0.1539
1,98,1,1.0000,0.1384
1,99,0,1.0000,0.1233
2,0,98,1.0000,0.1378
2,1,97,1.0000,0.1539
2,2,96,1.0000,0.1702
2,3,95,1.0000,0.1867
2,4,94,1.0000,0.2031
2,5,93,1.0000,0.2193
2,6,92,1.0000,0.2349
2,7,91,1.0000,0.2499
2,8,90,1.0000,0.2640
2,9,89,1.0000,0.2772
2,10,88,1.0000,0.2894
2,11,87,1.0000,0.3004
2,12,86,1.0000,0.3101
2,13,85,1.0000,0.3186
2,14,84,1.0000,0.3258
2,15,83,1.0000,0.3316
2,16,82,1.0000,0.3361
2,17,81,1.0000,0.3393
2,18,80,1.0000,0.3412
2,19,79,1.0000,0.3418
2,20,78,1.0000,0.3411
2,21,77,1.0000,0.3394
2,22,76,1.0000,0.3366
2,23,75,1.0000,0.3330
2,24,74,1.0000,0.3286
2,25,73,1.0000,0.3236
2,26,72,1.0000,0.3183
2,27,71,1.0000,0.3128
2,28,70,0.9999,0.3073
2,29,69,0.9999,0.3022
2,30,68,0.9999,0.2975
2,31,67,0.9999,0.2937
2,32,66,0.9998,0.2908
2,33,65,0.9998,0.2891
2,34,64,0.9997,0.2889
2,35,63,0.9996,0.2902
2,36,62,0.9996,0.2931
2,37,61,0.9995,0.2977
2,38,60,0.9994,0.3039
2,39,59,0.9993,0.3116
2,40,58,0.9993,0.3205
2,41,57,0.9992,0.3303
2,42,56,0.9991,0.3407
2,43,55,0.9991,0.3511
2,44,54,0.9990,0.3611
2,45,53,0.9990,0.3701
2,46,52,0.9990,0.3777
2,47,51,0.9990,0.3835
2,48,50,0.9990,0.3871
2,49,49,0.9989,0.3883
2,50,48,0.9990,0.3871
2,51,47,0.9990,0.3835
2,52,46,0.9990,0.3777
2,53,45,0.9990,0.3701
2,54,44,0.9990,0.3611
2,55,43,0.9991,0.3511
2,56,42,0.9991,0.3407
2,57,41,0.9992,0.3303
2,58,40,0.9993,0.3205
2,59,39,0.9993,0.3116
2,60,38,0.9994,0.3039
2,61,37,0.9995,0.2977
2,62,36,0.9996,0.2931
2,63,35,0.9996,0.2902
2,64,34,0.9997,0.2889
2,65,33,0.9998,0.2891
2,66,32,0.9998,0.2908
2,67,31,0.9999,0.2937
2,68,30,0.9999,0.2975
2,69,29,0.9999,0.3022
2,70,28,0.9999,0.3073
2,71,27,1.0000,0.3128
2,72,26,1.0000,0.3183
2,73,25,1.0000,0.3236
2,74,24,1.0000,0.3286
2,75,23,1.0000,0.3330
2,76,22,1.0000,0.3366
2,77,21,1.0000,0.3394
2,78,20,1.0000,0.3411
2,79,19,1.0000,0.3418
2,80,18,1.0000,0.3412
2,81,17,1.0000,0.3393
2,82,16,1.0000,0.3361
2,83,15,1.0000,0.3316
2,84,14,1.0000,0.3258
2,85,13,1.0000,0.3186
2,86,12,1.0000,0.3101
2,87,11,1.0000,0.3004
2,88,10,1.0000,0.2894
2,89,9,1.0000,0.2772
2,90,8,1.0000,0.2640
2,91,7,1.0000,0.2499
2,92,6,1.0000,0.2349
2,93,5,1.0000,0.2193
2,94,4,1.0000,0.2031
2,95,3,1.0000,0.1867
2,96,2,1.0000,0.1702
2,97,1,1.0000,0.1539
2,98,0,1.0000,0.1378
3,0,97,1.0000,0.1527
3,1,96,1.0000,0.1696
3,2,95,1.0000,0.1867
3,3,94,1.0000,0.2039
3,4,93,1.0000,0.2209
3,5,92,1.0000,0.2374
3,6,91,1.0000,0.2534
3,7,90,1.0000,0.2686
3,8,89,1.0000,0.2830
3,9,88,1.0000,0.2963
3,10,87,1.0000,0.3085
3,11,86,1.0000,0.3195
3,12,85,1.0000,0.3292
3,13,84,1.0000,0.3376
3,14,83,1.0000,0.3447
3,15,82,1.0000,0.3505
3,16,81,1.0000,0.3549
3,17,80,1.0000,0.3580
3,18,79,1.0000,0.3598
3,19,78,1.0000,0.3603
3,20,77,1.0000,0.3596
3,21,76,1.0000,0.3578
3,22,75,1.0000,0.3551
3,23,74,1.0000,0.3515
3,24,73,1.0000,0.3473
3,25,72,1.0000,0.3425
3,26,71,1.0000,0.3375
3,27,70,0.9999,0.3323
3,28,69,0.9999,0.3273
3,29,68,0.9999,0.3227
3,30,67,0.9998,0.3187
3,31,66,0.9998,0.3156
3,32,65,0.9997,0.3135
3,33,64,0.9997,0.3128
3,34,63,0.9996,0.3135
3,35,62,0.9995,0.3158
3,36,61,0.9994,0.3197
3,37,60,0.9993,0.3253
3,38,59,0.9992,0.3325
3,39,58,0.9991,0.3411
3,40,57,0.9990,0.3507
3,41,56,0.9989,0.3611
3,42,55,0.9989,0.3718
3,43,54,0.9988,0.3823
3,44,53,0.9988,0.3921
3,45,52,0.9987,0.4007
3,46,51,0.9987,0.4076
3,47,50,0.9987,0.4124
3,48,49,0.9986,0.4149
3,49,48,0.9986,0.4149
3,50,47,0.9987,0.4124
3,51,46,0.9987,0.4076
3,52,45,0.9987,0.4007
3,53,44,0.9988,0.3921
3,54,43,0.9988,0.3823
3,55,42,0.9989,0.3718
3,56,41,0.9989,0.3611
3,57,40,0.9990,0.3507
3,58,39,0.9991,0.3411
3,59,38,0.9992,0.3325
3,60,37,0.9993,0.3253
3,61,36,0.9994,0.3197
3,62,35,0.9995,0.3158
3,63,34,0.9996,0.3135
3,64,33,0.9997,0.3128
3,65,32,0.9997,0.3135
3,66,31,0.9998,0.3156
3,67,30,0.9998,0.3187
3,68,29,0.9999,0.3227
3,69,28,0.9999,0.3273
3,70,27,0.9999,0.3323
3,71,26,1.0000,0.3375
3,72,25,1.0000,0.3425
3,73,24,1.0000,0.3473
3,74,23,1.0000,0.3515
3,75,22,1.0000,0.3551
3,76,21,1.0000,0.3578
3,77,20,1.0000,0.3596
3,78,19,1.0000,0.3603
3,79,18,1.0000,0.3598
3,80,17,1.0000,0.3580
3,81,16,1.0000,0.3549
3,82,15,1.0000,0.3505
3,83,14,1.0000,0.3447
3,84,13,1.0000,0.3376
3,85,12,1.0000,0.3292
3,86,11,1.0000,0.3195
3,87,10,1.0000,0.3085
3,88,9,1.0000,0.2963
3,89,8,1.0000,0.2830
3,90,7,1.0000,0.2686
3,91,6,1.0000,0.2534
3,92,5,1.0000,0.2374
3,93,4,1.0000,0.2209
3,94,3,1.0000,0.2039
3,95,2,1.0000,0.1867
3,96,1,1.0000,0.1696
3,97,0,1.0000,0.1527
4,0,96,1.0000,0.1677
4,1,95,1.0000,0.1853
4,2,94,1.0000,0.2031
4,3,93,1.0000,0.2209
4,4,92,1.0000,0.2383
4,5,91,1.0000,0.2552
4,6,90,1.0000,0.2714
4,7,89,1.0000,0.2868
4,8,88,1.0000,0.3013
4,9,87,1.0000,0.3147
4,10,86,1.0000,0.3269
4,11,85,1.0000,0.3378
4,12,84,1.0000,0.3475
4,13,83,1.0000,0.3559
4,14,82,1.0000,0.3630
4,15,81,1.0000,0.3687
4,16,80,1.0000,0.3730
4,17,79,1.0000,0.3761
4,18,78,1.0000,0.3778
4,19,77,1.0000,0.3783
4,20,76,1.0000,0.3777
4,21,75,1.0000,0.3760
4,22,74,1.0000,0.3734
4,23,73,1.0000,0.3700
4,24,72,1.0000,0.3660
4,25,71,0.9999,0.3616
4,26,70,0.9999,0.3569
4,27,69,0.9999,0.3522
4,28,68,0.9999,0.3478
4,29,67,0.9998,0.3438
4,30,66,0.9998,0.3406
4,31,65,0.9997,0.3382
4,32,64,0.9996,0.3371
4,33,63,0.9995,0.3373
4,34,62,0.9994,0.3389
4,35,61,0.9993,0.3423
4,36,60,0.9992,0.3472
4,37,59,0.9991,0.3538
4,38,58,0.9989,0.3618
4,39,57,0.9988,0.3711
4,40,56,0.9987,0.3814
4,41,55,0.9986,0.3921
4,42,54,0.9985,0.4030
4,43,53,0.9984,0.4133
4,44,52,0.9984,0.4227
4,45,51,0.9983,0.4306
4,46,50,0.9983,0.4366
4,47,49,0.9983,0.4404
4,48,48,0.9983,0.4416
4,49,47,0.9983,0.4404
4,50,46,0.9983,0.4366
4,51,45,0.9983,0.4306
4,52,44,0.9984,0.4227
4,53,43,0.9984,0.4133
4,54,42,0.9985,0.4030
4,55,41,0.9986,0.3921
4,56,40,0.9987,0.3814
4,57,39,0.9988,0.3711
4,58,38,0.9989,0.3618
4,59,37,0.9991,0.3538
4,60,36,0.9992,0.3472
4,61,35,0.9993,0.3423
4,62,34,0.9994,0.3389
4,63,33,0.9995,0.3373
4,64,32,0.9996,0.3371
4,65,31,0.9997,0.3382
4,66,30,0.9998,0.3406
4,67,29,0.9998,0.3438
4,68,28,0.9999,0.3478
4,69,27,0.9999,0.3522
4,70,26,0.9999,0.3569
4,71,25,0.9999,0.3616
4,72,24,1.0000,0.3660
4,73,23,1.0000,0.3700
4,74,22,1.0000,0.3734
4,75,21,1.0000,0.3760
4,76,20,1.0000,0.3777
4,77,19,1.0000,0.3783
4,78,18,1.0000,0.3778
4,79,17,1.0000,0.3761
4,80,16,1.0000,0.3730
4,81,15,1.0000,0.3687
4,82,14,1.0000,0.3630
4,83,13,1.0000,0.3559
4,84,12,1.0000,0.3475
4,85,11,1.0000,0.3378
4,86,10,1.0000,0.3269
4,87,9,1.0000,0.3147
4,88,8,1.0000,0.3013
4,89,7,1.0000,0.2868
4,90,6,1.0000,0.2714
4,91,5,1.0000,0.2552
4,92,4,1.0000,0.2383
4,93,3,1.0000,0.2209
4,94,2,1.0000,0.2031
4,95,1,1.0000,0.1853
4,96,0,1.0000,0.1677
5,0,95,1.0000,0.1826
5,1,94,1.0000,0.2009
5,2,93,1.0000,0.2193
5,3,92,1.0000,0.2374
5,4,91,1.0000,0.2552
5,5,90,1.0000,0.2724
5,6,89,1.0000,0.2888
5,7,88,1.0000,0.3043
5,8,87,1.0000,0.3188
5,9,86,1.0000,0.3322
5,10,85,1.0000,0.3444
5,11,84,1.0000,0.3554
5,12,83,1.0000,0.3651
5,13,82,1.0000,0.3734
5,14,81,1.0000,0.3805
5,15,80,1.0000,0.3861
5,16,79,1.0000,0.3905
5,17,78,1.0000,0.3936
5,18,77,1.0000,0.3954
5,19,76,1.0000,0.3960
5,20,75,1.0000,0.3955
5,21,74,1.0000,0.3939
5,22,73,1.0000,0.3915
5,23,72,1.0000,0.3884
5,24,71,0.9999,0.3848
5,25,70,0.9999,0.3808
5,26,69,0.9999,0.3766
5,27,68,0.9998,0.3725
5,28,67,0.9998,0.3687
5,29,66,0.9997,0.3655
5,30,65,0.9997,0.3630
5,31,64,0.9996,0.3616
5,32,63,0.9995,0.3613
5,33,62,0.9993,0.3624
5,34,61,0.9992,0.3651
5,35,60,0.9991,0.3694
5,36,59,0.9989,0.3753
5,37,58,0.9987,0.3827
5,38,57,0.9986,0.3915
5,39,56,0.9984,0.4014
5,40,55,0.9983,0.4121
5,41,54,0.9982,0.4230
5,42,53,0.9981,0.4338
5,43,52,0.9980,0.4438
5,44,51,0.9979,0.4526
5,45,50,0.9978,0.4597
5,46,49,0.9978,0.4646
5,47,48,0.9978,0.4672
5,48,47,0.9978,0.4672
5,49,46,0.9978,0.4646
5,50,45,0.9978,0.4597
5,51,44,0.9979,0.4526
5,52,43,0.9980,0.4438
5,53,42,0.9981,0.4338
5,54,41,0.9982,0.4230
5,55,40,0.9983,0.4121
5,56,39,0.9984,0.4014
5,57,38,0.9986,0.3915
5,58,37,0.9987,0.3827
5,59,36,0.9989,0.3753
5,60,35,0.9991,0.3694
5,61,34,0.9992,0.3651
5,62,33,0.9993,0.3624
5,63,32,0.9995,0.3613
5,64,31,0.9996,0.3616
5,65,30,0.9997,0.3630
5,66,29,0.9997,0.3655
5,67,28,0.9998,0.3687
5,68,27,0.9998,0.3725
5,69,26,0.9999,0.3766
5,70,25,0.9999,0.3808
5,71,24,0.9999,0.3848
5,72,23,1.0000,0.3884
5,73,22,1.0000,0.3915
5,74,21,1.0000,0.3939
5,75,20,1.0000,0.3955
5,76,19,1.0000,0.3960
5,77,18,1.0000,0.3954
5,78,17,1.0000,0.3936
5,79,16,1.0000,0.3905
5,80,15,1.0000,0.3861
5,81,14,1.0000,0.3805
5,82,13,1.0000,0.3734
5,83,12,1.0000,0.3651
5,84,11,1.0000,0.3554
5,85,10,1.0000,0.3444
5,86,9,1.0000,0.3322
5,87,8,1.0000,0.3188
5,88,7,1.0000,0.3043
5,89,6,1.0000,0.2888
5,90,5,1.0000,0.2724
5,91,4,1.0000,0.2552
5,92,3,1.0000,0.2374
5,93,2,1.0000,0.2193
5,94,1,1.0000,0.2009
5,95,0,1.0000,0.1826
6,0,94,1.0000,0.1972
6,1,93,1.0000,0.2161
6,2,92,1.0000,0.2349
6,3,91,1.0000,0.2534
6,4,90,1.0000,0.2714
6,5,89,1.0000,0.2888
6,6,88,1.0000,0.3053
6,7,87,1.0000,0.3209
6,8,86,1.0000,0.3355
6,9,85,1.0000,0.3489
6,10,84,1.0000,0.3611
6,11,83,1.0000,0.3720
6,12,82,1.0000,0.3817
6,13,81,1.0000,0.3901
6,14,80,1.0000,0.3971
6,15,79,1.0000,0.4028
6,16,78,1.0000,0.4073
6,17,77,1.0000,0.4104
6,18,76,1.0000,0.4123
6,19,75,1.0000,0.4131
6,20,74,1.0000,0.4128
6,21,73,1.0000,0.4115
6,22,72,1.0000,0.4095
6,23,71,0.9999,0.4068
6,24,70,0.9999,0.4035
6,25,69,0.9999,0.4001
6,26,68,0.9998,0.3965
6,27,67,0.9998,0.3931
6,28,66,0.9997,0.3900
6,29,65,0.9996,0.3876
6,30,64,0.9995,0.3859
6,31,63,0.9994,0.3854
6,32,62,0.9992,0.3861
6,33,61,0.9991,0.3882
6,34,60,0.9989,0.3918
6,35,59,0.9987,0.3970
6,36,58,0.9985,0.4037
6,37,57,0.9983,0.4119
6,38,56,0.9981,0.4214
6,39,55,0.9979,0.4317
6,40,54,0.9978,0.4426
6,41,53,0.9976,0.4535
6,42,52,0.9975,0.4640
6,43,51,0.9974,0.4735
6,44,50,0.9973,0.4815
6,45,49,0.9972,0.4876
6,46,48,0.9972,0.4914
6,47,47,0.9972,0.4926
6,48,46,0.9972,0.4914
6,49,45,0.9972,0.4876
6,50,44,0.9973,0.4815
6,51,43,0.9974,0.4735
6,52,42,0.9975,0.4640
6,53,41,0.9976,0.4535
6,54,40,0.9978,0.4426
6,55,39,0.9979,0.4317
6,56,38,0.9981,0.4214
6,57,37,0.9983,0.4119
6,58,36,0.9985,0.4037
6,59,35,0.9987,0.3970
6,60,34,0.9989,0.3918
6,61,33,0.9991,0.3882
6,62,32,0.9992,0.3861
6,63,31,0.9994,0.3854
6,64,30,0.9995,0.3859
6,65,29,0.9996,0.3876
6,66,28,0.9997,0.3900
6,67,27,0.9998,0.3931
6,68,26,0.9998,0.3965
6,69,25,0.9999,0.4001
6,70,24,0.9999,0.4035
6,71,23,0.9999,0.4068
6,72,22,1.0000,0.4095
6,73,21,1.0000,0.4115
6,74,20,1.0000,0.4128
6,75,19,1.0000,0.4131
6,76,18,1.0000,0.4123
6,77,17,1.0000,0.4104
6,78,16,1.0000,0.4073
6,79,15,1.0000,0.4028
6,80,14,1.0000,0.3971
6,81,13,1.0000,0.3901
6,82,12,1.0000,0.3817
6,83,11,1.0000,0.3720
6,84,10,1.0000,0.3611
6,85,9,1.0000,0.3489
6,86,8,1.0000,0.3355
6,87,7,1.0000,0.3209
6,88,6,1.0000,0.3053
6,89,5,1.0000,0.2888
6,90,4,1.0000,0.2714
6,91,3,1.0000,0.2534
6,92,2,1.0000,0.2349
6,93,1,1.0000,0.2161
6,94,0,1.0000,0.1972
7,0,93,1.0000,0.2114
7,1,92,1.0000,0.2307
7,2,91,1.0000,0.2499
7,3,90,1.0000,0.2686
7,4,89,1.0000,0.2868
7,5,88,1.0000,0.3043
7,6,87,1.0000,0.3209
7,7,86,1.0000,0.3365
7,8,85,1.0000,0.3511
7,9,84,1.0000,0.3645
7,10,83,1.0000,0.3767
7,11,82,1.0000,0.3877
7,12,81,1.0000,0.3974
7,13,80,1.0000,0.4058
7,14,79,1.0000,0.4129
7,15,78,1.0000,0.4187
7,16,77,1.0000,0.4233
7,17,76,1.0000,0.4266
7,18,75,1.0000,0.4287
7,19,74,1.0000,0.4297
7,20,73,1.0000,0.4297
7,21,72,1.0000,0.4288
7,22,71,0.9999,0.4272
7,23,70,0.9999,0.4250
7,24,69,0.9999,0.4223
7,25,68,0.9998,0.4194
7,26,67,0.9998,0.4165
7,27,66,0.9997,0.4138
7,28,65,0.9996,0.4116
7,29,64,0.9995,0.4099
7,30,63,0.9993,0.4092
7,31,62,0.9992,0.4095
7,32,61,0.9990,0.4112
7,33,60,0.9988,0.4142
7,34,59,0.9985,0.4187
7,35,58,0.9983,0.4248
7,36,57,0.9980,0.4323
7,37,56,0.9978,0.4411
7,38,55,0.9975,0.4510
7,39,54,0.9973,0.4617
7,40,53,0.9971,0.4726
7,41,52,0.9969,0.4833
7,42,51,0.9968,0.4934
7,43,50,0.9966,0.5021
7,44,49,0.9966,0.5092
7,45,48,0.9965,0.5142
7,46,47,0.9965,0.5167
7,47,46,0.9965,0.5167
7,48,45,0.9965,0.5142
7,49,44,0.9966,0.5092
7,50,43,0.9966,0.5021
7,51,42,0.9968,0.4934
7,52,41,0.9969,0.4833
7,53,40,0.9971,0.4726
7,54,39,0.9973,0.4617
7,55,38,0.9975,0.4510
7,56,37,0.9978,0.4411
7,57,36,0.9980,0.4323
7,58,35,0.9983,0.4248
7,59,34,0.9985,0.4187
7,60,33,0.9988,0.4142
7,61,32,0.9990,0.4112
7,62,31,0.9992,0.4095
7,63,30,0.9993,0.4092
7,64,29,0.9995,0.4099
7,65,28,0.9996,0.4116
7,66,27,0.9997,0.4138
7,67,26,0.9998,0.4165
7,68,25,0.9998,0.4194
7,69,24,0.9999,0.4223
7,70,23,0.9999,0.4250
7,71,22,0.9999,0.4272
7,72,21,1.0000,0.4288
7,73,20,1.0000,0.4297
7,74,19,1.0000,0.4297
7,75,18,1.0000,0.4287
7,76,17,1.0000,0.4266
7,77,16,1.0000,0.4233
7,78,15,1.0000,0.4187
7,79,14,1.0000,0.4129
7,80,13,1.0000,0.4058
7,81,12,1.0000,0.3974
7,82,11,1.0000,0.3877
7,83,10,1.0000,0.3767
7,84,9,1.0000,0.3645
7,85,8,1.0000,0.3511
7,86,7,1.0000,0.3365
7,87,6,1.0000,0.3209
7,88,5,1.0000,0.3043
7,89,4,1.0000,0.2868
7,90,3,1.0000,0.2686
7,91,2,1.0000,0.2499
7,92,1,1.0000,0.2307
7,93,0,1.0000,0.2114
8,0,92,1.0000,0.2250
8,1,91,1.0000,0.2446
8,2,90,1.0000,0.2640
8,3,89,1.0000,0.2830
8,4,88,1.0000,0.3013
8,5,87,1.0000,0.3188
8,6,86,1.0000,0.3355
8,7,85,1.0000,0.3511
8,8,84,1.0000,0.3656
8,9,83,1.0000,0.3791
8,10,82,1.0000,0.3913
8,11,81,1.0000,0.4023
8,12,80,1.0000,0.4121
8,13,79,1.0000,0.4206
8,14,78,1.0000,0.4278
8,15,77,1.0000,0.4338
8,16,76,1.0000,0.4385
8,17,75,1.0000,0.4421
8,18,74,1.0000,0.4445
8,19,73,1.0000,0.4459
8,20,72,1.0000,0.4462
8,21,71,0.9999,0.4458
8,22,70,0.9999,0.4447
8,23,69,0.9999,0.4430
8,24,68,0.9998,0.4409
8,25,67,0.9997,0.4387
8,26,66,0.9997,0.4366
8,27,65,0.9996,0.4347
8,28,64,0.9994,0.4332
8,29,63,0.9993,0.4325
8,30,62,0.9991,0.4326
8,31,61,0.9988,0.4339
8,32,60,0.9986,0.4364
8,33,59,0.9983,0.4403
8,34,58,0.9980,0.4457
8,35,57,0.9977,0.4525
8,36,56,0.9974,0.4607
8,37,55,0.9971,0.4701
8,38,54,0.9968,0.4803
8,39,53,0.9965,0.4911
8,40,52,0.9963,0.5019
8,41,51,0.9961,0.5122
8,42,50,0.9959,0.5216
8,43,49,0.9957,0.5295
8,44,48,0.9956,0.5356
8,45,47,0.9956,0.5393
8,46,46,0.9956,0.5406
8,47,45,0.9956,0.5393
8,48,44,0.9956,0.5356
8,49,43,0.9957,0.5295
8,50,42,0.9959,0.5216
8,51,41,0.9961,0.5122
8,52,40,0.9963,0.5019
8,53,39,0.9965,0.4911
8,54,38,0.9968,0.4803
8,55,37,0.9971,0.4701
8,56,36,0.9974,0.4607
8,57,35,0.9977,0.4525
8,58,34,0.9980,0.4457
8,59,33,0.9983,0.4403
8,60,32,0.9986,0.4364
8,61,31,0.9988,0.4339
8,62,30,0.9991,0.4326
8,63,29,0.9993,0.4325
8,64,28,0.9994,0.4332
8,65,27,0.9996,0.4347
8,66,26,0.9997,0.4366
8,67,25,0.9997,0.4387
8,68,24,0.9998,0.4409
8,69,23,0.9999,0.4430
8,70,22,0.9999,0.4447
8,71,21,0.9999,0.4458
8,72,20,1.0000,0.4462
8,73,19,1.0000,0.4459
8,74,18,1.0000,0.4445
8,75,17,1.0000,0.4421
8,76,16,1.0000,0.4385
8,77,15,1.0000,0.4338
8,78,14,1.0000,0.4278
8,79,13,1.0000,0.4206
8,80,12,1.0000,0.4121
8,81,11,1.0000,0.4023
8,82,10,1.0000,0.3913
8,83,9,1.0000,0.3791
8,84,8,1.0000,0.3656
8,85,7,1.0000,0.3511
8,86,6,1.0000,0.3355
8,87,5,1.0000,0.3188
8,88,4,1.0000,0.3013
8,89,3,1.0000,0.2830
8,90,2,1.0000,0.2640
8,91,1,1.0000,0.2446
8,92,0,1.0000,0.2250
9,0,91,1.0000,0.2378
9,1,90,1.0000,0.2577
9,2,89,1.0000,0.2772
9,3,88,1.0000,0.2963
9,4,87,1.0000,0.3147
9,5,86,1.0000,0.3322
9,6,85,1.0000,0.3489
9,7,84,1.0000,0.3645
9,8,83,1.0000,0.3791
9,9,82,1.0000,0.3925
9,10,81,1.0000,0.4048
9,11,80,1.0000,0.4159
9,12,79,1.0000,0.4257
9,13,78,1.0000,0.4344
9,14,77,1.0000,0.4418
9,15,76,1.0000,0.4480
9,16,75,1.0000,0.4530
9,17,74,1.0000,0.4569
9,18,73,1.0000,0.4597
9,19,72,0.9999,0.4614
9,20,71,0.9999,0.4623
9,21,70,0.9999,0.4624
9,22,69,0.9999,0.4618
9,23,68,0.9998,0.4608
9,24,67,0.9997,0.4594
9,25,66,0.9996,0.4580
9,26,65,0.9995,0.4566
9,27,64,0.9994,0.4555
9,28,63,0.9992,0.4549
9,29,62,0.9990,0.4551
9,30,61,0.9987,0.4561
9,31,60,0.9984,0.4583
9,32,59,0.9981,0.4617
9,33,58,0.9977,0.4664
9,34,57,0.9974,0.4726
9,35,56,0.9970,0.4801
9,36,55,0.9966,0.4888
9,37,54,0.9962,0.4986
9,38,53,0.9959,0.5090
9,39,52,0.9955,0.5198
9,40,51,0.9953,0.5303
9,41,50,0.9950,0.5401
9,42,49,0.9948,0.5487
9,43,48,0.9946,0.5556
9,44,47,0.9945,0.5605
9,45,46,0.9945,0.5630
9,46,45,0.9945,0.5630
9,47,44,0.9945,0.5605
9,48,43,0.9946,0.5556
9,49,42,0.9948,0.5487
9,50,41,0.9950,0.5401
9,51,40,0.9953,0.5303
9,52,39,0.9955,0.5198
9,53,38,0.9959,0.5090
9,54,37,0.9962,0.4986
9,55,36,0.9966,0.4888
9,56,35,0.9970,0.4801
9,57,34,0.9974,0.4726
9,58,33,0.9977,0.4664
9,59,32,0.9981,0.4617
9,60,31,0.9984,0.4583
9,61,30,0.9987,0.4561
9,62,29,0.9990,0.4551
9,63,28,0.9992,0.4549
9,64,27,0.9994,0.4555
9,65,26,0.9995,0.4566
9,66,25,0.9996,0.4580
9,67,24,0.9997,0.4594
9,68,23,0.9998,0.4608
9,69,22,0.9999,0.4618
9,70,21,0.9999,0.4624
9,71,20,0.9999,0.4623
9,72,19,0.9999,0.4614
9,73,18,1.0000,0.4597
9,74,17,1.0000,0.4569
9,75,16,1.0000,0.4530
9,76,15,1.0000,0.4480
9,77,14,1.0000,0.4418
9,78,13,1.0000,0.4344
9,79,12,1.0000,0.4257
9,80,11,1.0000,0.4159
9,81,10,1.0000,0.4048
9,82,9,1.0000,0.3925
9,83,8,1.0000,0.3791
9,84,7,1.0000,0.3645
9,85,6,1.0000,0.3489
9,86,5,1.0000,0.3322
9,87,4,1.0000,0.3147
9,88,3,1.0000,0.2963
9,89,2,1.0000,0.2772
9,90,1,1.0000,0.2577
9,91,0,1.0000,0.2378
10,0,90,1.0000,0.2496
10,1,89,1.0000,0.2697
10,2,88,1.0000,0.2894
10,3,87,1.0000,0.3085
10,4,86,1.0000,0.3269
10,5,85,1.0000,0.3444
10,6,84,1.0000,0.3611
10,7,83,1.0000,0.3767
10,8,82,1.0000,0.3913
10,9,81,1.0000,0.4048
10,10,80,1.0000,0.4171
10,11,79,1.0000,0.4283
10,12,78,1.0000,0.4384
10,13,77,1.0000,0.4472
10,14,76,1.0000,0.4549
10,15,75,1.0000,0.4614
10,16,74,1.0000,0.4667
10,17,73,1.0000,0.4710
10,18,72,0.9999,0.4742
10,19,71,0.9999,0.4764
10,20,70,0.9999,0.4778
10,21,69,0.9998,0.4785
10,22,68,0.9998,0.4786
10,23,67,0.9997,0.4783
10,24,66,0.9996,0.4777
10,25,65,0.9995,0.4770
10,26,64,0.9993,0.4765
10,27,63,0.9991,0.4762
10,28,62,0.9989,0.4765
10,29,61,0.9986,0.4775
10,30,60,0.9983,0.4795
10,31,59,0.9979,0.4825
10,32,58,0.9975,0.4867
10,33,57,0.9970,0.4923
10,34,56,0.9966,0.4992
10,35,55,0.9961,0.5073
10,36,54,0.9956,0.5165
10,37,53,0.9952,0.5265
10,38,52,0.9947,0.5370
10,39,51,0.9943,0.5476
10,40,50,0.9940,0.5577
10,41,49,0.9937,0.5668
10,42,48,0.9935,0.5745
10,43,47,0.9933,0.5804
10,44,46,0.9932,0.5841
10,45,45,0.9932,0.5853
10,46,44,0.9932,0.5841
10,47,43,0.9933,0.5804
10,48,42,0.9935,0.5745
10,49,41,0.9937,0.5668
10,50,40,0.9940,0.5577
10,51,39,0.9943,0.5476
10,52,38,0.9947,0.5370
10,53,37,0.9952,0.5265
10,54,36,0.9956,0.5165
10,55,35,0.9961,0.5073
10,56,34,0.9966,0.4992
10,57,33,0.9970,0.4923
10,58,32,0.9975,0.4867
10,59,31,0.9979,0.4825
10,60,30,0.9983,0.4795
10,61,29,0.9986,0.4775
10,62,28,0.9989,0.4765
10,63,27,0.9991,0.4762
10,64,26,0.9993,0.4765
10,65,25,0.9995,0.4770
10,66,24,0.9996,0.4777
10,67,23,0.9997,0.4783
10,68,22,0.9998,0.4786
10,69,21,0.9998,0.4785
10,70,20,0.9999,0.4778
10,71,19,0.9999,0.4764
10,72,18,0.9999,0.4742
10,73,17,1.0000,0.4710
10,74,16,1.0000,0.4667
10,75,15,1.0000,0.4614
10,76,14,1.0000,0.4549
10,77,13,1.0000,0.4472
10,78,12,1.0000,0.4384
10,79,11,1.0000,0.4283
10,80,10,1.0000,0.4171
10,81,9,1.0000,0.4048
10,82,8,1.0000,0.3913
10,83,7,1.0000,0.3767
10,84,6,1.0000,0.3611
10,85,5,1.0000,0.3444
10,86,4,1.0000,0.3269
10,87,3,1.0000,0.3085
10,88,2,1.0000,0.2894
10,89,1,1.0000,0.2697
10,90,0,1.0000,0.2496
11,0,89,1.0000,0.2605
11,1,88,1.0000,0.2807
11,2,87,1.0000,0.3004
11,3,86,1.0000,0.3195
11,4,85,1.0000,0.3378
11,5,84,1.0000,0.3554
11,6,83,1.0000,0.3720
11,7,82,1.0000,0.3877
11,8,81,1.0000,0.4023
11,9,80,1.0000,0.4159
11,10,79,1.0000,0.4283
11,11,78,1.0000,0.4397
11,12,77,1.0000,0.4499
11,13,76,1.0000,0.4590
11,14,75,1.0000,0.4670
11,15,74,1.0000,0.4738
11,16,73,1.0000,0.4796
11,17,72,0.9999,0.4843
11,18,71,0.9999,0.4880
11,19,70,0.9999,0.4908
11,20,69,0.9998,0.4928
11,21,68,0.9998,0.4942
11,22,67,0.9997,0.4950
11,23,66,0.9996,0.4954
11,24,65,0.9994,0.4956
11,25,64,0.9993,0.4958
11,26,63,0.9991,0.4960
11,27,62,0.9988,0.4967
11,28,61,0.9985,0.4978
11,29,60,0.9981,0.4997
11,30,59,0.9977,0.5026
11,31,58,0.9972,0.5064
11,32,57,0.9967,0.5115
11,33,56,0.9961,0.5178
11,34,55,0.9955,0.5254
11,35,54,0.9949,0.5340
11,36,53,0.9944,0.5436
11,37,52,0.9938,0.5538
11,38,51,0.9933,0.5642
11,39,50,0.9929,0.5745
11,40,49,0.9925,0.5840
11,41,48,0.9922,0.5924
11,42,47,0.9919,0.5991
11,43,46,0.9918,0.6039
11,44,45,0.9917,0.6063
11,45,44,0.9917,0.6063
11,46,43,0.9918,0.6039
11,47,42,0.9919,0.5991
11,48,41,0.9922,0.5924
11,49,40,0.9925,0.5840
11,50,39,0.9929,0.5745
11,51,38,0.9933,0.5642
11,52,37,0.9938,0.5538
11,53,36,0.9944,0.5436
11,54,35,0.9949,0.5340
11,55,34,0.9955,0.5254
11,56,33,0.9961,0.5178
11,57,32,0.9967,0.5115
11,58,31,0.9972,0.5064
11,59,30,0.9977,0.5026
11,60,29,0.9981,0.4997
11,61,28,0.9985,0.4978
11,62,27,0.9988,0.4967
11,63,26,0.9991,0.4960
11,64,25,0.9993,0.4958
11,65,24,0.9994,0.4956
11,66,23,0.9996,0.4954
11,67,22,0.9997,0.4950
11,68,21,0.9998,0.4942
11,69,20,0.9998,0.4928
11,70,19,0.9999,0.4908
11,71,18,0.9999,0.4880
11,72,17,0.9999,0.4843
11,73,16,1.0000,0.4796
11,74,15,1.0000,0.4738
11,75,14,1.0000,0.4670
11,76,13,1.0000,0.4590
11,77,12,1.0000,0.4499
11,78,11,1.0000,0.4397
11,79,10,1.0000,0.4283
11,80,9,1.0000,0.4159
11,81,8,1.0000,0.4023
11,82,7,1.0000,0.3877
11,83,6,1.0000,0.3720
11,84,5,1.0000,0.3554
11,85,4,1.0000,0.3378
11,86,3,1.0000,0.3195
11,87,2,1.0000,0.3004
11,88,1,1.0000,0.2807
11,89,0,1.0000,0.2605
12,0,88,1.0000,0.2703
12,1,87,1.0000,0.2904
12,2,86,1.0000,0.3101
12,3,85,1.0000,0.3292
12,4,84,1.0000,0.3475
12,5,83,1.0000,0.3651
12,6,82,1.0000,0.3817
12,7,81,1.0000,0.3974
12,8,80,1.0000,0.4121
12,9,79,1.0000,0.4257
12,10,78,1.0000,0.4384
12,11,77,1.0000,0.4499
12,12,76,1.0000,0.4604
12,13,75,1.0000,0.4698
12,14,74,1.0000,0.4781
12,15,73,1.0000,0.4854
12,16,72,0.9999,0.4916
12,17,71,0.9999,0.4968
12,18,70,0.9999,0.5011
12,19,69,0.9998,0.5046
12,20,68,0.9998,0.5073
12,21,67,0.9997,0.5093
12,22,66,0.9996,0.5109
12,23,65,0.9994,0.5121
12,24,64,0.9992,0.5131
12,25,63,0.9990,0.5141
12,26,62,0.9987,0.5153
12,27,61,0.9984,0.5168
12,28,60,0.9979,0.5189
12,29,59,0.9975,0.5217
12,30,58,0.9969,0.5253
12,31,57,0.9963,0.5301
12,32,56,0.9956,0.5359
12,33,55,0.9950,0.5430
12,34,54,0.9943,0.5511
12,35,53,0.9936,0.5602
12,36,52,0.9929,0.5701
12,37,51,0.9922,0.5803
12,38,50,0.9916,0.5906
12,39,49,0.9911,0.6005
12,40,48,0.9907,0.6094
12,41,47,0.9903,0.6169
12,42,46,0.9901,0.6226
12,43,45,0.9899,0.6261
12,44,44,0.9899,0.6274
12,45,43,0.9899,0.6261
12,46,42,0.9901,0.6226
12,47,41,0.9903,0.6169
12,48,40,0.9907,0.6094
12,49,39,0.9911,0.6005
12,50,38,0.9916,0.5906
12,51,37,0.9922,0.5803
12,52,36,0.9929,0.5701
12,53,35,0.9936,0.5602
12,54,34,0.9943,0.5511
12,55,33,0.9950,0.5430
12,56,32,0.9956,0.5359
12,57,31,0.9963,0.5301
12,58,30,0.9969,0.5253
12,59,29,0.9975,0.5217
12,60,28,0.9979,0.5189
12,61,27,0.9984,0.5168
12,62,26,0.9987,0.5153
12,63,25,0.9990,0.5141
12,64,24,0.9992,0.5131
12,65,23,0.9994,0.5121
12,66,22,0.9996,0.5109
12,67,21,0.9997,0.5093
12,68,20,0.9998,0.5073
12,69,19,0.9998,0.5046
12,70,18,0.9999,0.5011
12,71,17,0.9999,0.4968
12,72,16,0.9999,0.4916
12,73,15,1.0000,0.4854
12,74,14,1.0000,0.4781
12,75,13,1.0000,0.4698
12,76,12,1.0000,0.4604
12,77,11,1.0000,0.4499
12,78,10,1.0000,0.4384
12,79,9,1.0000,0.4257
12,80,8,1.0000,0.4121
12,81,7,1.0000,0.3974
12,82,6,1.0000,0.3817
12,83,5,1.0000,0.3651
12,84,4,1.0000,0.3475
12,85,3,1.0000,0.3292
12,86,2,1.0000,0.3101
12,87,1,1.0000,0.2904
12,88,0,1.0000,0.2703
13,0,87,1.0000,0.2788
13,1,86,1.0000,0.2990
13,2,85,1.0000,0.3186
13,3,84,1.0000,0.3376
13,4,83,1.0000,0.3559
13,5,82,1.0000,0.3734
13,6,81,1.0000,0.3901
13,7,80,1.0000,0.4058
13,8,79,1.0000,0.4206
13,9,78,1.0000,0.4344
13,10,77,1.0000,0.4472
13,11,76,1.0000,0.4590
13,12,75,1.0000,0.4698
13,13,74,1.0000,0.4796
13,14,73,1.0000,0.4883
13,15,72,0.9999,0.4960
13,16,71,0.9999,0.5028
13,17,70,0.9999,0.5086
13,18,69,0.9998,0.5135
13,19,68,0.9998,0.5176
13,20,67,0.9997,0.5211
13,21,66,0.9996,0.5239
13,22,65,0.9994,0.5263
13,23,64,0.9992,0.5283
13,24,63,0.9989,0.5302
13,25,62,0.9986,0.5321
13,26,61,0.9982,0.5341
13,27,60,0.9978,0.5365
13,28,59,0.9972,0.5395
13,29,58,0.9966,0.5432
13,30,57,0.9959,0.5477
13,31,56,0.9952,0.5533
13,32,55,0.9944,0.5599
13,33,54,0.9935,0.5677
13,34,53,0.9927,0.5764
13,35,52,0.9919,0.5859
13,36,51,0.9911,0.5960
13,37,50,0.9903,0.6062
13,38,49,0.9896,0.6163
13,39,48,0.9891,0.6256
13,40,47,0.9886,0.6338
13,41,46,0.9882,0.6404
13,42,45,0.9880,0.6450
13,43,44,0.9879,0.6474
13,44,43,0.9879,0.6474
13,45,42,0.9880,0.6450
13,46,41,0.9882,0.6404
13,47,40,0.9886,0.6338
13,48,39,0.9891,0.6256
13,49,38,0.9896,0.6163
13,50,37,0.9903,0.6062
13,51,36,0.9911,0.5960
13,52,35,0.9919,0.5859
13,53,34,0.9927,0.5764
13,54,33,0.9935,0.5677
13,55,32,0.9944,0.5599
13,56,31,0.9952,0.5533
13,57,30,0.9959,0.5477
13,58,29,0.9966,0.5432
13,59,28,0.9972,0.5395
13,60,27,0.9978,0.5365
13,61,26,0.9982,0.5341
13,62,25,0.9986,0.5321
13,63,24,0.9989,0.5302
13,64,23,0.9992,0.5283
13,65,22,0.9994,0.5263
13,66,21,0.9996,0.5239
13,67,20,0.9997,0.5211
13,68,19,0.9998,0.5176
13,69,18,0.9998,0.5135
13,70,17,0.9999,0.5086
13,71,16,0.9999,0.5028
13,72,15,0.9999,0.4960
13,73,14,1.0000,0.4883
13,74,13,1.0000,0.4796
13,75,12,1.0000,0.4698
13,76,11,1.0000,0.4590
13,77,10,1.0000,0.4472
13,78,9,1.0000,0.4344
13,79,8,1.0000,0.4206
13,80,7,1.0000,0.4058
13,81,6,1.0000,0.3901
13,82,5,1.0000,0.3734
13,83,4,1.0000,0.3559
13,84,3,1.0000,0.3376
13,85,2,1.0000,0.3186
13,86,1,1.0000,0.2990
13,87,0,1.0000,0.2788
14,0,86,1.0000,0.2862
14,1,85,1.0000,0.3062
14,2,84,1.0000,0.3258
14,3,83,1.0000,0.3447
14,4,82,1.0000,0.3630
14,5,81,1.0000,0.3805
14,6,80,1.0000,0.3971
14,7,79,1.0000,0.4129
14,8,78,1.0000,0.4278
14,9,77,1.0000,0.4418
14,10,76,1.0000,0.4549
14,11,75,1.0000,0.4670
14,12,74,1.0000,0.4781
14,13,73,1.0000,0.4883
14,14,72,0.9999,0.4975
14,15,71,0.9999,0.5058
14,16,70,0.9999,0.5131
14,17,69,0.9998,0.5196
14,18,68,0.9998,0.5252
14,19,67,0.9997,0.5300
14,20,66,0.9995,0.5342
14,21,65,0.9994,0.5379
14,22,64,0.9992,0.5411
14,23,63,0.9989,0.5440
14,24,62,0.9986,0.5468
14,25,61,0.9981,0.5495
14,26,60,0.9976,0.5525
14,27,59,0.9971,0.5558
14,28,58,0.9964,0.5597
14,29,57,0.9956,0.5643
14,30,56,0.9947,0.5697
14,31,55,0.9938,0.5761
14,32,54,0.9928,0.5836
14,33,53,0.9918,0.5920
14,34,52,0.9908,0.6012
14,35,51,0.9898,0.6111
14,36,50,0.9889,0.6214
14,37,49,0.9881,0.6316
14,38,48,0.9873,0.6413
14,39,47,0.9867,0.6501
14,40,46,0.9862,0.6575
14,41,45,0.9858,0.6631
14,42,44,0.9856,0.6666
14,43,43,0.9855,0.6678
14,44,42,0.9856,0.6666
14,45,41,0.9858,0.6631
14,46,40,0.9862,0.6575
14,47,39,0.9867,0.6501
14,48,38,0.9873,0.6413
14,49,37,0.9881,0.6316
14,50,36,0.9889,0.6214
14,51,35,0.9898,0.6111
14,52,34,0.9908,0.6012
14,53,33,0.9918,0.5920
14,54,32,0.9928,0.5836
14,55,31,0.9938,0.5761
14,56,30,0.9947,0.5697
14,57,29,0.9956,0.5643
14,58,28,0.9964,0.5597
14,59,27,0.9971,0.5558
14,60,26,0.9976,0.5525
14,61,25,0.9981,0.5495
14,62,24,0.9986,0.5468
14,63,23,0.9989,0.5440
14,64,22,0.9992,0.5411
14,65,21,0.9994,0.5379
14,66,20,0.9995,0.5342
14,67,19,0.9997,0.5300
14,68,18,0.9998,0.5252
14,69,17,0.9998,0.5196
14,70,16,0.9999,0.5131
14,71,15,0.9999,0.5058
14,72,14,0.9999,0.4975
14,73,13,1.0000,0.4883
14,74,12,1.0000,0.4781
14,75,11,1.0000,0.4670
14,76,10,1.0000,0.4549
14,77,9,1.0000,0.4418
14,78,8,1.0000,0.4278
14,79,7,1.0000,0.4129
14,80,6,1.0000,0.3971
14,81,5,1.0000,0.3805
14,82,4,1.0000,0.3630
14,83,3,1.0000,0.3447
14,84,2,1.0000,0.3258
14,85,1,1.0000,0.3062
14,86,0,1.0000,0.2862
15,0,85,1.0000,0.2922
15,1,84,1.0000,0.3122
15,2,83,1.0000,0.3316
15,3,82,1.0000,0.3505
15,4,81,1.0000,0.3687
15,5,80,1.0000,0.3861
15,6,79,1.0000,0.4028
15,7,78,1.0000,0.4187
15,8,77,1.0000,0.4338
15,9,76,1.0000,0.4480
15,10,75,1.0000,0.4614
15,11,74,1.0000,0.4738
15,12,73,1.0000,0.4854
15,13,72,0.9999,0.4960
15,14,71,0.9999,0.5058
15,15,70,0.9999,0.5146
15,16,69,0.9998,0.5226
15,17,68,0.9998,0.5298
15,18,67,0.9997,0.5361
15,19,66,0.9995,0.5417
15,20,65,0.9994,0.5468
15,21,64,0.9991,0.5512
15,22,63,0.9989,0.5553
15,23,62,0.9985,0.5591
15,24,61,0.9981,0.5628
15,25,60,0.9975,0.5665
15,26,59,0.9969,0.5703
15,27,58,0.9961,0.5746
15,28,57,0.9953,0.5794
15,29,56,0.9943,0.5850
15,30,55,0.9933,0.5913
15,31,54,0.9921,0.5986
15,32,53,0.9910,0.6069
15,33,52,0.9898,0.6159
15,34,51,0.9886,0.6257
15,35,50,0.9875,0.6360
15,36,49,0.9864,0.6463
15,37,48,0.9855,0.6564
15,38,47,0.9846,0.6658
15,39,46,0.9839,0.6739
15,40,45,0.9834,0.6805
15,41,44,0.9831,0.6851
15,42,43,0.9829,0.6875
15,43,42,0.9829,0.6875
15,44,41,0.9831,0.6851
15,45,40,0.9834,0.6805
15,46,39,0.9839,0.6739
15,47,38,0.9846,0.6658
15,48,37,0.9855,0.6564
15,49,36,0.9864,0.6463
15,50,35,0.9875,0.6360
15,51,34,0.9886,0.6257
15,52,33,0.9898,0.6159
15,53,32,0.9910,0.6069
15,54,31,0.9921,0.5986
15,55,30,0.9933,0.5913
15,56,29,0.9943,0.5850
15,57,28,0.9953,0.5794
15,58,27,0.9961,0.5746
15,59,26,0.9969,0.5703
15,60,25,0.9975,0.5665
15,61,24,0.9981,0.5628
15,62,23,0.9985,0.5591
15,63,22,0.9989,0.5553
15,64,21,0.9991,0.5512
15,65,20,0.9994,0.5468
15,66,19,0.9995,0.5417
15,67,18,0.9997,0.5361
15,68,17,0.9998,0.5298
15,69,16,0.9998,0.5226
15,70,15,0.9999,0.5146
15,71,14,0.9999,0.5058
15,72,13,0.9999,0.4960
15,73,12,1.0000,0.4854
15,74,11,1.0000,0.4738
15,75,10,1.0000,0.4614
15,76,9,1.0000,0.4480
15,77,8,1.0000,0.4338
15,78,7,1.0000,0.4187
15,79,6,1.0000,0.4028
15,80,5,1.0000,0.3861
15,81,4,1.0000,0.3687
15,82,3,1.0000,0.3505
15,83,2,1.0000,0.3316
15,84,1,1.0000,0.3122
15,85,0,1.0000,0.2922
16,0,84,1.0000,0.2970
16,1,83,1.0000,0.3168
16,2,82,1.0000,0.3361
16,3,81,1.0000,0.3549
16,4,80,1.0000,0.3730
16,5,79,1.0000,0.3905
16,6,78,1.0000,0.4073
16,7,77,1.0000,0.4233
16,8,76,1.0000,0.4385
16,9,75,1.0000,0.4530
16,10,74,1.0000,0.4667
16,11,73,1.0000,0.4796
16,12,72,0.9999,0.4916
16,13,71,0.9999,0.5028
16,14,70,0.9999,0.5131
16,15,69,0.9998,0.5226
16,16,68,0.9998,0.5313
16,17,67,0.9997,0.5392
16,18,66,0.9995,0.5463
16,19,65,0.9993,0.5527
16,20,64,0.9991,0.5586
16,21,63,0.9988,0.5640
16,22,62,0.9984,0.5689
16,23,61,0.9980,0.5736
16,24,60,0.9974,0.5782
16,25,59,0.9967,0.5829
16,26,58,0.9959,0.5877
16,27,57,0.9950,0.5930
16,28,56,0.9939,0.5988
16,29,55,0.9928,0.6053
16,30,54,0.9915,0.6127
16,31,53,0.9901,0.6209
16,32,52,0.9888,0.6299
16,33,51,0.9874,0.6397
16,34,50,0.9860,0.6501
16,35,49,0.9847,0.6606
16,36,48,0.9835,0.6711
16,37,47,0.9825,0.6810
16,38,46,0.9816,0.6899
16,39,45,0.9809,0.6974
16,40,44,0.9804,0.7031
16,41,43,0.9801,0.7066
16,42,42,0.9800,0.7078
16,43,41,0.9801,0.7066
16,44,40,0.9804,0.7031
16,45,39,0.9809,0.6974
16,46,38,0.9816,0.6899
16,47,37,0.9825,0.6810
16,48,36,0.9835,0.6711
16,49,35,0.9847,0.6606
16,50,34,0.9860,0.6501
16,51,33,0.9874,0.6397
16,52,32,0.9888,0.6299
16,53,31,0.9901,0.6209
16,54,30,0.9915,0.6127
16,55,29,0.9928,0.6053
16,56,28,0.9939,0.5988
16,57,27,0.9950,0.5930
16,58,26,0.9959,0.5877
16,59,25,0.9967,0.5829
16,60,24,0.9974,0.5782
16,61,23,0.9980,0.5736
16,62,22,0.9984,0.5689
16,63,21,0.9988,0.5640
16,64,20,0.9991,0.5586
16,65,19,0.9993,0.5527
16,66,18,0.9995,0.5463
16,67,17,0.9997,0.5392
16,68,16,0.9998,0.5313
16,69,15,0.9998,0.5226
16,70,14,0.9999,0.5131
16,71,13,0.9999,0.5028
16,72,12,0.9999,0.4916
16,73,11,1.0000,0.4796
16,74,10,1.0000,0.4667
16,75,9,1.0000,0.4530
16,76,8,1.0000,0.4385
16,77,7,1.0000,0.4233
16,78,6,1.0000,0.4073
16,79,5,1.0000,0.3905
16,80,4,1.0000,0.3730
16,81,3,1.0000,0.3549
16,82,2,1.0000,0.3361
16,83,1,1.0000,0.3168
16,84,0,1.0000,0.2970
17,0,83,1.0000,0.3004
17,1,82,1.0000,0.3201
17,2,81,1.0000,0.3393
17,3,80,1.0000,0.3580
17,4,79,1.0000,0.3761
17,5,78,1.0000,0.3936
17,6,77,1.0000,0.4104
17,7,76,1.0000,0.4266
17,8,75,1.0000,0.4421
17,9,74,1.0000,0.4569
17,10,73,1.0000,0.4710
17,11,72,0.9999,0.4843
17,12,71,0.9999,0.4968
17,13,70,0.9999,0.5086
17,14,69,0.9998,0.5196
17,15,68,0.9998,0.5298
17,16,67,0.9997,0.5392
17,17,66,0.9995,0.5478
17,18,65,0.9993,0.5558
17,19,64,0.9991,0.5631
17,20,63,0.9988,0.5698
17,21,62,0.9984,0.5761
17,22,61,0.9979,0.5819
17,23,60,0.9973,0.5876
17,24,59,0.9966,0.5932
17,25,58,0.9957,0.5988
17,26,57,0.9947,0.6047
17,27,56,0.9936,0.6110
17,28,55,0.9923,0.6179
17,29,54,0.9909,0.6255
17,30,53,0.9894,0.6339
17,31,52,0.9878,0.6430
17,32,51,0.9862,0.6530
17,33,50,0.9846,0.6635
17,34,49,0.9830,0.6743
17,35,48,0.9816,0.6852
17,36,47,0.9803,0.6957
17,37,46,0.9792,0.7054
17,38,45,0.9782,0.7139
17,39,44,0.9775,0.7206
17,40,43,0.9771,0.7253
17,41,42,0.9768,0.7278
17,42,41,0.9768,0.7278
17,43,40,0.9771,0.7253
17,44,39,0.9775,0.7206
17,45,38,0.9782,0.7139
17,46,37,0.9792,0.7054
17,47,36,0.9803,0.6957
17,48,35,0.9816,0.6852
17,49,34,0.9830,0.6743
17,50,33,0.9846,0.6635
17,51,32,0.9862,0.6530
17,52,31,0.9878,0.6430
17,53,30,0.9894,0.6339
17,54,29,0.9909,0.6255
17,55,28,0.9923,0.6179
17,56,27,0.9936,0.6110
17,57,26,0.9947,0.6047
17,58,25,0.9957,0.5988
17,59,24,0.9966,0.5932
17,60,23,0.9973,0.5876
17,61,22,0.9979,0.5819
17,62,21,0.9984,0.5761
17,63,20,0.9988,0.5698
17,64,19,0.9991,0.5631
17,65,18,0.9993,0.5558
17,66,17,0.9995,0.5478
17,67,16,0.9997,0.5392
17,68,15,0.9998,0.5298
17,69,14,0.9998,0.5196
17,70,13,0.9999,0.5086
17,71,12,0.9999,0.4968
17,72,11,0.9999,0.4843
17,73,10,1.0000,0.4710
17,74,9,1.0000,0.4569
17,75,8,1.0000,0.4421
17,76,7,1.0000,0.4266
17,77,6,1.0000,0.4104
17,78,5,1.0000,0.3936
17,79,4,1.0000,0.3761
17,80,3,1.0000,0.3580
17,81,2,1.0000,0.3393
17,82,1,1.0000,0.3201
17,83,0,1.0000,0.3004
18,0,82,1.0000,0.3026
18,1,81,1.0000,0.3221
18,2,80,1.0000,0.3412
18,3,79,1.0000,0.3598
18,4,78,1.0000,0.3778
18,5,77,1.0000,0.3954
18,6,76,1.0000,0.4123
18,7,75,1.0000,0.4287
18,8,74,1.0000,0.4445
18,9,73,1.0000,0.4597
18,10,72,0.9999,0.4742
18,11,71,0.9999,0.4880
18,12,70,0.9999,0.5011
18,13,69,0.9998,0.5135
18,14,68,0.9998,0.5252
18,15,67,0.9997,0.5361
18,16,66,0.9995,0.5463
18,17,65,0.9993,0.5558
18,18,64,0.9991,0.5646
18,19,63,0.9988,0.5727
18,20,62,0.9984,0.5804
18,21,61,0.9979,0.5876
18,22,60,0.9973,0.5944
18,23,59,0.9965,0.6011
18,24,58,0.9956,0.6077
18,25,57,0.9945,0.6144
18,26,56,0.9933,0.6214
18,27,55,0.9919,0.6288
18,28,54,0.9903,0.6368
18,29,53,0.9886,0.6455
18,30,52,0.9869,0.6550
18,31,51,0.9850,0.6652
18,32,50,0.9832,0.6761
18,33,49,0.9814,0.6873
18,34,48,0.9797,0.6987
18,35,47,0.9781,0.7099
18,36,46,0.9767,0.7204
18,37,45,0.9756,0.7298
18,38,44,0.9746,0.7377
18,39,43,0.9739,0.7437
18,40,42,0.9735,0.7474
18,41,41,0.9734,0.7486
18,42,40,0.9735,0.7474
18,43,39,0.9739,0.7437
18,44,38,0.9746,0.7377
18,45,37,0.9756,0.7298
18,46,36,0.9767,0.7204
18,47,35,0.9781,0.7099
18,48,34,0.9797,0.6987
18,49,33,0.9814,0.6873
18,50,32,0.9832,0.6761
18,51,31,0.9850,0.6652
18,52,30,0.9869,0.6550
18,53,29,0.9886,0.6455
18,54,28,0.9903,0.6368
18,55,27,0.9919,0.6288
18,56,26,0.9933,0.6214
18,57,25,0.9945,0.6144
18,58,24,0.9956,0.6077
18,59,23,0.9965,0.6011
18,60,22,0.9973,0.5944
18,61,21,0.9979,0.5876
18,62,20,0.9984,0.5804
18,63,19,0.9988,0.5727
18,64,18,0.9991,0.5646
18,65,17,0.9993,0.5558
18,66,16,0.9995,0.5463
18,67,15,0.9997,0.5361
18,68,14,0.9998,0.5252
18,69,13,0.9998,0.5135
18,70,12,0.9999,0.5011
18,71,11,0.9999,0.4880
18,72,10,0.9999,0.4742
18,73,9,1.0000,0.4597
18,74,8,1.0000,0.4445
18,75,7,1.0000,0.4287
18,76,6,1.0000,0.4123
18,77,5,1.0000,0.3954
18,78,4,1.0000,0.3778
18,79,3,1.0000,0.3598
18,80,2,1.0000,0.3412
18,81,1,1.0000,0.3221
18,82,0,1.0000,0.3026
19,0,81,1.0000,0.3035
19,1,80,1.0000,0.3228
19,2,79,1.0000,0.3418
19,3,78,1.0000,0.3603
19,4,77,1.0000,0.3783
19,5,76,1.0000,0.3960
19,6,75,1.0000,0.4131
19,7,74,1.0000,0.4297
19,8,73,1.0000,0.4459
19,9,72,0.9999,0.4614
19,10,71,0.9999,0.4764
19,11,70,0.9999,0.4908
19,12,69,0.9998,0.5046
19,13,68,0.9998,0.5176
19,14,67,0.9997,0.5300
19,15,66,0.9995,0.5417
19,16,65,0.9993,0.5527
19,17,64,0.9991,0.5631
19,18,63,0.9988,0.5727
19,19,62,0.9984,0.5818
19,20,61,0.9979,0.5904
19,21,60,0.9972,0.5986
19,22,59,0.9964,0.6064
19,23,58,0.9955,0.6141
19,24,57,0.9943,0.6218
19,25,56,0.9930,0.6296
19,26,55,0.9915,0.6378
19,27,54,0.9898,0.6464
19,28,53,0.9880,0.6557
19,29,52,0.9860,0.6657
19,30,51,0.9840,0.6763
19,31,50,0.9819,0.6876
19,32,49,0.9799,0.6994
19,33,48,0.9779,0.7115
19,34,47,0.9760,0.7234
19,35,46,0.9743,0.7348
19,36,45,0.9729,0.7453
19,37,44,0.9717,0.7544
19,38,43,0.9707,0.7616
19,39,42,0.9701,0.7667
19,40,41,0.9698,0.7692
19,41,40,0.9698,0.7692
19,42,39,0.9701,0.7667
19,43,38,0.9707,0.7616
19,44,37,0.9717,0.7544
19,45,36,0.9729,0.7453
19,46,35,0.9743,0.7348
19,47,34,0.9760,0.7234
19,48,33,0.9779,0.7115
19,49,32,0.9799,0.6994
19,50,31,0.9819,0.6876
19,51,30,0.9840,0.6763
19,52,29,0.9860,0.6657
19,53,28,0.9880,0.6557
19,54,27,0.9898,0.6464
19,55,26,0.9915,0.6378
19,56,25,0.9930,0.6296
19,57,24,0.9943,0.6218
19,58,23,0.9955,0.6141
19,59,22,0.9964,0.6064
19,60,21,0.9972,0.5986
19,61,20,0.9979,0.5904
19,62,19,0.9984,0.5818
19,63,18,0.9988,0.5727
19,64,17,0.9991,0.5631
19,65,16,0.9993,0.5527
19,66,15,0.9995,0.5417
19,67,14,0.9997,0.5300
19,68,13,0.9998,0.5176
19,69,12,0.9998,0.5046
19,70,11,0.9999,0.4908
19,71,10,0.9999,0.4764
19,72,9,0.9999,0.4614
19,73,8,1.0000,0.4459
19,74,7,1.0000,0.4297
19,75,6,1.0000,0.4131
19,76,5,1.0000,0.3960
19,77,4,1.0000,0.3783
19,78,3,1.0000,0.3603
19,79,2,1.0000,0.3418
19,80,1,1.0000,0.3228
19,81,0,1.0000,0.3035
20,0,80,1.0000,0.3032
20,1,79,1.0000,0.3223
20,2,78,1.0000,0.3411
20,3,77,1.0000,0.3596
20,4,76,1.0000,0.3777
20,5,75,1.0000,0.3955
20,6,74,1.0000,0.4128
20,7,73,1.0000,0.4297
20,8,72,1.0000,0.4462
20,9,71,0.9999,0.4623
20,10,70,0.9999,0.4778
20,11,69,0.9998,0.4928
20,12,68,0.9998,0.5073
20,13,67,0.9997,0.5211
20,14,66,0.9995,0.5342
20,15,65,0.9994,0.5468
20,16,64,0.9991,0.5586
20,17,63,0.9988,0.5698
20,18,62,0.9984,0.5804
20,19,61,0.9979,0.5904
20,20,60,0.9972,0.5999
20,21,59,0.9964,0.6091
20,22,58,0.9954,0.6180
20,23,57,0.9942,0.6268
20,24,56,0.9929,0.6356
20,25,55,0.9913,0.6447
20,26,54,0.9895,0.6542
20,27,53,0.9875,0.6642
20,28,52,0.9853,0.6748
20,29,51,0.9831,0.6860
20,30,50,0.9808,0.6980
20,31,49,0.9784,0.7104
20,32,48,0.9762,0.7232
20,33,47,0.9740,0.7360
20,34,46,0.9720,0.7484
20,35,45,0.9703,0.7600
20,36,44,0.9688,0.7704
20,37,43,0.9676,0.7790
20,38,42,0.9667,0.7855
20,39,41,0.9662,0.7895
20,40,40,0.9660,0.7909
20,41,39,0.9662,0.7895
20,42,38,0.9667,0.7855
20,43,37,0.9676,0.7790
20,44,36,0.9688,0.7704
20,45,35,0.9703,0.7600
20,46,34,0.9720,0.7484
20,47,33,0.9740,0.7360
20,48,32,0.9762,0.7232
20,49,31,0.9784,0.7104
20,50,30,0.9808,0.6980
20,51,29,0.9831,0.6860
20,52,28,0.9853,0.6748
20,53,27,0.9875,0.6642
20,54,26,0.9895,0.6542
20,55,25,0.9913,0.6447
20,56,24,0.9929,0.6356
20,57,23,0.9942,0.6268
20,58,22,0.9954,0.6180
20,59,21,0.9964,0.6091
20,60,20,0.9972,0.5999
20,61,19,0.9979,0.5904
20,62,18,0.9984,0.5804
20,63,17,0.9988,0.5698
20,64,16,0.9991,0.5586
20,65,15,0.9994,0.5468
20,66,14,0.9995,0.5342
20,67,13,0.9997,0.5211
20,68,12,0.9998,0.5073
20,69,11,0.9998,0.4928
20,70,10,0.9999,0.4778
20,71,9,0.9999,0.4623
20,72,8,1.0000,0.4462
20,73,7,1.0000,0.4297
20,74,6,1.0000,0.4128
20,75,5,1.0000,0.3955
20,76,4,1.0000,0.3777
20,77,3,1.0000,0.3596
20,78,2,1.0000,0.3411
20,79,1,1.0000,0.3223
20,80,0,1.0000,0.3032
21,0,79,1.0000,0.3018
21,1,78,1.0000,0.3207
21,2,77,1.0000,0.3394
21,3,76,1.0000,0.3578
21,4,75,1.0000,0.3760
21,5,74,1.0000,0.3939
21,6,73,1.0000,0.4115
21,7,72,1.0000,0.4288
21,8,71,0.9999,0.4458
21,9,70,0.9999,0.4624
21,10,69,0.9998,0.4785
21,11,68,0.9998,0.4942
21,12,67,0.9997,0.5093
21,13,66,0.9996,0.5239
21,14,65,0.9994,0.5379
21,15,64,0.9991,0.5512
21,16,63,0.9988,0.5640
21,17,62,0.9984,0.5761
21,18,61,0.9979,0.5876
21,19,60,0.9972,0.5986
21,20,59,0.9964,0.6091
21,21,58,0.9954,0.6193
21,22,57,0.9942,0.6293
21,23,56,0.9927,0.6393
21,24,55,0.9911,0.6494
21,25,54,0.9892,0.6598
21,26,53,0.9871,0.6707
21,27,52,0.9848,0.6821
21,28,51,0.9823,0.6941
21,29,50,0.9798,0.7068
21,30,49,0.9772,0.7201
21,31,48,0.9746,0.7337
21,32,47,0.9722,0.7475
21,33,46,0.9699,0.7610
21,34,45,0.9678,0.7739
21,35,44,0.9660,0.7856
21,36,43,0.9645,0.7957
21,37,42,0.9634,0.8037
21,38,41,0.9626,0.8093
21,39,40,0.9622,0.8121
21,40,39,0.9622,0.8121
21,41,38,0.9626,0.8093
21,42,37,0.9634,0.8037
21,43,36,0.9645,0.7957
21,44,35,0.9660,0.7856
21,45,34,0.9678,0.7739
21,46,33,0.9699,0.7610
21,47,32,0.9722,0.7475
21,48,31,0.9746,0.7337
21,49,30,0.9772,0.7201
21,50,29,0.9798,0.7068
21,51,28,0.9823,0.6941
21,52,27,0.9848,0.6821
21,53,26,0.9871,0.6707
21,54,25,0.9892,0.6598
21,55,24,0.9911,0.6494
21,56,23,0.9927,0.6393
21,57,22,0.9942,0.6293
21,58,21,0.9954,0.6193
21,59,20,0.9964,0.6091
21,60,19,0.9972,0.5986
21,61,18,0.9979,0.5876
21,62,17,0.9984,0.5761
21,63,16,0.9988,0.5640
21,64,15,0.9991,0.5512
21,65,14,0.9994,0.5379
21,66,13,0.9996,0.5239
21,67,12,0.9997,0.5093
21,68,11,0.9998,0.4942
21,69,10,0.9998,0.4785
21,70,9,0.9999,0.4624
21,71,8,0.9999,0.4458
21,72,7,1.0000,0.4288
21,73,6,1.0000,0.4115
21,74,5,1.0000,0.3939
21,75,4,1.0000,0.3760
21,76,3,1.0000,0.3578
21,77,2,1.0000,0.3394
21,78,1,1.0000,0.3207
21,79,0,1.0000,0.3018
22,0,78,1.0000,0.2993
22,1,77,1.0000,0.3180
22,2,76,1.0000,0.3366
22,3,75,1.0000,0.3551
22,4,74,1.0000,0.3734
22,5,73,1.0000,0.3915
22,6,72,1.0000,0.4095
22,7,71,0.9999,0.4272
22,8,70,0.9999,0.4447
22,9,69,0.9999,0.4618
22,10,68,0.9998,0.4786
22,11,67,0.9997,0.4950
22,12,66,0.9996,0.5109
22,13,65,0.9994,0.5263
22,14,64,0.9992,0.5411
22,15,63,0.9989,0.5553
22,16,62,0.9984,0.5689
22,17,61,0.9979,0.5819
22,18,60,0.9973,0.5944
22,19,59,0.9964,0.6064
22,20,58,0.9954,0.6180
22,21,57,0.9942,0.6293
22,22,56,0.9927,0.6406
22,23,55,0.9910,0.6518
22,24,54,0.9890,0.6633
22,25,53,0.9868,0.6751
22,26,52,0.9844,0.6875
22,27,51,0.9817,0.7004
22,28,50,0.9790,0.7140
22,29,49,0.9762,0.7282
22,30,48,0.9733,0.7428
22,31,47,0.9706,0.7576
22,32,46,0.9680,0.7724
22,33,45,0.9656,0.7865
22,34,44,0.9635,0.7997
22,35,43,0.9617,0.8114
22,36,42,0.9602,0.8210
22,37,41,0.9592,0.8283
22,38,40,0.9586,0.8328
22,39,39,0.9583,0.8343
22,40,38,0.9586,0.8328
22,41,37,0.9592,0.8283
22,42,36,0.9602,0.8210
22,43,35,0.9617,0.8114
22,44,34,0.9635,0.7997
22,45,33,0.9656,0.7865
22,46,32,0.9680,0.7724
22,47,31,0.9706,0.7576
22,48,30,0.9733,0.7428
22,49,29,0.9762,0.7282
22,50,28,0.9790,0.7140
22,51,27,0.9817,0.7004
22,52,26,0.9844,0.6875
22,53,25,0.9868,0.6751
22,54,24,0.9890,0.6633
22,55,23,0.9910,0.6518
22,56,22,0.9927,0.6406
22,57,21,0.9942,0.6293
22,58,20,0.9954,0.6180
22,59,19,0.9964,0.6064
22,60,18,0.9973,0.5944
22,61,17,0.9979,0.5819
22,62,16,0.9984,0.5689
22,63,15,0.9989,0.5553
22,64,14,0.9992,0.5411
22,65,13,0.9994,0.5263
22,66,12,0.9996,0.5109
22,67,11,0.9997,0.4950
22,68,10,0.9998,0.4786
22,69,9,0.9999,0.4618
22,70,8,0.9999,0.4447
22,71,7,0.9999,0.4272
22,72,6,1.0000,0.4095
22,73,5,1.0000,0.3915
22,74,4,1.0000,0.3734
22,75,3,1.0000,0.3551
22,76,2,1.0000,0.3366
22,77,1,1.0000,0.3180
22,78,0,1.0000,0.2993
23,0,77,1.0000,0.2958
23,1,76,1.0000,0.3144
23,2,75,1.0000,0.3330
23,3,74,1.0000,0.3515
23,4,73,1.0000,0.3700
23,5,72,1.0000,0.3884
23,6,71,0.9999,0.4068
23,7,70,0.9999,0.4250
23,8,69,0.9999,0.4430
23,9,68,0.9998,0.4608
23,10,67,0.9997,0.4783
23,11,66,0.9996,0.4954
23,12,65,0.9994,0.5121
23,13,64,0.9992,0.5283
23,14,63,0.9989,0.5440
23,15,62,0.9985,0.5591
23,16,61,0.9980,0.5736
23,17,60,0.9973,0.5876
23,18,59,0.9965,0.6011
23,19,58,0.9955,0.6141
23,20,57,0.9942,0.6268
23,21,56,0.9927,0.6393
23,22,55,0.9910,0.6518
23,23,54,0.9890,0.6644
23,24,53,0.9867,0.6774
23,25,52,0.9841,0.6908
23,26,51,0.9813,0.7047
23,27,50,0.9784,0.7193
23,28,49,0.9754,0.7345
23,29,48,0.9723,0.7502
23,30,47,0.9693,0.7662
23,31,46,0.9663,0.7821
23,32,45,0.9636,0.7977
23,33,44,0.9612,0.8124
23,34,43,0.9591,0.8257
23,35,42,0.9573,0.8372
23,36,41,0.9560,0.8462
23,37,40,0.9551,0.8525
23,38,39,0.9546,0.8557
23,39,38,0.9546,0.8557
23,40,37,0.9551,0.8525
23,41,36,0.9560,0.8462
23,42,35,0.9573,0.8372
23,43,34,0.9591,0.8257
23,44,33,0.9612,0.8124
23,45,32,0.9636,0.7977
23,46,31,0.9663,0.7821
23,47,30,0.9693,0.7662
23,48,29,0.9723,0.7502
23,49,28,0.9754,0.7345
23,50,27,0.9784,0.7193
23,51,26,0.9813,0.7047
23,52,25,0.9841,0.6908
23,53,24,0.9867,0.6774
23,54,23,0.9890,0.6644
23,55,22,0.9910,0.6518
23,56,21,0.9927,0.6393
23,57,20,0.9942,0.6268
23,58,19,0.9955,0.6141
23,59,18,0.9965,0.6011
23,60,17,0.9973,0.5876
23,61,16,0.9980,0.5736
23,62,15,0.9985,0.5591
23,63,14,0.9989,0.5440
23,64,13,0.9992,0.5283
23,65,12,0.9994,0.5121
23,66,11,0.9996,0.4954
23,67,10,0.9997,0.4783
23,68,9,0.9998,0.4608
23,69,8,0.9999,0.4430
23,70,7,0.9999,0.4250
23,71,6,0.9999,0.4068
23,72,5,1.0000,0.3884
23,73,4,1.0000,0.3700
23,74,3,1.0000,0.3515
23,75,2,1.0000,0.3330
23,76,1,1.0000,0.3144
23,77,0,1.0000,0.2958
24,0,76,1.0000,0.2914
24,1,75,1.0000,0.3100
24,2,74,1.0000,0.3286
24,3,73,1.0000,0.3473
24,4,72,1.0000,0.3660
24,5,71,0.9999,0.3848
24,6,70,0.9999,0.4035
24,7,69,0.9999,0.4223
24,8,68,0.9998,0.4409
24,9,67,0.9997,0.4594
24,10,66,0.9996,0.4777
24,11,65,0.9994,0.4956
24,12,64,0.9992,0.5131
24,13,63,0.9989,0.5302
24,14,62,0.9986,0.5468
24,15,61,0.9981,0.5628
24,16,60,0.9974,0.5782
24,17,59,0.9966,0.5932
24,18,58,0.9956,0.6077
24,19,57,0.9943,0.6218
24,20,56,0.9929,0.6356
24,21,55,0.9911,0.6494
24,22,54,0.9890,0.6633
24,23,53,0.9867,0.6774
24,24,52,0.9840,0.6919
24,25,51,0.9811,0.7069
24,26,50,0.9781,0.7225
24,27,49,0.9748,0.7388
24,28,48,0.9715,0.7556
24,29,47,0.9682,0.7728
24,30,46,0.9650,0.7901
24,31,45,0.9620,0.8071
24,32,44,0.9592,0.8234
24,33,43,0.9568,0.8385
24,34,42,0.9547,0.8517
24,35,41,0.9531,0.8627
24,36,40,0.9519,0.8709
24,37,39,0.9511,0.8760
24,38,38,0.9509,0.8777
24,39,37,0.9511,0.8760
24,40,36,0.9519,0.8709
24,41,35,0.9531,0.8627
24,42,34,0.9547,0.8517
24,43,33,0.9568,0.8385
24,44,32,0.9592,0.8234
24,45,31,0.9620,0.8071
24,46,30,0.9650,0.7901
24,47,29,0.9682,0.7728
24,48,28,0.9715,0.7556
24,49,27,0.9748,0.7388
24,50,26,0.9781,0.7225
24,51,25,0.9811,0.7069
24,52,24,0.9840,0.6919
24,53,23,0.9867,0.6774
24,54,22,0.9890,0.6633
24,55,21,0.9911,0.6494
24,56,20,0.9929,0.6356
24,57,19,0.9943,0.6218
24,58,18,0.9956,0.6077
24,59,17,0.9966,0.5932
24,60,16,0.9974,0.5782
24,61,15,0.9981,0.5628
24,62,14,0.9986,0.5468
24,63,13,0.9989,0.5302
24,64,12,0.9992,0.5131
24,65,11,0.9994,0.4956
24,66,10,0.9996,0.4777
24,67,9,0.9997,0.4594
24,68,8,0.9998,0.4409
24,69,7,0.9999,0.4223
24,70,6,0.9999,0.4035
24,71,5,0.9999,0.3848
24,72,4,1.0000,0.3660
24,73,3,1.0000,0.3473
24,74,2,1.0000,0.3286
24,75,1,1.0000,0.3100
24,76,0,1.0000,0.2914
25,0,75,1.0000,0.2864
25,1,74,1.0000,0.3049
25,2,73,1.0000,0.3236
25,3,72,1.0000,0.3425
25,4,71,0.9999,0.3616
25,5,70,0.9999,0.3808
25,6,69,0.9999,0.4001
25,7,68,0.9998,0.4194
25,8,67,0.9997,0.4387
25,9,66,0.9996,0.4580
25,10,65,0.9995,0.4770
25,11,64,0.9993,0.4958
25,12,63,0.9990,0.5141
25,13,62,0.9986,0.5321
25,14,61,0.9981,0.5495
25,15,60,0.9975,0.5665
25,16,59,0.9967,0.5829
25,17,58,0.9957,0.5988
25,18,57,0.9945,0.6144
25,19,56,0.9930,0.6296
25,20,55,0.9913,0.6447
25,21,54,0.9892,0.6598
25,22,53,0.9868,0.6751
25,23,52,0.9841,0.6908
25,24,51,0.9811,0.7069
25,25,50,0.9779,0.7236
25,26,49,0.9745,0.7410
25,27,48,0.9710,0.7589
25,28,47,0.9675,0.7773
25,29,46,0.9641,0.7960
25,30,45,0.9607,0.8144
25,31,44,0.9577,0.8324
25,32,43,0.9549,0.8492
25,33,42,0.9525,0.8644
25,34,41,0.9505,0.8773
25,35,40,0.9490,0.8876
25,36,39,0.9480,0.8947
25,37,38,0.9475,0.8983
25,38,37,0.9475,0.8983
25,39,36,0.9480,0.8947
25,40,35,0.9490,0.8876
25,41,34,0.9505,0.8773
25,42,33,0.9525,0.8644
25,43,32,0.9549,0.8492
25,44,31,0.9577,0.8324
25,45,30,0.9607,0.8144
25,46,29,0.9641,0.7960
25,47,28,0.9675,0.7773
25,48,27,0.9710,0.7589
25,49,26,0.9745,0.7410
25,50,25,0.9779,0.7236
25,51,24,0.9811,0.7069
25,52,23,0.9841,0.6908
25,53,22,0.9868,0.6751
25,54,21,0.9892,0.6598
25,55,20,0.9913,0.6447
25,56,19,0.9930,0.6296
25,57,18,0.9945,0.6144
25,58,17,0.9957,0.5988
25,59,16,0.9967,0.5829
25,60,15,0.9975,0.5665
25,61,14,0.9981,0.5495
25,62,13,0.9986,0.5321
25,63,12,0.9990,0.5141
25,64,11,0.9993,0.4958
25,65,10,0.9995,0.4770
25,66,9,0.9996,0.4580
25,67,8,0.9997,0.4387
25,68,7,0.9998,0.4194
25,69,6,0.9999,0.4001
25,70,5,0.9999,0.3808
25,71,4,0.9999,0.3616
25,72,3,1.0000,0.3425
25,73,2,1.0000,0.3236
25,74,1,1.0000,0.3049
25,75,0,1.0000,0.2864
26,0,74,1.0000,0.2809
26,1,73,1.0000,0.2994
26,2,72,1.0000,0.3183
26,3,71,1.0000,0.3375
26,4,70,0.9999,0.3569
26,5,69,0.9999,0.3766
26,6,68,0.9998,0.3965
26,7,67,0.9998,0.4165
26,8,66,0.9997,0.4366
26,9,65,0.9995,0.4566
26,10,64,0.9993,0.4765
26,11,63,0.9991,0.4960
26,12,62,0.9987,0.5153
26,13,61,0.9982,0.5341
26,14,60,0.9976,0.5525
26,15,59,0.9969,0.5703
26,16,58,0.9959,0.5877
26,17,57,0.9947,0.6047
26,18,56,0.9933,0.6214
26,19,55,0.9915,0.6378
26,20,54,0.9895,0.6542
26,21,53,0.9871,0.6707
26,22,52,0.9844,0.6875
26,23,51,0.9813,0.7047
26,24,50,0.9781,0.7225
26,25,49,0.9745,0.7410
26,26,48,0.9709,0.7600
26,27,47,0.9672,0.7796
26,28,46,0.9635,0.7996
26,29,45,0.9599,0.8195
26,30,44,0.9565,0.8390
26,31,43,0.9534,0.8576
26,32,42,0.9507,0.8746
26,33,41,0.9484,0.8896
26,34,40,0.9466,0.9020
26,35,39,0.9453,0.9112
26,36,38,0.9445,0.9169
26,37,37,0.9442,0.9188
26,38,36,0.9445,0.9169
26,39,35,0.9453,0.9112
26,40,34,0.9466,0.9020
26,41,33,0.9484,0.8896
26,42,32,0.9507,0.8746
26,43,31,0.9534,0.8576
26,44,30,0.9565,0.8390
26,45,29,0.9599,0.8195
26,46,28,0.9635,0.7996
26,47,27,0.9672,0.7796
26,48,26,0.9709,0.7600
26,49,25,0.9745,0.7410
26,50,24,0.9781,0.7225
26,51,23,0.9813,0.7047
26,52,22,0.9844,0.6875
26,53,21,0.9871,0.6707
26,54,20,0.9895,0.6542
26,55,19,0.9915,0.6378
26,56,18,0.9933,0.6214
26,57,17,0.9947,0.6047
26,58,16,0.9959,0.5877
26,59,15,0.9969,0.5703
26,60,14,0.9976,0.5525
26,61,13,0.9982,0.5341
26,62,12,0.9987,0.5153
26,63,11,0.9991,0.4960
26,64,10,0.9993,0.4765
26,65,9,0.9995,0.4566
26,66,8,0.9997,0.4366
26,67,7,0.9998,0.4165
26,68,6,0.9998,0.3965
26,69,5,0.9999,0.3766
26,70,4,0.9999,0.3569
26,71,3,1.0000,0.3375
26,72,2,1.0000,0.3183
26,73,1,1.0000,0.2994
26,74,0,1.0000,0.2809
27,0,73,1.0000,0.2750
27,1,72,1.0000,0.2937
27,2,71,1.0000,0.3128
27,3,70,0.9999,0.3323
27,4,69,0.9999,0.3522
27,5,68,0.9998,0.3725
27,6,67,0.9998,0.3931
27,7,66,0.9997,0.4138
27,8,65,0.9996,0.4347
27,9,64,0.9994,0.4555
27,10,63,0.9991,0.4762
27,11,62,0.9988,0.4967
27,12,61,0.9984,0.5168
27,13,60,0.9978,0.5365
27,14,59,0.9971,0.5558
27,15,58,0.9961,0.5746
27,16,57,0.9950,0.5930
27,17,56,0.9936,0.6110
27,18,55,0.9919,0.6288
27,19,54,0.9898,0.6464
27,20,53,0.9875,0.6642
27,21,52,0.9848,0.6821
27,22,51,0.9817,0.7004
27,23,50,0.9784,0.7193
27,24,49,0.9748,0.7388
27,25,48,0.9710,0.7589
27,26,47,0.9672,0.7796
27,27,46,0.9633,0.8008
27,28,45,0.9594,0.8220
27,29,44,0.9558,0.8431
27,30,43,0.9524,0.8633
27,31,42,0.9494,0.8822
27,32,41,0.9468,0.8993
27,33,40,0.9447,0.9138
27,34,39,0.9430,0.9252
27,35,38,0.9419,0.9331
27,36,37,0.9414,0.9371
27,37,36,0.9414,0.9371
27,38,35,0.9419,0.9331
27,39,34,0.9430,0.9252
27,40,33,0.9447,0.9138
27,41,32,0.9468,0.8993
27,42,31,0.9494,0.8822
27,43,30,0.9524,0.8633
27,44,29,0.9558,0.8431
27,45,28,0.9594,0.8220
27,46,27,0.9633,0.8008
27,47,26,0.9672,0.7796
27,48,25,0.9710,0.7589
27,49,24,0.9748,0.7388
27,50,23,0.9784,0.7193
27,51,22,0.9817,0.7004
27,52,21,0.9848,0.6821
27,53,20,0.9875,0.6642
27,54,19,0.9898,0.6464
27,55,18,0.9919,0.6288
27,56,17,0.9936,0.6110
27,57,16,0.9950,0.5930
27,58,15,0.9961,0.5746
27,59,14,0.9971,0.5558
27,60,13,0.9978,0.5365
27,61,12,0.9984,0.5168
27,62,11,0.9988,0.4967
27,63,10,0.9991,0.4762
27,64,9,0.9994,0.4555
27,65,8,0.9996,0.4347
27,66,7,0.9997,0.4138
27,67,6,0.9998,0.3931
27,68,5,0.9998,0.3725
27,69,4,0.9999,0.3522
27,70,3,0.9999,0.3323
27,71,2,1.0000,0.3128
27,72,1,1.0000,0.2937
27,73,0,1.0000,0.2750
28,0,72,1.0000,0.2690
28,1,71,1.0000,0.2879
28,2,70,0.9999,0.3073
28,3,69,0.9999,0.3273
28,4,68,0.9999,0.3478
28,5,67,0.9998,0.3687
28,6,66,0.9997,0.3900
28,7,65,0.9996,0.4116
28,8,64,0.9994,0.4332
28,9,63,0.9992,0.4549
28,10,62,0.9989,0.4765
28,11,61,0.9985,0.4978
28,12,60,0.9979,0.5189
28,13,59,0.9972,0.5395
28,14,58,0.9964,0.5597
28,15,57,0.9953,0.5794
28,16,56,0.9939,0.5988
28,17,55,0.9923,0.6179
28,18,54,0.9903,0.6368
28,19,53,0.9880,0.6557
28,20,52,0.9853,0.6748
28,21,51,0.9823,0.6941
28,22,50,0.9790,0.7140
28,23,49,0.9754,0.7345
28,24,48,0.9715,0.7556
28,25,47,0.9675,0.7773
28,26,46,0.9635,0.7996
28,27,45,0.9594,0.8220
28,28,44,0.9556,0.8444
28,29,43,0.9519,0.8662
28,30,42,0.9486,0.8869
28,31,41,0.9457,0.9059
28,32,40,0.9432,0.9225
28,33,39,0.9413,0.9361
28,34,38,0.9399,0.9463
28,35,37,0.9390,0.9526
28,36,36,0.9387,0.9547
28,37,35,0.9390,0.9526
28,38,34,0.9399,0.9463
28,39,33,0.9413,0.9361
28,40,32,0.9432,0.9225
28,41,31,0.9457,0.9059
28,42,30,0.9486,0.8869
28,43,29,0.9519,0.8662
28,44,28,0.9556,0.8444
28,45,27,0.9594,0.8220
28,46,26,0.9635,0.7996
28,47,25,0.9675,0.7773
28,48,24,0.9715,0.7556
28,49,23,0.9754,0.7345
28,50,22,0.9790,0.7140
28,51,21,0.9823,0.6941
28,52,20,0.9853,0.6748
28,53,19,0.9880,0.6557
28,54,18,0.9903,0.6368
28,55,17,0.9923,0.6179
28,56,16,0.9939,0.5988
28,57,15,0.9953,0.5794
28,58,14,0.9964,0.5597
28,59,13,0.9972,0.5395
28,60,12,0.9979,0.5189
28,61,11,0.9985,0.4978
28,62,10,0.9989,0.4765
28,63,9,0.9992,0.4549
28,64,8,0.9994,0.4332
28,65,7,0.9996,0.4116
28,66,6,0.9997,0.3900
28,67,5,0.9998,0.3687
28,68,4,0.9999,0.3478
28,69,3,0.9999,0.3273
28,70,2,0.9999,0.3073
28,71,1,1.0000,0.2879
28,72,0,1.0000,0.2690
29,0,71,1.0000,0.2631
29,1,70,0.9999,0.2823
29,2,69,0.9999,0.3022
29,3,68,0.9999,0.3227
29,4,67,0.9998,0.3438
29,5,66,0.9997,0.3655
29,6,65,0.9996,0.3876
29,7,64,0.9995,0.4099
29,8,63,0.9993,0.4325
29,9,62,0.9990,0.4551
29,10,61,0.9986,0.4775
29,11,60,0.9981,0.4997
29,12,59,0.9975,0.5217
29,13,58,0.9966,0.5432
29,14,57,0.9956,0.5643
29,15,56,0.9943,0.5850
29,16,55,0.9928,0.6053
29,17,54,0.9909,0.6255
29,18,53,0.9886,0.6455
29,19,52,0.9860,0.6657
29,20,51,0.9831,0.6860
29,21,50,0.9798,0.7068
29,22,49,0.9762,0.7282
29,23,48,0.9723,0.7502
29,24,47,0.9682,0.7728
29,25,46,0.9641,0.7960
29,26,45,0.9599,0.8195
29,27,44,0.9558,0.8431
29,28,43,0.9519,0.8662
29,29,42,0.9484,0.8885
29,30,41,0.9452,0.9092
29,31,40,0.9424,0.9278
29,32,39,0.9401,0.9436
29,33,38,0.9384,0.9561
29,34,37,0.9372,0.9646
29,35,36,0.9366,0.9690
29,36,35,0.9366,0.9690
29,37,34,0.9372,0.9646
29,38,33,0.9384,0.9561
29,39,32,0.9401,0.9436
29,40,31,0.9424,0.9278
29,41,30,0.9452,0.9092
29,42,29,0.9484,0.8885
29,43,28,0.9519,0.8662
29,44,27,0.9558,0.8431
29,45,26,0.9599,0.8195
29,46,25,0.9641,0.7960
29,47,24,0.9682,0.7728
29,48,23,0.9723,0.7502
29,49,22,0.9762,0.7282
29,50,21,0.9798,0.7068
29,51,20,0.9831,0.6860
29,52,19,0.9860,0.6657
29,53,18,0.9886,0.6455
29,54,17,0.9909,0.6255
29,55,16,0.9928,0.6053
29,56,15,0.9943,0.5850
29,57,14,0.9956,0.5643
29,58,13,0.9966,0.5432
29,59,12,0.9975,0.5217
29,60,11,0.9981,0.4997
29,61,10,0.9986,0.4775
29,62,9,0.9990,0.4551
29,63,8,0.9993,0.4325
29,64,7,0.9995,0.4099
29,65,6,0.9996,0.3876
29,66,5,0.9997,0.3655
29,67,4,0.9998,0.3438
29,68,3,0.9999,0.3227
29,69,2,0.9999,0.3022
29,70,1,0.9999,0.2823
29,71,0,1.0000,0.2631
30,0,70,0.9999,0.2575
30,1,69,0.9999,0.2771
30,2,68,0.9999,0.2975
30,3,67,0.9998,0.3187
30,4,66,0.9998,0.3406
30,5,65,0.9997,0.3630
30,6,64,0.9995,0.3859
30,7,63,0.9993,0.4092
30,8,62,0.9991,0.4326
30,9,61,0.9987,0.4561
30,10,60,0.9983,0.4795
30,11,59,0.9977,0.5026
30,12,58,0.9969,0.5253
30,13,57,0.9959,0.5477
30,14,56,0.9947,0.5697
30,15,55,0.9933,0.5913
30,16,54,0.9915,0.6127
30,17,53,0.9894,0.6339
30,18,52,0.9869,0.6550
30,19,51,0.9840,0.6763
30,20,50,0.9808,0.6980
30,21,49,0.9772,0.7201
30,22,48,0.9733,0.7428
30,23,47,0.9693,0.7662
30,24,46,0.9650,0.7901
30,25,45,0.9607,0.8144
30,26,44,0.9565,0.8390
30,27,43,0.9524,0.8633
30,28,42,0.9486,0.8869
30,29,41,0.9452,0.9092
30,30,40,0.9421,0.9296
30,31,39,0.9395,0.9475
30,32,38,0.9375,0.9621
30,33,37,0.9360,0.9730
30,34,36,0.9351,0.9797
30,35,35,0.9348,0.9819
30,36,34,0.9351,0.9797
30,37,33,0.9360,0.9730
30,38,32,0.9375,0.9621
30,39,31,0.9395,0.9475
30,40,30,0.9421,0.9296
30,41,29,0.9452,0.9092
30,42,28,0.9486,0.8869
30,43,27,0.9524,0.8633
30,44,26,0.9565,0.8390
30,45,25,0.9607,0.8144
30,46,24,0.9650,0.7901
30,47,23,0.9693,0.7662
30,48,22,0.9733,0.7428
30,49,21,0.9772,0.7201
30,50,20,0.9808,0.6980
30,51,19,0.9840,0.6763
30,52,18,0.9869,0.6550
30,53,17,0.9894,0.6339
30,54,16,0.9915,0.6127
30,55,15,0.9933,0.5913
30,56,14,0.9947,0.5697
30,57,13,0.9959,0.5477
30,58,12,0.9969,0.5253
30,59,11,0.9977,0.5026
30,60,10,0.9983,0.4795
30,61,9,0.9987,0.4561
30,62,8,0.9991,0.4326
30,63,7,0.9993,0.4092
30,64,6,0.9995,0.3859
30,65,5,0.9997,0.3630
30,66,4,0.9998,0.3406
30,67,3,0.9998,0.3187
30,68,2,0.9999,0.2975
30,69,1,0.9999,0.2771
30,70,0,0.9999,0.2575
31,0,69,0.9999,0.2524
31,1,68,0.9999,0.2726
31,2,67,0.9999,0.2937
31,3,66,0.9998,0.3156
31,4,65,0.9997,0.3382
31,5,64,0.9996,0.3616
31,6,63,0.9994,0.3854
31,7,62,0.9992,0.4095
31,8,61,0.9988,0.4339
31,9,60,0.9984,0.4583
31,10,59,0.9979,0.4825
31,11,58,0.9972,0.5064
31,12,57,0.9963,0.5301
31,13,56,0.9952,0.5533
31,14,55,0.9938,0.5761
31,15,54,0.9921,0.5986
31,16,53,0.9901,0.6209
31,17,52,0.9878,0.6430
31,18,51,0.9850,0.6652
31,19,50,0.9819,0.6876
31,20,49,0.9784,0.7104
31,21,48,0.9746,0.7337
31,22,47,0.9706,0.7576
31,23,46,0.9663,0.7821
31,24,45,0.9620,0.8071
31,25,44,0.9577,0.8324
31,26,43,0.9534,0.8576
31,27,42,0.9494,0.8822
31,28,41,0.9457,0.9059
31,29,40,0.9424,0.9278
31,30,39,0.9395,0.9475
31,31,38,0.9372,0.9641
31,32,37,0.9354,0.9772
31,33,36,0.9342,0.9862
31,34,35,0.9336,0.9908
31,35,34,0.9336,0.9908
31,36,33,0.9342,0.9862
31,37,32,0.9354,0.9772
31,38,31,0.9372,0.9641
31,39,30,0.9395,0.9475
31,40,29,0.9424,0.9278
31,41,28,0.9457,0.9059
31,42,27,0.9494,0.8822
31,43,26,0.9534,0.8576
31,44,25,0.9577,0.8324
31,45,24,0.9620,0.8071
31,46,23,0.9663,0.7821
31,47,22,0.9706,0.7576
31,48,21,0.9746,0.7337
31,49,20,0.9784,0.7104
31,50,19,0.9819,0.6876
31,51,18,0.9850,0.6652
31,52,17,0.9878,0.6430
31,53,16,0.9901,0.6209
31,54,15,0.9921,0.5986
31,55,14,0.9938,0.5761
31,56,13,0.9952,0.5533
31,57,12,0.9963,0.5301
31,58,11,0.9972,0.5064
31,59,10,0.9979,0.4825
31,60,9,0.9984,0.4583
31,61,8,0.9988,0.4339
31,62,7,0.9992,0.4095
31,63,6,0.9994,0.3854
31,64,5,0.9996,0.3616
31,65,4,0.9997,0.3382
31,66,3,0.9998,0.3156
31,67,2,0.9999,0.2937
31,68,1,0.9999,0.2726
31,69,0,0.9999,0.2524
32,0,68,0.9999,0.2482
32,1,67,0.9999,0.2690
32,2,66,0.9998,0.2908
32,3,65,0.9997,0.3135
32,4,64,0.9996,0.3371
32,5,63,0.9995,0.3613
32,6,62,0.9992,0.3861
32,7,61,0.9990,0.4112
32,8,60,0.9986,0.4364
32,9,59,0.9981,0.4617
32,10,58,0.9975,0.4867
32,11,57,0.9967,0.5115
32,12,56,0.9956,0.5359
32,13,55,0.9944,0.5599
32,14,54,0.9928,0.5836
32,15,53,0.9910,0.6069
32,16,52,0.9888,0.6299
32,17,51,0.9862,0.6530
32,18,50,0.9832,0.6761
32,19,49,0.9799,0.6994
32,20,48,0.9762,0.7232
32,21,47,0.9722,0.7475
32,22,46,0.9680,0.7724
32,23,45,0.9636,0.7977
32,24,44,0.9592,0.8234
32,25,43,0.9549,0.8492
32,26,42,0.9507,0.8746
32,27,41,0.9468,0.8993
32,28,40,0.9432,0.9225
32,29,39,0.9401,0.9436
32,30,38,0.9375,0.9621
32,31,37,0.9354,0.9772
32,32,36,0.9339,0.9884
32,33,35,0.9329,0.9953
32,34,34,0.9326,0.9977
32,35,33,0.9329,0.9953
32,36,32,0.9339,0.9884
32,37,31,0.9354,0.9772
32,38,30,0.9375,0.9621
32,39,29,0.9401,0.9436
32,40,28,0.9432,0.9225
32,41,27,0.9468,0.8993
32,42,26,0.9507,0.8746
32,43,25,0.9549,0.8492
32,44,24,0.9592,0.8234
32,45,23,0.9636,0.7977
32,46,22,0.9680,0.7724
32,47,21,0.9722,0.7475
32,48,20,0.9762,0.7232
32,49,19,0.9799,0.6994
32,50,18,0.9832,0.6761
32,51,17,0.9862,0.6530
32,52,16,0.9888,0.6299
32,53,15,0.9910,0.6069
32,54,14,0.9928,0.5836
32,55,13,0.9944,0.5599
32,56,12,0.9956,0.5359
32,57,11,0.9967,0.5115
32,58,10,0.9975,0.4867
32,59,9,0.9981,0.4617
32,60,8,0.9986,0.4364
32,61,7,0.9990,0.4112
32,62,6,0.9992,0.3861
32,63,5,0.9995,0.3613
32,64,4,0.9996,0.3371
32,65,3,0.9997,0.3135
32,66,2,0.9998,0.2908
32,67,1,0.9999,0.2690
32,68,0,0.9999,0.2482
33,0,67,0.9999,0.2450
33,1,66,0.9998,0.2665
33,2,65,0.9998,0.2891
33,3,64,0.9997,0.3128
33,4,63,0.9995,0.3373
33,5,62,0.9993,0.3624
33,6,61,0.9991,0.3882
33,7,60,0.9988,0.4142
33,8,59,0.9983,0.4403
33,9,58,0.9977,0.4664
33,10,57,0.9970,0.4923
33,11,56,0.9961,0.5178
33,12,55,0.9950,0.5430
33,13,54,0.9935,0.5677
33,14,53,0.9918,0.5920
33,15,52,0.9898,0.6159
33,16,51,0.9874,0.6397
33,17,50,0.9846,0.6635
33,18,49,0.9814,0.6873
33,19,48,0.9779,0.7115
33,20,47,0.9740,0.7360
33,21,46,0.9699,0.7610
33,22,45,0.9656,0.7865
33,23,44,0.9612,0.8124
33,24,43,0.9568,0.8385
33,25,42,0.9525,0.8644
33,26,41,0.9484,0.8896
33,27,40,0.9447,0.9138
33,28,39,0.9413,0.9361
33,29,38,0.9384,0.9561
33,30,37,0.9360,0.9730
33,31,36,0.9342,0.9862
33,32,35,0.9329,0.9953
33,33,34,0.9323,1.0000
33,34,33,0.9323,1.0000
33,35,32,0.9329,0.9953
33,36,31,0.9342,0.9862
33,37,30,0.9360,0.9730
33,38,29,0.9384,0.9561
33,39,28,0.9413,0.9361
33,40,27,0.9447,0.9138
33,41,26,0.9484,0.8896
33,42,25,0.9525,0.8644
33,43,24,0.9568,0.8385
33,44,23,0.9612,0.8124
33,45,22,0.9656,0.7865
33,46,21,0.9699,0.7610
33,47,20,0.9740,0.7360
33,48,19,0.9779,0.7115
33,49,18,0.9814,0.6873
33,50,17,0.9846,0.6635
33,51,16,0.9874,0.6397
33,52,15,0.9898,0.6159
33,53,14,0.9918,0.5920
33,54,13,0.9935,0.5677
33,55,12,0.9950,0.5430
33,56,11,0.9961,0.5178
33,57,10,0.9970,0.4923
33,58,9,0.9977,0.4664
33,59,8,0.9983,0.4403
33,60,7,0.9988,0.4142
33,61,6,0.9991,0.3882
33,62,5,0.9993,0.3624
33,63,4,0.9995,0.3373
33,64,3,0.9997,0.3128
33,65,2,0.9998,0.2891
33,66,1,0.9998,0.2665
33,67,0,0.9999,0.2450
34,0,66,0.9999,0.2429
34,1,65,0.9998,0.2653
34,2,64,0.9997,0.2889
34,3,63,0.9996,0.3135
34,4,62,0.9994,0.3389
34,5,61,0.9992,0.3651
34,6,60,0.9989,0.3918
34,7,59,0.9985,0.4187
34,8,58,0.9980,0.4457
34,9,57,0.9974,0.4726
34,10,56,0.9966,0.4992
34,11,55,0.9955,0.5254
34,12,54,0.9943,0.5511
34,13,53,0.9927,0.5764
34,14,52,0.9908,0.6012
34,15,51,0.9886,0.6257
34,16,50,0.9860,0.6501
34,17,49,0.9830,0.6743
34,18,48,0.9797,0.6987
34,19,47,0.9760,0.7234
34,20,46,0.9720,0.7484
34,21,45,0.9678,0.7739
34,22,44,0.9635,0.7997
34,23,43,0.9591,0.8257
34,24,42,0.9547,0.8517
34,25,41,0.9505,0.8773
34,26,40,0.9466,0.9020
34,27,39,0.9430,0.9252
34,28,38,0.9399,0.9463
34,29,37,0.9372,0.9646
34,30,36,0.9351,0.9797
34,31,35,0.9336,0.9908
34,32,34,0.9326,0.9977
34,33,33,0.9323,1.0000
34,34,32,0.9326,0.9977
34,35,31,0.9336,0.9908
34,36,30,0.9351,0.9797
34,37,29,0.9372,0.9646
34,38,28,0.9399,0.9463
34,39,27,0.9430,0.9252
34,40,26,0.9466,0.9020
34,41,25,0.9505,0.8773
34,42,24,0.9547,0.8517
34,43,23,0.9591,0.8257
34,44,22,0.9635,0.7997
34,45,21,0.9678,0.7739
34,46,20,0.9720,0.7484
34,47,19,0.9760,0.7234
34,48,18,0.9797,0.6987
34,49,17,0.9830,0.6743
34,50,16,0.9860,0.6501
34,51,15,0.9886,0.6257
34,52,14,0.9908,0.6012
34,53,13,0.9927,0.5764
34,54,12,0.9943,0.5511
34,55,11,0.9955,0.5254
34,56,10,0.9966,0.4992
34,57,9,0.9974,0.4726
34,58,8,0.9980,0.4457
34,59,7,0.9985,0.4187
34,60,6,0.9989,0.3918
34,61,5,0.9992,0.3651
34,62,4,0.9994,0.3389
34,63,3,0.9996,0.3135
34,64,2,0.9997,0.2889
34,65,1,0.9998,0.2653
34,66,0,0.9999,0.2429
35,0,65,0.9998,0.2423
35,1,64,0.9997,0.2656
35,2,63,0.9996,0.2902
35,3,62,0.9995,0.3158
35,4,61,0.9993,0.3423
35,5,60,0.9991,0.3694
35,6,59,0.9987,0.3970
35,7,58,0.9983,0.4248
35,8,57,0.9977,0.4525
35,9,56,0.9970,0.4801
35,10,55,0.9961,0.5073
35,11,54,0.9949,0.5340
35,12,53,0.9936,0.5602
35,13,52,0.9919,0.5859
35,14,51,0.9898,0.6111
35,15,50,0.9875,0.6360
35,16,49,0.9847,0.6606
35,17,48,0.9816,0.6852
35,18,47,0.9781,0.7099
35,19,46,0.9743,0.7348
35,20,45,0.9703,0.7600
35,21,44,0.9660,0.7856
35,22,43,0.9617,0.8114
35,23,42,0.9573,0.8372
35,24,41,0.9531,0.8627
35,25,40,0.9490,0.8876
35,26,39,0.9453,0.9112
35,27,38,0.9419,0.9331
35,28,37,0.9390,0.9526
35,29,36,0.9366,0.9690
35,30,35,0.9348,0.9819
35,31,34,0.9336,0.9908
35,32,33,0.9329,0.9953
35,33,32,0.9329,0.9953
35,34,31,0.9336,0.9908
35,35,30,0.9348,0.9819
35,36,29,0.9366,0.9690
35,37,28,0.9390,0.9526
35,38,27,0.9419,0.9331
35,39,26,0.9453,0.9112
35,40,25,0.9490,0.8876
35,41,24,0.9531,0.8627
35,42,23,0.9573,0.8372
35,43,22,0.9617,0.8114
35,44,21,0.9660,0.7856
35,45,20,0.9703,0.7600
35,46,19,0.9743,0.7348
35,47,18,0.9781,0.7099
35,48,17,0.9816,0.6852
35,49,16,0.9847,0.6606
35,50,15,0.9875,0.6360
35,51,14,0.9898,0.6111
35,52,13,0.9919,0.5859
35,53,12,0.9936,0.5602
35,54,11,0.9949,0.5340
35,55,10,0.9961,0.5073
35,56,9,0.9970,0.4801
35,57,8,0.9977,0.4525
35,58,7,0.9983,0.4248
35,59,6,0.9987,0.3970
35,60,5,0.9991,0.3694
35,61,4,0.9993,0.3423
35,62,3,0.9995,0.3158
35,63,2,0.9996,0.2902
35,64,1,0.9997,0.2656
35,65,0,0.9998,0.2423
36,0,64,0.9998,0.2432
36,1,63,0.9997,0.2675
36,2,62,0.9996,0.2931
36,3,61,0.9994,0.3197
36,4,60,0.9992,0.3472
36,5,59,0.9989,0.3753
36,6,58,0.9985,0.4037
36,7,57,0.9980,0.4323
36,8,56,0.9974,0.4607
36,9,55,0.9966,0.4888
36,10,54,0.9956,0.5165
36,11,53,0.9944,0.5436
36,12,52,0.9929,0.5701
36,13,51,0.9911,0.5960
36,14,50,0.9889,0.6214
36,15,49,0.9864,0.6463
36,16,48,0.9835,0.6711
36,17,47,0.9803,0.6957
36,18,46,0.9767,0.7204
36,19,45,0.9729,0.7453
36,20,44,0.9688,0.7704
36,21,43,0.9645,0.7957
36,22,42,0.9602,0.8210
36,23,41,0.9560,0.8462
36,24,40,0.9519,0.8709
36,25,39,0.9480,0.8947
36,26,38,0.9445,0.9169
36,27,37,0.9414,0.9371
36,28,36,0.9387,0.9547
36,29,35,0.9366,0.9690
36,30,34,0.9351,0.9797
36,31,33,0.9342,0.9862
36,32,32,0.9339,0.9884
36,33,31,0.9342,0.9862
36,34,30,0.9351,0.9797
36,35,29,0.9366,0.9690
36,36,28,0.9387,0.9547
36,37,27,0.9414,0.9371
36,38,26,0.9445,0.9169
36,39,25,0.9480,0.8947
36,40,24,0.9519,0.8709
36,41,23,0.9560,0.8462
36,42,22,0.9602,0.8210
36,43,21,0.9645,0.7957
36,44,20,0.9688,0.7704
36,45,19,0.9729,0.7453
36,46,18,0.9767,0.7204
36,47,17,0.9803,0.6957
36,48,16,0.9835,0.6711
36,49,15,0.9864,0.6463
36,50,14,0.9889,0.6214
36,51,13,0.9911,0.5960
36,52,12,0.9929,0.5701
36,53,11,0.9944,0.5436
36,54,10,0.9956,0.5165
36,55,9,0.9966,0.4888
36,56,8,0.9974,0.4607
36,57,7,0.9980,0.4323
36,58,6,0.9985,0.4037
36,59,5,0.9989,0.3753
36,60,4,0.9992,0.3472
36,61,3,0.9994,0.3197
36,62,2,0.9996,0.2931
36,63,1,0.9997,0.2675
36,64,0,0.9998,0.2432
37,0,63,0.9997,0.2457
37,1,62,0.9996,0.2711
37,2,61,0.9995,0.2977
37,3,60,0.9993,0.3253
37,4,59,0.9991,0.3538
37,5,58,0.9987,0.3827
37,6,57,0.9983,0.4119
37,7,56,0.9978,0.4411
37,8,55,0.9971,0.4701
37,9,54,0.9962,0.4986
37,10,53,0.9952,0.5265
37,11,52,0.9938,0.5538
37,12,51,0.9922,0.5803
37,13,50,0.9903,0.6062
37,14,49,0.9881,0.6316
37,15,48,0.9855,0.6564
37,16,47,0.9825,0.6810
37,17,46,0.9792,0.7054
37,18,45,0.9756,0.7298
37,19,44,0.9717,0.7544
37,20,43,0.9676,0.7790
37,21,42,0.9634,0.8037
37,22,41,0.9592,0.8283
37,23,40,0.9551,0.8525
37,24,39,0.9511,0.8760
37,25,38,0.9475,0.8983
37,26,37,0.9442,0.9188
37,27,36,0.9414,0.9371
37,28,35,0.9390,0.9526
37,29,34,0.9372,0.9646
37,30,33,0.9360,0.9730
37,31,32,0.9354,0.9772
37,32,31,0.9354,0.9772
37,33,30,0.9360,0.9730
37,34,29,0.9372,0.9646
37,35,28,0.9390,0.9526
37,36,27,0.9414,0.9371
37,37,26,0.9442,0.9188
37,38,25,0.9475,0.8983
37,39,24,0.9511,0.8760
37,40,23,0.9551,0.8525
37,41,22,0.9592,0.8283
37,42,21,0.9634,0.8037
37,43,20,0.9676,0.7790
37,44,19,0.9717,0.7544
37,45,18,0.9756,0.7298
37,46,17,0.9792,0.7054
37,47,16,0.9825,0.6810
37,48,15,0.9854,0.6564
37,49,14,0.9881,0.6316
37,50,13,0.9903,0.6062
37,51,12,0.9922,0.5803
37,52,11,0.9938,0.5538
37,53,10,0.9952,0.5265
37,54,9,0.9962,0.4986
37,55,8,0.9971,0.4701
37,56,7,0.9978,0.4411
37,57,6,0.9983,0.4119
37,58,5,0.9987,0.3827
37,59,4,0.9991,0.3538
37,60,3,0.9993,0.3253
37,61,2,0.9995,0.2977
37,62,1,0.9996,0.2711
37,63,0,0.9997,0.2457
38,0,62,0.9997,0.2498
38,1,61,0.9996,0.2763
38,2,60,0.9994,0.3039
38,3,59,0.9992,0.3325
38,4,58,0.9989,0.3618
38,5,57,0.9986,0.3915
38,6,56,0.9981,0.4214
38,7,55,0.9975,0.4510
38,8,54,0.9968,0.4803
38,9,53,0.9959,0.5090
38,10,52,0.9947,0.5370
38,11,51,0.9933,0.5642
38,12,50,0.9916,0.5906
38,13,49,0.9896,0.6163
38,14,48,0.9873,0.6413
38,15,47,0.9846,0.6658
38,16,46,0.9816,0.6899
38,17,45,0.9782,0.7139
38,18,44,0.9746,0.7377
38,19,43,0.9707,0.7616
38,20,42,0.9667,0.7855
38,21,41,0.9626,0.8093
38,22,40,0.9586,0.8328
38,23,39,0.9546,0.8557
38,24,38,0.9509,0.8777
38,25,37,0.9475,0.8983
38,26,36,0.9445,0.9169
38,27,35,0.9419,0.9331
38,28,34,0.9399,0.9463
38,29,33,0.9384,0.9561
38,30,32,0.9375,0.9621
38,31,31,0.9372,0.9641
38,32,30,0.9375,0.9621
38,33,29,0.9384,0.9561
38,34,28,0.9399,0.9463
38,35,27,0.9419,0.9331
38,36,26,0.9445,0.9169
38,37,25,0.9475,0.8983
38,38,24,0.9509,0.8777
38,39,23,0.9546,0.8557
38,40,22,0.9586,0.8328
38,41,21,0.9626,0.8093
38,42,20,0.9667,0.7855
38,43,19,0.9707,0.7616
38,44,18,0.9746,0.7377
38,45,17,0.9782,0.7139
38,46,16,0.9816,0.6899
38,47,15,0.9846,0.6658
38,48,14,0.9873,0.6413
38,49,13,0.9896,0.6163
38,50,12,0.9916,0.5906
38,51,11,0.9933,0.5642
38,52,10,0.9947,0.5370
38,53,9,0.9959,0.5090
38,54,8,0.9968,0.4803
38,55,7,0.9975,0.4510
38,56,6,0.9981,0.4214
38,57,5,0.9986,0.3915
38,58,4,0.9989,0.3618
38,59,3,0.9992,0.3325
38,60,2,0.9994,0.3039
38,61,1,0.9996,0.2763
38,62,0,0.9997,0.2498
39,0,61,0.9996,0.2555
39,1,60,0.9995,0.2830
39,2,59,0.9993,0.3116
39,3,58,0.9991,0.3411
39,4,57,0.9988,0.3711
39,5,56,0.9984,0.4014
39,6,55,0.9979,0.4317
39,7,54,0.9973,0.4617
39,8,53,0.9965,0.4911
39,9,52,0.9955,0.5198
39,10,51,0.9943,0.5476
39,11,50,0.9929,0.5745
39,12,49,0.9911,0.6005
39,13,48,0.9891,0.6256
39,14,47,0.9867,0.6501
39,15,46,0.9839,0.6739
39,16,45,0.9809,0.6974
39,17,44,0.9775,0.7206
39,18,43,0.9739,0.7437
39,19,42,0.9701,0.7667
39,20,41,0.9662,0.7895
39,21,40,0.9622,0.8121
39,22,39,0.9583,0.8343
39,23,38,0.9546,0.8557
39,24,37,0.9511,0.8760
39,25,36,0.9480,0.8947
39,26,35,0.9453,0.9112
39,27,34,0.9430,0.9252
39,28,33,0.9413,0.9361
39,29,32,0.9401,0.9436
39,30,31,0.9395,0.9475
39,31,30,0.9395,0.9475
39,32,29,0.9401,0.9436
39,33,28,0.9413,0.9361
39,34,27,0.9430,0.9252
39,35,26,0.9453,0.9112
39,36,25,0.9480,0.8947
39,37,24,0.9511,0.8760
39,38,23,0.9546,0.8557
39,39,22,0.9583,0.8343
39,40,21,0.9622,0.8121
39,41,20,0.9662,0.7895
39,42,19,0.9701,0.7667
39,43,18,0.9739,0.7437
39,44,17,0.9775,0.7206
39,45,16,0.9809,0.6974
39,46,15,0.9839,0.6739
39,47,14,0.9867,0.6501
39,48,13,0.9891,0.6256
39,49,12,0.9911,0.6005
39,50,11,0.9929,0.5745
39,51,10,0.9943,0.5476
39,52,9,0.9955,0.5198
39,53,8,0.9965,0.4911
39,54,7,0.9973,0.4617
39,55,6,0.9979,0.4317
39,56,5,0.9984,0.4014
39,57,4,0.9988,0.3711
39,58,3,0.9991,0.3411
39,59,2,0.9993,0.3116
39,60,1,0.9995,0.2830
39,61,0,0.9996,0.2555
40,0,60,0.9996,0.2626
40,1,59,0.9995,0.2910
40,2,58,0.9993,0.3205
40,3,57,0.9990,0.3507
40,4,56,0.9987,0.3814
40,5,55,0.9983,0.4121
40,6,54,0.9978,0.4426
40,7,53,0.9971,0.4726
40,8,52,0.9963,0.5019
40,9,51,0.9953,0.5303
40,10,50,0.9940,0.5577
40,11,49,0.9925,0.5840
40,12,48,0.9907,0.6094
40,13,47,0.9886,0.6338
40,14,46,0.9862,0.6575
40,15,45,0.9834,0.6805
40,16,44,0.9804,0.7031
40,17,43,0.9771,0.7253
40,18,42,0.9735,0.7474
40,19,41,0.9698,0.7692
40,20,40,0.9660,0.7909
40,21,39,0.9622,0.8121
40,22,38,0.9586,0.8328
40,23,37,0.9551,0.8525
40,24,36,0.9519,0.8709
40,25,35,0.9490,0.8876
40,26,34,0.9466,0.9020
40,27,33,0.9447,0.9138
40,28,32,0.9432,0.9225
40,29,31,0.9424,0.9278
40,30,30,0.9421,0.9296
40,31,29,0.9424,0.9278
40,32,28,0.9432,0.9225
40,33,27,0.9447,0.9138
40,34,26,0.9466,0.9020
40,35,25,0.9490,0.8876
40,36,24,0.9519,0.8709
40,37,23,0.9551,0.8525
40,38,22,0.9586,0.8328
40,39,21,0.9622,0.8121
40,40,20,0.9660,0.7909
40,41,19,0.9698,0.7692
40,42,18,0.9735,0.7474
40,43,17,0.9770,0.7253
40,44,16,0.9804,0.7031
40,45,15,0.9834,0.6805
40,46,14,0.9862,0.6575
40,47,13,0.9886,0.6338
40,48,12,0.9907,0.6094
40,49,11,0.9925,0.5840
40,50,10,0.9940,0.5577
40,51,9,0.9953,0.5303
40,52,8,0.9963,0.5019
40,53,7,0.9971,0.4726
40,54,6,0.9978,0.4426
40,55,5,0.9983,0.4121
40,56,4,0.9987,0.3814
40,57,3,0.9990,0.3507
40,58,2,0.9993,0.3205
40,59,1,0.9995,0.2910
40,60,0,0.9996,0.2626
41,0,59,0.9996,0.2709
41,1,58,0.9994,0.3002
41,2,57,0.9992,0.3303
41,3,56,0.9989,0.3611
41,4,55,0.9986,0.3921
41,5,54,0.9982,0.4230
41,6,53,0.9976,0.4535
41,7,52,0.9969,0.4833
41,8,51,0.9961,0.5122
41,9,50,0.9950,0.5401
41,10,49,0.9937,0.5668
41,11,48,0.9922,0.5924
41,12,47,0.9903,0.6169
41,13,46,0.9882,0.6404
41,14,45,0.9858,0.6631
41,15,44,0.9831,0.6851
41,16,43,0.9801,0.7066
41,17,42,0.9768,0.7278
41,18,41,0.9734,0.7486
41,19,40,0.9698,0.7692
41,20,39,0.9662,0.7895
41,21,38,0.9626,0.8093
41,22,37,0.9592,0.8283
41,23,36,0.9560,0.8462
41,24,35,0.9531,0.8627
41,25,34,0.9505,0.8773
41,26,33,0.9484,0.8896
41,27,32,0.9468,0.8993
41,28,31,0.9457,0.9059
41,29,30,0.9452,0.9092
41,30,29,0.9451,0.9092
41,31,28,0.9457,0.9059
41,32,27,0.9468,0.8993
41,33,26,0.9484,0.8896
41,34,25,0.9505,0.8773
41,35,24,0.9531,0.8627
41,36,23,0.9560,0.8462
41,37,22,0.9592,0.8283
41,38,21,0.9626,0.8093
41,39,20,0.9662,0.7895
41,40,19,0.9698,0.7692
41,41,18,0.9734,0.7486
41,42,17,0.9768,0.7278
41,43,16,0.9801,0.7066
41,44,15,0.9831,0.6851
41,45,14,0.9858,0.6631
41,46,13,0.9882,0.6404
41,47,12,0.9903,0.6169
41,48,11,0.9922,0.5924
41,49,10,0.9937,0.5668
41,50,9,0.9950,0.5401
41,51,8,0.9961,0.5122
41,52,7,0.9969,0.4833
41,53,6,0.9976,0.4535
41,54,5,0.9982,0.4230
41,55,4,0.9986,0.3921
41,56,3,0.9989,0.3611
41,57,2,0.9992,0.3303
41,58,1,0.9994,0.3002
41,59,0,0.9996,0.2709
42,0,58,0.9995,0.2800
42,1,57,0.9994,0.3100
42,2,56,0.9991,0.3407
42,3,55,0.9989,0.3718
42,4,54,0.9985,0.4030
42,5,53,0.9981,0.4338
42,6,52,0.9975,0.4640
42,7,51,0.9968,0.4934
42,8,50,0.9959,0.5216
42,9,49,0.9948,0.5487
42,10,48,0.9935,0.5745
42,11,47,0.9919,0.5991
42,12,46,0.9901,0.6226
42,13,45,0.9880,0.6450
42,14,44,0.9856,0.6666
42,15,43,0.9829,0.6875
42,16,42,0.9800,0.7078
42,17,41,0.9768,0.7278
42,18,40,0.9735,0.7474
42,19,39,0.9701,0.7667
42,20,38,0.9667,0.7855
42,21,37,0.9634,0.8037
42,22,36,0.9602,0.8210
42,23,35,0.9573,0.8372
42,24,34,0.9547,0.8517
42,25,33,0.9525,0.8644
42,26,32,0.9507,0.8746
42,27,31,0.9494,0.8822
42,28,30,0.9486,0.8869
42,29,29,0.9484,0.8885
42,30,28,0.9486,0.8869
42,31,27,0.9494,0.8822
42,32,26,0.9507,0.8746
42,33,25,0.9525,0.8644
42,34,24,0.9547,0.8517
42,35,23,0.9573,0.8372
42,36,22,0.9602,0.8210
42,37,21,0.9634,0.8037
42,38,20,0.9667,0.7855
42,39,19,0.9701,0.7667
42,40,18,0.9735,0.7474
42,41,17,0.9768,0.7278
42,42,16,0.9799,0.7078
42,43,15,0.9829,0.6875
42,44,14,0.9856,0.6666
42,45,13,0.9880,0.6450
42,46,12,0.9901,0.6226
42,47,11,0.9919,0.5991
42,48,10,0.9935,0.5745
42,49,9,0.9948,0.5487
42,50,8,0.9959,0.5216
42,51,7,0.9968,0.4934
42,52,6,0.9975,0.4640
42,53,5,0.9981,0.4338
42,54,4,0.9985,0.4030
42,55,3,0.9989,0.3718
42,56,2,0.9991,0.3407
42,57,1,0.9994,0.3100
42,58,0,0.9995,0.2800
43,0,57,0.9995,0.2897
43,1,56,0.9993,0.3201
43,2,55,0.9991,0.3511
43,3,54,0.9988,0.3823
43,4,53,0.9984,0.4133
43,5,52,0.9980,0.4438
43,6,51,0.9974,0.4735
43,7,50,0.9966,0.5021
43,8,49,0.9957,0.5295
43,9,48,0.9946,0.5556
43,10,47,0.9933,0.5804
43,11,46,0.9918,0.6039
43,12,45,0.9899,0.6261
43,13,44,0.9879,0.6474
43,14,43,0.9855,0.6678
43,15,42,0.9829,0.6875
43,16,41,0.9801,0.7066
43,17,40,0.9770,0.7253
43,18,39,0.9739,0.7437
43,19,38,0.9707,0.7616
43,20,37,0.9676,0.7790
43,21,36,0.9645,0.7957
43,22,35,0.9617,0.8114
43,23,34,0.9591,0.8257
43,24,33,0.9568,0.8385
43,25,32,0.9549,0.8492
43,26,31,0.9534,0.8576
43,27,30,0.9524,0.8633
43,28,29,0.9519,0.8662
43,29,28,0.9519,0.8662
43,30,27,0.9524,0.8633
43,31,26,0.9534,0.8576
43,32,25,0.9549,0.8492
43,33,24,0.9568,0.8385
43,34,23,0.9590,0.8257
43,35,22,0.9617,0.8114
43,36,21,0.9645,0.7957
43,37,20,0.9676,0.7790
43,38,19,0.9707,0.7616
43,39,18,0.9739,0.7437
43,40,17,0.9770,0.7253
43,41,16,0.9800,0.7066
43,42,15,0.9829,0.6875
43,43,14,0.9855,0.6678
43,44,13,0.9878,0.6474
43,45,12,0.9899,0.6261
43,46,11,0.9918,0.6039
43,47,10,0.9933,0.5804
43,48,9,0.9946,0.5556
43,49,8,0.9957,0.5295
43,50,7,0.9966,0.5021
43,51,6,0.9974,0.4735
43,52,5,0.9980,0.4438
43,53,4,0.9984,0.4133
43,54,3,0.9988,0.3823
43,55,2,0.9991,0.3511
43,56,1,0.9993,0.3201
43,57,0,0.9995,0.2897
44,0,56,0.9995,0.2994
44,1,55,0.9993,0.3301
44,2,54,0.9990,0.3611
44,3,53,0.9988,0.3921
44,4,52,0.9984,0.4227
44,5,51,0.9979,0.4526
44,6,50,0.9973,0.4815
44,7,49,0.9966,0.5092
44,8,48,0.9956,0.5356
44,9,47,0.9945,0.5605
44,10,46,0.9932,0.5841
44,11,45,0.9917,0.6063
44,12,44,0.9899,0.6274
44,13,43,0.9879,0.6474
44,14,42,0.9856,0.6666
44,15,41,0.9831,0.6851
44,16,40,0.9804,0.7031
44,17,39,0.9775,0.7206
44,18,38,0.9746,0.7377
44,19,37,0.9717,0.7544
44,20,36,0.9688,0.7704
44,21,35,0.9660,0.7856
44,22,34,0.9635,0.7997
44,23,33,0.9612,0.8124
44,24,32,0.9592,0.8234
44,25,31,0.9577,0.8324
44,26,30,0.9565,0.8390
44,27,29,0.9558,0.8431
44,28,28,0.9556,0.8444
44,29,27,0.9558,0.8431
44,30,26,0.9565,0.8390
44,31,25,0.9576,0.8324
44,32,24,0.9592,0.8234
44,33,23,0.9612,0.8124
44,34,22,0.9634,0.7997
44,35,21,0.9660,0.7856
44,36,20,0.9688,0.7704
44,37,19,0.9716,0.7544
44,38,18,0.9746,0.7377
44,39,17,0.9775,0.7206
44,40,16,0.9803,0.7031
44,41,15,0.9830,0.6851
44,42,14,0.9855,0.6666
44,43,13,0.9878,0.6474
44,44,12,0.9899,0.6274
44,45,11,0.9917,0.6063
44,46,10,0.9932,0.5841
44,47,9,0.9945,0.5605
44,48,8,0.9956,0.5356
44,49,7,0.9965,0.5092
44,50,6,0.9973,0.4815
44,51,5,0.9979,0.4526
44,52,4,0.9984,0.4227
44,53,3,0.9987,0.3921
44,54,2,0.9990,0.3611
44,55,1,0.9993,0.3301
44,56,0,0.9995,0.2994
45,0,55,0.9994,0.3087
45,1,54,0.9992,0.3393
45,2,53,0.9990,0.3701
45,3,52,0.9987,0.4007
45,4,51,0.9983,0.4306
45,5,50,0.9978,0.4597
45,6,49,0.9972,0.4876
45,7,48,0.9965,0.5142
45,8,47,0.9956,0.5393
45,9,46,0.9945,0.5630
45,10,45,0.9932,0.5853
45,11,44,0.9917,0.6063
45,12,43,0.9899,0.6261
45,13,42,0.9880,0.6450
45,14,41,0.9858,0.6631
45,15,40,0.9834,0.6805
45,16,39,0.9809,0.6974
45,17,38,0.9782,0.7139
45,18,37,0.9755,0.7298
45,19,36,0.9729,0.7453
45,20,35,0.9703,0.7600
45,21,34,0.9678,0.7739
45,22,33,0.9656,0.7865
45,23,32,0.9636,0.7977
45,24,31,0.9620,0.8071
45,25,30,0.9607,0.8144
45,26,29,0.9599,0.8195
45,27,28,0.9594,0.8220
45,28,27,0.9594,0.8220
45,29,26,0.9599,0.8195
45,30,25,0.9607,0.8144
45,31,24,0.9620,0.8071
45,32,23,0.9636,0.7977
45,33,22,0.9655,0.7865
45,34,21,0.9678,0.7739
45,35,20,0.9702,0.7600
45,36,19,0.9728,0.7453
45,37,18,0.9755,0.7298
45,38,17,0.9782,0.7139
45,39,16,0.9808,0.6974
45,40,15,0.9834,0.6805
45,41,14,0.9858,0.6631
45,42,13,0.9879,0.6450
45,43,12,0.9899,0.6261
45,44,11,0.9917,0.6063
45,45,10,0.9932,0.5853
45,46,9,0.9945,0.5630
45,47,8,0.9956,0.5393
45,48,7,0.9965,0.5142
45,49,6,0.9972,0.4876
45,50,5,0.9978,0.4597
45,51,4,0.9983,0.4306
45,52,3,0.9987,0.4007
45,53,2,0.9990,0.3701
45,54,1,0.9992,0.3393
45,55,0,0.9994,0.3087
46,0,54,0.9994,0.3171
46,1,53,0.9992,0.3474
46,2,52,0.9990,0.3777
46,3,51,0.9987,0.4076
46,4,50,0.9983,0.4366
46,5,49,0.9978,0.4646
46,6,48,0.9972,0.4914
46,7,47,0.9965,0.5167
46,8,46,0.9956,0.5406
46,9,45,0.9945,0.5630
46,10,44,0.9932,0.5841
46,11,43,0.9918,0.6039
46,12,42,0.9901,0.6226
46,13,41,0.9882,0.6404
46,14,40,0.9862,0.6575
46,15,39,0.9839,0.6739
46,16,38,0.9816,0.6899
46,17,37,0.9792,0.7054
46,18,36,0.9767,0.7204
46,19,35,0.9743,0.7348
46,20,34,0.9720,0.7484
46,21,33,0.9699,0.7610
46,22,32,0.9680,0.7724
46,23,31,0.9663,0.7821
46,24,30,0.9650,0.7901
46,25,29,0.9640,0.7960
46,26,28,0.9634,0.7996
46,27,27,0.9632,0.8008
46,28,26,0.9634,0.7996
46,29,25,0.9640,0.7960
46,30,24,0.9650,0.7901
46,31,23,0.9663,0.7821
46,32,22,0.9679,0.7724
46,33,21,0.9698,0.7610
46,34,20,0.9720,0.7484
46,35,19,0.9743,0.7348
46,36,18,0.9767,0.7204
46,37,17,0.9791,0.7054
46,38,16,0.9815,0.6899
46,39,15,0.9839,0.6739
46,40,14,0.9861,0.6575
46,41,13,0.9882,0.6404
46,42,12,0.9900,0.6226
46,43,11,0.9917,0.6039
46,44,10,0.9932,0.5841
46,45,9,0.9944,0.5630
46,46,8,0.9955,0.5406
46,47,7,0.9964,0.5167
46,48,6,0.9972,0.4914
46,49,5,0.9978,0.4646
46,50,4,0.9983,0.4366
46,51,3,0.9987,0.4076
46,52,2,0.9990,0.3777
46,53,1,0.9992,0.3474
46,54,0,0.9994,0.3171
47,0,53,0.9994,0.3241
47,1,52,0.9992,0.3539
47,2,51,0.9990,0.3835
47,3,50,0.9987,0.4124
47,4,49,0.9983,0.4404
47,5,48,0.9978,0.4672
47,6,47,0.9972,0.4926
47,7,46,0.9965,0.5167
47,8,45,0.9956,0.5393
47,9,44,0.9945,0.5605
47,10,43,0.9933,0.5804
47,11,42,0.9919,0.5991
47,12,41,0.9903,0.6169
47,13,40,0.9886,0.6338
47,14,39,0.9867,0.6501
47,15,38,0.9846,0.6658
47,16,37,0.9825,0.6810
47,17,36,0.9803,0.6957
47,18,35,0.9781,0.7099
47,19,34,0.9760,0.7234
47,20,33,0.9740,0.7360
47,21,32,0.9722,0.7475
47,22,31,0.9706,0.7576
47,23,30,0.9692,0.7662
47,24,29,0.9682,0.7728
47,25,28,0.9675,0.7773
47,26,27,0.9671,0.7796
47,27,26,0.9671,0.7796
47,28,25,0.9674,0.7773
47,29,24,0.9681,0.7728
47,30,23,0.9692,0.7662
47,31,22,0.9705,0.7576
47,32,21,0.9721,0.7475
47,33,20,0.9739,0.7360
47,34,19,0.9759,0.7234
47,35,18,0.9780,0.7099
47,36,17,0.9802,0.6957
47,37,16,0.9824,0.6810
47,38,15,0.9845,0.6658
47,39,14,0.9866,0.6501
47,40,13,0.9885,0.6338
47,41,12,0.9903,0.6169
47,42,11,0.9918,0.5991
47,43,10,0.9933,0.5804
47,44,9,0.9945,0.5605
47,45,8,0.9955,0.5393
47,46,7,0.9964,0.5167
47,47,6,0.9971,0.4926
47,48,5,0.9977,0.4672
47,49,4,0.9982,0.4404
47,50,3,0.9986,0.4124
47,51,2,0.9989,0.3835
47,52,1,0.9992,0.3539
47,53,0,0.9994,0.3241
48,0,52,0.9994,0.3295
48,1,51,0.9992,0.3585
48,2,50,0.9990,0.3871
48,3,49,0.9986,0.4149
48,4,48,0.9983,0.4416
48,5,47,0.9978,0.4672
48,6,46,0.9972,0.4914
48,7,45,0.9965,0.5142
48,8,44,0.9956,0.5356
48,9,43,0.9946,0.5556
48,10,42,0.9935,0.5745
48,11,41,0.9922,0.5924
48,12,40,0.9907,0.6094
48,13,39,0.9891,0.6256
48,14,38,0.9873,0.6413
48,15,37,0.9854,0.6564
48,16,36,0.9835,0.6711
48,17,35,0.9816,0.6852
48,18,34,0.9797,0.6987
48,19,33,0.9778,0.7115
48,20,32,0.9761,0.7232
48,21,31,0.9746,0.7337
48,22,30,0.9733,0.7428
48,23,29,0.9722,0.7502
48,24,28,0.9714,0.7556
48,25,27,0.9710,0.7589
48,26,26,0.9708,0.7600
48,27,25,0.9709,0.7589
48,28,24,0.9714,0.7556
48,29,23,0.9722,0.7502
48,30,22,0.9732,0.7428
48,31,21,0.9745,0.7337
48,32,20,0.9760,0.7232
48,33,19,0.9777,0.7115
48,34,18,0.9795,0.6987
48,35,17,0.9814,0.6852
48,36,16,0.9834,0.6711
48,37,15,0.9853,0.6564
48,38,14,0.9872,0.6413
48,39,13,0.9889,0.6256
48,40,12,0.9906,0.6094
48,41,11,0.9920,0.5924
48,42,10,0.9934,0.5745
48,43,9,0.9945,0.5556
48,44,8,0.9955,0.5356
48,45,7,0.9964,0.5142
48,46,6,0.9971,0.4914
48,47,5,0.9977,0.4672
48,48,4,0.9982,0.4416
48,49,3,0.9986,0.4149
48,50,2,0.9989,0.3871
48,51,1,0.9992,0.3585
48,52,0,0.9993,0.3295
49,0,51,0.9994,0.3328
49,1,50,0.9992,0.3608
49,2,49,0.9989,0.3883
49,3,48,0.9986,0.4149
49,4,47,0.9983,0.4404
49,5,46,0.9978,0.4646
49,6,45,0.9972,0.4876
49,7,44,0.9966,0.5092
49,8,43,0.9957,0.5295
49,9,42,0.9948,0.5487
49,10,41,0.9937,0.5668
49,11,40,0.9925,0.5840
49,12,39,0.9911,0.6005
49,13,38,0.9896,0.6163
49,14,37,0.9880,0.6316
49,15,36,0.9864,0.6463
49,16,35,0.9847,0.6606
49,17,34,0.9830,0.6743
49,18,33,0.9814,0.6873
49,19,32,0.9798,0.6994
49,20,31,0.9784,0.7104
49,21,30,0.9771,0.7201
49,22,29,0.9761,0.7282
49,23,28,0.9753,0.7345
49,24,27,0.9747,0.7388
49,25,26,0.9744,0.7410
49,26,25,0.9744,0.7410
49,27,24,0.9747,0.7388
49,28,23,0.9752,0.7345
49,29,22,0.9760,0.7282
49,30,21,0.9770,0.7201
49,31,20,0.9782,0.7104
49,32,19,0.9796,0.6994
49,33,18,0.9812,0.6873
49,34,17,0.9828,0.6743
49,35,16,0.9845,0.6606
49,36,15,0.9862,0.6463
49,37,14,0.9878,0.6316
49,38,13,0.9894,0.6163
49,39,12,0.9909,0.6005
49,40,11,0.9923,0.5840
49,41,10,0.9935,0.5668
49,42,9,0.9946,0.5487
49,43,8,0.9956,0.5295
49,44,7,0.9964,0.5092
49,45,6,0.9971,0.4876
49,46,5,0.9977,0.4646
49,47,4,0.9982,0.4404
49,48,3,0.9986,0.4149
49,49,2,0.9989,0.3883
49,50,1,0.9991,0.3608
49,51,0,0.9993,0.3328
50,0,50,0.9994,0.3340
50,1,49,0.9992,0.3608
50,2,48,0.9990,0.3871
50,3,47,0.9987,0.4124
50,4,46,0.9983,0.4366
50,5,45,0.9978,0.4597
50,6,44,0.9973,0.4815
50,7,43,0.9966,0.5021
50,8,42,0.9959,0.5216
50,9,41,0.9950,0.5401
50,10,40,0.9940,0.5577
50,11,39,0.9929,0.5745
50,12,38,0.9916,0.5906
50,13,37,0.9903,0.6062
50,14,36,0.9889,0.6214
50,15,35,0.9874,0.6360
50,16,34,0.9860,0.6501
50,17,33,0.9845,0.6635
50,18,32,0.9831,0.6761
50,19,31,0.9818,0.6876
50,20,30,0.9807,0.6980
50,21,29,0.9797,0.7068
50,22,28,0.9789,0.7140
50,23,27,0.9783,0.7193
50,24,26,0.9779,0.7225
50,25,25,0.9777,0.7236
50,26,24,0.9778,0.7225
50,27,23,0.9782,0.7193
50,28,22,0.9787,0.7140
50,29,21,0.9795,0.7068
50,30,20,0.9805,0.6980
50,31,19,0.9816,0.6876
50,32,18,0.9829,0.6761
50,33,17,0.9842,0.6635
50,34,16,0.9857,0.6501
50,35,15,0.9871,0.6360
50,36,14,0.9886,0.6214
50,37,13,0.9900,0.6062
50,38,12,0.9913,0.5906
50,39,11,0.9926,0.5745
50,40,10,0.9937,0.5577
50,41,9,0.9947,0.5401
50,42,8,0.9956,0.5216
50,43,7,0.9964,0.5021
50,44,6,0.9971,0.4815
50,45,5,0.9977,0.4597
50,46,4,0.9981,0.4366
50,47,3,0.9985,0.4124
50,48,2,0.9988,0.3871
50,49,1,0.9991,0.3608
50,50,0,0.9993,0.3340
51,0,49,0.9994,0.3328
51,1,48,0.9992,0.3585
51,2,47,0.9990,0.3835
51,3,46,0.9987,0.4076
51,4,45,0.9983,0.4306
51,5,44,0.9979,0.4526
51,6,43,0.9974,0.4735
51,7,42,0.9968,0.4934
51,8,41,0.9961,0.5122
51,9,40,0.9952,0.5303
51,10,39,0.9943,0.5476
51,11,38,0.9933,0.5642
51,12,37,0.9922,0.5803
51,13,36,0.9910,0.5960
51,14,35,0.9898,0.6111
51,15,34,0.9885,0.6257
51,16,33,0.9873,0.6397
51,17,32,0.9861,0.6530
51,18,31,0.9849,0.6652
51,19,30,0.9839,0.6763
51,20,29,0.9829,0.6860
51,21,28,0.9822,0.6941
51,22,27,0.9815,0.7004
51,23,26,0.9811,0.7047
51,24,25,0.9809,0.7069
51,25,24,0.9809,0.7069
51,26,23,0.9810,0.7047
51,27,22,0.9814,0.7004
51,28,21,0.9820,0.6941
51,29,20,0.9827,0.6860
51,30,19,0.9836,0.6763
51,31,18,0.9846,0.6652
51,32,17,0.9857,0.6530
51,33,16,0.9869,0.6397
51,34,15,0.9881,0.6257
51,35,14,0.9894,0.6111
51,36,13,0.9906,0.5960
51,37,12,0.9918,0.5803
51,38,11,0.9929,0.5642
51,39,10,0.9939,0.5476
51,40,9,0.9949,0.5303
51,41,8,0.9957,0.5122
51,42,7,0.9964,0.4934
51,43,6,0.9971,0.4735
51,44,5,0.9976,0.4526
51,45,4,0.9981,0.4306
51,46,3,0.9985,0.4076
51,47,2,0.9988,0.3835
51,48,1,0.9990,0.3585
51,49,0,0.9992,0.3328
52,0,48,0.9994,0.3295
52,1,47,0.9992,0.3539
52,2,46,0.9990,0.3777
52,3,45,0.9987,0.4007
52,4,44,0.9984,0.4227
52,5,43,0.9980,0.4438
52,6,42,0.9975,0.4640
52,7,41,0.9969,0.4833
52,8,40,0.9963,0.5019
52,9,39,0.9955,0.5198
52,10,38,0.9947,0.5370
52,11,37,0.9938,0.5538
52,12,36,0.9928,0.5701
52,13,35,0.9918,0.5859
52,14,34,0.9907,0.6012
52,15,33,0.9897,0.6159
52,16,32,0.9886,0.6299
52,17,31,0.9876,0.6430
52,18,30,0.9867,0.6550
52,19,29,0.9858,0.6657
52,20,28,0.9851,0.6748
52,21,27,0.9845,0.6821
52,22,26,0.9841,0.6875
52,23,25,0.9838,0.6908
52,24,24,0.9836,0.6919
52,25,23,0.9837,0.6908
52,26,22,0.9839,0.6875
52,27,21,0.9843,0.6821
52,28,20,0.9848,0.6748
52,29,19,0.9854,0.6657
52,30,18,0.9862,0.6550
52,31,17,0.9871,0.6430
52,32,16,0.9881,0.6299
52,33,15,0.9891,0.6159
52,34,14,0.9901,0.6012
52,35,13,0.9912,0.5859
52,36,12,0.9922,0.5701
52,37,11,0.9932,0.5538
52,38,10,0.9941,0.5370
52,39,9,0.9949,0.5198
52,40,8,0.9957,0.5019
52,41,7,0.9964,0.4833
52,42,6,0.9970,0.4640
52,43,5,0.9975,0.4438
52,44,4,0.9980,0.4227
52,45,3,0.9984,0.4007
52,46,2,0.9987,0.3777
52,47,1,0.9989,0.3539
52,48,0,0.9992,0.3295
53,0,47,0.9994,0.3241
53,1,46,0.9992,0.3474
53,2,45,0.9990,0.3701
53,3,44,0.9987,0.3921
53,4,43,0.9984,0.4133
53,5,42,0.9981,0.4338
53,6,41,0.9976,0.4535
53,7,40,0.9971,0.4726
53,8,39,0.9965,0.4911
53,9,38,0.9958,0.5090
53,10,37,0.9951,0.5265
53,11,36,0.9943,0.5436
53,12,35,0.9935,0.5602
53,13,34,0.9926,0.5764
53,14,33,0.9917,0.5920
53,15,32,0.9908,0.6069
53,16,31,0.9900,0.6209
53,17,30,0.9891,0.6339
53,18,29,0.9884,0.6455
53,19,28,0.9877,0.6557
53,20,27,0.9871,0.6642
53,21,26,0.9867,0.6707
53,22,25,0.9863,0.6751
53,23,24,0.9861,0.6774
53,24,23,0.9861,0.6774
53,25,22,0.9861,0.6751
53,26,21,0.9864,0.6707
53,27,20,0.9867,0.6642
53,28,19,0.9872,0.6557
53,29,18,0.9878,0.6455
53,30,17,0.9884,0.6339
53,31,16,0.9892,0.6209
53,32,15,0.9900,0.6069
53,33,14,0.9908,0.5920
53,34,13,0.9917,0.5764
53,35,12,0.9926,0.5602
53,36,11,0.9934,0.5436
53,37,10,0.9942,0.5265
53,38,9,0.9950,0.5090
53,39,8,0.9957,0.4911
53,40,7,0.9963,0.4726
53,41,6,0.9969,0.4535
53,42,5,0.9974,0.4338
53,43,4,0.9978,0.4133
53,44,3,0.9982,0.3921
53,45,2,0.9985,0.3701
53,46,1,0.9988,0.3474
53,47,0,0.9990,0.3241
54,0,46,0.9994,0.3171
54,1,45,0.9992,0.3393
54,2,44,0.9990,0.3611
54,3,43,0.9988,0.3823
54,4,42,0.9985,0.4030
54,5,41,0.9982,0.4230
54,6,40,0.9977,0.4426
54,7,39,0.9973,0.4617
54,8,38,0.9968,0.4803
54,9,37,0.9962,0.4986
54,10,36,0.9955,0.5165
54,11,35,0.9948,0.5340
54,12,34,0.9941,0.5511
54,13,33,0.9934,0.5677
54,14,32,0.9926,0.5836
54,15,31,0.9919,0.5986
54,16,30,0.9912,0.6127
54,17,29,0.9905,0.6255
54,18,28,0.9899,0.6368
54,19,27,0.9894,0.6464
54,20,26,0.9889,0.6542
54,21,25,0.9886,0.6598
54,22,24,0.9883,0.6633
54,23,23,0.9882,0.6644
54,24,22,0.9881,0.6633
54,25,21,0.9882,0.6598
54,26,20,0.9884,0.6542
54,27,19,0.9887,0.6464
54,28,18,0.9891,0.6368
54,29,17,0.9896,0.6255
54,30,16,0.9902,0.6127
54,31,15,0.9908,0.5986
54,32,14,0.9914,0.5836
54,33,13,0.9921,0.5677
54,34,12,0.9929,0.5511
54,35,11,0.9936,0.5340
54,36,10,0.9943,0.5165
54,37,9,0.9949,0.4986
54,38,8,0.9956,0.4803
54,39,7,0.9962,0.4617
54,40,6,0.9967,0.4426
54,41,5,0.9972,0.4230
54,42,4,0.9976,0.4030
54,43,3,0.9980,0.3823
54,44,2,0.9983,0.3611
54,45,1,0.9986,0.3393
54,46,0,0.9989,0.3171
55,0,45,0.9994,0.3087
55,1,44,0.9993,0.3301
55,2,43,0.9991,0.3511
55,3,42,0.9989,0.3718
55,4,41,0.9986,0.3921
55,5,40,0.9983,0.4121
55,6,39,0.9979,0.4317
55,7,38,0.9975,0.4510
55,8,37,0.9970,0.4701
55,9,36,0.9965,0.4888
55,10,35,0.9960,0.5073
55,11,34,0.9954,0.5254
55,12,33,0.9948,0.5430
55,13,32,0.9941,0.5599
55,14,31,0.9935,0.5761
55,15,30,0.9929,0.5913
55,16,29,0.9923,0.6053
55,17,28,0.9918,0.6179
55,18,27,0.9913,0.6288
55,19,26,0.9908,0.6378
55,20,25,0.9905,0.6447
55,21,24,0.9902,0.6494
55,22,23,0.9900,0.6518
55,23,22,0.9898,0.6518
55,24,21,0.9898,0.6494
55,25,20,0.9899,0.6447
55,26,19,0.9900,0.6378
55,27,18,0.9902,0.6288
55,28,17,0.9906,0.6179
55,29,16,0.9909,0.6053
55,30,15,0.9914,0.5913
55,31,14,0.9919,0.5761
55,32,13,0.9924,0.5599
55,33,12,0.9930,0.5430
55,34,11,0.9936,0.5254
55,35,10,0.9942,0.5073
55,36,9,0.9947,0.4888
55,37,8,0.9953,0.4701
55,38,7,0.9959,0.4510
55,39,6,0.9964,0.4317
55,40,5,0.9968,0.4121
55,41,4,0.9973,0.3921
55,42,3,0.9977,0.3718
55,43,2,0.9980,0.3511
55,44,1,0.9983,0.3301
55,45,0,0.9986,0.3087
56,0,44,0.9994,0.2994
56,1,43,0.9993,0.3201
56,2,42,0.9991,0.3407
56,3,41,0.9989,0.3611
56,4,40,0.9987,0.3814
56,5,39,0.9984,0.4014
56,6,38,0.9981,0.4214
56,7,37,0.9977,0.4411
56,8,36,0.9973,0.4607
56,9,35,0.9968,0.4801
56,10,34,0.9964,0.4992
56,11,33,0.9959,0.5178
56,12,32,0.9953,0.5359
56,13,31,0.9948,0.5533
56,14,30,0.9943,0.5697
56,15,29,0.9938,0.5850
56,16,28,0.9933,0.5988
56,17,27,0.9928,0.6110
56,18,26,0.9924,0.6214
56,19,25,0.9920,0.6296
56,20,24,0.9917,0.6356
56,21,23,0.9914,0.6393
56,22,22,0.9912,0.6406
56,23,21,0.9911,0.6393
56,24,20,0.9910,0.6356
56,25,19,0.9910,0.6296
56,26,18,0.9911,0.6214
56,27,17,0.9913,0.6110
56,28,16,0.9915,0.5988
56,29,15,0.9918,0.5850
56,30,14,0.9921,0.5697
56,31,13,0.9925,0.5533
56,32,12,0.9929,0.5359
56,33,11,0.9934,0.5178
56,34,10,0.9939,0.4992
56,35,9,0.9944,0.4801
56,36,8,0.9949,0.4607
56,37,7,0.9953,0.4411
56,38,6,0.9958,0.4214
56,39,5,0.9963,0.4014
56,40,4,0.9967,0.3814
56,41,3,0.9971,0.3611
56,42,2,0.9975,0.3407
56,43,1,0.9978,0.3201
56,44,0,0.9981,0.2994
57,0,43,0.9995,0.2897
57,1,42,0.9993,0.3100
57,2,41,0.9992,0.3303
57,3,40,0.9990,0.3507
57,4,39,0.9988,0.3711
57,5,38,0.9985,0.3915
57,6,37,0.9982,0.4119
57,7,36,0.9979,0.4323
57,8,35,0.9975,0.4525
57,9,34,0.9971,0.4726
57,10,33,0.9967,0.4923
57,11,32,0.9963,0.5115
57,12,31,0.9958,0.5301
57,13,30,0.9954,0.5477
57,14,29,0.9949,0.5643
57,15,28,0.9945,0.5794
57,16,27,0.9940,0.5930
57,17,26,0.9936,0.6047
57,18,25,0.9932,0.6144
57,19,24,0.9929,0.6218
57,20,23,0.9925,0.6268
57,21,22,0.9923,0.6293
57,22,21,0.9920,0.6293
57,23,20,0.9919,0.6268
57,24,19,0.9918,0.6218
57,25,18,0.9917,0.6144
57,26,17,0.9917,0.6047
57,27,16,0.9918,0.5930
57,28,15,0.9919,0.5794
57,29,14,0.9921,0.5643
57,30,13,0.9923,0.5477
57,31,12,0.9926,0.5301
57,32,11,0.9929,0.5115
57,33,10,0.9933,0.4923
57,34,9,0.9937,0.4726
57,35,8,0.9941,0.4525
57,36,7,0.9946,0.4323
57,37,6,0.9950,0.4119
57,38,5,0.9955,0.3915
57,39,4,0.9959,0.3711
57,40,3,0.9964,0.3507
57,41,2,0.9968,0.3303
57,42,1,0.9971,0.3100
57,43,0,0.9975,0.2897
58,0,42,0.9995,0.2800
58,1,41,0.9994,0.3002
58,2,40,0.9992,0.3205
58,3,39,0.9990,0.3411
58,4,38,0.9988,0.3618
58,5,37,0.9986,0.3827
58,6,36,0.9983,0.4037
58,7,35,0.9980,0.4248
58,8,34,0.9977,0.4457
58,9,33,0.9974,0.4664
58,10,32,0.9970,0.4867
58,11,31,0.9966,0.5064
58,12,30,0.9962,0.5253
58,13,29,0.9958,0.5432
58,14,28,0.9954,0.5597
58,15,27,0.9949,0.5746
58,16,26,0.9945,0.5877
58,17,25,0.9941,0.5988
58,18,24,0.9937,0.6077
58,19,23,0.9933,0.6141
58,20,22,0.9930,0.6180
58,21,21,0.9927,0.6193
58,22,20,0.9924,0.6180
58,23,19,0.9921,0.6141
58,24,18,0.9920,0.6077
58,25,17,0.9918,0.5988
58,26,16,0.9917,0.5877
58,27,15,0.9917,0.5746
58,28,14,0.9917,0.5597
58,29,13,0.9918,0.5432
58,30,12,0.9920,0.5253
58,31,11,0.9922,0.5064
58,32,10,0.9924,0.4867
58,33,9,0.9927,0.4664
58,34,8,0.9931,0.4457
58,35,7,0.9935,0.4248
58,36,6,0.9939,0.4037
58,37,5,0.9943,0.3827
58,38,4,0.9948,0.3618
58,39,3,0.9952,0.3411
58,40,2,0.9957,0.3205
58,41,1,0.9961,0.3002
58,42,0,0.9966,0.2800
59,0,41,0.9995,0.2709
59,1,40,0.9994,0.2910
59,2,39,0.9993,0.3116
59,3,38,0.9991,0.3325
59,4,37,0.9989,0.3538
59,5,36,0.9987,0.3753
59,6,35,0.9984,0.3970
59,7,34,0.9982,0.4187
59,8,33,0.9979,0.4403
59,9,32,0.9975,0.4617
59,10,31,0.9972,0.4825
59,11,30,0.9968,0.5026
59,12,29,0.9964,0.5217
59,13,28,0.9960,0.5395
59,14,27,0.9956,0.5558
59,15,26,0.9951,0.5703
59,16,25,0.9947,0.5829
59,17,24,0.9943,0.5932
59,18,23,0.9938,0.6011
59,19,22,0.9934,0.6064
59,20,21,0.9930,0.6091
59,21,20,0.9926,0.6091
59,22,19,0.9922,0.6064
59,23,18,0.9919,0.6011
59,24,17,0.9916,0.5932
59,25,16,0.9913,0.5829
59,26,15,0.9911,0.5703
59,27,14,0.9910,0.5558
59,28,13,0.9909,0.5395
59,29,12,0.9909,0.5217
59,30,11,0.9910,0.5026
59,31,10,0.9911,0.4825
59,32,9,0.9913,0.4617
59,33,8,0.9916,0.4403
59,34,7,0.9919,0.4187
59,35,6,0.9923,0.3970
59,36,5,0.9927,0.3753
59,37,4,0.9932,0.3538
59,38,3,0.9937,0.3325
59,39,2,0.9942,0.3116
59,40,1,0.9947,0.2910
59,41,0,0.9952,0.2709
60,0,40,0.9995,0.2626
60,1,39,0.9994,0.2830
60,2,38,0.9993,0.3039
60,3,37,0.9991,0.3253
60,4,36,0.9989,0.3472
60,5,35,0.9987,0.3694
60,6,34,0.9985,0.3918
60,7,33,0.9982,0.4142
60,8,32,0.9979,0.4364
60,9,31,0.9976,0.4583
60,10,30,0.9972,0.4795
60,11,29,0.9968,0.4997
60,12,28,0.9964,0.5189
60,13,27,0.9960,0.5365
60,14,26,0.9955,0.5525
60,15,25,0.9950,0.5665
60,16,24,0.9945,0.5782
60,17,23,0.9940,0.5876
60,18,22,0.9935,0.5944
60,19,21,0.9930,0.5986
60,20,20,0.9924,0.5999
60,21,19,0.9919,0.5986
60,22,18,0.9914,0.5944
60,23,17,0.9910,0.5876
60,24,16,0.9906,0.5782
60,25,15,0.9902,0.5665
60,26,14,0.9899,0.5525
60,27,13,0.9896,0.5365
60,28,12,0.9894,0.5189
60,29,11,0.9893,0.4997
60,30,10,0.9893,0.4795
60,31,9,0.9894,0.4583
60,32,8,0.9895,0.4364
60,33,7,0.9898,0.4142
60,34,6,0.9901,0.3918
60,35,5,0.9905,0.3694
60,36,4,0.9910,0.3472
60,37,3,0.9915,0.3253
60,38,2,0.9921,0.3039
60,39,1,0.9927,0.2830
60,40,0,0.9934,0.2626
61,0,39,0.9995,0.2555
61,1,38,0.9994,0.2763
61,2,37,0.9993,0.2977
61,3,36,0.9991,0.3197
61,4,35,0.9989,0.3423
61,5,34,0.9987,0.3651
61,6,33,0.9984,0.3882
61,7,32,0.9982,0.4112
61,8,31,0.9978,0.4339
61,9,30,0.9975,0.4561
61,10,29,0.9971,0.4775
61,11,28,0.9967,0.4978
61,12,27,0.9962,0.5168
61,13,26,0.9957,0.5341
61,14,25,0.9951,0.5495
61,15,24,0.9945,0.5628
61,16,23,0.9939,0.5736
61,17,22,0.9933,0.5819
61,18,21,0.9926,0.5876
61,19,20,0.9920,0.5904
61,20,19,0.9913,0.5904
61,21,18,0.9906,0.5876
61,22,17,0.9900,0.5819
61,23,16,0.9894,0.5736
61,24,15,0.9888,0.5628
61,25,14,0.9883,0.5495
61,26,13,0.9878,0.5341
61,27,12,0.9874,0.5168
61,28,11,0.9872,0.4978
61,29,10,0.9870,0.4775
61,30,9,0.9869,0.4561
61,31,8,0.9869,0.4339
61,32,7,0.9871,0.4112
61,33,6,0.9873,0.3882
61,34,5,0.9877,0.3651
61,35,4,0.9882,0.3423
61,36,3,0.9887,0.3197
61,37,2,0.9893,0.2977
61,38,1,0.9900,0.2763
61,39,0,0.9908,0.2555
62,0,38,0.9995,0.2498
62,1,37,0.9994,0.2711
62,2,36,0.9992,0.2931
62,3,35,0.9990,0.3158
62,4,34,0.9988,0.3389
62,5,33,0.9986,0.3624
62,6,32,0.9983,0.3861
62,7,31,0.9980,0.4095
62,8,30,0.9976,0.4326
62,9,29,0.9972,0.4551
62,10,28,0.9967,0.4765
62,11,27,0.9962,0.4967
62,12,26,0.9956,0.5153
62,13,25,0.9950,0.5321
62,14,24,0.9943,0.5468
62,15,23,0.9936,0.5591
62,16,22,0.9928,0.5689
62,17,21,0.9920,0.5761
62,18,20,0.9912,0.5804
62,19,19,0.9904,0.5818
62,20,18,0.9895,0.5804
62,21,17,0.9886,0.5761
62,22,16,0.9878,0.5689
62,23,15,0.9870,0.5591
62,24,14,0.9862,0.5468
62,25,13,0.9855,0.5321
62,26,12,0.9849,0.5153
62,27,11,0.9844,0.4967
62,28,10,0.9840,0.4765
62,29,9,0.9837,0.4551
62,30,8,0.9836,0.4326
62,31,7,0.9836,0.4095
62,32,6,0.9837,0.3861
62,33,5,0.9840,0.3624
62,34,4,0.9845,0.3389
62,35,3,0.9850,0.3158
62,36,2,0.9857,0.2931
62,37,1,0.9865,0.2711
62,38,0,0.9873,0.2498
63,0,37,0.9994,0.2457
63,1,36,0.9993,0.2675
63,2,35,0.9991,0.2902
63,3,34,0.9989,0.3135
63,4,33,0.9986,0.3373
63,5,32,0.9983,0.3613
63,6,31,0.9980,0.3854
63,7,30,0.9976,0.4092
63,8,29,0.9971,0.4325
63,9,28,0.9966,0.4549
63,10,27,0.9961,0.4762
63,11,26,0.9954,0.4960
63,12,25,0.9947,0.5141
63,13,24,0.9939,0.5302
63,14,23,0.9931,0.5440
63,15,22,0.9921,0.5553
63,16,21,0.9912,0.5640
63,17,20,0.9901,0.5698
63,18,19,0.9891,0.5727
63,19,18,0.9880,0.5727
63,20,17,0.9869,0.5698
63,21,16,0.9858,0.5640
63,22,15,0.9847,0.5553
63,23,14,0.9837,0.5440
63,24,13,0.9827,0.5302
63,25,12,0.9818,0.5141
63,26,11,0.9810,0.4960
63,27,10,0.9804,0.4762
63,28,9,0.9798,0.4549
63,29,8,0.9795,0.4325
63,30,7,0.9793,0.4092
63,31,6,0.9793,0.3854
63,32,5,0.9795,0.3613
63,33,4,0.9798,0.3373
63,34,3,0.9804,0.3135
63,35,2,0.9810,0.2902
63,36,1,0.9819,0.2675
63,37,0,0.9828,0.2457
64,0,36,0.9993,0.2432
64,1,35,0.9991,0.2656
64,2,34,0.9989,0.2889
64,3,33,0.9986,0.3128
64,4,32,0.9983,0.3371
64,5,31,0.9979,0.3616
64,6,30,0.9975,0.3859
64,7,29,0.9970,0.4099
64,8,28,0.9964,0.4332
64,9,27,0.9958,0.4555
64,10,26,0.9950,0.4765
64,11,25,0.9942,0.4958
64,12,24,0.9933,0.5131
64,13,23,0.9923,0.5283
64,14,22,0.9912,0.5411
64,15,21,0.9900,0.5512
64,16,20,0.9888,0.5586
64,17,19,0.9875,0.5631
64,18,18,0.9861,0.5646
64,19,17,0.9847,0.5631
64,20,16,0.9833,0.5586
64,21,15,0.9819,0.5512
64,22,14,0.9806,0.5411
64,23,13,0.9793,0.5283
64,24,12,0.9780,0.5131
64,25,11,0.9769,0.4958
64,26,10,0.9760,0.4765
64,27,9,0.9752,0.4555
64,28,8,0.9745,0.4332
64,29,7,0.9741,0.4099
64,30,6,0.9739,0.3859
64,31,5,0.9739,0.3616
64,32,4,0.9741,0.3371
64,33,3,0.9746,0.3128
64,34,2,0.9752,0.2889
64,35,1,0.9761,0.2656
64,36,0,0.9771,0.2432
65,0,35,0.9991,0.2423
65,1,34,0.9988,0.2653
65,2,33,0.9985,0.2891
65,3,32,0.9982,0.3135
65,4,31,0.9978,0.3382
65,5,30,0.9973,0.3630
65,6,29,0.9968,0.3876
65,7,28,0.9961,0.4116
65,8,27,0.9954,0.4347
65,9,26,0.9945,0.4566
65,10,25,0.9936,0.4770
65,11,24,0.9925,0.4956
65,12,23,0.9913,0.5121
65,13,22,0.9900,0.5263
65,14,21,0.9886,0.5379
65,15,20,0.9872,0.5468
65,16,19,0.9856,0.5527
65,17,18,0.9839,0.5558
65,18,17,0.9822,0.5558
65,19,16,0.9804,0.5527
65,20,15,0.9787,0.5468
65,21,14,0.9769,0.5379
65,22,13,0.9753,0.5263
65,23,12,0.9737,0.5121
65,24,11,0.9722,0.4956
65,25,10,0.9708,0.4770
65,26,9,0.9697,0.4566
65,27,8,0.9687,0.4347
65,28,7,0.9679,0.4116
65,29,6,0.9675,0.3876
65,30,5,0.9672,0.3630
65,31,4,0.9672,0.3382
65,32,3,0.9676,0.3135
65,33,2,0.9681,0.2891
65,34,1,0.9690,0.2653
65,35,0,0.9700,0.2423
66,0,34,0.9987,0.2429
66,1,33,0.9984,0.2665
66,2,32,0.9980,0.2908
66,3,31,0.9976,0.3156
66,4,30,0.9971,0.3406
66,5,29,0.9964,0.3655
66,6,28,0.9957,0.3900
66,7,27,0.9949,0.4138
66,8,26,0.9939,0.4366
66,9,25,0.9928,0.4580
66,10,24,0.9916,0.4777
66,11,23,0.9902,0.4954
66,12,22,0.9887,0.5109
66,13,21,0.9871,0.5239
66,14,20,0.9853,0.5342
66,15,19,0.9834,0.5417
66,16,18,0.9814,0.5463
66,17,17,0.9793,0.5478
66,18,16,0.9771,0.5463
66,19,15,0.9750,0.5417
66,20,14,0.9728,0.5342
66,21,13,0.9707,0.5239
66,22,12,0.9686,0.5109
66,23,11,0.9667,0.4954
66,24,10,0.9649,0.4777
66,25,9,0.9633,0.4580
66,26,8,0.9619,0.4366
66,27,7,0.9608,0.4138
66,28,6,0.9599,0.3900
66,29,5,0.9594,0.3655
66,30,4,0.9591,0.3406
66,31,3,0.9592,0.3156
66,32,2,0.9596,0.2908
66,33,1,0.9604,0.2665
66,34,0,0.9614,0.2429
67,0,33,0.9983,0.2450
67,1,32,0.9979,0.2690
67,2,31,0.9974,0.2937
67,3,30,0.9968,0.3187
67,4,29,0.9961,0.3438
67,5,28,0.9952,0.3687
67,6,27,0.9943,0.3931
67,7,26,0.9932,0.4165
67,8,25,0.9919,0.4387
67,9,24,0.9905,0.4594
67,10,23,0.9889,0.4783
67,11,22,0.9872,0.4950
67,12,21,0.9853,0.5093
67,13,20,0.9832,0.5211
67,14,19,0.9809,0.5300
67,15,18,0.9785,0.5361
67,16,17,0.9760,0.5392
67,17,16,0.9735,0.5392
67,18,15,0.9708,0.5361
67,19,14,0.9681,0.5300
67,20,13,0.9655,0.5211
67,21,12,0.9629,0.5093
67,22,11,0.9604,0.4950
67,23,10,0.9581,0.4783
67,24,9,0.9560,0.4594
67,25,8,0.9541,0.4387
67,26,7,0.9525,0.4165
67,27,6,0.9512,0.3931
67,28,5,0.9503,0.3687
67,29,4,0.9497,0.3438
67,30,3,0.9495,0.3187
67,31,2,0.9497,0.2937
67,32,1,0.9503,0.2690
67,33,0,0.9512,0.2450
68,0,32,0.9976,0.2482
68,1,31,0.9971,0.2726
68,2,30,0.9964,0.2975
68,3,29,0.9956,0.3227
68,4,28,0.9947,0.3478
68,5,27,0.9936,0.3725
68,6,26,0.9924,0.3965
68,7,25,0.9910,0.4194
68,8,24,0.9894,0.4409
68,9,23,0.9876,0.4608
68,10,22,0.9855,0.4786
68,11,21,0.9833,0.4942
68,12,20,0.9809,0.5073
68,13,19,0.9782,0.5176
68,14,18,0.9754,0.5252
68,15,17,0.9725,0.5298
68,16,16,0.9694,0.5313
68,17,15,0.9662,0.5298
68,18,14,0.9630,0.5252
68,19,13,0.9598,0.5176
68,20,12,0.9566,0.5073
68,21,11,0.9535,0.4942
68,22,10,0.9506,0.4786
68,23,9,0.9479,0.4608
68,24,8,0.9454,0.4409
68,25,7,0.9432,0.4194
68,26,6,0.9414,0.3965
68,27,5,0.9400,0.3725
68,28,4,0.9390,0.3478
68,29,3,0.9384,0.3227
68,30,2,0.9383,0.2975
68,31,1,0.9386,0.2726
68,32,0,0.9393,0.2482
69,0,31,0.9968,0.2524
69,1,30,0.9961,0.2771
69,2,29,0.9952,0.3022
69,3,28,0.9942,0.3273
69,4,27,0.9930,0.3522
69,5,26,0.9916,0.3766
69,6,25,0.9900,0.4001
69,7,24,0.9881,0.4223
69,8,23,0.9861,0.4430
69,9,22,0.9838,0.4618
69,10,21,0.9812,0.4785
69,11,20,0.9784,0.4928
69,12,19,0.9754,0.5046
69,13,18,0.9721,0.5135
69,14,17,0.9686,0.5196
69,15,16,0.9650,0.5226
69,16,15,0.9612,0.5226
69,17,14,0.9574,0.5196
69,18,13,0.9535,0.5135
69,19,12,0.9497,0.5046
69,20,11,0.9459,0.4928
69,21,10,0.9423,0.4785
69,22,9,0.9389,0.4618
69,23,8,0.9357,0.4430
69,24,7,0.9329,0.4223
69,25,6,0.9305,0.4001
69,26,5,0.9285,0.3766
69,27,4,0.9269,0.3522
69,28,3,0.9259,0.3273
69,29,2,0.9253,0.3022
69,30,1,0.9253,0.2771
69,31,0,0.9258,0.2524
70,0,30,0.9957,0.2575
70,1,29,0.9947,0.2823
70,2,28,0.9936,0.3073
70,3,27,0.9922,0.3323
70,4,26,0.9907,0.3569
70,5,25,0.9889,0.3808
70,6,24,0.9868,0.4035
70,7,23,0.9845,0.4250
70,8,22,0.9819,0.4447
70,9,21,0.9790,0.4624
70,10,20,0.9758,0.4778
70,11,19,0.9723,0.4908
70,12,18,0.9685,0.5011
70,13,17,0.9645,0.5086
70,14,16,0.9603,0.5131
70,15,15,0.9559,0.5146
70,16,14,0.9514,0.5131
70,17,13,0.9468,0.5086
70,18,12,0.9422,0.5011
70,19,11,0.9377,0.4908
70,20,10,0.9333,0.4778
70,21,9,0.9291,0.4624
70,22,8,0.9252,0.4447
70,23,7,0.9216,0.4250
70,24,6,0.9185,0.4035
70,25,5,0.9158,0.3808
70,26,4,0.9136,0.3569
70,27,3,0.9120,0.3323
70,28,2,0.9109,0.3073
70,29,1,0.9105,0.2823
70,30,0,0.9106,0.2575
71,0,29,0.9942,0.2631
71,1,28,0.9929,0.2879
71,2,27,0.9915,0.3128
71,3,26,0.9898,0.3375
71,4,25,0.9878,0.3616
71,5,24,0.9855,0.3848
71,6,23,0.9829,0.4068
71,7,22,0.9800,0.4272
71,8,21,0.9767,0.4458
71,9,20,0.9731,0.4623
71,10,19,0.9691,0.4764
71,11,18,0.9649,0.4880
71,12,17,0.9603,0.4968
71,13,16,0.9554,0.5028
71,14,15,0.9503,0.5058
71,15,14,0.9451,0.5058
71,16,13,0.9397,0.5028
71,17,12,0.9343,0.4968
71,18,11,0.9289,0.4880
71,19,10,0.9236,0.4764
71,20,9,0.9185,0.4623
71,21,8,0.9138,0.4458
71,22,7,0.9094,0.4272
71,23,6,0.9054,0.4068
71,24,5,0.9019,0.3848
71,25,4,0.8991,0.3616
71,26,3,0.8968,0.3375
71,27,2,0.8951,0.3128
71,28,1,0.8941,0.2879
71,29,0,0.8938,0.2631
72,0,28,0.9923,0.2690
72,1,27,0.9907,0.2937
72,2,26,0.9888,0.3183
72,3,25,0.9867,0.3425
72,4,24,0.9841,0.3660
72,5,23,0.9813,0.3884
72,6,22,0.9780,0.4095
72,7,21,0.9744,0.4288
72,8,20,0.9703,0.4462
72,9,19,0.9659,0.4614
72,10,18,0.9611,0.4742
72,11,17,0.9559,0.4843
72,12,16,0.9503,0.4916
72,13,15,0.9445,0.4960
72,14,14,0.9385,0.4975
72,15,13,0.9322,0.4960
72,16,12,0.9259,0.4916
72,17,11,0.9196,0.4843
72,18,10,0.9134,0.4742
72,19,9,0.9074,0.4614
72,20,8,0.9017,0.4462
72,21,7,0.8963,0.4288
72,22,6,0.8914,0.4095
72,23,5,0.8871,0.3884
72,24,4,0.8834,0.3660
72,25,3,0.8803,0.3425
72,26,2,0.8780,0.3183
72,27,1,0.8764,0.2937
72,28,0,0.8755,0.2690
73,0,27,0.9900,0.2750
73,1,26,0.9879,0.2994
73,2,25,0.9856,0.3236
73,3,24,0.9828,0.3473
73,4,23,0.9797,0.3700
73,5,22,0.9761,0.3915
73,6,21,0.9721,0.4115
73,7,20,0.9676,0.4297
73,8,19,0.9627,0.4459
73,9,18,0.9573,0.4597
73,10,17,0.9514,0.4710
73,11,16,0.9452,0.4796
73,12,15,0.9386,0.4854
73,13,14,0.9317,0.4883
73,14,13,0.9246,0.4883
73,15,12,0.9173,0.4854
73,16,11,0.9100,0.4796
73,17,10,0.9028,0.4710
73,18,9,0.8957,0.4597
73,19,8,0.8890,0.4459
73,20,7,0.8826,0.4297
73,21,6,0.8767,0.4115
73,22,5,0.8714,0.3915
73,23,4,0.8667,0.3700
73,24,3,0.8628,0.3473
73,25,2,0.8596,0.3236
73,26,1,0.8573,0.2994
73,27,0,0.8558,0.2750
74,0,26,0.9871,0.2809
74,1,25,0.9845,0.3049
74,2,24,0.9815,0.3286
74,3,23,0.9781,0.3515
74,4,22,0.9742,0.3734
74,5,21,0.9698,0.3939
74,6,20,0.9649,0.4128
74,7,19,0.9594,0.4297
74,8,18,0.9535,0.4445
74,9,17,0.9470,0.4569
74,10,16,0.9400,0.4667
74,11,15,0.9327,0.4738
74,12,14,0.9249,0.4781
74,13,13,0.9168,0.4796
74,14,12,0.9086,0.4781
74,15,11,0.9002,0.4738
74,16,10,0.8919,0.4667
74,17,9,0.8837,0.4569
74,18,8,0.8758,0.4445
74,19,7,0.8683,0.4297
74,20,6,0.8613,0.4128
74,21,5,0.8549,0.3939
74,22,4,0.8492,0.3734
74,23,3,0.8443,0.3515
74,24,2,0.8402,0.3286
74,25,1,0.8371,0.3049
74,26,0,0.8349,0.2809
75,0,25,0.9835,0.2864
75,1,24,0.9803,0.3100
75,2,23,0.9766,0.3330
75,3,22,0.9724,0.3551
75,4,21,0.9676,0.3760
75,5,20,0.9623,0.3955
75,6,19,0.9563,0.4131
75,7,18,0.9498,0.4287
75,8,17,0.9427,0.4421
75,9,16,0.9350,0.4530
75,10,15,0.9268,0.4614
75,11,14,0.9181,0.4670
75,12,13,0.9091,0.4698
75,13,12,0.8998,0.4698
75,14,11,0.8904,0.4670
75,15,10,0.8809,0.4614
75,16,9,0.8715,0.4530
75,17,8,0.8624,0.4421
75,18,7,0.8536,0.4287
75,19,6,0.8454,0.4131
75,20,5,0.8378,0.3955
75,21,4,0.8310,0.3760
75,22,3,0.8250,0.3551
75,23,2,0.8200,0.3330
75,24,1,0.8159,0.3100
75,25,0,0.8128,0.2864
76,0,24,0.9791,0.2914
76,1,23,0.9752,0.3144
76,2,22,0.9707,0.3366
76,3,21,0.9655,0.3578
76,4,20,0.9598,0.3777
76,5,19,0.9534,0.3960
76,6,18,0.9463,0.4123
76,7,17,0.9385,0.4266
76,8,16,0.9301,0.4385
76,9,15,0.9210,0.4480
76,10,14,0.9115,0.4549
76,11,13,0.9015,0.4590
76,12,12,0.8911,0.4604
76,13,11,0.8805,0.4590
76,14,10,0.8699,0.4549
76,15,9,0.8592,0.4480
76,16,8,0.8488,0.4385
76,17,7,0.8388,0.4266
76,18,6,0.8293,0.4123
76,19,5,0.8204,0.3960
76,20,4,0.8124,0.3777
76,21,3,0.8052,0.3578
76,22,2,0.7991,0.3366
76,23,1,0.7940,0.3144
76,24,0,0.7900,0.2914
77,0,23,0.9739,0.2958
77,1,22,0.9691,0.3180
77,2,21,0.9636,0.3394
77,3,20,0.9575,0.3596
77,4,19,0.9506,0.3783
77,5,18,0.9429,0.3954
77,6,17,0.9345,0.4104
77,7,16,0.9254,0.4233
77,8,15,0.9156,0.4338
77,9,14,0.9051,0.4418
77,10,13,0.8941,0.4472
77,11,12,0.8827,0.4499
77,12,11,0.8709,0.4499
77,13,10,0.8590,0.4472
77,14,9,0.8471,0.4418
77,15,8,0.8354,0.4338
77,16,7,0.8240,0.4233
77,17,6,0.8131,0.4104
77,18,5,0.8029,0.3954
77,19,4,0.7935,0.3783
77,20,3,0.7851,0.3596
77,21,2,0.7777,0.3394
77,22,1,0.7715,0.3180
77,23,0,0.7665,0.2958
78,0,22,0.9676,0.2993
78,1,21,0.9619,0.3207
78,2,20,0.9554,0.3411
78,3,19,0.9480,0.3603
78,4,18,0.9399,0.3778
78,5,17,0.9309,0.3936
78,6,16,0.9211,0.4073
78,7,15,0.9105,0.4187
78,8,14,0.8991,0.4278
78,9,13,0.8871,0.4344
78,10,12,0.8746,0.4384
78,11,11,0.8617,0.4397
78,12,10,0.8486,0.4384
78,13,9,0.8354,0.4344
78,14,8,0.8223,0.4278
78,15,7,0.8095,0.4187
78,16,6,0.7972,0.4073
78,17,5,0.7855,0.3936
78,18,4,0.7747,0.3778
78,19,3,0.7649,0.3603
78,20,2,0.7563,0.3411
78,21,1,0.7488,0.3207
78,22,0,0.7426,0.2993
79,0,21,0.9603,0.3018
79,1,20,0.9535,0.3223
79,2,19,0.9458,0.3418
79,3,18,0.9371,0.3598
79,4,17,0.9276,0.3761
79,5,16,0.9171,0.3905
79,6,15,0.9058,0.4028
79,7,14,0.8936,0.4129
79,8,13,0.8807,0.4206
79,9,12,0.8671,0.4257
79,10,11,0.8530,0.4283
79,11,10,0.8387,0.4283
79,12,9,0.8241,0.4257
79,13,8,0.8096,0.4206
79,14,7,0.7954,0.4129
79,15,6,0.7816,0.4028
79,16,5,0.7685,0.3905
79,17,4,0.7562,0.3761
79,18,3,0.7450,0.3598
79,19,2,0.7349,0.3418
79,20,1,0.7261,0.3223
79,21,0,0.7187,0.3018
80,0,20,0.9518,0.3032
80,1,19,0.9438,0.3228
80,2,18,0.9347,0.3412
80,3,17,0.9246,0.3580
80,4,16,0.9136,0.3730
80,5,15,0.9016,0.3861
80,6,14,0.8886,0.3971
80,7,13,0.8748,0.4058
80,8,12,0.8602,0.4121
80,9,11,0.8450,0.4159
80,10,10,0.8294,0.4171
80,11,9,0.8136,0.4159
80,12,8,0.7977,0.4121
80,13,7,0.7820,0.4058
80,14,6,0.7667,0.3971
80,15,5,0.7521,0.3861
80,16,4,0.7383,0.3730
80,17,3,0.7255,0.3580
80,18,2,0.7140,0.3412
80,19,1,0.7037,0.3228
80,20,0,0.6949,0.3032
81,0,19,0.9421,0.3035
81,1,18,0.9326,0.3221
81,2,17,0.9221,0.3393
81,3,16,0.9106,0.3549
81,4,15,0.8979,0.3687
81,5,14,0.8842,0.3805
81,6,13,0.8695,0.3901
81,7,12,0.8540,0.3974
81,8,11,0.8378,0.4023
81,9,10,0.8210,0.4048
81,10,9,0.8039,0.4048
81,11,8,0.7867,0.4023
81,12,7,0.7695,0.3974
81,13,6,0.7527,0.3901
81,14,5,0.7365,0.3805
81,15,4,0.7212,0.3687
81,16,3,0.7068,0.3549
81,17,2,0.6937,0.3393
81,18,1,0.6820,0.3221
81,19,0,0.6717,0.3035
82,0,18,0.9310,0.3026
82,1,17,0.9201,0.3201
82,2,16,0.9080,0.3361
82,3,15,0.8948,0.3505
82,4,14,0.8805,0.3630
82,5,13,0.8651,0.3734
82,6,12,0.8487,0.3817
82,7,11,0.8314,0.3877
82,8,10,0.8136,0.3913
82,9,9,0.7952,0.3925
82,10,8,0.7767,0.3913
82,11,7,0.7581,0.3877
82,12,6,0.7398,0.3817
82,13,5,0.7221,0.3734
82,14,4,0.7051,0.3630
82,15,3,0.6892,0.3505
82,16,2,0.6744,0.3361
82,17,1,0.6611,0.3201
82,18,0,0.6494,0.3026
83,0,17,0.9185,0.3004
83,1,16,0.9060,0.3168
83,2,15,0.8923,0.3316
83,3,14,0.8774,0.3447
83,4,13,0.8614,0.3559
83,5,12,0.8442,0.3651
83,6,11,0.8261,0.3720
83,7,10,0.8072,0.3767
83,8,9,0.7877,0.3791
83,9,8,0.7679,0.3791
83,10,7,0.7480,0.3767
83,11,6,0.7282,0.3720
83,12,5,0.7089,0.3651
83,13,4,0.6904,0.3559
83,14,3,0.6728,0.3447
83,15,2,0.6564,0.3316
83,16,1,0.6415,0.3168
83,17,0,0.6281,0.3004
84,0,16,0.9045,0.2970
84,1,15,0.8905,0.3122
84,2,14,0.8751,0.3258
84,3,13,0.8585,0.3376
84,4,12,0.8406,0.3475
84,5,11,0.8217,0.3554
84,6,10,0.8019,0.3611
84,7,9,0.7814,0.3645
84,8,8,0.7604,0.3656
84,9,7,0.7392,0.3645
84,10,6,0.7180,0.3611
84,11,5,0.6973,0.3554
84,12,4,0.6771,0.3475
84,13,3,0.6579,0.3376
84,14,2,0.6399,0.3258
84,15,1,0.6233,0.3122
84,16,0,0.6083,0.2970
85,0,15,0.8892,0.2922
85,1,14,0.8735,0.3062
85,2,13,0.8564,0.3186
85,3,12,0.8380,0.3292
85,4,11,0.8184,0.3378
85,5,10,0.7977,0.3444
85,6,9,0.7763,0.3489
85,7,8,0.7542,0.3511
85,8,7,0.7318,0.3511
85,9,6,0.7094,0.3489
85,10,5,0.6872,0.3444
85,11,4,0.6656,0.3378
85,12,3,0.6448,0.3292
85,13,2,0.6251,0.3186
85,14,1,0.6068,0.3062
85,15,0,0.5901,0.2922
86,0,14,0.8725,0.2862
86,1,13,0.8550,0.2990
86,2,12,0.8362,0.3101
86,3,11,0.8161,0.3195
86,4,10,0.7948,0.3269
86,5,9,0.7725,0.3322
86,6,8,0.7495,0.3355
86,7,7,0.7260,0.3365
86,8,6,0.7024,0.3355
86,9,5,0.6789,0.3322
86,10,4,0.6558,0.3269
86,11,3,0.6335,0.3195
86,12,2,0.6122,0.3101
86,13,1,0.5922,0.2990
86,14,0,0.5738,0.2862
87,0,13,0.8545,0.2788
87,1,12,0.8353,0.2904
87,2,11,0.8147,0.3004
87,3,10,0.7929,0.3085
87,4,9,0.7700,0.3147
87,5,8,0.7462,0.3188
87,6,7,0.7218,0.3209
87,7,6,0.6970,0.3209
87,8,5,0.6723,0.3188
87,9,4,0.6479,0.3147
87,10,3,0.6241,0.3085
87,11,2,0.6013,0.3004
87,12,1,0.5797,0.2904
87,13,0,0.5596,0.2788
88,0,12,0.8352,0.2703
88,1,11,0.8144,0.2807
88,2,10,0.7921,0.2894
88,3,9,0.7687,0.2963
88,4,8,0.7442,0.3013
88,5,7,0.7190,0.3043
88,6,6,0.6933,0.3053
88,7,5,0.6675,0.3043
88,8,4,0.6419,0.3013
88,9,3,0.6167,0.2963
88,10,2,0.5924,0.2894
88,11,1,0.5693,0.2807
88,12,0,0.5475,0.2703
89,0,11,0.8149,0.2605
89,1,10,0.7924,0.2697
89,2,9,0.7685,0.2772
89,3,8,0.7436,0.2830
89,4,7,0.7177,0.2868
89,5,6,0.6913,0.2888
89,6,5,0.6645,0.2888
89,7,4,0.6377,0.2868
89,8,3,0.6114,0.2830
89,9,2,0.5857,0.2772
89,10,1,0.5611,0.2697
89,11,0,0.5378,0.2605
90,0,10,0.7936,0.2496
90,1,9,0.7695,0.2577
90,2,8,0.7442,0.2640
90,3,7,0.7178,0.2686
90,4,6,0.6907,0.2714
90,5,5,0.6631,0.2724
90,6,4,0.6355,0.2714
90,7,3,0.6080,0.2686
90,8,2,0.5811,0.2640
90,9,1,0.5551,0.2577
90,10,0,0.5303,0.2496
91,0,9,0.7714,0.2378
91,1,8,0.7459,0.2446
91,2,7,0.7192,0.2499
91,3,6,0.6916,0.2534
91,4,5,0.6634,0.2552
91,5,4,0.6349,0.2552
91,6,3,0.6065,0.2534
91,7,2,0.5785,0.2499
91,8,1,0.5512,0.2446
91,9,0,0.5250,0.2378
92,0,8,0.7486,0.2250
92,1,7,0.7217,0.2307
92,2,6,0.6938,0.2349
92,3,5,0.6651,0.2374
92,4,4,0.6360,0.2383
92,5,3,0.6068,0.2374
92,6,2,0.5778,0.2349
92,7,1,0.5494,0.2307
92,8,0,0.5220,0.2250
93,0,7,0.7253,0.2114
93,1,6,0.6972,0.2161
93,2,5,0.6682,0.2193
93,3,4,0.6386,0.2209
93,4,3,0.6087,0.2209
93,5,2,0.5789,0.2193
93,6,1,0.5496,0.2161
93,7,0,0.5210,0.2114
94,0,6,0.7016,0.1972
94,1,5,0.6725,0.2009
94,2,4,0.6425,0.2031
94,3,3,0.6122,0.2039
94,4,2,0.5817,0.2031
94,5,1,0.5516,0.2009
94,6,0,0.5220,0.1972
95,0,5,0.6778,0.1826
95,1,4,0.6477,0.1853
95,2,3,0.6170,0.1867
95,3,2,0.5860,0.1867
95,4,1,0.5552,0.1853
95,5,0,0.5248,0.1826
96,0,4,0.6539,0.1677
96,1,3,0.6230,0.1696
96,2,2,0.5917,0.1702
96,3,1,0.5603,0.1696
96,4,0,0.5292,0.1677
97,0,3,0.6300,0.1527
97,1,2,0.5985,0.1539
97,2,1,0.5668,0.1539
97,3,0,0.5352,0.1527
98,0,2,0.6064,0.1378
98,1,1,0.5744,0.1384
98,2,0,0.5424,0.1378
99,0,1,0.5830,0.1233
99,1,0,0.5507,0.1233
100,0,0,0.5600,0.1093
