DQ_pct_X,TBZ_pct_Y,THI_pct_Z,Z2,density
0,0,100,0.3403,0.0127
0,1,99,0.3419,0.0146
0,2,98,0.3433,0.0167
0,3,97,0.3445,0.0190
0,4,96,0.3454,0.0216
0,5,95,0.3461,0.0244
0,6,94,0.3465,0.0276
0,7,93,0.3467,0.0309
0,8,92,0.3466,0.0346
0,9,91,0.3464,0.0386
0,10,90,0.3459,0.0429
0,11,89,0.3451,0.0474
0,12,88,0.3441,0.0523
0,13,87,0.3429,0.0574
0,14,86,0.3415,0.0629
0,15,85,0.3399,0.0686
0,16,84,0.3380,0.0746
0,17,83,0.3360,0.0808
0,18,82,0.3338,0.0873
0,19,81,0.3314,0.0940
0,20,80,0.3289,0.1009
0,21,79,0.3262,0.1080
0,22,78,0.3234,0.1152
0,23,77,0.3205,0.1226
0,24,76,0.3175,0.1301
0,25,75,0.3144,0.1377
0,26,74,0.3113,0.1453
0,27,73,0.3081,0.1530
0,28,72,0.3049,0.1607
0,29,71,0.3017,0.1684
0,30,70,0.2986,0.1761
0,31,69,0.2955,0.1837
0,32,68,0.2924,0.1913
0,33,67,0.2894,0.1987
0,34,66,0.2865,0.2061
0,35,65,0.2837,0.2133
0,36,64,0.2810,0.2203
0,37,63,0.2784,0.2272
0,38,62,0.2759,0.2339
0,39,61,0.2734,0.2403
0,40,60,0.2711,0.2465
0,41,59,0.2688,0.2525
0,42,58,0.2667,0.2582
0,43,57,0.2645,0.2636
0,44,56,0.2624,0.2687
0,45,55,0.2604,0.2734
0,46,54,0.2583,0.2778
0,47,53,0.2562,0.2817
0,48,52,0.2541,0.2853
0,49,51,0.2519,0.2884
0,50,50,0.2496,0.2911
0,51,49,0.2472,0.2934
0,52,48,0.2447,0.2951
0,53,47,0.2421,0.2964
0,54,46,0.2393,0.2971
0,55,45,0.2364,0.2973
0,56,44,0.2333,0.2970
0,57,43,0.2300,0.2961
0,58,42,0.2265,0.2947
0,59,41,0.2229,0.2927
0,60,40,0.2191,0.2901
0,61,39,0.2152,0.2871
0,62,38,0.2111,0.2834
0,63,37,0.2068,0.2793
0,64,36,0.2025,0.2746
0,65,35,0.1979,0.2694
0,66,34,0.1933,0.2638
0,67,33,0.1886,0.2577
0,68,32,0.1838,0.2511
0,69,31,0.1790,0.2442
0,70,30,0.1741,0.2369
0,71,29,0.1692,0.2292
0,72,28,0.1643,0.2212
0,73,27,0.1594,0.2130
0,74,26,0.1545,0.2045
0,75,25,0.1496,0.1959
0,76,24,0.1448,0.1871
0,77,23,0.1401,0.1782
0,78,22,0.1354,0.1692
0,79,21,0.1308,0.1603
0,80,20,0.1264,0.1513
0,81,19,0.1220,0.1424
0,82,18,0.1177,0.1337
0,83,17,0.1135,0.1250
0,84,16,0.1094,0.1166
0,85,15,0.1055,0.1084
0,86,14,0.1016,0.1004
0,87,13,0.0979,0.0927
0,88,12,0.0943,0.0853
0,89,11,0.0908,0.0782
0,90,10,0.0874,0.0714
0,91,9,0.0842,0.0650
0,92,8,0.0810,0.0590
0,93,7,0.0780,0.0533
0,94,6,0.0751,0.0480
0,95,5,0.0723,0.0430
0,96,4,0.0696,0.0384
0,97,3,0.0670,0.0342
0,98,2,0.0645,0.0303
0,99,1,0.0621,0.0268
0,100,0,0.0597,0.0235
1,0,99,0.3368,0.0148
1,1,98,0.3384,0.0170
1,2,97,0.3398,0.0194
1,3,96,0.3410,0.0221
1,4,95,0.3420,0.0250
1,5,94,0.3427,0.0282
1,6,93,0.3432,0.0318
1,7,92,0.3435,0.0356
1,8,91,0.3435,0.0397
1,9,90,0.3433,0.0442
1,10,89,0.3429,0.0490
1,11,88,0.3422,0.0541
1,12,87,0.3414,0.0595
1,13,86,0.3403,0.0652
1,14,85,0.3390,0.0712
1,15,84,0.3375,0.0776
1,16,83,0.3358,0.0841
1,17,82,0.3340,0.0910
1,18,81,0.3320,0.0981
1,19,80,0.3298,0.1054
1,20,79,0.3275,0.1130
1,21,78,0.3250,0.1207
1,22,77,0.3225,0.1285
1,23,76,0.3198,0.1365
1,24,75,0.3171,0.1446
1,25,74,0.3143,0.1528
1,26,73,0.3114,0.1610
1,27,72,0.3086,0.1692
1,28,71,0.3057,0.1775
1,29,70,0.3028,0.1857
1,30,69,0.3000,0.1938
1,31,68,0.2972,0.2019
1,32,67,0.2945,0.2099
1,33,66,0.2918,0.2178
1,34,65,0.2893,0.2255
1,35,64,0.2868,0.2331
1,36,63,0.2844,0.2404
1,37,62,0.2820,0.2476
1,38,61,0.2798,0.2546
1,39,60,0.2777,0.2613
1,40,59,0.2756,0.2677
1,41,58,0.2736,0.2739
1,42,57,0.2716,0.2798
1,43,56,0.2697,0.2853
1,44,55,0.2677,0.2905
1,45,54,0.2658,0.2953
1,46,53,0.2639,0.2997
1,47,52,0.2618,0.3036
1,48,51,0.2598,0.3072
1,49,50,0.2576,0.3103
1,50,49,0.2554,0.3129
1,51,48,0.2530,0.3150
1,52,47,0.2504,0.3165
1,53,46,0.2477,0.3175
1,54,45,0.2449,0.3180
1,55,44,0.2419,0.3179
1,56,43,0.2387,0.3173
1,57,42,0.2353,0.3160
1,58,41,0.2317,0.3142
1,59,40,0.2280,0.3117
1,60,39,0.2240,0.3087
1,61,38,0.2200,0.3051
1,62,37,0.2157,0.3009
1,63,36,0.2113,0.2962
1,64,35,0.2068,0.2909
1,65,34,0.2021,0.2851
1,66,33,0.1974,0.2788
1,67,32,0.1925,0.2720
1,68,31,0.1876,0.2648
1,69,30,0.1826,0.2571
1,70,29,0.1776,0.2491
1,71,28,0.1726,0.2407
1,72,27,0.1676,0.2320
1,73,26,0.1626,0.2231
1,74,25,0.1576,0.2139
1,75,24,0.1527,0.2045
1,76,23,0.1478,0.1951
1,77,22,0.1430,0.1855
1,78,21,0.1382,0.1759
1,79,20,0.1336,0.1663
1,80,19,0.1290,0.1568
1,81,18,0.1245,0.1473
1,82,17,0.1202,0.1380
1,83,16,0.1160,0.1289
1,84,15,0.1118,0.1200
1,85,14,0.1078,0.1113
1,86,13,0.1039,0.1029
1,87,12,0.1001,0.0948
1,88,11,0.0965,0.0871
1,89,10,0.0930,0.0797
1,90,9,0.0895,0.0727
1,91,8,0.0862,0.0660
1,92,7,0.0831,0.0598
1,93,6,0.0800,0.0539
1,94,5,0.0770,0.0484
1,95,4,0.0742,0.0434
1,96,3,0.0714,0.0387
1,97,2,0.0688,0.0343
1,98,1,0.0662,0.0304
1,99,0,0.0637,0.0268
2,0,98,0.3333,0.0172
2,1,97,0.3349,0.0197
2,2,96,0.3364,0.0225
2,3,95,0.3376,0.0255
2,4,94,0.3386,0.0288
2,5,93,0.3394,0.0325
2,6,92,0.3399,0.0365
2,7,91,0.3402,0.0408
2,8,90,0.3404,0.0454
2,9,89,0.3402,0.0504
2,10,88,0.3399,0.0557
2,11,87,0.3394,0.0614
2,12,86,0.3386,0.0674
2,13,85,0.3377,0.0738
2,14,84,0.3366,0.0804
2,15,83,0.3352,0.0874
2,16,82,0.3337,0.0946
2,17,81,0.3320,0.1021
2,18,80,0.3302,0.1099
2,19,79,0.3282,0.1179
2,20,78,0.3261,0.1260
2,21,77,0.3239,0.1344
2,22,76,0.3216,0.1429
2,23,75,0.3192,0.1515
2,24,74,0.3167,0.1602
2,25,73,0.3142,0.1690
2,26,72,0.3117,0.1778
2,27,71,0.3091,0.1866
2,28,70,0.3066,0.1953
2,29,69,0.3040,0.2040
2,30,68,0.3015,0.2127
2,31,67,0.2991,0.2212
2,32,66,0.2967,0.2296
2,33,65,0.2944,0.2379
2,34,64,0.2921,0.2460
2,35,63,0.2899,0.2539
2,36,62,0.2878,0.2617
2,37,61,0.2858,0.2691
2,38,60,0.2839,0.2764
2,39,59,0.2820,0.2833
2,40,58,0.2802,0.2900
2,41,57,0.2784,0.2963
2,42,56,0.2766,0.3023
2,43,55,0.2748,0.3080
2,44,54,0.2731,0.3132
2,45,53,0.2713,0.3181
2,46,52,0.2694,0.3225
2,47,51,0.2675,0.3264
2,48,50,0.2655,0.3299
2,49,49,0.2633,0.3329
2,50,48,0.2611,0.3354
2,51,47,0.2587,0.3373
2,52,46,0.2561,0.3386
2,53,45,0.2534,0.3394
2,54,44,0.2504,0.3396
2,55,43,0.2473,0.3391
2,56,42,0.2440,0.3381
2,57,41,0.2405,0.3364
2,58,40,0.2368,0.3341
2,59,39,0.2329,0.3312
2,60,38,0.2289,0.3276
2,61,37,0.2246,0.3234
2,62,36,0.2202,0.3186
2,63,35,0.2157,0.3133
2,64,34,0.2110,0.3073
2,65,33,0.2063,0.3008
2,66,32,0.2014,0.2938
2,67,31,0.1964,0.2863
2,68,30,0.1914,0.2783
2,69,29,0.1863,0.2699
2,70,28,0.1812,0.2611
2,71,27,0.1760,0.2520
2,72,26,0.1709,0.2425
2,73,25,0.1658,0.2328
2,74,24,0.1607,0.2229
2,75,23,0.1557,0.2129
2,76,22,0.1508,0.2027
2,77,21,0.1459,0.1924
2,78,20,0.1411,0.1822
2,79,19,0.1363,0.1720
2,80,18,0.1317,0.1618
2,81,17,0.1272,0.1518
2,82,16,0.1228,0.1420
2,83,15,0.1185,0.1324
2,84,14,0.1143,0.1230
2,85,13,0.1102,0.1139
2,86,12,0.1063,0.1051
2,87,11,0.1025,0.0967
2,88,10,0.0988,0.0886
2,89,9,0.0952,0.0810
2,90,8,0.0917,0.0737
2,91,7,0.0884,0.0668
2,92,6,0.0851,0.0604
2,93,5,0.0820,0.0543
2,94,4,0.0790,0.0487
2,95,3,0.0761,0.0435
2,96,2,0.0733,0.0387
2,97,1,0.0706,0.0343
2,98,0,0.0680,0.0303
3,0,97,0.3298,0.0199
3,1,96,0.3314,0.0228
3,2,95,0.3329,0.0259
3,3,94,0.3342,0.0293
3,4,93,0.3352,0.0331
3,5,92,0.3360,0.0372
3,6,91,0.3367,0.0417
3,7,90,0.3371,0.0465
3,8,89,0.3373,0.0517
3,9,88,0.3372,0.0573
3,10,87,0.3370,0.0632
3,11,86,0.3366,0.0695
3,12,85,0.3360,0.0761
3,13,84,0.3352,0.0831
3,14,83,0.3342,0.0904
3,15,82,0.3330,0.0980
3,16,81,0.3317,0.1060
3,17,80,0.3302,0.1142
3,18,79,0.3285,0.1226
3,19,78,0.3268,0.1313
3,20,77,0.3249,0.1401
3,21,76,0.3229,0.1491
3,22,75,0.3209,0.1583
3,23,74,0.3187,0.1675
3,24,73,0.3165,0.1769
3,25,72,0.3143,0.1862
3,26,71,0.3121,0.1956
3,27,70,0.3098,0.2050
3,28,69,0.3076,0.2143
3,29,68,0.3054,0.2235
3,30,67,0.3032,0.2326
3,31,66,0.3011,0.2416
3,32,65,0.2990,0.2505
3,33,64,0.2970,0.2592
3,34,63,0.2951,0.2676
3,35,62,0.2932,0.2759
3,36,61,0.2914,0.2839
3,37,60,0.2897,0.2917
3,38,59,0.2880,0.2992
3,39,58,0.2864,0.3064
3,40,57,0.2848,0.3132
3,41,56,0.2832,0.3197
3,42,55,0.2817,0.3258
3,43,54,0.2801,0.3316
3,44,53,0.2784,0.3369
3,45,52,0.2768,0.3418
3,46,51,0.2750,0.3462
3,47,50,0.2731,0.3501
3,48,49,0.2712,0.3535
3,49,48,0.2690,0.3563
3,50,47,0.2668,0.3586
3,51,46,0.2643,0.3603
3,52,45,0.2617,0.3613
3,53,44,0.2589,0.3618
3,54,43,0.2559,0.3616
3,55,42,0.2527,0.3608
3,56,41,0.2493,0.3593
3,57,40,0.2456,0.3571
3,58,39,0.2418,0.3543
3,59,38,0.2378,0.3508
3,60,37,0.2336,0.3467
3,61,36,0.2293,0.3419
3,62,35,0.2247,0.3364
3,63,34,0.2201,0.3304
3,64,33,0.2153,0.3237
3,65,32,0.2103,0.3165
3,66,31,0.2053,0.3087
3,67,30,0.2002,0.3004
3,68,29,0.1951,0.2916
3,69,28,0.1899,0.2825
3,70,27,0.1847,0.2729
3,71,26,0.1795,0.2629
3,72,25,0.1742,0.2527
3,73,24,0.1690,0.2423
3,74,23,0.1639,0.2316
3,75,22,0.1588,0.2208
3,76,21,0.1538,0.2099
3,77,20,0.1488,0.1990
3,78,19,0.1439,0.1880
3,79,18,0.1391,0.1772
3,80,17,0.1344,0.1665
3,81,16,0.1299,0.1559
3,82,15,0.1254,0.1455
3,83,14,0.1210,0.1354
3,84,13,0.1168,0.1256
3,85,12,0.1127,0.1161
3,86,11,0.1087,0.1070
3,87,10,0.1048,0.0982
3,88,9,0.1011,0.0898
3,89,8,0.0974,0.0819
3,90,7,0.0939,0.0744
3,91,6,0.0905,0.0673
3,92,5,0.0872,0.0607
3,93,4,0.0841,0.0545
3,94,3,0.0810,0.0488
3,95,2,0.0780,0.0435
3,96,1,0.0752,0.0386
3,97,0,0.0724,0.0342
4,0,96,0.3263,0.0230
4,1,95,0.3280,0.0262
4,2,94,0.3295,0.0297
4,3,93,0.3308,0.0336
4,4,92,0.3319,0.0379
4,5,91,0.3328,0.0425
4,6,90,0.3335,0.0475
4,7,89,0.3339,0.0528
4,8,88,0.3342,0.0586
4,9,87,0.3343,0.0648
4,10,86,0.3342,0.0713
4,11,85,0.3339,0.0783
4,12,84,0.3334,0.0856
4,13,83,0.3327,0.0932
4,14,82,0.3319,0.1012
4,15,81,0.3309,0.1096
4,16,80,0.3297,0.1182
4,17,79,0.3284,0.1271
4,18,78,0.3270,0.1363
4,19,77,0.3254,0.1456
4,20,76,0.3238,0.1552
4,21,75,0.3220,0.1649
4,22,74,0.3202,0.1747
4,23,73,0.3184,0.1846
4,24,72,0.3165,0.1946
4,25,71,0.3145,0.2046
4,26,70,0.3126,0.2145
4,27,69,0.3107,0.2244
4,28,68,0.3087,0.2343
4,29,67,0.3068,0.2440
4,30,66,0.3050,0.2536
4,31,65,0.3032,0.2631
4,32,64,0.3014,0.2724
4,33,63,0.2998,0.2815
4,34,62,0.2981,0.2903
4,35,61,0.2966,0.2989
4,36,60,0.2951,0.3073
4,37,59,0.2936,0.3153
4,38,58,0.2922,0.3230
4,39,57,0.2909,0.3304
4,40,56,0.2895,0.3374
4,41,55,0.2881,0.3441
4,42,54,0.2867,0.3503
4,43,53,0.2853,0.3561
4,44,52,0.2838,0.3615
4,45,51,0.2822,0.3663
4,46,50,0.2805,0.3707
4,47,49,0.2787,0.3745
4,48,48,0.2768,0.3777
4,49,47,0.2747,0.3804
4,50,46,0.2724,0.3824
4,51,45,0.2699,0.3839
4,52,44,0.2672,0.3846
4,53,43,0.2644,0.3847
4,54,42,0.2613,0.3841
4,55,41,0.2580,0.3829
4,56,40,0.2544,0.3809
4,57,39,0.2507,0.3782
4,58,38,0.2468,0.3748
4,59,37,0.2426,0.3707
4,60,36,0.2383,0.3659
4,61,35,0.2338,0.3604
4,62,34,0.2291,0.3542
4,63,33,0.2243,0.3474
4,64,32,0.2194,0.3400
4,65,31,0.2144,0.3319
4,66,30,0.2093,0.3233
4,67,29,0.2040,0.3142
4,68,28,0.1988,0.3047
4,69,27,0.1935,0.2946
4,70,26,0.1882,0.2842
4,71,25,0.1829,0.2735
4,72,24,0.1776,0.2625
4,73,23,0.1723,0.2512
4,74,22,0.1671,0.2398
4,75,21,0.1619,0.2282
4,76,20,0.1568,0.2166
4,77,19,0.1518,0.2050
4,78,18,0.1468,0.1934
4,79,17,0.1420,0.1819
4,80,16,0.1372,0.1706
4,81,15,0.1326,0.1595
4,82,14,0.1281,0.1486
4,83,13,0.1237,0.1381
4,84,12,0.1194,0.1278
4,85,11,0.1152,0.1179
4,86,10,0.1112,0.1084
4,87,9,0.1072,0.0994
4,88,8,0.1034,0.0907
4,89,7,0.0997,0.0825
4,90,6,0.0962,0.0748
4,91,5,0.0927,0.0676
4,92,4,0.0894,0.0608
4,93,3,0.0862,0.0545
4,94,2,0.0831,0.0487
4,95,1,0.0800,0.0433
4,96,0,0.0771,0.0384
5,0,95,0.3229,0.0264
5,1,94,0.3246,0.0300
5,2,93,0.3261,0.0340
5,3,92,0.3275,0.0384
5,4,91,0.3286,0.0431
5,5,90,0.3296,0.0482
5,6,89,0.3303,0.0538
5,7,88,0.3309,0.0598
5,8,87,0.3312,0.0662
5,9,86,0.3314,0.0730
5,10,85,0.3314,0.0802
5,11,84,0.3312,0.0878
5,12,83,0.3309,0.0958
5,13,82,0.3303,0.1042
5,14,81,0.3296,0.1130
5,15,80,0.3288,0.1220
5,16,79,0.3278,0.1314
5,17,78,0.3267,0.1410
5,18,77,0.3255,0.1509
5,19,76,0.3242,0.1610
5,20,75,0.3228,0.1713
5,21,74,0.3213,0.1817
5,22,73,0.3197,0.1922
5,23,72,0.3181,0.2028
5,24,71,0.3165,0.2134
5,25,70,0.3149,0.2240
5,26,69,0.3132,0.2345
5,27,68,0.3116,0.2450
5,28,67,0.3100,0.2554
5,29,66,0.3084,0.2656
5,30,65,0.3069,0.2757
5,31,64,0.3054,0.2857
5,32,63,0.3040,0.2954
5,33,62,0.3026,0.3048
5,34,61,0.3013,0.3140
5,35,60,0.3001,0.3230
5,36,59,0.2989,0.3316
5,37,58,0.2977,0.3399
5,38,57,0.2965,0.3478
5,39,56,0.2954,0.3554
5,40,55,0.2942,0.3626
5,41,54,0.2931,0.3694
5,42,53,0.2918,0.3757
5,43,52,0.2905,0.3815
5,44,51,0.2892,0.3869
5,45,50,0.2877,0.3917
5,46,49,0.2861,0.3959
5,47,48,0.2843,0.3996
5,48,47,0.2824,0.4027
5,49,46,0.2802,0.4051
5,50,45,0.2779,0.4069
5,51,44,0.2754,0.4080
5,52,43,0.2727,0.4084
5,53,42,0.2697,0.4080
5,54,41,0.2665,0.4070
5,55,40,0.2631,0.4052
5,56,39,0.2595,0.4027
5,57,38,0.2557,0.3994
5,58,37,0.2516,0.3953
5,59,36,0.2473,0.3905
5,60,35,0.2429,0.3850
5,61,34,0.2383,0.3788
5,62,33,0.2335,0.3718
5,63,32,0.2286,0.3642
5,64,31,0.2235,0.3560
5,65,30,0.2184,0.3471
5,66,29,0.2131,0.3377
5,67,28,0.2078,0.3277
5,68,27,0.2025,0.3172
5,69,26,0.1971,0.3064
5,70,25,0.1917,0.2951
5,71,24,0.1863,0.2835
5,72,23,0.1809,0.2717
5,73,22,0.1756,0.2596
5,74,21,0.1703,0.2474
5,75,20,0.1650,0.2351
5,76,19,0.1599,0.2227
5,77,18,0.1548,0.2104
5,78,17,0.1498,0.1982
5,79,16,0.1449,0.1861
5,80,15,0.1401,0.1742
5,81,14,0.1354,0.1626
5,82,13,0.1308,0.1512
5,83,12,0.1264,0.1402
5,84,11,0.1220,0.1296
5,85,10,0.1178,0.1193
5,86,9,0.1137,0.1095
5,87,8,0.1097,0.1002
5,88,7,0.1059,0.0913
5,89,6,0.1021,0.0829
5,90,5,0.0985,0.0750
5,91,4,0.0950,0.0676
5,92,3,0.0916,0.0607
5,93,2,0.0883,0.0543
5,94,1,0.0852,0.0484
5,95,0,0.0821,0.0430
6,0,94,0.3195,0.0302
6,1,93,0.3212,0.0343
6,2,92,0.3228,0.0387
6,3,91,0.3242,0.0436
6,4,90,0.3254,0.0489
6,5,89,0.3264,0.0546
6,6,88,0.3272,0.0607
6,7,87,0.3279,0.0673
6,8,86,0.3283,0.0744
6,9,85,0.3286,0.0819
6,10,84,0.3287,0.0898
6,11,83,0.3286,0.0982
6,12,82,0.3284,0.1069
6,13,81,0.3280,0.1160
6,14,80,0.3275,0.1255
6,15,79,0.3268,0.1354
6,16,78,0.3261,0.1455
6,17,77,0.3251,0.1559
6,18,76,0.3241,0.1665
6,19,75,0.3230,0.1774
6,20,74,0.3219,0.1884
6,21,73,0.3206,0.1995
6,22,72,0.3194,0.2107
6,23,71,0.3180,0.2219
6,24,70,0.3167,0.2332
6,25,69,0.3154,0.2444
6,26,68,0.3140,0.2556
6,27,67,0.3127,0.2666
6,28,66,0.3114,0.2775
6,29,65,0.3102,0.2883
6,30,64,0.3090,0.2989
6,31,63,0.3078,0.3092
6,32,62,0.3067,0.3194
6,33,61,0.3056,0.3292
6,34,60,0.3046,0.3388
6,35,59,0.3037,0.3480
6,36,58,0.3027,0.3569
6,37,57,0.3018,0.3654
6,38,56,0.3009,0.3736
6,39,55,0.3000,0.3813
6,40,54,0.2990,0.3887
6,41,53,0.2980,0.3955
6,42,52,0.2969,0.4019
6,43,51,0.2958,0.4077
6,44,50,0.2945,0.4130
6,45,49,0.2931,0.4177
6,46,48,0.2915,0.4218
6,47,47,0.2898,0.4253
6,48,46,0.2879,0.4282
6,49,45,0.2858,0.4303
6,50,44,0.2834,0.4318
6,51,43,0.2808,0.4325
6,52,42,0.2780,0.4325
6,53,41,0.2750,0.4317
6,54,40,0.2717,0.4301
6,55,39,0.2682,0.4277
6,56,38,0.2645,0.4246
6,57,37,0.2605,0.4206
6,58,36,0.2564,0.4158
6,59,35,0.2520,0.4103
6,60,34,0.2474,0.4040
6,61,33,0.2427,0.3970
6,62,32,0.2378,0.3892
6,63,31,0.2328,0.3807
6,64,30,0.2276,0.3716
6,65,29,0.2224,0.3618
6,66,28,0.2170,0.3515
6,67,27,0.2116,0.3406
6,68,26,0.2062,0.3293
6,69,25,0.2007,0.3175
6,70,24,0.1952,0.3054
6,71,23,0.1897,0.2929
6,72,22,0.1843,0.2802
6,73,21,0.1789,0.2674
6,74,20,0.1735,0.2544
6,75,19,0.1682,0.2413
6,76,18,0.1630,0.2283
6,77,17,0.1578,0.2153
6,78,16,0.1528,0.2024
6,79,15,0.1478,0.1897
6,80,14,0.1430,0.1773
6,81,13,0.1382,0.1651
6,82,12,0.1336,0.1533
6,83,11,0.1291,0.1419
6,84,10,0.1247,0.1309
6,85,9,0.1204,0.1203
6,86,8,0.1163,0.1102
6,87,7,0.1123,0.1006
6,88,6,0.1083,0.0915
6,89,5,0.1046,0.0829
6,90,4,0.1009,0.0749
6,91,3,0.0973,0.0673
6,92,2,0.0939,0.0604
6,93,1,0.0906,0.0539
6,94,0,0.0873,0.0479
7,0,93,0.3161,0.0344
7,1,92,0.3179,0.0389
7,2,91,0.3196,0.0439
7,3,90,0.3210,0.0493
7,4,89,0.3223,0.0552
7,5,88,0.3233,0.0615
7,6,87,0.3242,0.0683
7,7,86,0.3250,0.0756
7,8,85,0.3255,0.0833
7,9,84,0.3259,0.0915
7,10,83,0.3261,0.1002
7,11,82,0.3262,0.1093
7,12,81,0.3261,0.1188
7,13,80,0.3259,0.1287
7,14,79,0.3255,0.1390
7,15,78,0.3250,0.1496
7,16,77,0.3244,0.1605
7,17,76,0.3237,0.1717
7,18,75,0.3229,0.1831
7,19,74,0.3220,0.1947
7,20,73,0.3211,0.2064
7,21,72,0.3201,0.2183
7,22,71,0.3191,0.2302
7,23,70,0.3181,0.2421
7,24,69,0.3170,0.2540
7,25,68,0.3160,0.2659
7,26,67,0.3150,0.2776
7,27,66,0.3140,0.2892
7,28,65,0.3130,0.3007
7,29,64,0.3121,0.3120
7,30,63,0.3112,0.3230
7,31,62,0.3103,0.3338
7,32,61,0.3095,0.3443
7,33,60,0.3088,0.3545
7,34,59,0.3081,0.3644
7,35,58,0.3074,0.3740
7,36,57,0.3067,0.3831
7,37,56,0.3060,0.3919
7,38,55,0.3053,0.4002
7,39,54,0.3046,0.4081
7,40,53,0.3038,0.4155
7,41,52,0.3030,0.4224
7,42,51,0.3021,0.4288
7,43,50,0.3010,0.4346
7,44,49,0.2998,0.4398
7,45,48,0.2985,0.4444
7,46,47,0.2970,0.4484
7,47,46,0.2952,0.4516
7,48,45,0.2933,0.4542
7,49,44,0.2912,0.4560
7,50,43,0.2888,0.4571
7,51,42,0.2862,0.4573
7,52,41,0.2833,0.4568
7,53,40,0.2802,0.4555
7,54,39,0.2768,0.4533
7,55,38,0.2732,0.4503
7,56,37,0.2694,0.4464
7,57,36,0.2653,0.4417
7,58,35,0.2611,0.4362
7,59,34,0.2566,0.4299
7,60,33,0.2519,0.4227
7,61,32,0.2470,0.4148
7,62,31,0.2420,0.4062
7,63,30,0.2369,0.3968
7,64,29,0.2317,0.3867
7,65,28,0.2263,0.3760
7,66,27,0.2209,0.3648
7,67,26,0.2154,0.3530
7,68,25,0.2099,0.3407
7,69,24,0.2043,0.3280
7,70,23,0.1988,0.3150
7,71,22,0.1932,0.3017
7,72,21,0.1877,0.2881
7,73,20,0.1822,0.2744
7,74,19,0.1768,0.2606
7,75,18,0.1714,0.2468
7,76,17,0.1661,0.2331
7,77,16,0.1609,0.2194
7,78,15,0.1558,0.2060
7,79,14,0.1508,0.1927
7,80,13,0.1459,0.1798
7,81,12,0.1411,0.1671
7,82,11,0.1365,0.1549
7,83,10,0.1319,0.1431
7,84,9,0.1275,0.1317
7,85,8,0.1231,0.1208
7,86,7,0.1189,0.1104
7,87,6,0.1148,0.1006
7,88,5,0.1109,0.0913
7,89,4,0.1070,0.0826
7,90,3,0.1033,0.0744
7,91,2,0.0997,0.0668
7,92,1,0.0962,0.0598
7,93,0,0.0928,0.0533
8,0,92,0.3129,0.0390
8,1,91,0.3147,0.0440
8,2,90,0.3164,0.0496
8,3,89,0.3179,0.0555
8,4,88,0.3192,0.0620
8,5,87,0.3203,0.0690
8,6,86,0.3213,0.0765
8,7,85,0.3221,0.0845
8,8,84,0.3228,0.0929
8,9,83,0.3233,0.1019
8,10,82,0.3236,0.1113
8,11,81,0.3238,0.1212
8,12,80,0.3239,0.1315
8,13,79,0.3238,0.1423
8,14,78,0.3236,0.1533
8,15,77,0.3233,0.1648
8,16,76,0.3229,0.1765
8,17,75,0.3224,0.1885
8,18,74,0.3218,0.2007
8,19,73,0.3212,0.2130
8,20,72,0.3205,0.2255
8,21,71,0.3198,0.2381
8,22,70,0.3191,0.2507
8,23,69,0.3183,0.2633
8,24,68,0.3175,0.2758
8,25,67,0.3168,0.2883
8,26,66,0.3161,0.3007
8,27,65,0.3154,0.3128
8,28,64,0.3147,0.3248
8,29,63,0.3141,0.3366
8,30,62,0.3135,0.3481
8,31,61,0.3130,0.3593
8,32,60,0.3125,0.3702
8,33,59,0.3120,0.3808
8,34,58,0.3116,0.3910
8,35,57,0.3112,0.4008
8,36,56,0.3107,0.4102
8,37,55,0.3103,0.4192
8,38,54,0.3098,0.4277
8,39,53,0.3093,0.4357
8,40,52,0.3087,0.4432
8,41,51,0.3080,0.4501
8,42,50,0.3072,0.4564
8,43,49,0.3062,0.4621
8,44,48,0.3051,0.4672
8,45,47,0.3038,0.4716
8,46,46,0.3023,0.4754
8,47,45,0.3006,0.4783
8,48,44,0.2987,0.4805
8,49,43,0.2965,0.4820
8,50,42,0.2941,0.4826
8,51,41,0.2914,0.4823
8,52,40,0.2885,0.4813
8,53,39,0.2853,0.4793
8,54,38,0.2818,0.4765
8,55,37,0.2781,0.4728
8,56,36,0.2742,0.4682
8,57,35,0.2700,0.4627
8,58,34,0.2657,0.4563
8,59,33,0.2611,0.4491
8,60,32,0.2563,0.4411
8,61,31,0.2513,0.4322
8,62,30,0.2462,0.4226
8,63,29,0.2410,0.4123
8,64,28,0.2357,0.4013
8,65,27,0.2302,0.3896
8,66,26,0.2247,0.3774
8,67,25,0.2192,0.3646
8,68,24,0.2135,0.3514
8,69,23,0.2079,0.3378
8,70,22,0.2023,0.3238
8,71,21,0.1967,0.3096
8,72,20,0.1911,0.2952
8,73,19,0.1856,0.2807
8,74,18,0.1801,0.2662
8,75,17,0.1747,0.2516
8,76,16,0.1693,0.2372
8,77,15,0.1641,0.2229
8,78,14,0.1589,0.2088
8,79,13,0.1539,0.1951
8,80,12,0.1489,0.1816
8,81,11,0.1441,0.1685
8,82,10,0.1394,0.1559
8,83,9,0.1348,0.1437
8,84,8,0.1303,0.1320
8,85,7,0.1259,0.1209
8,86,6,0.1216,0.1103
8,87,5,0.1175,0.1003
8,88,4,0.1135,0.0908
8,89,3,0.1096,0.0820
8,90,2,0.1058,0.0737
8,91,1,0.1021,0.0661
8,92,0,0.0986,0.0590
9,0,91,0.3097,0.0440
9,1,90,0.3116,0.0496
9,2,89,0.3133,0.0557
9,3,88,0.3148,0.0623
9,4,87,0.3162,0.0695
9,5,86,0.3175,0.0771
9,6,85,0.3185,0.0853
9,7,84,0.3194,0.0940
9,8,83,0.3202,0.1033
9,9,82,0.3208,0.1130
9,10,81,0.3213,0.1233
9,11,80,0.3216,0.1340
9,12,79,0.3218,0.1451
9,13,78,0.3219,0.1566
9,14,77,0.3219,0.1686
9,15,76,0.3217,0.1808
9,16,75,0.3215,0.1933
9,17,74,0.3213,0.2061
9,18,73,0.3209,0.2191
9,19,72,0.3205,0.2323
9,20,71,0.3201,0.2455
9,21,70,0.3196,0.2588
9,22,69,0.3192,0.2721
9,23,68,0.3187,0.2854
9,24,67,0.3182,0.2986
9,25,66,0.3178,0.3117
9,26,65,0.3173,0.3246
9,27,64,0.3169,0.3374
9,28,63,0.3166,0.3499
9,29,62,0.3163,0.3621
9,30,61,0.3160,0.3741
9,31,60,0.3158,0.3857
9,32,59,0.3156,0.3970
9,33,58,0.3154,0.4079
9,34,57,0.3152,0.4184
9,35,56,0.3150,0.4285
9,36,55,0.3148,0.4381
9,37,54,0.3146,0.4472
9,38,53,0.3143,0.4559
9,39,52,0.3140,0.4639
9,40,51,0.3135,0.4714
9,41,50,0.3130,0.4783
9,42,49,0.3123,0.4846
9,43,48,0.3114,0.4902
9,44,47,0.3104,0.4951
9,45,46,0.3091,0.4993
9,46,45,0.3076,0.5027
9,47,44,0.3059,0.5054
9,48,43,0.3040,0.5072
9,49,42,0.3018,0.5081
9,50,41,0.2993,0.5082
9,51,40,0.2966,0.5074
9,52,39,0.2936,0.5057
9,53,38,0.2903,0.5031
9,54,37,0.2868,0.4995
9,55,36,0.2830,0.4950
9,56,35,0.2789,0.4896
9,57,34,0.2747,0.4832
9,58,33,0.2702,0.4760
9,59,32,0.2655,0.4678
9,60,31,0.2606,0.4588
9,61,30,0.2556,0.4490
9,62,29,0.2504,0.4384
9,63,28,0.2451,0.4271
9,64,27,0.2397,0.4150
9,65,26,0.2341,0.4024
9,66,25,0.2286,0.3892
9,67,24,0.2229,0.3754
9,68,23,0.2172,0.3612
9,69,22,0.2116,0.3467
9,70,21,0.2059,0.3318
9,71,20,0.2002,0.3167
9,72,19,0.1946,0.3015
9,73,18,0.1890,0.2862
9,74,17,0.1835,0.2709
9,75,16,0.1780,0.2556
9,76,15,0.1726,0.2405
9,77,14,0.1673,0.2256
9,78,13,0.1621,0.2110
9,79,12,0.1570,0.1967
9,80,11,0.1520,0.1828
9,81,10,0.1471,0.1693
9,82,9,0.1423,0.1563
9,83,8,0.1377,0.1438
9,84,7,0.1331,0.1319
9,85,6,0.1287,0.1205
9,86,5,0.1244,0.1097
9,87,4,0.1202,0.0996
9,88,3,0.1161,0.0900
9,89,2,0.1122,0.0811
9,90,1,0.1084,0.0728
9,91,0,0.1046,0.0651
10,0,90,0.3066,0.0495
10,1,89,0.3085,0.0557
10,2,88,0.3103,0.0624
10,3,87,0.3119,0.0697
10,4,86,0.3134,0.0775
10,5,85,0.3147,0.0859
10,6,84,0.3158,0.0948
10,7,83,0.3168,0.1043
10,8,82,0.3177,0.1143
10,9,81,0.3184,0.1249
10,10,80,0.3190,0.1359
10,11,79,0.3195,0.1475
10,12,78,0.3198,0.1595
10,13,77,0.3201,0.1718
10,14,76,0.3203,0.1846
10,15,75,0.3203,0.1977
10,16,74,0.3203,0.2111
10,17,73,0.3203,0.2247
10,18,72,0.3202,0.2385
10,19,71,0.3200,0.2524
10,20,70,0.3198,0.2664
10,21,69,0.3196,0.2804
10,22,68,0.3194,0.2945
10,23,67,0.3192,0.3084
10,24,66,0.3191,0.3223
10,25,65,0.3189,0.3360
10,26,64,0.3188,0.3495
10,27,63,0.3187,0.3628
10,28,62,0.3186,0.3758
10,29,61,0.3186,0.3886
10,30,60,0.3186,0.4009
10,31,59,0.3187,0.4130
10,32,58,0.3188,0.4246
10,33,57,0.3188,0.4358
10,34,56,0.3189,0.4466
10,35,55,0.3190,0.4569
10,36,54,0.3190,0.4667
10,37,53,0.3190,0.4760
10,38,52,0.3189,0.4847
10,39,51,0.3187,0.4928
10,40,50,0.3184,0.5003
10,41,49,0.3180,0.5071
10,42,48,0.3173,0.5133
10,43,47,0.3166,0.5187
10,44,46,0.3156,0.5234
10,45,45,0.3143,0.5273
10,46,44,0.3129,0.5303
10,47,43,0.3112,0.5326
10,48,42,0.3092,0.5339
10,49,41,0.3069,0.5343
10,50,40,0.3044,0.5338
10,51,39,0.3016,0.5324
10,52,38,0.2985,0.5300
10,53,37,0.2952,0.5266
10,54,36,0.2916,0.5222
10,55,35,0.2877,0.5169
10,56,34,0.2836,0.5105
10,57,33,0.2792,0.5033
10,58,32,0.2747,0.4950
10,59,31,0.2699,0.4859
10,60,30,0.2649,0.4759
10,61,29,0.2598,0.4651
10,62,28,0.2545,0.4534
10,63,27,0.2491,0.4410
10,64,26,0.2436,0.4280
10,65,25,0.2380,0.4143
10,66,24,0.2324,0.4000
10,67,23,0.2267,0.3853
10,68,22,0.2210,0.3701
10,69,21,0.2152,0.3546
10,70,20,0.2095,0.3389
10,71,19,0.2038,0.3229
10,72,18,0.1981,0.3068
10,73,17,0.1924,0.2908
10,74,16,0.1869,0.2747
10,75,15,0.1813,0.2588
10,76,14,0.1759,0.2431
10,77,13,0.1706,0.2276
10,78,12,0.1653,0.2124
10,79,11,0.1602,0.1977
10,80,10,0.1551,0.1833
10,81,9,0.1502,0.1695
10,82,8,0.1454,0.1562
10,83,7,0.1407,0.1434
10,84,6,0.1361,0.1312
10,85,5,0.1316,0.1197
10,86,4,0.1272,0.1088
10,87,3,0.1230,0.0985
10,88,2,0.1189,0.0889
10,89,1,0.1149,0.0799
10,90,0,0.1110,0.0716
11,0,89,0.3036,0.0554
11,1,88,0.3056,0.0622
11,2,87,0.3074,0.0696
11,3,86,0.3091,0.0776
11,4,85,0.3106,0.0861
11,5,84,0.3120,0.0952
11,6,83,0.3133,0.1049
11,7,82,0.3144,0.1152
11,8,81,0.3153,0.1261
11,9,80,0.3162,0.1375
11,10,79,0.3169,0.1494
11,11,78,0.3175,0.1618
11,12,77,0.3181,0.1746
11,13,76,0.3185,0.1879
11,14,75,0.3188,0.2015
11,15,74,0.3191,0.2154
11,16,73,0.3193,0.2296
11,17,72,0.3195,0.2441
11,18,71,0.3196,0.2587
11,19,70,0.3197,0.2734
11,20,69,0.3198,0.2882
11,21,68,0.3198,0.3029
11,22,67,0.3199,0.3177
11,23,66,0.3200,0.3323
11,24,65,0.3201,0.3468
11,25,64,0.3202,0.3611
11,26,63,0.3204,0.3752
11,27,62,0.3206,0.3890
11,28,61,0.3209,0.4026
11,29,60,0.3211,0.4157
11,30,59,0.3214,0.4285
11,31,58,0.3218,0.4410
11,32,57,0.3221,0.4529
11,33,56,0.3224,0.4644
11,34,55,0.3228,0.4755
11,35,54,0.3230,0.4860
11,36,53,0.3233,0.4959
11,37,52,0.3234,0.5053
11,38,51,0.3235,0.5140
11,39,50,0.3235,0.5222
11,40,49,0.3233,0.5296
11,41,48,0.3229,0.5363
11,42,47,0.3224,0.5423
11,43,46,0.3217,0.5475
11,44,45,0.3207,0.5519
11,45,44,0.3195,0.5554
11,46,43,0.3180,0.5581
11,47,42,0.3163,0.5598
11,48,41,0.3143,0.5606
11,49,40,0.3120,0.5604
11,50,39,0.3094,0.5593
11,51,38,0.3066,0.5571
11,52,37,0.3034,0.5539
11,53,36,0.3000,0.5497
11,54,35,0.2963,0.5444
11,55,34,0.2924,0.5382
11,56,33,0.2882,0.5309
11,57,32,0.2837,0.5226
11,58,31,0.2791,0.5134
11,59,30,0.2742,0.5032
11,60,29,0.2692,0.4921
11,61,28,0.2640,0.4802
11,62,27,0.2586,0.4675
11,63,26,0.2532,0.4540
11,64,25,0.2476,0.4399
11,65,24,0.2419,0.4252
11,66,23,0.2362,0.4099
11,67,22,0.2305,0.3941
11,68,21,0.2247,0.3780
11,69,20,0.2189,0.3616
11,70,19,0.2131,0.3449
11,71,18,0.2073,0.3281
11,72,17,0.2016,0.3112
11,73,16,0.1959,0.2944
11,74,15,0.1903,0.2776
11,75,14,0.1848,0.2611
11,76,13,0.1793,0.2447
11,77,12,0.1739,0.2287
11,78,11,0.1686,0.2131
11,79,10,0.1634,0.1979
11,80,9,0.1583,0.1832
11,81,8,0.1533,0.1690
11,82,7,0.1485,0.1554
11,83,6,0.1437,0.1425
11,84,5,0.1391,0.1301
11,85,4,0.1345,0.1184
11,86,3,0.1301,0.1074
11,87,2,0.1258,0.0971
11,88,1,0.1216,0.0874
11,89,0,0.1176,0.0784
12,0,88,0.3007,0.0618
12,1,87,0.3028,0.0693
12,2,86,0.3047,0.0773
12,3,85,0.3064,0.0860
12,4,84,0.3080,0.0953
12,5,83,0.3095,0.1052
12,6,82,0.3108,0.1157
12,7,81,0.3120,0.1268
12,8,80,0.3131,0.1385
12,9,79,0.3141,0.1508
12,10,78,0.3150,0.1635
12,11,77,0.3158,0.1768
12,12,76,0.3165,0.1905
12,13,75,0.3171,0.2047
12,14,74,0.3176,0.2192
12,15,73,0.3181,0.2340
12,16,72,0.3185,0.2490
12,17,71,0.3189,0.2643
12,18,70,0.3192,0.2797
12,19,69,0.3196,0.2952
12,20,68,0.3199,0.3107
12,21,67,0.3202,0.3262
12,22,66,0.3206,0.3417
12,23,65,0.3209,0.3570
12,24,64,0.3213,0.3721
12,25,63,0.3218,0.3870
12,26,62,0.3222,0.4017
12,27,61,0.3227,0.4160
12,28,60,0.3232,0.4300
12,29,59,0.3238,0.4436
12,30,58,0.3244,0.4568
12,31,57,0.3250,0.4696
12,32,56,0.3256,0.4819
12,33,55,0.3261,0.4937
12,34,54,0.3267,0.5049
12,35,53,0.3272,0.5156
12,36,52,0.3276,0.5256
12,37,51,0.3279,0.5351
12,38,50,0.3281,0.5438
12,39,49,0.3282,0.5519
12,40,48,0.3281,0.5592
12,41,47,0.3279,0.5658
12,42,46,0.3274,0.5715
12,43,45,0.3267,0.5764
12,44,44,0.3258,0.5805
12,45,43,0.3246,0.5836
12,46,42,0.3231,0.5857
12,47,41,0.3214,0.5869
12,48,40,0.3193,0.5871
12,49,39,0.3170,0.5862
12,50,38,0.3144,0.5843
12,51,37,0.3115,0.5814
12,52,36,0.3082,0.5773
12,53,35,0.3047,0.5722
12,54,34,0.3010,0.5660
12,55,33,0.2969,0.5588
12,56,32,0.2927,0.5505
12,57,31,0.2881,0.5411
12,58,30,0.2834,0.5308
12,59,29,0.2785,0.5196
12,60,28,0.2734,0.5074
12,61,27,0.2681,0.4944
12,62,26,0.2627,0.4805
12,63,25,0.2572,0.4660
12,64,24,0.2515,0.4508
12,65,23,0.2458,0.4349
12,66,22,0.2401,0.4186
12,67,21,0.2343,0.4019
12,68,20,0.2284,0.3848
12,69,19,0.2226,0.3674
12,70,18,0.2168,0.3499
12,71,17,0.2110,0.3322
12,72,16,0.2052,0.3146
12,73,15,0.1995,0.2970
12,74,14,0.1938,0.2796
12,75,13,0.1882,0.2624
12,76,12,0.1827,0.2456
12,77,11,0.1773,0.2291
12,78,10,0.1719,0.2130
12,79,9,0.1667,0.1974
12,80,8,0.1616,0.1824
12,81,7,0.1565,0.1680
12,82,6,0.1516,0.1542
12,83,5,0.1468,0.1410
12,84,4,0.1421,0.1285
12,85,3,0.1375,0.1167
12,86,2,0.1331,0.1057
12,87,1,0.1287,0.0953
12,88,0,0.1245,0.0856
13,0,87,0.2980,0.0687
13,1,86,0.3001,0.0768
13,2,85,0.3020,0.0856
13,3,84,0.3038,0.0950
13,4,83,0.3055,0.1051
13,5,82,0.3071,0.1158
13,6,81,0.3086,0.1271
13,7,80,0.3099,0.1391
13,8,79,0.3111,0.1516
13,9,78,0.3122,0.1647
13,10,77,0.3133,0.1784
13,11,76,0.3142,0.1926
13,12,75,0.3150,0.2072
13,13,74,0.3158,0.2222
13,14,73,0.3166,0.2376
13,15,72,0.3172,0.2532
13,16,71,0.3179,0.2691
13,17,70,0.3185,0.2852
13,18,69,0.3191,0.3015
13,19,68,0.3197,0.3177
13,20,67,0.3202,0.3340
13,21,66,0.3208,0.3502
13,22,65,0.3215,0.3664
13,23,64,0.3221,0.3823
13,24,63,0.3228,0.3981
13,25,62,0.3235,0.4136
13,26,61,0.3242,0.4288
13,27,60,0.3250,0.4436
13,28,59,0.3258,0.4581
13,29,58,0.3266,0.4721
13,30,57,0.3275,0.4857
13,31,56,0.3283,0.4988
13,32,55,0.3291,0.5114
13,33,54,0.3299,0.5234
13,34,53,0.3307,0.5348
13,35,52,0.3314,0.5456
13,36,51,0.3320,0.5558
13,37,50,0.3324,0.5652
13,38,49,0.3328,0.5739
13,39,48,0.3330,0.5819
13,40,47,0.3330,0.5891
13,41,46,0.3328,0.5954
13,42,45,0.3324,0.6008
13,43,44,0.3317,0.6054
13,44,43,0.3308,0.6090
13,45,42,0.3296,0.6116
13,46,41,0.3281,0.6132
13,47,40,0.3264,0.6138
13,48,39,0.3243,0.6132
13,49,38,0.3219,0.6116
13,50,37,0.3192,0.6089
13,51,36,0.3162,0.6051
13,52,35,0.3130,0.6001
13,53,34,0.3094,0.5940
13,54,33,0.3055,0.5868
13,55,32,0.3014,0.5785
13,56,31,0.2971,0.5691
13,57,30,0.2925,0.5587
13,58,29,0.2877,0.5472
13,59,28,0.2827,0.5348
13,60,27,0.2775,0.5215
13,61,26,0.2722,0.5074
13,62,25,0.2667,0.4924
13,63,24,0.2612,0.4767
13,64,23,0.2555,0.4604
13,65,22,0.2497,0.4435
13,66,21,0.2439,0.4262
13,67,20,0.2381,0.4084
13,68,19,0.2322,0.3903
13,69,18,0.2263,0.3721
13,70,17,0.2205,0.3537
13,71,16,0.2146,0.3353
13,72,15,0.2088,0.3169
13,73,14,0.2031,0.2986
13,74,13,0.1974,0.2806
13,75,12,0.1917,0.2629
13,76,11,0.1862,0.2455
13,77,10,0.1807,0.2286
13,78,9,0.1753,0.2121
13,79,8,0.1701,0.1963
13,80,7,0.1649,0.1810
13,81,6,0.1598,0.1663
13,82,5,0.1549,0.1523
13,83,4,0.1500,0.1391
13,84,3,0.1452,0.1265
13,85,2,0.1406,0.1147
13,86,1,0.1361,0.1036
13,87,0,0.1317,0.0932
14,0,86,0.2954,0.0760
14,1,85,0.2975,0.0848
14,2,84,0.2996,0.0943
14,3,83,0.3015,0.1045
14,4,82,0.3032,0.1154
14,5,81,0.3049,0.1269
14,6,80,0.3065,0.1391
14,7,79,0.3079,0.1519
14,8,78,0.3093,0.1654
14,9,77,0.3105,0.1794
14,10,76,0.3117,0.1939
14,11,75,0.3128,0.2090
14,12,74,0.3138,0.2245
14,13,73,0.3148,0.2404
14,14,72,0.3157,0.2567
14,15,71,0.3166,0.2732
14,16,70,0.3175,0.2900
14,17,69,0.3183,0.3069
14,18,68,0.3191,0.3239
14,19,67,0.3200,0.3410
14,20,66,0.3208,0.3580
14,21,65,0.3217,0.3749
14,22,64,0.3226,0.3917
14,23,63,0.3235,0.4083
14,24,62,0.3244,0.4247
14,25,61,0.3254,0.4408
14,26,60,0.3264,0.4565
14,27,59,0.3275,0.4718
14,28,58,0.3285,0.4867
14,29,57,0.3296,0.5012
14,30,56,0.3307,0.5151
14,31,55,0.3318,0.5285
14,32,54,0.3328,0.5413
14,33,53,0.3338,0.5535
14,34,52,0.3348,0.5651
14,35,51,0.3356,0.5760
14,36,50,0.3364,0.5862
14,37,49,0.3370,0.5956
14,38,48,0.3374,0.6042
14,39,47,0.3377,0.6120
14,40,46,0.3378,0.6190
14,41,45,0.3377,0.6250
14,42,44,0.3373,0.6301
14,43,43,0.3367,0.6342
14,44,42,0.3358,0.6373
14,45,41,0.3346,0.6393
14,46,40,0.3331,0.6403
14,47,39,0.3313,0.6401
14,48,38,0.3291,0.6389
14,49,37,0.3267,0.6364
14,50,36,0.3240,0.6328
14,51,35,0.3209,0.6280
14,52,34,0.3176,0.6221
14,53,33,0.3140,0.6149
14,54,32,0.3101,0.6066
14,55,31,0.3059,0.5972
14,56,30,0.3015,0.5867
14,57,29,0.2968,0.5751
14,58,28,0.2920,0.5625
14,59,27,0.2869,0.5489
14,60,26,0.2817,0.5344
14,61,25,0.2763,0.5191
14,62,24,0.2708,0.5030
14,63,23,0.2652,0.4861
14,64,22,0.2594,0.4687
14,65,21,0.2537,0.4508
14,66,20,0.2478,0.4324
14,67,19,0.2419,0.4137
14,68,18,0.2360,0.3947
14,69,17,0.2301,0.3756
14,70,16,0.2242,0.3564
14,71,15,0.2183,0.3372
14,72,14,0.2125,0.3181
14,73,13,0.2067,0.2992
14,74,12,0.2010,0.2806
14,75,11,0.1953,0.2624
14,76,10,0.1897,0.2446
14,77,9,0.1842,0.2273
14,78,8,0.1788,0.2105
14,79,7,0.1735,0.1944
14,80,6,0.1683,0.1789
14,81,5,0.1632,0.1641
14,82,4,0.1581,0.1500
14,83,3,0.1532,0.1366
14,84,2,0.1484,0.1240
14,85,1,0.1438,0.1122
14,86,0,0.1392,0.1011
15,0,85,0.2929,0.0838
15,1,84,0.2951,0.0933
15,2,83,0.2972,0.1036
15,3,82,0.2992,0.1146
15,4,81,0.3011,0.1263
15,5,80,0.3029,0.1386
15,6,79,0.3046,0.1517
15,7,78,0.3061,0.1654
15,8,77,0.3076,0.1797
15,9,76,0.3090,0.1946
15,10,75,0.3104,0.2101
15,11,74,0.3116,0.2261
15,12,73,0.3128,0.2425
15,13,72,0.3140,0.2593
15,14,71,0.3151,0.2764
15,15,70,0.3162,0.2938
15,16,69,0.3173,0.3114
15,17,68,0.3184,0.3291
15,18,67,0.3194,0.3470
15,19,66,0.3205,0.3648
15,20,65,0.3216,0.3825
15,21,64,0.3227,0.4002
15,22,63,0.3239,0.4177
15,23,62,0.3251,0.4349
15,24,61,0.3263,0.4518
15,25,60,0.3275,0.4685
15,26,59,0.3288,0.4847
15,27,58,0.3301,0.5005
15,28,57,0.3314,0.5158
15,29,56,0.3327,0.5306
15,30,55,0.3341,0.5449
15,31,54,0.3354,0.5585
15,32,53,0.3366,0.5716
15,33,52,0.3378,0.5839
15,34,51,0.3389,0.5956
15,35,50,0.3399,0.6065
15,36,49,0.3408,0.6167
15,37,48,0.3416,0.6260
15,38,47,0.3421,0.6345
15,39,46,0.3425,0.6421
15,40,45,0.3426,0.6487
15,41,44,0.3425,0.6544
15,42,43,0.3422,0.6591
15,43,42,0.3416,0.6627
15,44,41,0.3407,0.6652
15,45,40,0.3394,0.6666
15,46,39,0.3379,0.6668
15,47,38,0.3361,0.6659
15,48,37,0.3339,0.6638
15,49,36,0.3314,0.6604
15,50,35,0.3287,0.6558
15,51,34,0.3256,0.6500
15,52,33,0.3222,0.6430
15,53,32,0.3185,0.6348
15,54,31,0.3145,0.6253
15,55,30,0.3103,0.6147
15,56,29,0.3058,0.6030
15,57,28,0.3011,0.5902
15,58,27,0.2962,0.5764
15,59,26,0.2911,0.5616
15,60,25,0.2858,0.5459
15,61,24,0.2804,0.5294
15,62,23,0.2748,0.5121
15,63,22,0.2692,0.4942
15,64,21,0.2634,0.4757
15,65,20,0.2576,0.4567
15,66,19,0.2517,0.4373
15,67,18,0.2458,0.4176
15,68,17,0.2399,0.3978
15,69,16,0.2339,0.3778
15,70,15,0.2280,0.3578
15,71,14,0.2221,0.3379
15,72,13,0.2162,0.3182
15,73,12,0.2104,0.2988
15,74,11,0.2047,0.2797
15,75,10,0.1990,0.2610
15,76,9,0.1933,0.2428
15,77,8,0.1878,0.2252
15,78,7,0.1823,0.2082
15,79,6,0.1770,0.1918
15,80,5,0.1717,0.1762
15,81,4,0.1666,0.1613
15,82,3,0.1615,0.1471
15,83,2,0.1565,0.1338
15,84,1,0.1517,0.1212
15,85,0,0.1470,0.1094
16,0,84,0.2906,0.0920
16,1,83,0.2929,0.1023
16,2,82,0.2951,0.1133
16,3,81,0.2972,0.1251
16,4,80,0.2992,0.1376
16,5,79,0.3011,0.1509
16,6,78,0.3029,0.1648
16,7,77,0.3046,0.1794
16,8,76,0.3062,0.1946
16,9,75,0.3078,0.2105
16,10,74,0.3092,0.2268
16,11,73,0.3107,0.2437
16,12,72,0.3121,0.2610
16,13,71,0.3134,0.2787
16,14,70,0.3148,0.2967
16,15,69,0.3161,0.3150
16,16,68,0.3174,0.3334
16,17,67,0.3187,0.3520
16,18,66,0.3200,0.3705
16,19,65,0.3213,0.3891
16,20,64,0.3227,0.4076
16,21,63,0.3240,0.4259
16,22,62,0.3254,0.4440
16,23,61,0.3269,0.4619
16,24,60,0.3284,0.4794
16,25,59,0.3299,0.4965
16,26,58,0.3314,0.5133
16,27,57,0.3329,0.5295
16,28,56,0.3345,0.5452
16,29,55,0.3360,0.5603
16,30,54,0.3376,0.5749
16,31,53,0.3391,0.5888
16,32,52,0.3405,0.6020
16,33,51,0.3419,0.6145
16,34,50,0.3431,0.6262
16,35,49,0.3443,0.6371
16,36,48,0.3453,0.6472
16,37,47,0.3461,0.6564
16,38,46,0.3468,0.6647
16,39,45,0.3472,0.6720
16,40,44,0.3474,0.6783
16,41,43,0.3474,0.6835
16,42,42,0.3470,0.6876
16,43,41,0.3464,0.6907
16,44,40,0.3455,0.6925
16,45,39,0.3443,0.6932
16,46,38,0.3427,0.6926
16,47,37,0.3408,0.6908
16,48,36,0.3386,0.6878
16,49,35,0.3361,0.6834
16,50,34,0.3333,0.6778
16,51,33,0.3301,0.6709
16,52,32,0.3267,0.6627
16,53,31,0.3229,0.6533
16,54,30,0.3189,0.6427
16,55,29,0.3146,0.6309
16,56,28,0.3101,0.6180
16,57,27,0.3053,0.6039
16,58,26,0.3004,0.5889
16,59,25,0.2952,0.5728
16,60,24,0.2899,0.5559
16,61,23,0.2845,0.5382
16,62,22,0.2789,0.5198
16,63,21,0.2732,0.5007
16,64,20,0.2674,0.4812
16,65,19,0.2615,0.4612
16,66,18,0.2556,0.4408
16,67,17,0.2497,0.4202
16,68,16,0.2437,0.3995
16,69,15,0.2378,0.3787
16,70,14,0.2318,0.3581
16,71,13,0.2259,0.3375
16,72,12,0.2200,0.3172
16,73,11,0.2142,0.2973
16,74,10,0.2084,0.2778
16,75,9,0.2027,0.2587
16,76,8,0.1970,0.2402
16,77,7,0.1914,0.2223
16,78,6,0.1859,0.2051
16,79,5,0.1805,0.1886
16,80,4,0.1752,0.1729
16,81,3,0.1700,0.1579
16,82,2,0.1649,0.1438
16,83,1,0.1599,0.1305
16,84,0,0.1550,0.1179
17,0,83,0.2885,0.1006
17,1,82,0.2909,0.1117
17,2,81,0.2932,0.1235
17,3,80,0.2954,0.1362
17,4,79,0.2975,0.1495
17,5,78,0.2995,0.1636
17,6,77,0.3014,0.1784
17,7,76,0.3032,0.1939
17,8,75,0.3050,0.2101
17,9,74,0.3067,0.2268
17,10,73,0.3084,0.2441
17,11,72,0.3100,0.2619
17,12,71,0.3116,0.2801
17,13,70,0.3131,0.2986
17,14,69,0.3147,0.3175
17,15,68,0.3162,0.3366
17,16,67,0.3177,0.3559
17,17,66,0.3192,0.3752
17,18,65,0.3208,0.3946
17,19,64,0.3224,0.4139
17,20,63,0.3240,0.4331
17,21,62,0.3256,0.4521
17,22,61,0.3272,0.4708
17,23,60,0.3289,0.4892
17,24,59,0.3307,0.5073
17,25,58,0.3324,0.5249
17,26,57,0.3342,0.5421
17,27,56,0.3359,0.5587
17,28,55,0.3377,0.5748
17,29,54,0.3395,0.5903
17,30,53,0.3412,0.6050
17,31,52,0.3429,0.6191
17,32,51,0.3445,0.6325
17,33,50,0.3460,0.6450
17,34,49,0.3474,0.6568
17,35,48,0.3487,0.6676
17,36,47,0.3498,0.6776
17,37,46,0.3507,0.6865
17,38,45,0.3515,0.6945
17,39,44,0.3519,0.7015
17,40,43,0.3522,0.7073
17,41,42,0.3521,0.7121
17,42,41,0.3518,0.7156
17,43,40,0.3512,0.7180
17,44,39,0.3503,0.7191
17,45,38,0.3490,0.7190
17,46,37,0.3474,0.7175
17,47,36,0.3455,0.7148
17,48,35,0.3433,0.7107
17,49,34,0.3407,0.7053
17,50,33,0.3378,0.6986
17,51,32,0.3346,0.6905
17,52,31,0.3311,0.6811
17,53,30,0.3273,0.6705
17,54,29,0.3232,0.6586
17,55,28,0.3189,0.6456
17,56,27,0.3143,0.6314
17,57,26,0.3095,0.6160
17,58,25,0.3045,0.5997
17,59,24,0.2994,0.5825
17,60,23,0.2940,0.5644
17,61,22,0.2885,0.5455
17,62,21,0.2829,0.5259
17,63,20,0.2772,0.5058
17,64,19,0.2714,0.4851
17,65,18,0.2655,0.4641
17,66,17,0.2596,0.4429
17,67,16,0.2536,0.4214
17,68,15,0.2477,0.3999
17,69,14,0.2417,0.3784
17,70,13,0.2357,0.3571
17,71,12,0.2298,0.3360
17,72,11,0.2239,0.3152
17,73,10,0.2180,0.2948
17,74,9,0.2122,0.2749
17,75,8,0.2064,0.2555
17,76,7,0.2007,0.2368
17,77,6,0.1951,0.2187
17,78,5,0.1896,0.2014
17,79,4,0.1842,0.1848
17,80,3,0.1788,0.1691
17,81,2,0.1736,0.1541
17,82,1,0.1684,0.1400
17,83,0,0.1634,0.1268
18,0,82,0.2866,0.1097
18,1,81,0.2891,0.1215
18,2,80,0.2915,0.1342
18,3,79,0.2938,0.1476
18,4,78,0.2960,0.1618
18,5,77,0.2981,0.1768
18,6,76,0.3001,0.1925
18,7,75,0.3021,0.2089
18,8,74,0.3041,0.2259
18,9,73,0.3059,0.2436
18,10,72,0.3078,0.2618
18,11,71,0.3096,0.2805
18,12,70,0.3113,0.2995
18,13,69,0.3131,0.3190
18,14,68,0.3148,0.3387
18,15,67,0.3166,0.3587
18,16,66,0.3183,0.3787
18,17,65,0.3201,0.3988
18,18,64,0.3219,0.4190
18,19,63,0.3237,0.4390
18,20,62,0.3255,0.4588
18,21,61,0.3274,0.4785
18,22,60,0.3293,0.4978
18,23,59,0.3312,0.5168
18,24,58,0.3332,0.5354
18,25,57,0.3351,0.5535
18,26,56,0.3371,0.5711
18,27,55,0.3391,0.5881
18,28,54,0.3411,0.6045
18,29,53,0.3431,0.6202
18,30,52,0.3450,0.6352
18,31,51,0.3468,0.6494
18,32,50,0.3486,0.6629
18,33,49,0.3503,0.6754
18,34,48,0.3518,0.6871
18,35,47,0.3532,0.6978
18,36,46,0.3544,0.7076
18,37,45,0.3554,0.7163
18,38,44,0.3561,0.7239
18,39,43,0.3566,0.7304
18,40,42,0.3569,0.7358
18,41,41,0.3569,0.7399
18,42,40,0.3565,0.7428
18,43,39,0.3559,0.7444
18,44,38,0.3550,0.7447
18,45,37,0.3537,0.7437
18,46,36,0.3521,0.7413
18,47,35,0.3501,0.7375
18,48,34,0.3478,0.7324
18,49,33,0.3452,0.7258
18,50,32,0.3423,0.7179
18,51,31,0.3390,0.7086
18,52,30,0.3355,0.6980
18,53,29,0.3316,0.6861
18,54,28,0.3275,0.6730
18,55,27,0.3232,0.6586
18,56,26,0.3186,0.6431
18,57,25,0.3137,0.6265
18,58,24,0.3087,0.6089
18,59,23,0.3035,0.5904
18,60,22,0.2981,0.5711
18,61,21,0.2926,0.5510
18,62,20,0.2870,0.5304
18,63,19,0.2812,0.5092
18,64,18,0.2754,0.4875
18,65,17,0.2695,0.4656
18,66,16,0.2636,0.4434
18,67,15,0.2576,0.4212
18,68,14,0.2516,0.3989
18,69,13,0.2456,0.3768
18,70,12,0.2397,0.3549
18,71,11,0.2337,0.3333
18,72,10,0.2278,0.3120
18,73,9,0.2219,0.2913
18,74,8,0.2160,0.2711
18,75,7,0.2103,0.2515
18,76,6,0.2045,0.2326
18,77,5,0.1989,0.2144
18,78,4,0.1933,0.1970
18,79,3,0.1879,0.1804
18,80,2,0.1825,0.1647
18,81,1,0.1772,0.1498
18,82,0,0.1720,0.1358
19,0,81,0.2850,0.1191
19,1,80,0.2875,0.1317
19,2,79,0.2900,0.1452
19,3,78,0.2924,0.1595
19,4,77,0.2947,0.1746
19,5,76,0.2970,0.1904
19,6,75,0.2992,0.2070
19,7,74,0.3013,0.2243
19,8,73,0.3034,0.2422
19,9,72,0.3054,0.2608
19,10,71,0.3074,0.2799
19,11,70,0.3094,0.2994
19,12,69,0.3114,0.3194
19,13,68,0.3133,0.3397
19,14,67,0.3153,0.3603
19,15,66,0.3172,0.3810
19,16,65,0.3192,0.4019
19,17,64,0.3212,0.4227
19,18,63,0.3232,0.4436
19,19,62,0.3252,0.4643
19,20,61,0.3273,0.4848
19,21,60,0.3294,0.5051
19,22,59,0.3315,0.5250
19,23,58,0.3337,0.5445
19,24,57,0.3359,0.5636
19,25,56,0.3381,0.5821
19,26,55,0.3403,0.6001
19,27,54,0.3425,0.6175
19,28,53,0.3447,0.6341
19,29,52,0.3468,0.6501
19,30,51,0.3489,0.6652
19,31,50,0.3509,0.6795
19,32,49,0.3528,0.6930
19,33,48,0.3546,0.7055
19,34,47,0.3562,0.7171
19,35,46,0.3577,0.7276
19,36,45,0.3589,0.7371
19,37,44,0.3600,0.7454
19,38,43,0.3608,0.7526
19,39,42,0.3613,0.7586
19,40,41,0.3616,0.7634
19,41,40,0.3616,0.7669
19,42,39,0.3612,0.7690
19,43,38,0.3606,0.7698
19,44,37,0.3596,0.7692
19,45,36,0.3583,0.7672
19,46,35,0.3566,0.7637
19,47,34,0.3546,0.7589
19,48,33,0.3523,0.7526
19,49,32,0.3497,0.7448
19,50,31,0.3467,0.7357
19,51,30,0.3434,0.7251
19,52,29,0.3398,0.7132
19,53,28,0.3359,0.7000
19,54,27,0.3318,0.6855
19,55,26,0.3274,0.6698
19,56,25,0.3227,0.6530
19,57,24,0.3179,0.6352
19,58,23,0.3128,0.6163
19,59,22,0.3076,0.5966
19,60,21,0.3022,0.5761
19,61,20,0.2967,0.5549
19,62,19,0.2911,0.5331
19,63,18,0.2853,0.5109
19,64,17,0.2795,0.4883
19,65,16,0.2736,0.4655
19,66,15,0.2676,0.4425
19,67,14,0.2617,0.4195
19,68,13,0.2557,0.3966
19,69,12,0.2497,0.3739
19,70,11,0.2437,0.3515
19,71,10,0.2377,0.3294
19,72,9,0.2317,0.3078
19,73,8,0.2258,0.2868
19,74,7,0.2200,0.2664
19,75,6,0.2142,0.2466
19,76,5,0.2084,0.2276
19,77,4,0.2027,0.2094
19,78,3,0.1971,0.1920
19,79,2,0.1916,0.1755
19,80,1,0.1862,0.1599
19,81,0,0.1808,0.1451
20,0,80,0.2835,0.1288
20,1,79,0.2862,0.1423
20,2,78,0.2888,0.1566
20,3,77,0.2913,0.1717
20,4,76,0.2937,0.1876
20,5,75,0.2961,0.2044
20,6,74,0.2984,0.2218
20,7,73,0.3007,0.2400
20,8,72,0.3030,0.2589
20,9,71,0.3052,0.2783
20,10,70,0.3074,0.2983
20,11,69,0.3095,0.3187
20,12,68,0.3117,0.3395
20,13,67,0.3138,0.3607
20,14,66,0.3160,0.3820
20,15,65,0.3182,0.4036
20,16,64,0.3203,0.4252
20,17,63,0.3226,0.4468
20,18,62,0.3248,0.4684
20,19,61,0.3271,0.4897
20,20,60,0.3294,0.5109
20,21,59,0.3317,0.5317
20,22,58,0.3341,0.5522
20,23,57,0.3364,0.5722
20,24,56,0.3388,0.5917
20,25,55,0.3412,0.6107
20,26,54,0.3436,0.6290
20,27,53,0.3460,0.6466
20,28,52,0.3484,0.6635
20,29,51,0.3507,0.6796
20,30,50,0.3529,0.6949
20,31,49,0.3550,0.7093
20,32,48,0.3571,0.7227
20,33,47,0.3589,0.7351
20,34,46,0.3606,0.7465
20,35,45,0.3622,0.7567
20,36,44,0.3635,0.7659
20,37,43,0.3646,0.7738
20,38,42,0.3654,0.7805
20,39,41,0.3660,0.7859
20,40,40,0.3663,0.7900
20,41,39,0.3662,0.7927
20,42,38,0.3659,0.7940
20,43,37,0.3652,0.7939
20,44,36,0.3642,0.7923
20,45,35,0.3628,0.7892
20,46,34,0.3611,0.7847
20,47,33,0.3591,0.7787
20,48,32,0.3567,0.7711
20,49,31,0.3541,0.7621
20,50,30,0.3510,0.7517
20,51,29,0.3477,0.7398
20,52,28,0.3441,0.7266
20,53,27,0.3402,0.7121
20,54,26,0.3360,0.6962
20,55,25,0.3316,0.6792
20,56,24,0.3269,0.6611
20,57,23,0.3220,0.6419
20,58,22,0.3170,0.6219
20,59,21,0.3117,0.6009
20,60,20,0.3063,0.5793
20,61,19,0.3008,0.5570
20,62,18,0.2952,0.5342
20,63,17,0.2894,0.5110
20,64,16,0.2836,0.4875
20,65,15,0.2777,0.4639
20,66,14,0.2717,0.4402
20,67,13,0.2657,0.4165
20,68,12,0.2597,0.3930
20,69,11,0.2537,0.3698
20,70,10,0.2477,0.3469
20,71,9,0.2417,0.3245
20,72,8,0.2357,0.3027
20,73,7,0.2298,0.2814
20,74,6,0.2239,0.2608
20,75,5,0.2181,0.2410
20,76,4,0.2123,0.2220
20,77,3,0.2066,0.2038
20,78,2,0.2010,0.1865
20,79,1,0.1954,0.1701
20,80,0,0.1900,0.1546
21,0,79,0.2823,0.1389
21,1,78,0.2851,0.1531
21,2,77,0.2878,0.1682
21,3,76,0.2904,0.1842
21,4,75,0.2930,0.2010
21,5,74,0.2955,0.2186
21,6,73,0.2980,0.2370
21,7,72,0.3004,0.2560
21,8,71,0.3028,0.2757
21,9,70,0.3052,0.2960
21,10,69,0.3076,0.3169
21,11,68,0.3099,0.3382
21,12,67,0.3123,0.3598
21,13,66,0.3146,0.3818
21,14,65,0.3170,0.4039
21,15,64,0.3194,0.4263
21,16,63,0.3218,0.4486
21,17,62,0.3242,0.4709
21,18,61,0.3267,0.4932
21,19,60,0.3292,0.5152
21,20,59,0.3317,0.5369
21,21,58,0.3342,0.5583
21,22,57,0.3368,0.5793
21,23,56,0.3394,0.5998
21,24,55,0.3420,0.6197
21,25,54,0.3446,0.6390
21,26,53,0.3472,0.6577
21,27,52,0.3497,0.6755
21,28,51,0.3522,0.6926
21,29,50,0.3547,0.7088
21,30,49,0.3570,0.7241
21,31,48,0.3593,0.7385
21,32,47,0.3614,0.7518
21,33,46,0.3634,0.7640
21,34,45,0.3651,0.7751
21,35,44,0.3667,0.7851
21,36,43,0.3681,0.7938
21,37,42,0.3692,0.8012
21,38,41,0.3700,0.8073
21,39,40,0.3706,0.8121
21,40,39,0.3709,0.8154
21,41,38,0.3708,0.8173
21,42,37,0.3705,0.8176
21,43,36,0.3698,0.8165
21,44,35,0.3687,0.8139
21,45,34,0.3673,0.8097
21,46,33,0.3656,0.8040
21,47,32,0.3635,0.7967
21,48,31,0.3611,0.7879
21,49,30,0.3584,0.7776
21,50,29,0.3553,0.7658
21,51,28,0.3520,0.7526
21,52,27,0.3483,0.7380
21,53,26,0.3444,0.7221
21,54,25,0.3402,0.7050
21,55,24,0.3358,0.6866
21,56,23,0.3311,0.6672
21,57,22,0.3262,0.6468
21,58,21,0.3211,0.6255
21,59,20,0.3159,0.6034
21,60,19,0.3105,0.5806
21,61,18,0.3049,0.5573
21,62,17,0.2993,0.5335
21,63,16,0.2935,0.5094
21,64,15,0.2877,0.4851
21,65,14,0.2818,0.4607
21,66,13,0.2758,0.4363
21,67,12,0.2698,0.4121
21,68,11,0.2638,0.3881
21,69,10,0.2578,0.3645
21,70,9,0.2518,0.3413
21,71,8,0.2458,0.3186
21,72,7,0.2398,0.2965
21,73,6,0.2339,0.2751
21,74,5,0.2280,0.2545
21,75,4,0.2221,0.2347
21,76,3,0.2163,0.2157
21,77,2,0.2106,0.1977
21,78,1,0.2049,0.1805
21,79,0,0.1993,0.1643
22,0,78,0.2814,0.1492
22,1,77,0.2843,0.1642
22,2,76,0.2871,0.1802
22,3,75,0.2899,0.1970
22,4,74,0.2926,0.2146
22,5,73,0.2952,0.2331
22,6,72,0.2979,0.2523
22,7,71,0.3005,0.2722
22,8,70,0.3030,0.2928
22,9,69,0.3056,0.3139
22,10,68,0.3081,0.3356
22,11,67,0.3107,0.3577
22,12,66,0.3132,0.3802
22,13,65,0.3158,0.4030
22,14,64,0.3183,0.4259
22,15,63,0.3209,0.4490
22,16,62,0.3235,0.4720
22,17,61,0.3262,0.4950
22,18,60,0.3289,0.5179
22,19,59,0.3316,0.5405
22,20,58,0.3343,0.5628
22,21,57,0.3370,0.5847
22,22,56,0.3398,0.6062
22,23,55,0.3426,0.6271
22,24,54,0.3454,0.6474
22,25,53,0.3481,0.6670
22,26,52,0.3509,0.6859
22,27,51,0.3536,0.7040
22,28,50,0.3562,0.7212
22,29,49,0.3588,0.7374
22,30,48,0.3613,0.7527
22,31,47,0.3636,0.7670
22,32,46,0.3658,0.7801
22,33,45,0.3678,0.7921
22,34,44,0.3697,0.8029
22,35,43,0.3713,0.8124
22,36,42,0.3727,0.8206
22,37,41,0.3738,0.8275
22,38,40,0.3747,0.8329
22,39,39,0.3752,0.8369
22,40,38,0.3755,0.8394
22,41,37,0.3754,0.8403
22,42,36,0.3750,0.8397
22,43,35,0.3743,0.8375
22,44,34,0.3732,0.8338
22,45,33,0.3718,0.8284
22,46,32,0.3700,0.8214
22,47,31,0.3679,0.8129
22,48,30,0.3655,0.8027
22,49,29,0.3627,0.7911
22,50,28,0.3596,0.7779
22,51,27,0.3562,0.7634
22,52,26,0.3525,0.7474
22,53,25,0.3486,0.7301
22,54,24,0.3444,0.7116
22,55,23,0.3399,0.6919
22,56,22,0.3352,0.6712
22,57,21,0.3303,0.6496
22,58,20,0.3253,0.6271
22,59,19,0.3200,0.6039
22,60,18,0.3146,0.5800
22,61,17,0.3091,0.5557
22,62,16,0.3034,0.5310
22,63,15,0.2977,0.5061
22,64,14,0.2918,0.4811
22,65,13,0.2859,0.4560
22,66,12,0.2800,0.4311
22,67,11,0.2740,0.4063
22,68,10,0.2680,0.3819
22,69,9,0.2620,0.3580
22,70,8,0.2560,0.3345
22,71,7,0.2500,0.3117
22,72,6,0.2440,0.2895
22,73,5,0.2380,0.2681
22,74,4,0.2321,0.2475
22,75,3,0.2262,0.2277
22,76,2,0.2204,0.2089
22,77,1,0.2146,0.1910
22,78,0,0.2089,0.1740
23,0,77,0.2808,0.1597
23,1,76,0.2838,0.1755
23,2,75,0.2867,0.1923
23,3,74,0.2896,0.2099
23,4,73,0.2925,0.2284
23,5,72,0.2953,0.2477
23,6,71,0.2980,0.2677
23,7,70,0.3008,0.2885
23,8,69,0.3035,0.3099
23,9,68,0.3063,0.3319
23,10,67,0.3090,0.3544
23,11,66,0.3117,0.3773
23,12,65,0.3145,0.4006
23,13,64,0.3172,0.4241
23,14,63,0.3200,0.4478
23,15,62,0.3228,0.4716
23,16,61,0.3256,0.4953
23,17,60,0.3284,0.5190
23,18,59,0.3313,0.5424
23,19,58,0.3342,0.5656
23,20,57,0.3371,0.5884
23,21,56,0.3401,0.6108
23,22,55,0.3430,0.6327
23,23,54,0.3460,0.6540
23,24,53,0.3489,0.6746
23,25,52,0.3519,0.6945
23,26,51,0.3548,0.7136
23,27,50,0.3576,0.7318
23,28,49,0.3604,0.7490
23,29,48,0.3630,0.7653
23,30,47,0.3656,0.7805
23,31,46,0.3680,0.7946
23,32,45,0.3703,0.8075
23,33,44,0.3724,0.8192
23,34,43,0.3742,0.8296
23,35,42,0.3759,0.8386
23,36,41,0.3773,0.8462
23,37,40,0.3784,0.8524
23,38,39,0.3793,0.8570
23,39,38,0.3798,0.8602
23,40,37,0.3800,0.8617
23,41,36,0.3799,0.8617
23,42,35,0.3795,0.8600
23,43,34,0.3787,0.8567
23,44,33,0.3776,0.8517
23,45,32,0.3762,0.8451
23,46,31,0.3744,0.8368
23,47,30,0.3722,0.8270
23,48,29,0.3698,0.8155
23,49,28,0.3670,0.8024
23,50,27,0.3639,0.7879
23,51,26,0.3604,0.7719
23,52,25,0.3567,0.7546
23,53,24,0.3528,0.7359
23,54,23,0.3485,0.7161
23,55,22,0.3441,0.6951
23,56,21,0.3394,0.6732
23,57,20,0.3345,0.6503
23,58,19,0.3294,0.6267
23,59,18,0.3242,0.6024
23,60,17,0.3188,0.5776
23,61,16,0.3132,0.5524
23,62,15,0.3076,0.5269
23,63,14,0.3019,0.5012
23,64,13,0.2960,0.4755
23,65,12,0.2901,0.4499
23,66,11,0.2842,0.4244
23,67,10,0.2782,0.3993
23,68,9,0.2722,0.3746
23,69,8,0.2662,0.3504
23,70,7,0.2602,0.3268
23,71,6,0.2542,0.3038
23,72,5,0.2482,0.2816
23,73,4,0.2422,0.2603
23,74,3,0.2363,0.2398
23,75,2,0.2304,0.2202
23,76,1,0.2245,0.2015
23,77,0,0.2187,0.1839
24,0,76,0.2805,0.1704
24,1,75,0.2836,0.1870
24,2,74,0.2866,0.2045
24,3,73,0.2897,0.2230
24,4,72,0.2926,0.2423
24,5,71,0.2956,0.2624
24,6,70,0.2985,0.2833
24,7,69,0.3015,0.3049
24,8,68,0.3044,0.3271
24,9,67,0.3073,0.3499
24,10,66,0.3102,0.3732
24,11,65,0.3131,0.3969
24,12,64,0.3160,0.4209
24,13,63,0.3190,0.4451
24,14,62,0.3219,0.4695
24,15,61,0.3249,0.4940
24,16,60,0.3279,0.5183
24,17,59,0.3310,0.5426
24,18,58,0.3340,0.5666
24,19,57,0.3371,0.5903
24,20,56,0.3402,0.6136
24,21,55,0.3433,0.6365
24,22,54,0.3465,0.6587
24,23,53,0.3496,0.6803
24,24,52,0.3527,0.7012
24,25,51,0.3558,0.7213
24,26,50,0.3588,0.7405
24,27,49,0.3617,0.7588
24,28,48,0.3646,0.7761
24,29,47,0.3674,0.7923
24,30,46,0.3700,0.8073
24,31,45,0.3725,0.8212
24,32,44,0.3748,0.8338
24,33,43,0.3769,0.8450
24,34,42,0.3788,0.8549
24,35,41,0.3805,0.8633
24,36,40,0.3819,0.8703
24,37,39,0.3830,0.8757
24,38,38,0.3838,0.8795
24,39,37,0.3844,0.8818
24,40,36,0.3846,0.8823
24,41,35,0.3844,0.8812
24,42,34,0.3840,0.8784
24,43,33,0.3832,0.8739
24,44,32,0.3820,0.8676
24,45,31,0.3805,0.8597
24,46,30,0.3787,0.8501
24,47,29,0.3765,0.8388
24,48,28,0.3740,0.8260
24,49,27,0.3712,0.8115
24,50,26,0.3681,0.7956
24,51,25,0.3646,0.7782
24,52,24,0.3609,0.7595
24,53,23,0.3569,0.7395
24,54,22,0.3527,0.7184
24,55,21,0.3482,0.6961
24,56,20,0.3435,0.6730
24,57,19,0.3386,0.6490
24,58,18,0.3336,0.6243
24,59,17,0.3283,0.5990
24,60,16,0.3229,0.5733
24,61,15,0.3174,0.5473
24,62,14,0.3118,0.5210
24,63,13,0.3061,0.4947
24,64,12,0.3003,0.4684
24,65,11,0.2944,0.4423
24,66,10,0.2884,0.4165
24,67,9,0.2825,0.3911
24,68,8,0.2765,0.3661
24,69,7,0.2705,0.3418
24,70,6,0.2644,0.3181
24,71,5,0.2584,0.2952
24,72,4,0.2524,0.2730
24,73,3,0.2464,0.2518
24,74,2,0.2405,0.2315
24,75,1,0.2346,0.2121
24,76,0,0.2287,0.1938
25,0,75,0.2804,0.1812
25,1,74,0.2837,0.1985
25,2,73,0.2869,0.2169
25,3,72,0.2900,0.2361
25,4,71,0.2932,0.2562
25,5,70,0.2963,0.2771
25,6,69,0.2994,0.2988
25,7,68,0.3025,0.3212
25,8,67,0.3056,0.3442
25,9,66,0.3086,0.3678
25,10,65,0.3117,0.3918
25,11,64,0.3148,0.4163
25,12,63,0.3179,0.4410
25,13,62,0.3211,0.4659
25,14,61,0.3242,0.4910
25,15,60,0.3274,0.5160
25,16,59,0.3306,0.5410
25,17,58,0.3338,0.5658
25,18,57,0.3370,0.5904
25,19,56,0.3403,0.6146
25,20,55,0.3436,0.6383
25,21,54,0.3469,0.6615
25,22,53,0.3501,0.6841
25,23,52,0.3534,0.7060
25,24,51,0.3566,0.7271
25,25,50,0.3598,0.7473
25,26,49,0.3630,0.7666
25,27,48,0.3660,0.7849
25,28,47,0.3690,0.8021
25,29,46,0.3718,0.8181
25,30,45,0.3745,0.8330
25,31,44,0.3770,0.8465
25,32,43,0.3794,0.8587
25,33,42,0.3815,0.8695
25,34,41,0.3834,0.8788
25,35,40,0.3851,0.8865
25,36,39,0.3865,0.8927
25,37,38,0.3876,0.8973
25,38,37,0.3884,0.9002
25,39,36,0.3889,0.9015
25,40,35,0.3891,0.9009
25,41,34,0.3889,0.8987
25,42,33,0.3884,0.8947
25,43,32,0.3876,0.8889
25,44,31,0.3864,0.8813
25,45,30,0.3848,0.8720
25,46,29,0.3830,0.8611
25,47,28,0.3808,0.8484
25,48,27,0.3782,0.8341
25,49,26,0.3754,0.8183
25,50,25,0.3722,0.8009
25,51,24,0.3688,0.7822
25,52,23,0.3650,0.7621
25,53,22,0.3611,0.7408
25,54,21,0.3568,0.7184
25,55,20,0.3523,0.6950
25,56,19,0.3477,0.6707
25,57,18,0.3428,0.6456
25,58,17,0.3377,0.6199
25,59,16,0.3325,0.5938
25,60,15,0.3271,0.5672
25,61,14,0.3216,0.5404
25,62,13,0.3160,0.5135
25,63,12,0.3103,0.4866
25,64,11,0.3045,0.4599
25,65,10,0.2986,0.4334
25,66,9,0.2927,0.4073
25,67,8,0.2868,0.3817
25,68,7,0.2808,0.3566
25,69,6,0.2748,0.3322
25,70,5,0.2688,0.3086
25,71,4,0.2627,0.2857
25,72,3,0.2567,0.2638
25,73,2,0.2507,0.2428
25,74,1,0.2448,0.2227
25,75,0,0.2388,0.2037
26,0,74,0.2807,0.1920
26,1,73,0.2841,0.2101
26,2,72,0.2874,0.2292
26,3,71,0.2908,0.2492
26,4,70,0.2940,0.2701
26,5,69,0.2973,0.2918
26,6,68,0.3006,0.3142
26,7,67,0.3038,0.3374
26,8,66,0.3071,0.3612
26,9,65,0.3103,0.3855
26,10,64,0.3136,0.4102
26,11,63,0.3169,0.4354
26,12,62,0.3201,0.4608
26,13,61,0.3235,0.4864
26,14,60,0.3268,0.5120
26,15,59,0.3301,0.5377
26,16,58,0.3335,0.5632
26,17,57,0.3369,0.5886
26,18,56,0.3403,0.6136
26,19,55,0.3437,0.6382
26,20,54,0.3472,0.6623
26,21,53,0.3506,0.6858
26,22,52,0.3540,0.7087
26,23,51,0.3574,0.7308
26,24,50,0.3608,0.7520
26,25,49,0.3641,0.7723
26,26,48,0.3673,0.7916
26,27,47,0.3704,0.8099
26,28,46,0.3734,0.8269
26,29,45,0.3763,0.8427
26,30,44,0.3791,0.8572
26,31,43,0.3816,0.8704
26,32,42,0.3840,0.8821
26,33,41,0.3861,0.8923
26,34,40,0.3880,0.9010
26,35,39,0.3897,0.9080
26,36,38,0.3911,0.9134
26,37,37,0.3922,0.9170
26,38,36,0.3929,0.9189
26,39,35,0.3934,0.9191
26,40,34,0.3935,0.9174
26,41,33,0.3933,0.9139
26,42,32,0.3928,0.9087
26,43,31,0.3919,0.9016
26,44,30,0.3907,0.8927
26,45,29,0.3891,0.8820
26,46,28,0.3872,0.8696
26,47,27,0.3850,0.8555
26,48,26,0.3824,0.8398
26,49,25,0.3795,0.8226
26,50,24,0.3764,0.8038
26,51,23,0.3729,0.7837
26,52,22,0.3692,0.7623
26,53,21,0.3652,0.7398
26,54,20,0.3609,0.7162
26,55,19,0.3565,0.6916
26,56,18,0.3518,0.6662
26,57,17,0.3469,0.6402
26,58,16,0.3419,0.6136
26,59,15,0.3367,0.5866
26,60,14,0.3313,0.5593
26,61,13,0.3259,0.5319
26,62,12,0.3203,0.5044
26,63,11,0.3146,0.4771
26,64,10,0.3088,0.4500
26,65,9,0.3030,0.4233
26,66,8,0.2971,0.3970
26,67,7,0.2911,0.3712
26,68,6,0.2851,0.3462
26,69,5,0.2791,0.3218
26,70,4,0.2731,0.2983
26,71,3,0.2671,0.2757
26,72,2,0.2611,0.2539
26,73,1,0.2551,0.2332
26,74,0,0.2491,0.2135
27,0,73,0.2814,0.2028
27,1,72,0.2849,0.2217
27,2,71,0.2884,0.2415
27,3,70,0.2918,0.2623
27,4,69,0.2953,0.2839
27,5,68,0.2987,0.3063
27,6,67,0.3021,0.3295
27,7,66,0.3055,0.3534
27,8,65,0.3089,0.3779
27,9,64,0.3124,0.4029
27,10,63,0.3158,0.4283
27,11,62,0.3192,0.4541
27,12,61,0.3227,0.4802
27,13,60,0.3262,0.5063
27,14,59,0.3297,0.5326
27,15,58,0.3332,0.5588
27,16,57,0.3367,0.5848
27,17,56,0.3403,0.6106
27,18,55,0.3439,0.6361
27,19,54,0.3474,0.6610
27,20,53,0.3510,0.6855
27,21,52,0.3546,0.7093
27,22,51,0.3581,0.7323
27,23,50,0.3616,0.7546
27,24,49,0.3651,0.7759
27,25,48,0.3684,0.7962
27,26,47,0.3717,0.8155
27,27,46,0.3749,0.8335
27,28,45,0.3780,0.8504
27,29,44,0.3809,0.8659
27,30,43,0.3837,0.8800
27,31,42,0.3863,0.8927
27,32,41,0.3886,0.9038
27,33,40,0.3908,0.9134
27,34,39,0.3927,0.9213
27,35,38,0.3943,0.9275
27,36,37,0.3956,0.9319
27,37,36,0.3967,0.9346
27,38,35,0.3974,0.9355
27,39,34,0.3979,0.9345
27,40,33,0.3980,0.9316
27,41,32,0.3977,0.9269
27,42,31,0.3971,0.9203
27,43,30,0.3962,0.9118
27,44,29,0.3949,0.9015
27,45,28,0.3933,0.8895
27,46,27,0.3914,0.8756
27,47,26,0.3891,0.8601
27,48,25,0.3866,0.8430
27,49,24,0.3837,0.8244
27,50,23,0.3805,0.8043
27,51,22,0.3770,0.7829
27,52,21,0.3733,0.7602
27,53,20,0.3693,0.7365
27,54,19,0.3651,0.7117
27,55,18,0.3606,0.6861
27,56,17,0.3559,0.6597
27,57,16,0.3511,0.6328
27,58,15,0.3461,0.6054
27,59,14,0.3409,0.5776
27,60,13,0.3356,0.5497
27,61,12,0.3301,0.5218
27,62,11,0.3245,0.4939
27,63,10,0.3189,0.4662
27,64,9,0.3131,0.4389
27,65,8,0.3073,0.4119
27,66,7,0.3014,0.3856
27,67,6,0.2955,0.3599
27,68,5,0.2895,0.3349
27,69,4,0.2835,0.3107
27,70,3,0.2775,0.2874
27,71,2,0.2715,0.2650
27,72,1,0.2655,0.2436
27,73,0,0.2595,0.2232
28,0,72,0.2824,0.2136
28,1,71,0.2860,0.2332
28,2,70,0.2896,0.2537
28,3,69,0.2933,0.2751
28,4,68,0.2968,0.2975
28,5,67,0.3004,0.3206
28,6,66,0.3040,0.3445
28,7,65,0.3076,0.3691
28,8,64,0.3112,0.3942
28,9,63,0.3147,0.4199
28,10,62,0.3183,0.4460
28,11,61,0.3220,0.4724
28,12,60,0.3256,0.4990
28,13,59,0.3292,0.5258
28,14,58,0.3329,0.5525
28,15,57,0.3366,0.5792
28,16,56,0.3403,0.6057
28,17,55,0.3440,0.6319
28,18,54,0.3477,0.6577
28,19,53,0.3514,0.6830
28,20,52,0.3551,0.7077
28,21,51,0.3587,0.7317
28,22,50,0.3624,0.7549
28,23,49,0.3660,0.7772
28,24,48,0.3695,0.7986
28,25,47,0.3730,0.8188
28,26,46,0.3763,0.8379
28,27,45,0.3796,0.8558
28,28,44,0.3827,0.8723
28,29,43,0.3856,0.8874
28,30,42,0.3884,0.9011
28,31,41,0.3910,0.9132
28,32,40,0.3933,0.9237
28,33,39,0.3954,0.9325
28,34,38,0.3973,0.9396
28,35,37,0.3989,0.9449
28,36,36,0.4002,0.9484
28,37,35,0.4012,0.9500
28,38,34,0.4019,0.9497
28,39,33,0.4023,0.9475
28,40,32,0.4023,0.9433
28,41,31,0.4021,0.9373
28,42,30,0.4014,0.9293
28,43,29,0.4005,0.9195
28,44,28,0.3992,0.9078
28,45,27,0.3975,0.8943
28,46,26,0.3956,0.8791
28,47,25,0.3933,0.8622
28,48,24,0.3907,0.8437
28,49,23,0.3878,0.8237
28,50,22,0.3846,0.8023
28,51,21,0.3811,0.7796
28,52,20,0.3774,0.7557
28,53,19,0.3734,0.7308
28,54,18,0.3692,0.7050
28,55,17,0.3647,0.6784
28,56,16,0.3601,0.6511
28,57,15,0.3553,0.6234
28,58,14,0.3503,0.5953
28,59,13,0.3451,0.5669
28,60,12,0.3398,0.5385
28,61,11,0.3344,0.5101
28,62,10,0.3288,0.4819
28,63,9,0.3232,0.4540
28,64,8,0.3175,0.4265
28,65,7,0.3117,0.3996
28,66,6,0.3058,0.3732
28,67,5,0.2999,0.3476
28,68,4,0.2940,0.3228
28,69,3,0.2880,0.2989
28,70,2,0.2820,0.2759
28,71,1,0.2760,0.2539
28,72,0,0.2700,0.2329
29,0,71,0.2838,0.2242
29,1,70,0.2875,0.2445
29,2,69,0.2913,0.2657
29,3,68,0.2951,0.2878
29,4,67,0.2988,0.3108
29,5,66,0.3025,0.3346
29,6,65,0.3063,0.3591
29,7,64,0.3100,0.3844
29,8,63,0.3137,0.4102
29,9,62,0.3175,0.4364
29,10,61,0.3212,0.4631
29,11,60,0.3250,0.4901
29,12,59,0.3288,0.5173
29,13,58,0.3326,0.5445
29,14,57,0.3364,0.5718
29,15,56,0.3402,0.5989
29,16,55,0.3440,0.6258
29,17,54,0.3479,0.6523
29,18,53,0.3517,0.6784
29,19,52,0.3555,0.7040
29,20,51,0.3593,0.7289
29,21,50,0.3631,0.7530
29,22,49,0.3668,0.7763
29,23,48,0.3705,0.7986
29,24,47,0.3741,0.8199
29,25,46,0.3776,0.8400
29,26,45,0.3810,0.8589
29,27,44,0.3843,0.8764
29,28,43,0.3874,0.8926
29,29,42,0.3904,0.9072
29,30,41,0.3931,0.9203
29,31,40,0.3957,0.9318
29,32,39,0.3980,0.9415
29,33,38,0.4001,0.9495
29,34,37,0.4019,0.9557
29,35,36,0.4035,0.9600
29,36,35,0.4048,0.9624
29,37,34,0.4057,0.9629
29,38,33,0.4064,0.9614
29,39,32,0.4067,0.9580
29,40,31,0.4067,0.9525
29,41,30,0.4064,0.9451
29,42,29,0.4057,0.9358
29,43,28,0.4047,0.9246
29,44,27,0.4033,0.9115
29,45,26,0.4017,0.8966
29,46,25,0.3997,0.8799
29,47,24,0.3974,0.8616
29,48,23,0.3947,0.8418
29,49,22,0.3918,0.8205
29,50,21,0.3886,0.7978
29,51,20,0.3852,0.7739
29,52,19,0.3814,0.7489
29,53,18,0.3775,0.7230
29,54,17,0.3733,0.6962
29,55,16,0.3688,0.6687
29,56,15,0.3642,0.6406
29,57,14,0.3594,0.6122
29,58,13,0.3545,0.5834
29,59,12,0.3493,0.5546
29,60,11,0.3441,0.5258
29,61,10,0.3387,0.4971
29,62,9,0.3332,0.4687
29,63,8,0.3276,0.4407
29,64,7,0.3219,0.4131
29,65,6,0.3161,0.3862
29,66,5,0.3103,0.3601
29,67,4,0.3044,0.3346
29,68,3,0.2984,0.3101
29,69,2,0.2925,0.2865
29,70,1,0.2865,0.2639
29,71,0,0.2805,0.2423
30,0,70,0.2855,0.2347
30,1,69,0.2894,0.2556
30,2,68,0.2933,0.2774
30,3,67,0.2972,0.3002
30,4,66,0.3011,0.3238
30,5,65,0.3050,0.3482
30,6,64,0.3089,0.3734
30,7,63,0.3128,0.3992
30,8,62,0.3167,0.4256
30,9,61,0.3206,0.4524
30,10,60,0.3245,0.4796
30,11,59,0.3284,0.5071
30,12,58,0.3323,0.5348
30,13,57,0.3362,0.5625
30,14,56,0.3402,0.5902
30,15,55,0.3442,0.6177
30,16,54,0.3481,0.6449
30,17,53,0.3521,0.6717
30,18,52,0.3560,0.6981
30,19,51,0.3599,0.7238
30,20,50,0.3638,0.7488
30,21,49,0.3677,0.7730
30,22,48,0.3715,0.7963
30,23,47,0.3752,0.8185
30,24,46,0.3788,0.8396
30,25,45,0.3824,0.8595
30,26,44,0.3858,0.8781
30,27,43,0.3891,0.8953
30,28,42,0.3922,0.9110
30,29,41,0.3951,0.9251
30,30,40,0.3979,0.9375
30,31,39,0.4004,0.9483
30,32,38,0.4027,0.9572
30,33,37,0.4048,0.9643
30,34,36,0.4066,0.9695
30,35,35,0.4081,0.9728
30,36,34,0.4093,0.9740
30,37,33,0.4102,0.9733
30,38,32,0.4108,0.9706
30,39,31,0.4111,0.9658
30,40,30,0.4110,0.9591
30,41,29,0.4106,0.9503
30,42,28,0.4099,0.9396
30,43,27,0.4089,0.9269
30,44,26,0.4075,0.9124
30,45,25,0.4058,0.8961
30,46,24,0.4038,0.8781
30,47,23,0.4014,0.8585
30,48,22,0.3988,0.8373
30,49,21,0.3959,0.8147
30,50,20,0.3927,0.7909
30,51,19,0.3892,0.7659
30,52,18,0.3855,0.7398
30,53,17,0.3815,0.7129
30,54,16,0.3773,0.6852
30,55,15,0.3730,0.6569
30,56,14,0.3684,0.6282
30,57,13,0.3636,0.5992
30,58,12,0.3587,0.5700
30,59,11,0.3536,0.5407
30,60,10,0.3483,0.5116
30,61,9,0.3430,0.4828
30,62,8,0.3375,0.4543
30,63,7,0.3319,0.4262
30,64,6,0.3263,0.3988
30,65,5,0.3205,0.3721
30,66,4,0.3147,0.3461
30,67,3,0.3089,0.3210
30,68,2,0.3029,0.2969
30,69,1,0.2970,0.2737
30,70,0,0.2910,0.2516
31,0,69,0.2876,0.2449
31,1,68,0.2917,0.2664
31,2,67,0.2957,0.2888
31,3,66,0.2998,0.3122
31,4,65,0.3038,0.3364
31,5,64,0.3078,0.3614
31,6,63,0.3119,0.3871
31,7,62,0.3159,0.4135
31,8,61,0.3199,0.4404
31,9,60,0.3240,0.4678
31,10,59,0.3280,0.4955
31,11,58,0.3321,0.5234
31,12,57,0.3361,0.5515
31,13,56,0.3402,0.5796
31,14,55,0.3443,0.6076
31,15,54,0.3484,0.6354
31,16,53,0.3524,0.6629
31,17,52,0.3565,0.6900
31,18,51,0.3605,0.7165
31,19,50,0.3645,0.7423
31,20,49,0.3685,0.7674
31,21,48,0.3724,0.7916
31,22,47,0.3762,0.8148
31,23,46,0.3800,0.8369
31,24,45,0.3837,0.8578
31,25,44,0.3872,0.8773
31,26,43,0.3907,0.8955
31,27,42,0.3939,0.9122
31,28,41,0.3970,0.9274
31,29,40,0.4000,0.9408
31,30,39,0.4027,0.9526
31,31,38,0.4052,0.9625
31,32,37,0.4074,0.9705
31,33,36,0.4094,0.9767
31,34,35,0.4112,0.9808
31,35,34,0.4126,0.9830
31,36,33,0.4138,0.9831
31,37,32,0.4146,0.9811
31,38,31,0.4152,0.9771
31,39,30,0.4154,0.9710
31,40,29,0.4153,0.9628
31,41,28,0.4148,0.9527
31,42,27,0.4141,0.9406
31,43,26,0.4130,0.9265
31,44,25,0.4116,0.9106
31,45,24,0.4098,0.8930
31,46,23,0.4078,0.8736
31,47,22,0.4055,0.8527
31,48,21,0.4028,0.8303
31,49,20,0.3999,0.8065
31,50,19,0.3967,0.7816
31,51,18,0.3932,0.7555
31,52,17,0.3895,0.7285
31,53,16,0.3856,0.7007
31,54,15,0.3814,0.6723
31,55,14,0.3771,0.6433
31,56,13,0.3725,0.6140
31,57,12,0.3678,0.5845
31,58,11,0.3628,0.5550
31,59,10,0.3578,0.5255
31,60,9,0.3526,0.4962
31,61,8,0.3473,0.4673
31,62,7,0.3418,0.4388
31,63,6,0.3363,0.4109
31,64,5,0.3307,0.3837
31,65,4,0.3250,0.3572
31,66,3,0.3192,0.3316
31,67,2,0.3134,0.3069
31,68,1,0.3075,0.2832
31,69,0,0.3015,0.2606
32,0,68,0.2901,0.2548
32,1,67,0.2943,0.2768
32,2,66,0.2985,0.2998
32,3,65,0.3027,0.3237
32,4,64,0.3069,0.3485
32,5,63,0.3110,0.3741
32,6,62,0.3152,0.4003
32,7,61,0.3194,0.4272
32,8,60,0.3236,0.4546
32,9,59,0.3277,0.4824
32,10,58,0.3319,0.5105
32,11,57,0.3361,0.5389
32,12,56,0.3403,0.5673
32,13,55,0.3445,0.5957
32,14,54,0.3486,0.6241
32,15,53,0.3528,0.6521
32,16,52,0.3570,0.6798
32,17,51,0.3611,0.7070
32,18,50,0.3652,0.7336
32,19,49,0.3693,0.7595
32,20,48,0.3733,0.7845
32,21,47,0.3773,0.8086
32,22,46,0.3811,0.8316
32,23,45,0.3849,0.8535
32,24,44,0.3886,0.8741
32,25,43,0.3922,0.8933
32,26,42,0.3956,0.9110
32,27,41,0.3989,0.9271
32,28,40,0.4019,0.9416
32,29,39,0.4048,0.9544
32,30,38,0.4075,0.9653
32,31,37,0.4099,0.9743
32,32,36,0.4122,0.9814
32,33,35,0.4141,0.9865
32,34,34,0.4158,0.9896
32,35,33,0.4172,0.9905
32,36,32,0.4183,0.9894
32,37,31,0.4190,0.9862
32,38,30,0.4195,0.9808
32,39,29,0.4197,0.9734
32,40,28,0.4195,0.9638
32,41,27,0.4190,0.9523
32,42,26,0.4182,0.9388
32,43,25,0.4171,0.9234
32,44,24,0.4156,0.9061
32,45,23,0.4139,0.8871
32,46,22,0.4118,0.8665
32,47,21,0.4094,0.8443
32,48,20,0.4068,0.8208
32,49,19,0.4039,0.7959
32,50,18,0.4007,0.7699
32,51,17,0.3972,0.7429
32,52,16,0.3935,0.7151
32,53,15,0.3896,0.6865
32,54,14,0.3855,0.6575
32,55,13,0.3811,0.6280
32,56,12,0.3766,0.5982
32,57,11,0.3719,0.5684
32,58,10,0.3670,0.5386
32,59,9,0.3620,0.5090
32,60,8,0.3569,0.4797
32,61,7,0.3516,0.4508
32,62,6,0.3462,0.4225
32,63,5,0.3407,0.3948
32,64,4,0.3351,0.3679
32,65,3,0.3294,0.3418
32,66,2,0.3237,0.3166
32,67,1,0.3179,0.2924
32,68,0,0.3120,0.2693
33,0,67,0.2930,0.2643
33,1,66,0.2974,0.2869
33,2,65,0.3017,0.3104
33,3,64,0.3060,0.3348
33,4,63,0.3103,0.3601
33,5,62,0.3146,0.3861
33,6,61,0.3189,0.4128
33,7,60,0.3232,0.4401
33,8,59,0.3275,0.4679
33,9,58,0.3318,0.4962
33,10,57,0.3361,0.5247
33,11,56,0.3404,0.5533
33,12,55,0.3447,0.5821
33,13,54,0.3490,0.6108
33,14,53,0.3533,0.6393
33,15,52,0.3575,0.6676
33,16,51,0.3618,0.6954
33,17,50,0.3660,0.7227
33,18,49,0.3701,0.7493
33,19,48,0.3742,0.7751
33,20,47,0.3783,0.8000
33,21,46,0.3823,0.8240
33,22,45,0.3862,0.8467
33,23,44,0.3900,0.8683
33,24,43,0.3936,0.8884
33,25,42,0.3972,0.9072
33,26,41,0.4006,0.9243
33,27,40,0.4038,0.9398
33,28,39,0.4069,0.9536
33,29,38,0.4097,0.9656
33,30,37,0.4123,0.9756
33,31,36,0.4147,0.9837
33,32,35,0.4169,0.9897
33,33,34,0.4187,0.9937
33,34,33,0.4203,0.9956
33,35,32,0.4217,0.9954
33,36,31,0.4227,0.9930
33,37,30,0.4234,0.9884
33,38,29,0.4238,0.9817
33,39,28,0.4239,0.9729
33,40,27,0.4237,0.9620
33,41,26,0.4231,0.9491
33,42,25,0.4223,0.9342
33,43,24,0.4211,0.9175
33,44,23,0.4196,0.8989
33,45,22,0.4178,0.8786
33,46,21,0.4158,0.8568
33,47,20,0.4134,0.8335
33,48,19,0.4107,0.8088
33,49,18,0.4078,0.7830
33,50,17,0.4046,0.7560
33,51,16,0.4012,0.7282
33,52,15,0.3975,0.6997
33,53,14,0.3936,0.6705
33,54,13,0.3895,0.6409
33,55,12,0.3852,0.6110
33,56,11,0.3807,0.5809
33,57,10,0.3760,0.5509
33,58,9,0.3712,0.5210
33,59,8,0.3662,0.4913
33,60,7,0.3611,0.4621
33,61,6,0.3559,0.4334
33,62,5,0.3506,0.4053
33,63,4,0.3451,0.3780
33,64,3,0.3396,0.3515
33,65,2,0.3339,0.3259
33,66,1,0.3282,0.3012
33,67,0,0.3224,0.2776
34,0,66,0.2963,0.2735
34,1,65,0.3008,0.2965
34,2,64,0.3052,0.3205
34,3,63,0.3097,0.3453
34,4,62,0.3141,0.3710
34,5,61,0.3186,0.3975
34,6,60,0.3230,0.4246
34,7,59,0.3274,0.4523
34,8,58,0.3318,0.4805
34,9,57,0.3362,0.5090
34,10,56,0.3406,0.5378
34,11,55,0.3450,0.5668
34,12,54,0.3494,0.5958
34,13,53,0.3538,0.6247
34,14,52,0.3581,0.6534
34,15,51,0.3624,0.6817
34,16,50,0.3667,0.7096
34,17,49,0.3710,0.7368
34,18,48,0.3752,0.7634
34,19,47,0.3793,0.7891
34,20,46,0.3834,0.8138
34,21,45,0.3874,0.8375
34,22,44,0.3913,0.8599
34,23,43,0.3951,0.8811
34,24,42,0.3988,0.9008
34,25,41,0.4023,0.9189
34,26,40,0.4056,0.9355
34,27,39,0.4088,0.9503
34,28,38,0.4118,0.9632
34,29,37,0.4146,0.9743
34,30,36,0.4171,0.9834
34,31,35,0.4195,0.9904
34,32,34,0.4215,0.9954
34,33,33,0.4233,0.9983
34,34,32,0.4249,0.9989
34,35,31,0.4261,0.9974
34,36,30,0.4271,0.9937
34,37,29,0.4277,0.9878
34,38,28,0.4281,0.9798
34,39,27,0.4281,0.9696
34,40,26,0.4278,0.9574
34,41,25,0.4272,0.9431
34,42,24,0.4263,0.9269
34,43,23,0.4251,0.9088
34,44,22,0.4236,0.8890
34,45,21,0.4218,0.8676
34,46,20,0.4197,0.8446
34,47,19,0.4173,0.8202
34,48,18,0.4146,0.7945
34,49,17,0.4117,0.7678
34,50,16,0.4085,0.7401
34,51,15,0.4051,0.7115
34,52,14,0.4014,0.6824
34,53,13,0.3976,0.6527
34,54,12,0.3935,0.6227
34,55,11,0.3892,0.5925
34,56,10,0.3848,0.5622
34,57,9,0.3802,0.5321
34,58,8,0.3754,0.5022
34,59,7,0.3705,0.4727
34,60,6,0.3654,0.4437
34,61,5,0.3602,0.4153
34,62,4,0.3549,0.3876
34,63,3,0.3495,0.3607
34,64,2,0.3440,0.3347
34,65,1,0.3384,0.3096
34,66,0,0.3327,0.2856
35,0,65,0.3000,0.2821
35,1,64,0.3046,0.3055
35,2,63,0.3092,0.3299
35,3,62,0.3137,0.3552
35,4,61,0.3183,0.3813
35,5,60,0.3228,0.4081
35,6,59,0.3274,0.4356
35,7,58,0.3319,0.4636
35,8,57,0.3364,0.4921
35,9,56,0.3409,0.5209
35,10,55,0.3454,0.5500
35,11,54,0.3499,0.5791
35,12,53,0.3544,0.6083
35,13,52,0.3588,0.6373
35,14,51,0.3632,0.6660
35,15,50,0.3676,0.6944
35,16,49,0.3719,0.7223
35,17,48,0.3762,0.7494
35,18,47,0.3804,0.7759
35,19,46,0.3846,0.8014
35,20,45,0.3887,0.8258
35,21,44,0.3927,0.8491
35,22,43,0.3965,0.8712
35,23,42,0.4003,0.8918
35,24,41,0.4039,0.9109
35,25,40,0.4074,0.9285
35,26,39,0.4107,0.9443
35,27,38,0.4138,0.9583
35,28,37,0.4167,0.9704
35,29,36,0.4195,0.9805
35,30,35,0.4219,0.9886
35,31,34,0.4242,0.9945
35,32,33,0.4262,0.9984
35,33,32,0.4279,1.0000
35,34,31,0.4293,0.9994
35,35,30,0.4305,0.9966
35,36,29,0.4314,0.9916
35,37,28,0.4320,0.9844
35,38,27,0.4322,0.9750
35,39,26,0.4322,0.9635
35,40,25,0.4319,0.9499
35,41,24,0.4312,0.9344
35,42,23,0.4303,0.9169
35,43,22,0.4290,0.8976
35,44,21,0.4275,0.8766
35,45,20,0.4256,0.8540
35,46,19,0.4235,0.8299
35,47,18,0.4211,0.8046
35,48,17,0.4184,0.7781
35,49,16,0.4155,0.7505
35,50,15,0.4124,0.7221
35,51,14,0.4090,0.6930
35,52,13,0.4053,0.6634
35,53,12,0.4015,0.6333
35,54,11,0.3975,0.6030
35,55,10,0.3932,0.5727
35,56,9,0.3888,0.5424
35,57,8,0.3843,0.5123
35,58,7,0.3795,0.4825
35,59,6,0.3746,0.4533
35,60,5,0.3696,0.4246
35,61,4,0.3645,0.3966
35,62,3,0.3592,0.3693
35,63,2,0.3539,0.3430
35,64,1,0.3484,0.3176
35,65,0,0.3429,0.2932
36,0,64,0.3041,0.2902
36,1,63,0.3088,0.3140
36,2,62,0.3135,0.3388
36,3,61,0.3182,0.3644
36,4,60,0.3228,0.3908
36,5,59,0.3275,0.4180
36,6,58,0.3321,0.4457
36,7,57,0.3367,0.4740
36,8,56,0.3413,0.5027
36,9,55,0.3459,0.5318
36,10,54,0.3505,0.5610
36,11,53,0.3550,0.5903
36,12,52,0.3596,0.6195
36,13,51,0.3640,0.6486
36,14,50,0.3685,0.6773
36,15,49,0.3729,0.7056
36,16,48,0.3773,0.7334
36,17,47,0.3816,0.7604
36,18,46,0.3858,0.7866
36,19,45,0.3900,0.8118
36,20,44,0.3940,0.8359
36,21,43,0.3980,0.8588
36,22,42,0.4018,0.8803
36,23,41,0.4056,0.9004
36,24,40,0.4091,0.9189
36,25,39,0.4125,0.9357
36,26,38,0.4158,0.9507
36,27,37,0.4188,0.9638
36,28,36,0.4217,0.9749
36,29,35,0.4243,0.9840
36,30,34,0.4267,0.9911
36,31,33,0.4289,0.9959
36,32,32,0.4308,0.9985
36,33,31,0.4324,0.9989
36,34,30,0.4338,0.9971
36,35,29,0.4349,0.9930
36,36,28,0.4357,0.9867
36,37,27,0.4361,0.9781
36,38,26,0.4364,0.9674
36,39,25,0.4363,0.9546
36,40,24,0.4359,0.9397
36,41,23,0.4352,0.9229
36,42,22,0.4342,0.9042
36,43,21,0.4329,0.8837
36,44,20,0.4313,0.8616
36,45,19,0.4294,0.8380
36,46,18,0.4273,0.8130
36,47,17,0.4249,0.7868
36,48,16,0.4222,0.7595
36,49,15,0.4193,0.7313
36,50,14,0.4162,0.7024
36,51,13,0.4128,0.6728
36,52,12,0.4092,0.6428
36,53,11,0.4054,0.6125
36,54,10,0.4014,0.5821
36,55,9,0.3972,0.5517
36,56,8,0.3928,0.5215
36,57,7,0.3883,0.4916
36,58,6,0.3836,0.4621
36,59,5,0.3788,0.4332
36,60,4,0.3738,0.4049
36,61,3,0.3688,0.3774
36,62,2,0.3636,0.3507
36,63,1,0.3583,0.3250
36,64,0,0.3528,0.3003
37,0,63,0.3085,0.2978
37,1,62,0.3133,0.3219
37,2,61,0.3181,0.3470
37,3,60,0.3229,0.3729
37,4,59,0.3277,0.3996
37,5,58,0.3324,0.4270
37,6,57,0.3372,0.4550
37,7,56,0.3419,0.4834
37,8,55,0.3465,0.5123
37,9,54,0.3512,0.5415
37,10,53,0.3558,0.5708
37,11,52,0.3604,0.6001
37,12,51,0.3650,0.6294
37,13,50,0.3695,0.6584
37,14,49,0.3740,0.6871
37,15,48,0.3784,0.7153
37,16,47,0.3828,0.7428
37,17,46,0.3871,0.7696
37,18,45,0.3913,0.7955
37,19,44,0.3954,0.8203
37,20,43,0.3995,0.8440
37,21,42,0.4034,0.8663
37,22,41,0.4072,0.8873
37,23,40,0.4109,0.9067
37,24,39,0.4144,0.9244
37,25,38,0.4177,0.9404
37,26,37,0.4209,0.9546
37,27,36,0.4238,0.9668
37,28,35,0.4266,0.9769
37,29,34,0.4291,0.9850
37,30,33,0.4314,0.9908
37,31,32,0.4335,0.9945
37,32,31,0.4353,0.9959
37,33,30,0.4369,0.9951
37,34,29,0.4381,0.9919
37,35,28,0.4391,0.9866
37,36,27,0.4398,0.9789
37,37,26,0.4403,0.9691
37,38,25,0.4404,0.9571
37,39,24,0.4402,0.9430
37,40,23,0.4398,0.9268
37,41,22,0.4390,0.9088
37,42,21,0.4380,0.8890
37,43,20,0.4366,0.8674
37,44,19,0.4350,0.8443
37,45,18,0.4331,0.8198
37,46,17,0.4310,0.7939
37,47,16,0.4286,0.7670
37,48,15,0.4259,0.7391
37,49,14,0.4230,0.7103
37,50,13,0.4199,0.6809
37,51,12,0.4165,0.6510
37,52,11,0.4130,0.6208
37,53,10,0.4092,0.5904
37,54,9,0.4052,0.5600
37,55,8,0.4011,0.5297
37,56,7,0.3968,0.4997
37,57,6,0.3923,0.4701
37,58,5,0.3877,0.4410
37,59,4,0.3829,0.4125
37,60,3,0.3780,0.3848
37,61,2,0.3730,0.3579
37,62,1,0.3679,0.3319
37,63,0,0.3626,0.3069
38,0,62,0.3133,0.3047
38,1,61,0.3183,0.3291
38,2,60,0.3232,0.3544
38,3,59,0.3280,0.3806
38,4,58,0.3329,0.4075
38,5,57,0.3377,0.4350
38,6,56,0.3425,0.4632
38,7,55,0.3473,0.4918
38,8,54,0.3520,0.5208
38,9,53,0.3567,0.5500
38,10,52,0.3614,0.5793
38,11,51,0.3660,0.6087
38,12,50,0.3706,0.6379
38,13,49,0.3751,0.6668
38,14,48,0.3796,0.6953
38,15,47,0.3841,0.7232
38,16,46,0.3884,0.7505
38,17,45,0.3927,0.7770
38,18,44,0.3969,0.8024
38,19,43,0.4010,0.8268
38,20,42,0.4050,0.8500
38,21,41,0.4088,0.8717
38,22,40,0.4126,0.8920
38,23,39,0.4162,0.9107
38,24,38,0.4196,0.9276
38,25,37,0.4229,0.9428
38,26,36,0.4259,0.9560
38,27,35,0.4288,0.9671
38,28,34,0.4315,0.9762
38,29,33,0.4339,0.9832
38,30,32,0.4361,0.9879
38,31,31,0.4381,0.9903
38,32,30,0.4398,0.9905
38,33,29,0.4413,0.9884
38,34,28,0.4424,0.9840
38,35,27,0.4433,0.9773
38,36,26,0.4440,0.9684
38,37,25,0.4443,0.9572
38,38,24,0.4444,0.9440
38,39,23,0.4441,0.9287
38,40,22,0.4436,0.9114
38,41,21,0.4428,0.8922
38,42,20,0.4417,0.8713
38,43,19,0.4403,0.8488
38,44,18,0.4387,0.8248
38,45,17,0.4368,0.7994
38,46,16,0.4346,0.7729
38,47,15,0.4322,0.7453
38,48,14,0.4296,0.7169
38,49,13,0.4267,0.6877
38,50,12,0.4236,0.6580
38,51,11,0.4202,0.6279
38,52,10,0.4167,0.5976
38,53,9,0.4130,0.5673
38,54,8,0.4091,0.5370
38,55,7,0.4050,0.5070
38,56,6,0.4007,0.4773
38,57,5,0.3963,0.4481
38,58,4,0.3917,0.4195
38,59,3,0.3870,0.3916
38,60,2,0.3822,0.3645
38,61,1,0.3772,0.3383
38,62,0,0.3721,0.3131
39,0,61,0.3185,0.3110
39,1,60,0.3235,0.3356
39,2,59,0.3285,0.3611
39,3,58,0.3335,0.3874
39,4,57,0.3384,0.4145
39,5,56,0.3433,0.4422
39,6,55,0.3481,0.4704
39,7,54,0.3529,0.4991
39,8,53,0.3577,0.5281
39,9,52,0.3625,0.5573
39,10,51,0.3672,0.5866
39,11,50,0.3718,0.6158
39,12,49,0.3764,0.6449
39,13,48,0.3810,0.6736
39,14,47,0.3854,0.7019
39,15,46,0.3898,0.7295
39,16,45,0.3942,0.7564
39,17,44,0.3984,0.7825
39,18,43,0.4026,0.8075
39,19,42,0.4066,0.8313
39,20,41,0.4105,0.8538
39,21,40,0.4143,0.8749
39,22,39,0.4180,0.8945
39,23,38,0.4215,0.9123
39,24,37,0.4248,0.9284
39,25,36,0.4280,0.9426
39,26,35,0.4310,0.9548
39,27,34,0.4338,0.9649
39,28,33,0.4363,0.9729
39,29,32,0.4387,0.9786
39,30,31,0.4408,0.9822
39,31,30,0.4426,0.9834
39,32,29,0.4442,0.9823
39,33,28,0.4456,0.9789
39,34,27,0.4467,0.9733
39,35,26,0.4475,0.9653
39,36,25,0.4480,0.9551
39,37,24,0.4482,0.9428
39,38,23,0.4482,0.9283
39,39,22,0.4479,0.9118
39,40,21,0.4473,0.8934
39,41,20,0.4465,0.8732
39,42,19,0.4453,0.8514
39,43,18,0.4439,0.8280
39,44,17,0.4423,0.8032
39,45,16,0.4403,0.7771
39,46,15,0.4382,0.7500
39,47,14,0.4358,0.7219
39,48,13,0.4331,0.6931
39,49,12,0.4302,0.6637
39,50,11,0.4271,0.6338
39,51,10,0.4239,0.6037
39,52,9,0.4204,0.5735
39,53,8,0.4167,0.5433
39,54,7,0.4128,0.5132
39,55,6,0.4088,0.4835
39,56,5,0.4046,0.4543
39,57,4,0.4002,0.4256
39,58,3,0.3957,0.3976
39,59,2,0.3910,0.3704
39,60,1,0.3863,0.3441
39,61,0,0.3814,0.3187
40,0,60,0.3240,0.3166
40,1,59,0.3291,0.3413
40,2,58,0.3342,0.3670
40,3,57,0.3392,0.3934
40,4,56,0.3442,0.4205
40,5,55,0.3491,0.4483
40,6,54,0.3540,0.4766
40,7,53,0.3589,0.5052
40,8,52,0.3637,0.5342
40,9,51,0.3684,0.5633
40,10,50,0.3731,0.5925
40,11,49,0.3778,0.6215
40,12,48,0.3824,0.6503
40,13,47,0.3869,0.6788
40,14,46,0.3914,0.7067
40,15,45,0.3957,0.7340
40,16,44,0.4000,0.7605
40,17,43,0.4042,0.7860
40,18,42,0.4083,0.8105
40,19,41,0.4123,0.8337
40,20,40,0.4161,0.8555
40,21,39,0.4198,0.8758
40,22,38,0.4234,0.8946
40,23,37,0.4268,0.9116
40,24,36,0.4301,0.9267
40,25,35,0.4331,0.9399
40,26,34,0.4360,0.9510
40,27,33,0.4387,0.9600
40,28,32,0.4411,0.9669
40,29,31,0.4433,0.9715
40,30,30,0.4453,0.9738
40,31,29,0.4471,0.9738
40,32,28,0.4486,0.9714
40,33,27,0.4498,0.9668
40,34,26,0.4508,0.9598
40,35,25,0.4515,0.9507
40,36,24,0.4519,0.9393
40,37,23,0.4521,0.9257
40,38,22,0.4520,0.9101
40,39,21,0.4516,0.8926
40,40,20,0.4510,0.8732
40,41,19,0.4501,0.8520
40,42,18,0.4489,0.8293
40,43,17,0.4474,0.8051
40,44,16,0.4457,0.7797
40,45,15,0.4438,0.7531
40,46,14,0.4416,0.7255
40,47,13,0.4392,0.6970
40,48,12,0.4366,0.6680
40,49,11,0.4337,0.6384
40,50,10,0.4306,0.6085
40,51,9,0.4274,0.5785
40,52,8,0.4239,0.5484
40,53,7,0.4203,0.5185
40,54,6,0.4165,0.4889
40,55,5,0.4125,0.4597
40,56,4,0.4083,0.4310
40,57,3,0.4040,0.4029
40,58,2,0.3996,0.3756
40,59,1,0.3950,0.3492
40,60,0,0.3903,0.3237
41,0,59,0.3299,0.3214
41,1,58,0.3350,0.3463
41,2,57,0.3401,0.3720
41,3,56,0.3452,0.3985
41,4,55,0.3502,0.4256
41,5,54,0.3552,0.4534
41,6,53,0.3601,0.4816
41,7,52,0.3650,0.5102
41,8,51,0.3698,0.5390
41,9,50,0.3746,0.5680
41,10,49,0.3793,0.5969
41,11,48,0.3839,0.6257
41,12,47,0.3885,0.6542
41,13,46,0.3930,0.6824
41,14,45,0.3974,0.7099
41,15,44,0.4017,0.7367
41,16,43,0.4059,0.7627
41,17,42,0.4101,0.7876
41,18,41,0.4141,0.8114
41,19,40,0.4180,0.8339
41,20,39,0.4217,0.8550
41,21,38,0.4253,0.8745
41,22,37,0.4288,0.8923
41,23,36,0.4321,0.9084
41,24,35,0.4352,0.9225
41,25,34,0.4382,0.9346
41,26,33,0.4409,0.9447
41,27,32,0.4435,0.9526
41,28,31,0.4458,0.9582
41,29,30,0.4479,0.9616
41,30,29,0.4498,0.9627
41,31,28,0.4514,0.9614
41,32,27,0.4528,0.9579
41,33,26,0.4539,0.9520
41,34,25,0.4548,0.9438
41,35,24,0.4554,0.9335
41,36,23,0.4557,0.9209
41,37,22,0.4558,0.9062
41,38,21,0.4556,0.8896
41,39,20,0.4552,0.8711
41,40,19,0.4545,0.8507
41,41,18,0.4535,0.8288
41,42,17,0.4523,0.8053
41,43,16,0.4508,0.7805
41,44,15,0.4491,0.7545
41,45,14,0.4472,0.7274
41,46,13,0.4450,0.6995
41,47,12,0.4426,0.6708
41,48,11,0.4399,0.6417
41,49,10,0.4371,0.6121
41,50,9,0.4341,0.5823
41,51,8,0.4308,0.5525
41,52,7,0.4274,0.5228
41,53,6,0.4238,0.4933
41,54,5,0.4200,0.4641
41,55,4,0.4161,0.4355
41,56,3,0.4120,0.4075
41,57,2,0.4078,0.3802
41,58,1,0.4034,0.3537
41,59,0,0.3989,0.3281
42,0,58,0.3361,0.3255
42,1,57,0.3413,0.3504
42,2,56,0.3464,0.3762
42,3,55,0.3515,0.4026
42,4,54,0.3565,0.4297
42,5,53,0.3615,0.4574
42,6,52,0.3665,0.4855
42,7,51,0.3713,0.5139
42,8,50,0.3761,0.5425
42,9,49,0.3809,0.5713
42,10,48,0.3856,0.5999
42,11,47,0.3902,0.6284
42,12,46,0.3947,0.6566
42,13,45,0.3991,0.6842
42,14,44,0.4035,0.7113
42,15,43,0.4077,0.7375
42,16,42,0.4119,0.7629
42,17,41,0.4159,0.7872
42,18,40,0.4199,0.8103
42,19,39,0.4237,0.8320
42,20,38,0.4273,0.8522
42,21,37,0.4308,0.8709
42,22,36,0.4342,0.8878
42,23,35,0.4374,0.9028
42,24,34,0.4404,0.9159
42,25,33,0.4432,0.9269
42,26,32,0.4458,0.9358
42,27,31,0.4482,0.9425
42,28,30,0.4504,0.9470
42,29,29,0.4524,0.9492
42,30,28,0.4541,0.9490
42,31,27,0.4556,0.9466
42,32,26,0.4569,0.9418
42,33,25,0.4579,0.9347
42,34,24,0.4587,0.9254
42,35,23,0.4592,0.9138
42,36,22,0.4594,0.9002
42,37,21,0.4594,0.8845
42,38,20,0.4592,0.8669
42,39,19,0.4587,0.8474
42,40,18,0.4579,0.8263
42,41,17,0.4569,0.8036
42,42,16,0.4556,0.7796
42,43,15,0.4541,0.7542
42,44,14,0.4524,0.7278
42,45,13,0.4504,0.7004
42,46,12,0.4482,0.6723
42,47,11,0.4458,0.6436
42,48,10,0.4432,0.6144
42,49,9,0.4404,0.5850
42,50,8,0.4373,0.5554
42,51,7,0.4342,0.5259
42,52,6,0.4308,0.4966
42,53,5,0.4272,0.4677
42,54,4,0.4235,0.4391
42,55,3,0.4197,0.4112
42,56,2,0.4156,0.3839
42,57,1,0.4115,0.3574
42,58,0,0.4072,0.3318
43,0,57,0.3425,0.3289
43,1,56,0.3477,0.3537
43,2,55,0.3529,0.3794
43,3,54,0.3580,0.4058
43,4,53,0.3631,0.4328
43,5,52,0.3681,0.4603
43,6,51,0.3730,0.4882
43,7,50,0.3778,0.5164
43,8,49,0.3826,0.5448
43,9,48,0.3873,0.5732
43,10,47,0.3920,0.6015
43,11,46,0.3965,0.6296
43,12,45,0.4010,0.6572
43,13,44,0.4054,0.6844
43,14,43,0.4097,0.7109
43,15,42,0.4138,0.7365
43,16,41,0.4179,0.7612
43,17,40,0.4218,0.7848
43,18,39,0.4257,0.8071
43,19,38,0.4293,0.8279
43,20,37,0.4329,0.8473
43,21,36,0.4363,0.8650
43,22,35,0.4395,0.8808
43,23,34,0.4425,0.8948
43,24,33,0.4454,0.9068
43,25,32,0.4481,0.9167
43,26,31,0.4506,0.9245
43,27,30,0.4529,0.9300
43,28,29,0.4549,0.9333
43,29,28,0.4568,0.9342
43,30,27,0.4584,0.9329
43,31,26,0.4598,0.9292
43,32,25,0.4609,0.9232
43,33,24,0.4618,0.9150
43,34,23,0.4625,0.9046
43,35,22,0.4629,0.8920
43,36,21,0.4630,0.8773
43,37,20,0.4629,0.8607
43,38,19,0.4626,0.8422
43,39,18,0.4620,0.8219
43,40,17,0.4612,0.8001
43,41,16,0.4601,0.7768
43,42,15,0.4588,0.7522
43,43,14,0.4572,0.7265
43,44,13,0.4555,0.6998
43,45,12,0.4535,0.6722
43,46,11,0.4513,0.6440
43,47,10,0.4489,0.6154
43,48,9,0.4463,0.5864
43,49,8,0.4435,0.5572
43,50,7,0.4405,0.5280
43,51,6,0.4374,0.4990
43,52,5,0.4340,0.4703
43,53,4,0.4305,0.4419
43,54,3,0.4269,0.4141
43,55,2,0.4231,0.3870
43,56,1,0.4191,0.3605
43,57,0,0.4150,0.3349
44,0,56,0.3492,0.3314
44,1,55,0.3545,0.3562
44,2,54,0.3597,0.3818
44,3,53,0.3648,0.4080
44,4,52,0.3698,0.4348
44,5,51,0.3748,0.4621
44,6,50,0.3797,0.4897
44,7,49,0.3845,0.5176
44,8,48,0.3893,0.5457
44,9,47,0.3939,0.5737
44,10,46,0.3985,0.6016
44,11,45,0.4030,0.6291
44,12,44,0.4074,0.6563
44,13,43,0.4117,0.6829
44,14,42,0.4159,0.7087
44,15,41,0.4199,0.7337
44,16,40,0.4239,0.7576
44,17,39,0.4277,0.7803
44,18,38,0.4314,0.8018
44,19,37,0.4350,0.8217
44,20,36,0.4384,0.8401
44,21,35,0.4416,0.8568
44,22,34,0.4447,0.8716
44,23,33,0.4476,0.8845
44,24,32,0.4504,0.8954
44,25,31,0.4529,0.9042
44,26,30,0.4553,0.9107
44,27,29,0.4574,0.9151
44,28,28,0.4593,0.9171
44,29,27,0.4610,0.9169
44,30,26,0.4625,0.9144
44,31,25,0.4638,0.9095
44,32,24,0.4648,0.9024
44,33,23,0.4655,0.8931
44,34,22,0.4661,0.8816
44,35,21,0.4664,0.8680
44,36,20,0.4664,0.8524
44,37,19,0.4663,0.8349
44,38,18,0.4658,0.8156
44,39,17,0.4652,0.7947
44,40,16,0.4643,0.7723
44,41,15,0.4632,0.7486
44,42,14,0.4618,0.7236
44,43,13,0.4602,0.6976
44,44,12,0.4585,0.6707
44,45,11,0.4565,0.6431
44,46,10,0.4543,0.6150
44,47,9,0.4519,0.5865
44,48,8,0.4493,0.5578
44,49,7,0.4465,0.5290
44,50,6,0.4436,0.5003
44,51,5,0.4405,0.4719
44,52,4,0.4372,0.4438
44,53,3,0.4337,0.4162
44,54,2,0.4302,0.3892
44,55,1,0.4264,0.3629
44,56,0,0.4225,0.3374
45,0,55,0.3562,0.3331
45,1,54,0.3615,0.3578
45,2,53,0.3666,0.3832
45,3,52,0.3717,0.4092
45,4,51,0.3767,0.4357
45,5,50,0.3817,0.4627
45,6,49,0.3865,0.4901
45,7,48,0.3913,0.5176
45,8,47,0.3960,0.5452
45,9,46,0.4006,0.5728
45,10,45,0.4051,0.6001
45,11,44,0.4095,0.6272
45,12,43,0.4138,0.6537
45,13,42,0.4180,0.6796
45,14,41,0.4221,0.7047
45,15,40,0.4260,0.7289
45,16,39,0.4299,0.7521
45,17,38,0.4336,0.7739
45,18,37,0.4371,0.7944
45,19,36,0.4406,0.8135
45,20,35,0.4438,0.8308
45,21,34,0.4469,0.8464
45,22,33,0.4499,0.8602
45,23,32,0.4527,0.8720
45,24,31,0.4552,0.8817
45,25,30,0.4576,0.8893
45,26,29,0.4598,0.8947
45,27,28,0.4618,0.8978
45,28,27,0.4636,0.8987
45,29,26,0.4651,0.8973
45,30,25,0.4665,0.8936
45,31,24,0.4676,0.8876
45,32,23,0.4685,0.8794
45,33,22,0.4691,0.8691
45,34,21,0.4696,0.8566
45,35,20,0.4697,0.8421
45,36,19,0.4697,0.8257
45,37,18,0.4694,0.8074
45,38,17,0.4689,0.7875
45,39,16,0.4682,0.7660
45,40,15,0.4672,0.7432
45,41,14,0.4661,0.7190
45,42,13,0.4647,0.6938
45,43,12,0.4631,0.6677
45,44,11,0.4613,0.6408
45,45,10,0.4593,0.6133
45,46,9,0.4571,0.5854
45,47,8,0.4547,0.5572
45,48,7,0.4521,0.5288
45,49,6,0.4494,0.5006
45,50,5,0.4465,0.4725
45,51,4,0.4434,0.4447
45,52,3,0.4402,0.4174
45,53,2,0.4368,0.3906
45,54,1,0.4333,0.3645
45,55,0,0.4296,0.3392
46,0,54,0.3634,0.3340
46,1,53,0.3686,0.3585
46,2,52,0.3738,0.3836
46,3,51,0.3788,0.4094
46,4,50,0.3838,0.4356
46,5,49,0.3887,0.4623
46,6,48,0.3935,0.4892
46,7,47,0.3982,0.5163
46,8,46,0.4028,0.5434
46,9,45,0.4073,0.5705
46,10,44,0.4117,0.5972
46,11,43,0.4160,0.6236
46,12,42,0.4202,0.6495
46,13,41,0.4243,0.6747
46,14,40,0.4283,0.6990
46,15,39,0.4321,0.7224
46,16,38,0.4358,0.7446
46,17,37,0.4394,0.7656
46,18,36,0.4428,0.7851
46,19,35,0.4461,0.8031
46,20,34,0.4492,0.8194
46,21,33,0.4521,0.8340
46,22,32,0.4549,0.8466
46,23,31,0.4575,0.8572
46,24,30,0.4600,0.8658
46,25,29,0.4622,0.8722
46,26,28,0.4642,0.8764
46,27,27,0.4661,0.8784
46,28,26,0.4677,0.8781
46,29,25,0.4691,0.8755
46,30,24,0.4703,0.8707
46,31,23,0.4713,0.8637
46,32,22,0.4720,0.8545
46,33,21,0.4726,0.8432
46,34,20,0.4729,0.8298
46,35,19,0.4730,0.8145
46,36,18,0.4728,0.7973
46,37,17,0.4724,0.7784
46,38,16,0.4719,0.7580
46,39,15,0.4711,0.7360
46,40,14,0.4700,0.7128
46,41,13,0.4688,0.6885
46,42,12,0.4674,0.6632
46,43,11,0.4658,0.6370
46,44,10,0.4639,0.6102
46,45,9,0.4619,0.5829
46,46,8,0.4597,0.5553
46,47,7,0.4574,0.5275
46,48,6,0.4548,0.4998
46,49,5,0.4521,0.4721
46,50,4,0.4493,0.4447
46,51,3,0.4462,0.4177
46,52,2,0.4431,0.3912
46,53,1,0.4398,0.3654
46,54,0,0.4363,0.3402
47,0,53,0.3708,0.3341
47,1,52,0.3760,0.3583
47,2,51,0.3811,0.3832
47,3,50,0.3861,0.4086
47,4,49,0.3910,0.4344
47,5,48,0.3958,0.4607
47,6,47,0.4005,0.4872
47,7,46,0.4052,0.5137
47,8,45,0.4097,0.5403
47,9,44,0.4141,0.5667
47,10,43,0.4184,0.5929
47,11,42,0.4226,0.6186
47,12,41,0.4266,0.6437
47,13,40,0.4306,0.6681
47,14,39,0.4344,0.6916
47,15,38,0.4381,0.7140
47,16,37,0.4417,0.7353
47,17,36,0.4451,0.7553
47,18,35,0.4484,0.7738
47,19,34,0.4515,0.7908
47,20,33,0.4544,0.8060
47,21,32,0.4572,0.8194
47,22,31,0.4599,0.8309
47,23,30,0.4623,0.8404
47,24,29,0.4646,0.8478
47,25,28,0.4666,0.8530
47,26,27,0.4685,0.8561
47,27,26,0.4702,0.8569
47,28,25,0.4717,0.8555
47,29,24,0.4729,0.8518
47,30,23,0.4740,0.8460
47,31,22,0.4748,0.8379
47,32,21,0.4754,0.8278
47,33,20,0.4758,0.8155
47,34,19,0.4760,0.8014
47,35,18,0.4760,0.7853
47,36,17,0.4757,0.7676
47,37,16,0.4753,0.7481
47,38,15,0.4746,0.7272
47,39,14,0.4738,0.7050
47,40,13,0.4727,0.6816
47,41,12,0.4714,0.6571
47,42,11,0.4699,0.6318
47,43,10,0.4683,0.6058
47,44,9,0.4664,0.5792
47,45,8,0.4644,0.5523
47,46,7,0.4622,0.5251
47,47,6,0.4599,0.4979
47,48,5,0.4574,0.4707
47,49,4,0.4547,0.4438
47,50,3,0.4519,0.4172
47,51,2,0.4489,0.3910
47,52,1,0.4458,0.3655
47,53,0,0.4425,0.3406
48,0,52,0.3784,0.3334
48,1,51,0.3835,0.3573
48,2,50,0.3885,0.3818
48,3,49,0.3935,0.4068
48,4,48,0.3983,0.4322
48,5,47,0.4030,0.4580
48,6,46,0.4077,0.4839
48,7,45,0.4122,0.5099
48,8,44,0.4166,0.5359
48,9,43,0.4209,0.5616
48,10,42,0.4250,0.5871
48,11,41,0.4291,0.6120
48,12,40,0.4330,0.6363
48,13,39,0.4368,0.6598
48,14,38,0.4405,0.6824
48,15,37,0.4441,0.7040
48,16,36,0.4475,0.7243
48,17,35,0.4507,0.7432
48,18,34,0.4538,0.7607
48,19,33,0.4568,0.7765
48,20,32,0.4596,0.7906
48,21,31,0.4622,0.8029
48,22,30,0.4647,0.8132
48,23,29,0.4669,0.8216
48,24,28,0.4690,0.8278
48,25,27,0.4709,0.8319
48,26,26,0.4726,0.8338
48,27,25,0.4741,0.8335
48,28,24,0.4754,0.8310
48,29,23,0.4765,0.8263
48,30,22,0.4774,0.8194
48,31,21,0.4781,0.8105
48,32,20,0.4786,0.7994
48,33,19,0.4789,0.7865
48,34,18,0.4790,0.7716
48,35,17,0.4788,0.7549
48,36,16,0.4785,0.7366
48,37,15,0.4779,0.7168
48,38,14,0.4772,0.6956
48,39,13,0.4763,0.6731
48,40,12,0.4751,0.6496
48,41,11,0.4738,0.6252
48,42,10,0.4723,0.6000
48,43,9,0.4706,0.5742
48,44,8,0.4688,0.5480
48,45,7,0.4668,0.5215
48,46,6,0.4646,0.4949
48,47,5,0.4622,0.4683
48,48,4,0.4597,0.4418
48,49,3,0.4571,0.4157
48,50,2,0.4543,0.3900
48,51,1,0.4514,0.3648
48,52,0,0.4484,0.3402
49,0,51,0.3861,0.3319
49,1,50,0.3911,0.3554
49,2,49,0.3961,0.3794
49,3,48,0.4009,0.4040
49,4,47,0.4057,0.4289
49,5,46,0.4103,0.4541
49,6,45,0.4148,0.4795
49,7,44,0.4192,0.5049
49,8,43,0.4235,0.5302
49,9,42,0.4276,0.5552
49,10,41,0.4317,0.5798
49,11,40,0.4356,0.6040
49,12,39,0.4394,0.6274
49,13,38,0.4430,0.6500
49,14,37,0.4466,0.6717
49,15,36,0.4499,0.6922
49,16,35,0.4532,0.7115
49,17,34,0.4563,0.7294
49,18,33,0.4592,0.7457
49,19,32,0.4620,0.7605
49,20,31,0.4646,0.7734
49,21,30,0.4670,0.7846
49,22,29,0.4693,0.7937
49,23,28,0.4714,0.8009
49,24,27,0.4733,0.8060
49,25,26,0.4750,0.8089
49,26,25,0.4766,0.8097
49,27,24,0.4779,0.8084
49,28,23,0.4790,0.8048
49,29,22,0.4800,0.7992
49,30,21,0.4807,0.7914
49,31,20,0.4813,0.7816
49,32,19,0.4816,0.7698
49,33,18,0.4818,0.7561
49,34,17,0.4817,0.7406
49,35,16,0.4815,0.7234
49,36,15,0.4810,0.7047
49,37,14,0.4804,0.6846
49,38,13,0.4796,0.6632
49,39,12,0.4786,0.6407
49,40,11,0.4774,0.6172
49,41,10,0.4760,0.5929
49,42,9,0.4745,0.5679
49,43,8,0.4728,0.5425
49,44,7,0.4709,0.5167
49,45,6,0.4689,0.4908
49,46,5,0.4667,0.4648
49,47,4,0.4644,0.4390
49,48,3,0.4619,0.4134
49,49,2,0.4593,0.3881
49,50,1,0.4566,0.3634
49,51,0,0.4538,0.3392
50,0,50,0.3939,0.3295
50,1,49,0.3988,0.3526
50,2,48,0.4037,0.3762
50,3,47,0.4085,0.4002
50,4,46,0.4131,0.4246
50,5,45,0.4176,0.4492
50,6,44,0.4220,0.4739
50,7,43,0.4262,0.4986
50,8,42,0.4304,0.5232
50,9,41,0.4344,0.5474
50,10,40,0.4383,0.5712
50,11,39,0.4420,0.5945
50,12,38,0.4456,0.6170
50,13,37,0.4491,0.6387
50,14,36,0.4525,0.6593
50,15,35,0.4557,0.6788
50,16,34,0.4587,0.6971
50,17,33,0.4616,0.7139
50,18,32,0.4644,0.7291
50,19,31,0.4670,0.7427
50,20,30,0.4694,0.7545
50,21,29,0.4717,0.7645
50,22,28,0.4737,0.7725
50,23,27,0.4757,0.7785
50,24,26,0.4774,0.7825
50,25,25,0.4789,0.7844
50,26,24,0.4803,0.7841
50,27,23,0.4815,0.7817
50,28,22,0.4824,0.7772
50,29,21,0.4832,0.7706
50,30,20,0.4838,0.7620
50,31,19,0.4842,0.7514
50,32,18,0.4844,0.7389
50,33,17,0.4845,0.7246
50,34,16,0.4843,0.7086
50,35,15,0.4839,0.6911
50,36,14,0.4834,0.6721
50,37,13,0.4827,0.6518
50,38,12,0.4818,0.6303
50,39,11,0.4807,0.6078
50,40,10,0.4794,0.5845
50,41,9,0.4780,0.5604
50,42,8,0.4765,0.5358
50,43,7,0.4747,0.5109
50,44,6,0.4729,0.4857
50,45,5,0.4708,0.4604
50,46,4,0.4687,0.4352
50,47,3,0.4664,0.4101
50,48,2,0.4639,0.3854
50,49,1,0.4614,0.3611
50,50,0,0.4587,0.3374
51,0,49,0.4018,0.3264
51,1,48,0.4066,0.3490
51,2,47,0.4114,0.3721
51,3,46,0.4160,0.3955
51,4,45,0.4205,0.4193
51,5,44,0.4249,0.4433
51,6,43,0.4291,0.4673
51,7,42,0.4332,0.4912
51,8,41,0.4372,0.5150
51,9,40,0.4411,0.5384
51,10,39,0.4448,0.5613
51,11,38,0.4484,0.5837
51,12,37,0.4518,0.6052
51,13,36,0.4551,0.6259
51,14,35,0.4583,0.6455
51,15,34,0.4613,0.6640
51,16,33,0.4642,0.6811
51,17,32,0.4669,0.6968
51,18,31,0.4694,0.7109
51,19,30,0.4718,0.7233
51,20,29,0.4741,0.7340
51,21,28,0.4761,0.7429
51,22,27,0.4780,0.7497
51,23,26,0.4797,0.7546
51,24,25,0.4813,0.7575
51,25,24,0.4826,0.7583
51,26,23,0.4838,0.7570
51,27,22,0.4848,0.7537
51,28,21,0.4856,0.7483
51,29,20,0.4863,0.7408
51,30,19,0.4867,0.7315
51,31,18,0.4870,0.7202
51,32,17,0.4870,0.7071
51,33,16,0.4869,0.6923
51,34,15,0.4866,0.6760
51,35,14,0.4862,0.6581
51,36,13,0.4855,0.6389
51,37,12,0.4847,0.6185
51,38,11,0.4837,0.5971
51,39,10,0.4826,0.5748
51,40,9,0.4813,0.5517
51,41,8,0.4798,0.5280
51,42,7,0.4782,0.5039
51,43,6,0.4765,0.4795
51,44,5,0.4746,0.4550
51,45,4,0.4726,0.4304
51,46,3,0.4704,0.4060
51,47,2,0.4682,0.3819
51,48,1,0.4658,0.3581
51,49,0,0.4633,0.3349
52,0,48,0.4097,0.3225
52,1,47,0.4145,0.3446
52,2,46,0.4191,0.3671
52,3,45,0.4236,0.3899
52,4,44,0.4279,0.4131
52,5,43,0.4321,0.4363
52,6,42,0.4362,0.4596
52,7,41,0.4402,0.4827
52,8,40,0.4440,0.5056
52,9,39,0.4477,0.5282
52,10,38,0.4512,0.5502
52,11,37,0.4546,0.5716
52,12,36,0.4579,0.5921
52,13,35,0.4610,0.6118
52,14,34,0.4640,0.6303
52,15,33,0.4668,0.6477
52,16,32,0.4694,0.6637
52,17,31,0.4720,0.6782
52,18,30,0.4743,0.6912
52,19,29,0.4765,0.7025
52,20,28,0.4785,0.7121
52,21,27,0.4804,0.7198
52,22,26,0.4821,0.7256
52,23,25,0.4836,0.7294
52,24,24,0.4850,0.7312
52,25,23,0.4862,0.7310
52,26,22,0.4872,0.7287
52,27,21,0.4880,0.7245
52,28,20,0.4886,0.7183
52,29,19,0.4891,0.7101
52,30,18,0.4894,0.7000
52,31,17,0.4895,0.6882
52,32,16,0.4894,0.6746
52,33,15,0.4892,0.6594
52,34,14,0.4887,0.6428
52,35,13,0.4882,0.6247
52,36,12,0.4874,0.6055
52,37,11,0.4865,0.5851
52,38,10,0.4855,0.5638
52,39,9,0.4843,0.5418
52,40,8,0.4829,0.5190
52,41,7,0.4814,0.4958
52,42,6,0.4798,0.4723
52,43,5,0.4780,0.4486
52,44,4,0.4761,0.4248
52,45,3,0.4741,0.4011
52,46,2,0.4720,0.3776
52,47,1,0.4697,0.3544
52,48,0,0.4674,0.3317
53,0,47,0.4177,0.3179
53,1,46,0.4223,0.3394
53,2,45,0.4268,0.3613
53,3,44,0.4311,0.3835
53,4,43,0.4353,0.4059
53,5,42,0.4393,0.4284
53,6,41,0.4433,0.4508
53,7,40,0.4470,0.4732
53,8,39,0.4507,0.4952
53,9,38,0.4542,0.5168
53,10,37,0.4575,0.5379
53,11,36,0.4607,0.5582
53,12,35,0.4638,0.5778
53,13,34,0.4667,0.5963
53,14,33,0.4695,0.6138
53,15,32,0.4721,0.6301
53,16,31,0.4745,0.6450
53,17,30,0.4768,0.6584
53,18,29,0.4790,0.6702
53,19,28,0.4810,0.6804
53,20,27,0.4828,0.6888
53,21,26,0.4845,0.6954
53,22,25,0.4860,0.7001
53,23,24,0.4873,0.7029
53,24,23,0.4885,0.7037
53,25,22,0.4894,0.7026
53,26,21,0.4902,0.6994
53,27,20,0.4909,0.6943
53,28,19,0.4914,0.6874
53,29,18,0.4917,0.6785
53,30,17,0.4918,0.6679
53,31,16,0.4917,0.6555
53,32,15,0.4915,0.6416
53,33,14,0.4912,0.6261
53,34,13,0.4906,0.6093
53,35,12,0.4899,0.5912
53,36,11,0.4891,0.5719
53,37,10,0.4881,0.5517
53,38,9,0.4870,0.5307
53,39,8,0.4857,0.5090
53,40,7,0.4843,0.4867
53,41,6,0.4828,0.4641
53,42,5,0.4811,0.4412
53,43,4,0.4793,0.4182
53,44,3,0.4774,0.3952
53,45,2,0.4754,0.3724
53,46,1,0.4733,0.3499
53,47,0,0.4711,0.3278
54,0,46,0.4257,0.3126
54,1,45,0.4301,0.3334
54,2,44,0.4344,0.3547
54,3,43,0.4386,0.3762
54,4,42,0.4426,0.3978
54,5,41,0.4465,0.4195
54,6,40,0.4502,0.4412
54,7,39,0.4538,0.4626
54,8,38,0.4572,0.4837
54,9,37,0.4605,0.5044
54,10,36,0.4637,0.5244
54,11,35,0.4667,0.5438
54,12,34,0.4695,0.5623
54,13,33,0.4722,0.5798
54,14,32,0.4748,0.5961
54,15,31,0.4772,0.6113
54,16,30,0.4794,0.6250
54,17,29,0.4815,0.6373
54,18,28,0.4835,0.6481
54,19,27,0.4853,0.6571
54,20,26,0.4869,0.6644
54,21,25,0.4883,0.6700
54,22,24,0.4896,0.6736
54,23,23,0.4907,0.6754
54,24,22,0.4917,0.6753
54,25,21,0.4925,0.6732
54,26,20,0.4931,0.6693
54,27,19,0.4936,0.6634
54,28,18,0.4939,0.6558
54,29,17,0.4940,0.6463
54,30,16,0.4940,0.6352
54,31,15,0.4938,0.6225
54,32,14,0.4934,0.6082
54,33,13,0.4929,0.5926
54,34,12,0.4923,0.5757
54,35,11,0.4915,0.5576
54,36,10,0.4905,0.5385
54,37,9,0.4895,0.5186
54,38,8,0.4883,0.4979
54,39,7,0.4869,0.4766
54,40,6,0.4855,0.4549
54,41,5,0.4839,0.4329
54,42,4,0.4822,0.4108
54,43,3,0.4804,0.3886
54,44,2,0.4786,0.3665
54,45,1,0.4766,0.3447
54,46,0,0.4745,0.3232
55,0,45,0.4336,0.3066
55,1,44,0.4379,0.3268
55,2,43,0.4420,0.3473
55,3,42,0.4460,0.3681
55,4,41,0.4498,0.3889
55,5,40,0.4535,0.4098
55,6,39,0.4570,0.4306
55,7,38,0.4604,0.4511
55,8,37,0.4636,0.4713
55,9,36,0.4667,0.4909
55,10,35,0.4697,0.5100
55,11,34,0.4725,0.5283
55,12,33,0.4751,0.5457
55,13,32,0.4776,0.5621
55,14,31,0.4799,0.5774
55,15,30,0.4821,0.5914
55,16,29,0.4841,0.6040
55,17,28,0.4860,0.6152
55,18,27,0.4877,0.6248
55,19,26,0.4893,0.6328
55,20,25,0.4907,0.6391
55,21,24,0.4919,0.6436
55,22,23,0.4930,0.6462
55,23,22,0.4939,0.6471
55,24,21,0.4947,0.6461
55,25,20,0.4953,0.6432
55,26,19,0.4957,0.6385
55,27,18,0.4960,0.6320
55,28,17,0.4961,0.6237
55,29,16,0.4961,0.6138
55,30,15,0.4959,0.6023
55,31,14,0.4956,0.5893
55,32,13,0.4951,0.5748
55,33,12,0.4945,0.5591
55,34,11,0.4937,0.5422
55,35,10,0.4928,0.5242
55,36,9,0.4918,0.5054
55,37,8,0.4906,0.4858
55,38,7,0.4893,0.4656
55,39,6,0.4879,0.4448
55,40,5,0.4864,0.4238
55,41,4,0.4848,0.4025
55,42,3,0.4831,0.3812
55,43,2,0.4813,0.3599
55,44,1,0.4794,0.3387
55,45,0,0.4775,0.3179
56,0,44,0.4415,0.3000
56,1,43,0.4456,0.3195
56,2,42,0.4495,0.3393
56,3,41,0.4533,0.3592
56,4,40,0.4569,0.3793
56,5,39,0.4604,0.3993
56,6,38,0.4637,0.4192
56,7,37,0.4669,0.4387
56,8,36,0.4699,0.4579
56,9,35,0.4728,0.4766
56,10,34,0.4755,0.4946
56,11,33,0.4781,0.5119
56,12,32,0.4805,0.5282
56,13,31,0.4827,0.5435
56,14,30,0.4849,0.5577
56,15,29,0.4868,0.5706
56,16,28,0.4886,0.5821
56,17,27,0.4903,0.5922
56,18,26,0.4918,0.6007
56,19,25,0.4931,0.6077
56,20,24,0.4943,0.6129
56,21,23,0.4953,0.6164
56,22,22,0.4962,0.6181
56,23,21,0.4969,0.6181
56,24,20,0.4974,0.6162
56,25,19,0.4978,0.6126
56,26,18,0.4981,0.6072
56,27,17,0.4982,0.6002
56,28,16,0.4981,0.5914
56,29,15,0.4979,0.5811
56,30,14,0.4976,0.5693
56,31,13,0.4971,0.5560
56,32,12,0.4965,0.5415
56,33,11,0.4957,0.5258
56,34,10,0.4949,0.5090
56,35,9,0.4939,0.4913
56,36,8,0.4927,0.4728
56,37,7,0.4915,0.4536
56,38,6,0.4901,0.4339
56,39,5,0.4887,0.4138
56,40,4,0.4872,0.3935
56,41,3,0.4855,0.3730
56,42,2,0.4838,0.3525
56,43,1,0.4820,0.3321
56,44,0,0.4801,0.3120
57,0,43,0.4493,0.2928
57,1,42,0.4532,0.3115
57,2,41,0.4569,0.3306
57,3,40,0.4605,0.3497
57,4,39,0.4639,0.3689
57,5,38,0.4671,0.3881
57,6,37,0.4703,0.4070
57,7,36,0.4732,0.4256
57,8,35,0.4760,0.4438
57,9,34,0.4786,0.4615
57,10,33,0.4811,0.4784
57,11,32,0.4835,0.4946
57,12,31,0.4856,0.5099
57,13,30,0.4877,0.5241
57,14,29,0.4896,0.5371
57,15,28,0.4913,0.5490
57,16,27,0.4929,0.5594
57,17,26,0.4943,0.5684
57,18,25,0.4955,0.5759
57,19,24,0.4967,0.5818
57,20,23,0.4976,0.5861
57,21,22,0.4984,0.5886
57,22,21,0.4991,0.5895
57,23,20,0.4996,0.5886
57,24,19,0.4999,0.5860
57,25,18,0.5001,0.5817
57,26,17,0.5002,0.5758
57,27,16,0.5001,0.5682
57,28,15,0.4999,0.5590
57,29,14,0.4995,0.5484
57,30,13,0.4990,0.5364
57,31,12,0.4984,0.5230
57,32,11,0.4976,0.5085
57,33,10,0.4968,0.4929
57,34,9,0.4958,0.4763
57,35,8,0.4947,0.4589
57,36,7,0.4935,0.4408
57,37,6,0.4921,0.4221
57,38,5,0.4907,0.4030
57,39,4,0.4892,0.3836
57,40,3,0.4876,0.3641
57,41,2,0.4860,0.3444
57,42,1,0.4842,0.3249
57,43,0,0.4824,0.3055
58,0,42,0.4569,0.2850
58,1,41,0.4606,0.3030
58,2,40,0.4642,0.3213
58,3,39,0.4675,0.3396
58,4,38,0.4707,0.3579
58,5,37,0.4737,0.3762
58,6,36,0.4766,0.3941
58,7,35,0.4793,0.4118
58,8,34,0.4819,0.4290
58,9,33,0.4843,0.4456
58,10,32,0.4865,0.4615
58,11,31,0.4886,0.4766
58,12,30,0.4906,0.4908
58,13,29,0.4924,0.5039
58,14,28,0.4940,0.5159
58,15,27,0.4955,0.5267
58,16,26,0.4969,0.5360
58,17,25,0.4980,0.5440
58,18,24,0.4991,0.5505
58,19,23,0.5000,0.5554
58,20,22,0.5007,0.5587
58,21,21,0.5013,0.5604
58,22,20,0.5017,0.5605
58,23,19,0.5020,0.5589
58,24,18,0.5022,0.5556
58,25,17,0.5022,0.5507
58,26,16,0.5021,0.5442
58,27,15,0.5018,0.5362
58,28,14,0.5014,0.5268
58,29,13,0.5009,0.5159
58,30,12,0.5002,0.5037
58,31,11,0.4994,0.4904
58,32,10,0.4985,0.4759
58,33,9,0.4975,0.4605
58,34,8,0.4964,0.4442
58,35,7,0.4952,0.4272
58,36,6,0.4939,0.4096
58,37,5,0.4925,0.3915
58,38,4,0.4911,0.3731
58,39,3,0.4895,0.3545
58,40,2,0.4879,0.3357
58,41,1,0.4862,0.3170
58,42,0,0.4844,0.2984
59,0,41,0.4645,0.2768
59,1,40,0.4680,0.2940
59,2,39,0.4712,0.3114
59,3,38,0.4744,0.3289
59,4,37,0.4773,0.3464
59,5,36,0.4801,0.3637
59,6,35,0.4828,0.3807
59,7,34,0.4852,0.3974
59,8,33,0.4876,0.4135
59,9,32,0.4897,0.4291
59,10,31,0.4917,0.4440
59,11,30,0.4936,0.4580
59,12,29,0.4953,0.4711
59,13,28,0.4968,0.4832
59,14,27,0.4982,0.4941
59,15,26,0.4995,0.5038
59,16,25,0.5006,0.5122
59,17,24,0.5015,0.5192
59,18,23,0.5023,0.5247
59,19,22,0.5030,0.5287
59,20,21,0.5035,0.5311
59,21,20,0.5039,0.5320
59,22,19,0.5041,0.5313
59,23,18,0.5042,0.5290
59,24,17,0.5041,0.5251
59,25,16,0.5040,0.5197
59,26,15,0.5036,0.5128
59,27,14,0.5032,0.5045
59,28,13,0.5026,0.4948
59,29,12,0.5019,0.4838
59,30,11,0.5011,0.4716
59,31,10,0.5002,0.4583
59,32,9,0.4992,0.4440
59,33,8,0.4981,0.4289
59,34,7,0.4969,0.4130
59,35,6,0.4956,0.3964
59,36,5,0.4942,0.3794
59,37,4,0.4927,0.3620
59,38,3,0.4912,0.3443
59,39,2,0.4896,0.3264
59,40,1,0.4879,0.3085
59,41,0,0.4862,0.2907
60,0,40,0.4719,0.2681
60,1,39,0.4751,0.2845
60,2,38,0.4782,0.3011
60,3,37,0.4810,0.3178
60,4,36,0.4838,0.3343
60,5,35,0.4863,0.3507
60,6,34,0.4887,0.3667
60,7,33,0.4909,0.3824
60,8,32,0.4930,0.3976
60,9,31,0.4949,0.4121
60,10,30,0.4967,0.4260
60,11,29,0.4983,0.4390
60,12,28,0.4997,0.4510
60,13,27,0.5010,0.4620
60,14,26,0.5022,0.4719
60,15,25,0.5032,0.4806
60,16,24,0.5041,0.4880
60,17,23,0.5048,0.4940
60,18,22,0.5054,0.4986
60,19,21,0.5058,0.5017
60,20,20,0.5061,0.5033
60,21,19,0.5062,0.5035
60,22,18,0.5062,0.5021
60,23,17,0.5061,0.4992
60,24,16,0.5058,0.4948
60,25,15,0.5055,0.4889
60,26,14,0.5050,0.4817
60,27,13,0.5043,0.4731
60,28,12,0.5036,0.4632
60,29,11,0.5028,0.4522
60,30,10,0.5018,0.4400
60,31,9,0.5007,0.4269
60,32,8,0.4996,0.4129
60,33,7,0.4984,0.3981
60,34,6,0.4970,0.3826
60,35,5,0.4956,0.3666
60,36,4,0.4942,0.3502
60,37,3,0.4926,0.3335
60,38,2,0.4910,0.3165
60,39,1,0.4894,0.2995
60,40,0,0.4877,0.2826
61,0,39,0.4791,0.2590
61,1,38,0.4821,0.2747
61,2,37,0.4849,0.2904
61,3,36,0.4875,0.3062
61,4,35,0.4900,0.3218
61,5,34,0.4923,0.3372
61,6,33,0.4944,0.3523
61,7,32,0.4964,0.3670
61,8,31,0.4982,0.3812
61,9,30,0.4999,0.3947
61,10,29,0.5014,0.4075
61,11,28,0.5027,0.4195
61,12,27,0.5039,0.4305
61,13,26,0.5050,0.4405
61,14,25,0.5059,0.4494
61,15,24,0.5067,0.4571
61,16,23,0.5073,0.4635
61,17,22,0.5077,0.4686
61,18,21,0.5081,0.4724
61,19,20,0.5083,0.4747
61,20,19,0.5083,0.4756
61,21,18,0.5083,0.4750
61,22,17,0.5081,0.4730
61,23,16,0.5077,0.4696
61,24,15,0.5073,0.4647
61,25,14,0.5067,0.4585
61,26,13,0.5060,0.4510
61,27,12,0.5052,0.4423
61,28,11,0.5043,0.4323
61,29,10,0.5033,0.4213
61,30,9,0.5022,0.4093
61,31,8,0.5010,0.3964
61,32,7,0.4997,0.3827
61,33,6,0.4984,0.3683
61,34,5,0.4970,0.3533
61,35,4,0.4955,0.3379
61,36,3,0.4939,0.3221
61,37,2,0.4923,0.3062
61,38,1,0.4907,0.2901
61,39,0,0.4890,0.2739
62,0,38,0.4861,0.2495
62,1,37,0.4888,0.2644
62,2,36,0.4914,0.2793
62,3,35,0.4938,0.2942
62,4,34,0.4960,0.3089
62,5,33,0.4980,0.3234
62,6,32,0.4999,0.3376
62,7,31,0.5016,0.3513
62,8,30,0.5032,0.3644
62,9,29,0.5046,0.3770
62,10,28,0.5058,0.3888
62,11,27,0.5069,0.3997
62,12,26,0.5079,0.4098
62,13,25,0.5087,0.4188
62,14,24,0.5093,0.4267
62,15,23,0.5098,0.4335
62,16,22,0.5102,0.4390
62,17,21,0.5104,0.4433
62,18,20,0.5105,0.4462
62,19,19,0.5105,0.4478
62,20,18,0.5103,0.4480
62,21,17,0.5100,0.4468
62,22,16,0.5096,0.4442
62,23,15,0.5091,0.4403
62,24,14,0.5084,0.4351
62,25,13,0.5077,0.4286
62,26,12,0.5068,0.4209
62,27,11,0.5058,0.4121
62,28,10,0.5048,0.4021
62,29,9,0.5036,0.3912
62,30,8,0.5024,0.3794
62,31,7,0.5010,0.3668
62,32,6,0.4996,0.3535
62,33,5,0.4982,0.3395
62,34,4,0.4967,0.3251
62,35,3,0.4951,0.3104
62,36,2,0.4935,0.2953
62,37,1,0.4918,0.2801
62,38,0,0.4901,0.2649
63,0,37,0.4929,0.2398
63,1,36,0.4954,0.2539
63,2,35,0.4976,0.2680
63,3,34,0.4998,0.2820
63,4,33,0.5017,0.2958
63,5,32,0.5035,0.3093
63,6,31,0.5051,0.3225
63,7,30,0.5065,0.3353
63,8,29,0.5078,0.3475
63,9,28,0.5090,0.3590
63,10,27,0.5100,0.3698
63,11,26,0.5108,0.3798
63,12,25,0.5115,0.3889
63,13,24,0.5120,0.3970
63,14,23,0.5125,0.4040
63,15,22,0.5127,0.4099
63,16,21,0.5128,0.4145
63,17,20,0.5128,0.4180
63,18,19,0.5127,0.4202
63,19,18,0.5124,0.4211
63,20,17,0.5121,0.4206
63,21,16,0.5115,0.4189
63,22,15,0.5109,0.4159
63,23,14,0.5102,0.4116
63,24,13,0.5093,0.4061
63,25,12,0.5084,0.3994
63,26,11,0.5073,0.3916
63,27,10,0.5062,0.3827
63,28,9,0.5050,0.3729
63,29,8,0.5037,0.3621
63,30,7,0.5023,0.3505
63,31,6,0.5008,0.3383
63,32,5,0.4993,0.3254
63,33,4,0.4977,0.3120
63,34,3,0.4961,0.2982
63,35,2,0.4945,0.2841
63,36,1,0.4928,0.2698
63,37,0,0.4910,0.2554
64,0,36,0.4995,0.2299
64,1,35,0.5016,0.2431
64,2,34,0.5037,0.2564
64,3,33,0.5055,0.2695
64,4,32,0.5072,0.2824
64,5,31,0.5087,0.2950
64,6,30,0.5100,0.3073
64,7,29,0.5112,0.3191
64,8,28,0.5122,0.3304
64,9,27,0.5131,0.3410
64,10,26,0.5138,0.3508
64,11,25,0.5144,0.3599
64,12,24,0.5149,0.3680
64,13,23,0.5152,0.3752
64,14,22,0.5153,0.3813
64,15,21,0.5153,0.3864
64,16,20,0.5152,0.3902
64,17,19,0.5150,0.3930
64,18,18,0.5146,0.3945
64,19,17,0.5141,0.3947
64,20,16,0.5135,0.3938
64,21,15,0.5128,0.3916
64,22,14,0.5119,0.3882
64,23,13,0.5110,0.3836
64,24,12,0.5100,0.3778
64,25,11,0.5088,0.3710
64,26,10,0.5076,0.3631
64,27,9,0.5063,0.3543
64,28,8,0.5049,0.3446
64,29,7,0.5035,0.3340
64,30,6,0.5019,0.3228
64,31,5,0.5004,0.3109
64,32,4,0.4987,0.2985
64,33,3,0.4971,0.2857
64,34,2,0.4953,0.2726
64,35,1,0.4936,0.2592
64,36,0,0.4918,0.2457
65,0,35,0.5058,0.2198
65,1,34,0.5077,0.2322
65,2,33,0.5094,0.2446
65,3,32,0.5110,0.2569
65,4,31,0.5124,0.2689
65,5,30,0.5136,0.2806
65,6,29,0.5147,0.2920
65,7,28,0.5156,0.3029
65,8,27,0.5164,0.3132
65,9,26,0.5170,0.3229
65,10,25,0.5174,0.3318
65,11,24,0.5178,0.3400
65,12,23,0.5179,0.3472
65,13,22,0.5180,0.3535
65,14,21,0.5179,0.3588
65,15,20,0.5177,0.3631
65,16,19,0.5173,0.3663
65,17,18,0.5168,0.3683
65,18,17,0.5162,0.3692
65,19,16,0.5155,0.3689
65,20,15,0.5147,0.3674
65,21,14,0.5137,0.3648
65,22,13,0.5127,0.3611
65,23,12,0.5116,0.3562
65,24,11,0.5103,0.3503
65,25,10,0.5090,0.3434
65,26,9,0.5076,0.3356
65,27,8,0.5062,0.3269
65,28,7,0.5046,0.3173
65,29,6,0.5030,0.3071
65,30,5,0.5014,0.2962
65,31,4,0.4997,0.2848
65,32,3,0.4979,0.2730
65,33,2,0.4962,0.2607
65,34,1,0.4944,0.2483
65,35,0,0.4925,0.2356
66,0,34,0.5118,0.2096
66,1,33,0.5134,0.2212
66,2,32,0.5149,0.2328
66,3,31,0.5162,0.2442
66,4,30,0.5173,0.2553
66,5,29,0.5183,0.2662
66,6,28,0.5191,0.2767
66,7,27,0.5197,0.2866
66,8,26,0.5202,0.2961
66,9,25,0.5205,0.3048
66,10,24,0.5207,0.3129
66,11,23,0.5208,0.3202
66,12,22,0.5207,0.3266
66,13,21,0.5205,0.3321
66,14,20,0.5202,0.3367
66,15,19,0.5197,0.3402
66,16,18,0.5191,0.3427
66,17,17,0.5184,0.3441
66,18,16,0.5176,0.3444
66,19,15,0.5166,0.3436
66,20,14,0.5156,0.3418
66,21,13,0.5144,0.3388
66,22,12,0.5132,0.3348
66,23,11,0.5119,0.3298
66,24,10,0.5105,0.3238
66,25,9,0.5090,0.3169
66,26,8,0.5074,0.3091
66,27,7,0.5058,0.3006
66,28,6,0.5041,0.2913
66,29,5,0.5024,0.2814
66,30,4,0.5006,0.2709
66,31,3,0.4988,0.2600
66,32,2,0.4969,0.2487
66,33,1,0.4950,0.2371
66,34,0,0.4931,0.2253
67,0,33,0.5176,0.1993
67,1,32,0.5189,0.2101
67,2,31,0.5201,0.2209
67,3,30,0.5211,0.2314
67,4,29,0.5219,0.2418
67,5,28,0.5226,0.2518
67,6,27,0.5232,0.2614
67,7,26,0.5235,0.2705
67,8,25,0.5237,0.2791
67,9,24,0.5238,0.2870
67,10,23,0.5238,0.2942
67,11,22,0.5236,0.3007
67,12,21,0.5232,0.3063
67,13,20,0.5228,0.3111
67,14,19,0.5222,0.3149
67,15,18,0.5215,0.3178
67,16,17,0.5206,0.3196
67,17,16,0.5197,0.3205
67,18,15,0.5186,0.3203
67,19,14,0.5175,0.3191
67,20,13,0.5162,0.3169
67,21,12,0.5149,0.3136
67,22,11,0.5134,0.3094
67,23,10,0.5119,0.3043
67,24,9,0.5103,0.2983
67,25,8,0.5087,0.2914
67,26,7,0.5070,0.2838
67,27,6,0.5052,0.2754
67,28,5,0.5033,0.2665
67,29,4,0.5015,0.2569
67,30,3,0.4996,0.2469
67,31,2,0.4976,0.2365
67,32,1,0.4957,0.2258
67,33,0,0.4937,0.2149
68,0,32,0.5230,0.1889
68,1,31,0.5241,0.1990
68,2,30,0.5250,0.2090
68,3,29,0.5257,0.2188
68,4,28,0.5263,0.2283
68,5,27,0.5267,0.2375
68,6,26,0.5269,0.2462
68,7,25,0.5270,0.2545
68,8,24,0.5270,0.2623
68,9,23,0.5268,0.2694
68,10,22,0.5265,0.2758
68,11,21,0.5260,0.2815
68,12,20,0.5254,0.2864
68,13,19,0.5247,0.2905
68,14,18,0.5239,0.2936
68,15,17,0.5229,0.2959
68,16,16,0.5219,0.2972
68,17,15,0.5207,0.2975
68,18,14,0.5194,0.2969
68,19,13,0.5181,0.2954
68,20,12,0.5166,0.2928
68,21,11,0.5151,0.2894
68,22,10,0.5134,0.2851
68,23,9,0.5117,0.2799
68,24,8,0.5100,0.2738
68,25,7,0.5081,0.2671
68,26,6,0.5063,0.2596
68,27,5,0.5043,0.2516
68,28,4,0.5024,0.2429
68,29,3,0.5004,0.2338
68,30,2,0.4983,0.2243
68,31,1,0.4963,0.2144
68,32,0,0.4942,0.2043
69,0,31,0.5282,0.1787
69,1,30,0.5290,0.1880
69,2,29,0.5296,0.1972
69,3,28,0.5300,0.2062
69,4,27,0.5303,0.2149
69,5,26,0.5305,0.2233
69,6,25,0.5304,0.2313
69,7,24,0.5303,0.2388
69,8,23,0.5300,0.2457
69,9,22,0.5295,0.2521
69,10,21,0.5289,0.2578
69,11,20,0.5282,0.2627
69,12,19,0.5274,0.2670
69,13,18,0.5264,0.2704
69,14,17,0.5253,0.2729
69,15,16,0.5241,0.2746
69,16,15,0.5229,0.2754
69,17,14,0.5215,0.2753
69,18,13,0.5200,0.2744
69,19,12,0.5184,0.2725
69,20,11,0.5167,0.2697
69,21,10,0.5150,0.2661
69,22,9,0.5132,0.2617
69,23,8,0.5113,0.2565
69,24,7,0.5094,0.2506
69,25,6,0.5074,0.2440
69,26,5,0.5054,0.2367
69,27,4,0.5033,0.2289
69,28,3,0.5012,0.2207
69,29,2,0.4991,0.2120
69,30,1,0.4969,0.2030
69,31,0,0.4948,0.1937
70,0,30,0.5331,0.1685
70,1,29,0.5336,0.1771
70,2,28,0.5339,0.1855
70,3,27,0.5341,0.1938
70,4,26,0.5341,0.2017
70,5,25,0.5339,0.2094
70,6,24,0.5336,0.2166
70,7,23,0.5332,0.2233
70,8,22,0.5326,0.2295
70,9,21,0.5319,0.2352
70,10,20,0.5311,0.2402
70,11,19,0.5301,0.2445
70,12,18,0.5290,0.2480
70,13,17,0.5278,0.2509
70,14,16,0.5265,0.2529
70,15,15,0.5251,0.2541
70,16,14,0.5236,0.2544
70,17,13,0.5220,0.2540
70,18,12,0.5203,0.2527
70,19,11,0.5185,0.2506
70,20,10,0.5166,0.2476
70,21,9,0.5147,0.2439
70,22,8,0.5127,0.2395
70,23,7,0.5107,0.2343
70,24,6,0.5086,0.2285
70,25,5,0.5064,0.2221
70,26,4,0.5042,0.2151
70,27,3,0.5020,0.2076
70,28,2,0.4998,0.1998
70,29,1,0.4976,0.1916
70,30,0,0.4953,0.1831
71,0,29,0.5377,0.1584
71,1,28,0.5379,0.1663
71,2,27,0.5379,0.1741
71,3,26,0.5378,0.1816
71,4,25,0.5375,0.1888
71,5,24,0.5371,0.1957
71,6,23,0.5365,0.2022
71,7,22,0.5358,0.2082
71,8,21,0.5350,0.2138
71,9,20,0.5340,0.2187
71,10,19,0.5329,0.2231
71,11,18,0.5317,0.2267
71,12,17,0.5304,0.2297
71,13,16,0.5290,0.2320
71,14,15,0.5274,0.2335
71,15,14,0.5258,0.2343
71,16,13,0.5240,0.2343
71,17,12,0.5222,0.2335
71,18,11,0.5203,0.2319
71,19,10,0.5184,0.2296
71,20,9,0.5163,0.2266
71,21,8,0.5142,0.2228
71,22,7,0.5120,0.2184
71,23,6,0.5098,0.2133
71,24,5,0.5076,0.2076
71,25,4,0.5053,0.2014
71,26,3,0.5029,0.1947
71,27,2,0.5006,0.1877
71,28,1,0.4982,0.1802
71,29,0,0.4959,0.1725
72,0,28,0.5419,0.1485
72,1,27,0.5418,0.1557
72,2,26,0.5416,0.1628
72,3,25,0.5412,0.1696
72,4,24,0.5407,0.1762
72,5,23,0.5400,0.1824
72,6,22,0.5391,0.1882
72,7,21,0.5382,0.1936
72,8,20,0.5371,0.1985
72,9,19,0.5358,0.2028
72,10,18,0.5345,0.2065
72,11,17,0.5331,0.2096
72,12,16,0.5315,0.2121
72,13,15,0.5298,0.2139
72,14,14,0.5281,0.2150
72,15,13,0.5262,0.2154
72,16,12,0.5243,0.2150
72,17,11,0.5223,0.2140
72,18,10,0.5202,0.2122
72,19,9,0.5180,0.2097
72,20,8,0.5158,0.2066
72,21,7,0.5135,0.2028
72,22,6,0.5111,0.1984
72,23,5,0.5088,0.1935
72,24,4,0.5063,0.1880
72,25,3,0.5039,0.1821
72,26,2,0.5015,0.1757
72,27,1,0.4990,0.1690
72,28,0,0.4965,0.1620
73,0,27,0.5459,0.1388
73,1,26,0.5455,0.1454
73,2,25,0.5450,0.1518
73,3,24,0.5443,0.1580
73,4,23,0.5435,0.1639
73,5,22,0.5425,0.1695
73,6,21,0.5414,0.1747
73,7,20,0.5402,0.1794
73,8,19,0.5389,0.1837
73,9,18,0.5374,0.1874
73,10,17,0.5358,0.1906
73,11,16,0.5341,0.1932
73,12,15,0.5324,0.1952
73,13,14,0.5305,0.1966
73,14,13,0.5285,0.1973
73,15,12,0.5264,0.1973
73,16,11,0.5243,0.1967
73,17,10,0.5220,0.1954
73,18,9,0.5198,0.1935
73,19,8,0.5174,0.1909
73,20,7,0.5150,0.1877
73,21,6,0.5125,0.1840
73,22,5,0.5100,0.1797
73,23,4,0.5075,0.1749
73,24,3,0.5050,0.1696
73,25,2,0.5024,0.1640
73,26,1,0.4998,0.1580
73,27,0,0.4972,0.1516
74,0,26,0.5495,0.1294
74,1,25,0.5489,0.1354
74,2,24,0.5481,0.1412
74,3,23,0.5471,0.1467
74,4,22,0.5460,0.1520
74,5,21,0.5448,0.1570
74,6,20,0.5435,0.1616
74,7,19,0.5420,0.1657
74,8,18,0.5404,0.1694
74,9,17,0.5387,0.1727
74,10,16,0.5369,0.1753
74,11,15,0.5350,0.1775
74,12,14,0.5330,0.1791
74,13,13,0.5308,0.1800
74,14,12,0.5287,0.1804
74,15,11,0.5264,0.1801
74,16,10,0.5240,0.1793
74,17,9,0.5216,0.1778
74,18,8,0.5192,0.1758
74,19,7,0.5166,0.1732
74,20,6,0.5140,0.1700
74,21,5,0.5114,0.1663
74,22,4,0.5088,0.1621
74,23,3,0.5061,0.1575
74,24,2,0.5034,0.1525
74,25,1,0.5007,0.1472
74,26,0,0.4980,0.1415
75,0,25,0.5528,0.1202
75,1,24,0.5519,0.1256
75,2,23,0.5509,0.1309
75,3,22,0.5496,0.1358
75,4,21,0.5483,0.1406
75,5,20,0.5468,0.1449
75,6,19,0.5452,0.1490
75,7,18,0.5435,0.1526
75,8,17,0.5417,0.1558
75,9,16,0.5397,0.1585
75,10,15,0.5377,0.1608
75,11,14,0.5356,0.1625
75,12,13,0.5333,0.1637
75,13,12,0.5310,0.1643
75,14,11,0.5286,0.1644
75,15,10,0.5261,0.1639
75,16,9,0.5236,0.1629
75,17,8,0.5210,0.1613
75,18,7,0.5184,0.1592
75,19,6,0.5157,0.1565
75,20,5,0.5129,0.1534
75,21,4,0.5101,0.1498
75,22,3,0.5073,0.1458
75,23,2,0.5045,0.1414
75,24,1,0.5017,0.1366
75,25,0,0.4989,0.1316
76,0,24,0.5559,0.1114
76,1,23,0.5547,0.1162
76,2,22,0.5533,0.1209
76,3,21,0.5519,0.1254
76,4,20,0.5503,0.1295
76,5,19,0.5486,0.1334
76,6,18,0.5467,0.1369
76,7,17,0.5448,0.1401
76,8,16,0.5427,0.1428
76,9,15,0.5405,0.1451
76,10,14,0.5383,0.1469
76,11,13,0.5359,0.1483
76,12,12,0.5335,0.1491
76,13,11,0.5309,0.1495
76,14,10,0.5284,0.1493
76,15,9,0.5257,0.1486
76,16,8,0.5230,0.1475
76,17,7,0.5202,0.1458
76,18,6,0.5174,0.1436
76,19,5,0.5145,0.1410
76,20,4,0.5116,0.1379
76,21,3,0.5087,0.1345
76,22,2,0.5058,0.1306
76,23,1,0.5028,0.1264
76,24,0,0.4998,0.1220
77,0,23,0.5586,0.1029
77,1,22,0.5571,0.1072
77,2,21,0.5556,0.1114
77,3,20,0.5538,0.1153
77,4,19,0.5520,0.1190
77,5,18,0.5500,0.1224
77,6,17,0.5479,0.1255
77,7,16,0.5458,0.1282
77,8,15,0.5435,0.1305
77,9,14,0.5411,0.1324
77,10,13,0.5386,0.1338
77,11,12,0.5360,0.1349
77,12,11,0.5334,0.1354
77,13,10,0.5307,0.1355
77,14,9,0.5279,0.1352
77,15,8,0.5251,0.1343
77,16,7,0.5222,0.1330
77,17,6,0.5192,0.1313
77,18,5,0.5162,0.1291
77,19,4,0.5132,0.1265
77,20,3,0.5102,0.1236
77,21,2,0.5071,0.1202
77,22,1,0.5040,0.1166
77,23,0,0.5009,0.1127
78,0,22,0.5610,0.0947
78,1,21,0.5593,0.0986
78,2,20,0.5575,0.1023
78,3,19,0.5555,0.1058
78,4,18,0.5534,0.1090
78,5,17,0.5512,0.1119
78,6,16,0.5489,0.1146
78,7,15,0.5465,0.1169
78,8,14,0.5440,0.1188
78,9,13,0.5414,0.1203
78,10,12,0.5387,0.1215
78,11,11,0.5359,0.1222
78,12,10,0.5331,0.1226
78,13,9,0.5302,0.1224
78,14,8,0.5273,0.1219
78,15,7,0.5242,0.1210
78,16,6,0.5212,0.1196
78,17,5,0.5181,0.1178
78,18,4,0.5149,0.1157
78,19,3,0.5118,0.1132
78,20,2,0.5086,0.1103
78,21,1,0.5054,0.1071
78,22,0,0.5022,0.1037
79,0,21,0.5632,0.0869
79,1,20,0.5612,0.0903
79,2,19,0.5592,0.0936
79,3,18,0.5569,0.0967
79,4,17,0.5546,0.0995
79,5,16,0.5522,0.1020
79,6,15,0.5497,0.1043
79,7,14,0.5470,0.1062
79,8,13,0.5443,0.1078
79,9,12,0.5415,0.1090
79,10,11,0.5386,0.1099
79,11,10,0.5357,0.1104
79,12,9,0.5327,0.1105
79,13,8,0.5296,0.1102
79,14,7,0.5264,0.1096
79,15,6,0.5233,0.1085
79,16,5,0.5200,0.1071
79,17,4,0.5168,0.1054
79,18,3,0.5135,0.1033
79,19,2,0.5102,0.1008
79,20,1,0.5069,0.0981
79,21,0,0.5035,0.0951
80,0,20,0.5651,0.0795
80,1,19,0.5629,0.0825
80,2,18,0.5606,0.0854
80,3,17,0.5581,0.0881
80,4,16,0.5556,0.0905
80,5,15,0.5529,0.0927
80,6,14,0.5502,0.0946
80,7,13,0.5473,0.0962
80,8,12,0.5444,0.0975
80,9,11,0.5414,0.0984
80,10,10,0.5384,0.0991
80,11,9,0.5352,0.0994
80,12,8,0.5320,0.0993
80,13,7,0.5288,0.0989
80,14,6,0.5255,0.0981
80,15,5,0.5221,0.0970
80,16,4,0.5188,0.0956
80,17,3,0.5153,0.0939
80,18,2,0.5119,0.0918
80,19,1,0.5085,0.0895
80,20,0,0.5050,0.0869
81,0,19,0.5667,0.0725
81,1,18,0.5643,0.0751
81,2,17,0.5617,0.0776
81,3,16,0.5591,0.0799
81,4,15,0.5563,0.0820
81,5,14,0.5534,0.0839
81,6,13,0.5505,0.0855
81,7,12,0.5474,0.0868
81,8,11,0.5443,0.0878
81,9,10,0.5412,0.0886
81,10,9,0.5379,0.0890
81,11,8,0.5346,0.0891
81,12,7,0.5312,0.0889
81,13,6,0.5278,0.0884
81,14,5,0.5244,0.0876
81,15,4,0.5209,0.0864
81,16,3,0.5173,0.0850
81,17,2,0.5138,0.0833
81,18,1,0.5102,0.0814
81,19,0,0.5067,0.0792
82,0,18,0.5681,0.0659
82,1,17,0.5654,0.0682
82,2,16,0.5627,0.0704
82,3,15,0.5598,0.0723
82,4,14,0.5568,0.0741
82,5,13,0.5537,0.0757
82,6,12,0.5506,0.0770
82,7,11,0.5474,0.0781
82,8,10,0.5441,0.0789
82,9,9,0.5407,0.0794
82,10,8,0.5373,0.0797
82,11,7,0.5338,0.0796
82,12,6,0.5303,0.0793
82,13,5,0.5267,0.0787
82,14,4,0.5231,0.0779
82,15,3,0.5195,0.0767
82,16,2,0.5158,0.0753
82,17,1,0.5121,0.0737
82,18,0,0.5085,0.0718
83,0,17,0.5692,0.0597
83,1,16,0.5663,0.0617
83,2,15,0.5634,0.0635
83,3,14,0.5603,0.0652
83,4,13,0.5571,0.0667
83,5,12,0.5538,0.0680
83,6,11,0.5505,0.0691
83,7,10,0.5471,0.0700
83,8,9,0.5436,0.0706
83,9,8,0.5401,0.0709
83,10,7,0.5365,0.0711
83,11,6,0.5329,0.0709
83,12,5,0.5292,0.0705
83,13,4,0.5255,0.0699
83,14,3,0.5218,0.0690
83,15,2,0.5180,0.0678
83,16,1,0.5142,0.0665
83,17,0,0.5104,0.0649
84,0,16,0.5701,0.0538
84,1,15,0.5670,0.0556
84,2,14,0.5639,0.0572
84,3,13,0.5606,0.0586
84,4,12,0.5572,0.0599
84,5,11,0.5538,0.0610
84,6,10,0.5503,0.0618
84,7,9,0.5467,0.0625
84,8,8,0.5430,0.0629
84,9,7,0.5394,0.0632
84,10,6,0.5356,0.0631
84,11,5,0.5318,0.0629
84,12,4,0.5280,0.0624
84,13,3,0.5242,0.0618
84,14,2,0.5203,0.0609
84,15,1,0.5164,0.0598
84,16,0,0.5125,0.0585
85,0,15,0.5708,0.0484
85,1,14,0.5675,0.0499
85,2,13,0.5642,0.0513
85,3,12,0.5607,0.0525
85,4,11,0.5571,0.0535
85,5,10,0.5535,0.0544
85,6,9,0.5499,0.0551
85,7,8,0.5461,0.0556
85,8,7,0.5423,0.0559
85,9,6,0.5385,0.0560
85,10,5,0.5346,0.0559
85,11,4,0.5307,0.0556
85,12,3,0.5267,0.0551
85,13,2,0.5227,0.0544
85,14,1,0.5187,0.0535
85,15,0,0.5147,0.0524
86,0,14,0.5713,0.0434
86,1,13,0.5678,0.0447
86,2,12,0.5643,0.0458
86,3,11,0.5606,0.0468
86,4,10,0.5569,0.0477
86,5,9,0.5531,0.0484
86,6,8,0.5493,0.0489
86,7,7,0.5454,0.0493
86,8,6,0.5415,0.0495
86,9,5,0.5375,0.0495
86,10,4,0.5335,0.0493
86,11,3,0.5294,0.0490
86,12,2,0.5253,0.0484
86,13,1,0.5212,0.0477
86,14,0,0.5171,0.0469
87,0,13,0.5716,0.0388
87,1,12,0.5680,0.0399
87,2,11,0.5642,0.0408
87,3,10,0.5604,0.0416
87,4,9,0.5565,0.0423
87,5,8,0.5526,0.0429
87,6,7,0.5486,0.0433
87,7,6,0.5446,0.0435
87,8,5,0.5405,0.0436
87,9,4,0.5364,0.0436
87,10,3,0.5322,0.0433
87,11,2,0.5281,0.0429
87,12,1,0.5239,0.0424
87,13,0,0.5197,0.0417
88,0,12,0.5717,0.0345
88,1,11,0.5679,0.0354
88,2,10,0.5640,0.0362
88,3,9,0.5600,0.0369
88,4,8,0.5560,0.0374
88,5,7,0.5519,0.0379
88,6,6,0.5478,0.0382
88,7,5,0.5436,0.0383
88,8,4,0.5394,0.0383
88,9,3,0.5352,0.0382
88,10,2,0.5309,0.0379
88,11,1,0.5266,0.0375
88,12,0,0.5223,0.0370
89,0,11,0.5717,0.0306
89,1,10,0.5677,0.0314
89,2,9,0.5637,0.0320
89,3,8,0.5596,0.0326
89,4,7,0.5554,0.0330
89,5,6,0.5512,0.0333
89,6,5,0.5469,0.0335
89,7,4,0.5426,0.0336
89,8,3,0.5383,0.0335
89,9,2,0.5339,0.0334
89,10,1,0.5295,0.0331
89,11,0,0.5252,0.0327
90,0,10,0.5715,0.0270
90,1,9,0.5674,0.0277
90,2,8,0.5632,0.0282
90,3,7,0.5589,0.0286
90,4,6,0.5546,0.0290
90,5,5,0.5503,0.0292
90,6,4,0.5459,0.0293
90,7,3,0.5415,0.0293
90,8,2,0.5371,0.0292
90,9,1,0.5326,0.0290
90,10,0,0.5281,0.0287
91,0,9,0.5712,0.0238
91,1,8,0.5669,0.0243
91,2,7,0.5626,0.0247
91,3,6,0.5582,0.0251
91,4,5,0.5538,0.0253
91,5,4,0.5493,0.0255
91,6,3,0.5448,0.0256
91,7,2,0.5403,0.0255
91,8,1,0.5358,0.0254
91,9,0,0.5312,0.0252
92,0,8,0.5708,0.0209
92,1,7,0.5664,0.0213
92,2,6,0.5619,0.0216
92,3,5,0.5574,0.0219
92,4,4,0.5529,0.0221
92,5,3,0.5483,0.0222
92,6,2,0.5437,0.0222
92,7,1,0.5391,0.0221
92,8,0,0.5344,0.0220
93,0,7,0.5702,0.0182
93,1,6,0.5657,0.0186
93,2,5,0.5611,0.0188
93,3,4,0.5565,0.0190
93,4,3,0.5519,0.0191
93,5,2,0.5472,0.0192
93,6,1,0.5425,0.0192
93,7,0,0.5378,0.0191
94,0,6,0.5696,0.0159
94,1,5,0.5650,0.0161
94,2,4,0.5603,0.0163
94,3,3,0.5556,0.0165
94,4,2,0.5508,0.0165
94,5,1,0.5460,0.0166
94,6,0,0.5413,0.0165
95,0,5,0.5689,0.0138
95,1,4,0.5641,0.0140
95,2,3,0.5593,0.0141
95,3,2,0.5545,0.0142
95,4,1,0.5497,0.0142
95,5,0,0.5449,0.0142
96,0,4,0.5681,0.0119
96,1,3,0.5632,0.0120
96,2,2,0.5584,0.0121
96,3,1,0.5535,0.0122
96,4,0,0.5486,0.0122
97,0,3,0.5672,0.0102
97,1,2,0.5623,0.0103
97,2,1,0.5573,0.0104
97,3,0,0.5524,0.0104
98,0,2,0.5663,0.0088
98,1,1,0.5613,0.0088
98,2,0,0.5563,0.0089
99,0,1,0.5654,0.0075
99,1,0,0.5603,0.0075
100,0,0,0.5644,0.0064
