DQ_pct_X,TBZ_pct_Y,THI_pct_Z,Z2,density
0,0,100,0.5381,0.2791
0,1,99,0.5389,0.2992
0,2,98,0.5398,0.3195
0,3,97,0.5406,0.3399
0,4,96,0.5415,0.3603
0,5,95,0.5424,0.3807
0,6,94,0.5433,0.4008
0,7,93,0.5442,0.4206
0,8,92,0.5452,0.4399
0,9,91,0.5462,0.4586
0,10,90,0.5473,0.4766
0,11,89,0.5484,0.4939
0,12,88,0.5496,0.5104
0,13,87,0.5508,0.5259
0,14,86,0.5522,0.5406
0,15,85,0.5536,0.5542
0,16,84,0.5551,0.5668
0,17,83,0.5567,0.5785
0,18,82,0.5585,0.5892
0,19,81,0.5603,0.5990
0,20,80,0.5623,0.6078
0,21,79,0.5643,0.6159
0,22,78,0.5665,0.6232
0,23,77,0.5688,0.6298
0,24,76,0.5712,0.6358
0,25,75,0.5737,0.6412
0,26,74,0.5763,0.6462
0,27,73,0.5789,0.6508
0,28,72,0.5817,0.6551
0,29,71,0.5845,0.6592
0,30,70,0.5873,0.6630
0,31,69,0.5901,0.6667
0,32,68,0.5929,0.6703
0,33,67,0.5957,0.6738
0,34,66,0.5984,0.6772
0,35,65,0.6011,0.6806
0,36,64,0.6037,0.6838
0,37,63,0.6062,0.6870
0,38,62,0.6086,0.6900
0,39,61,0.6109,0.6929
0,40,60,0.6130,0.6955
0,41,59,0.6150,0.6980
0,42,58,0.6169,0.7002
0,43,57,0.6186,0.7020
0,44,56,0.6201,0.7036
0,45,55,0.6216,0.7047
0,46,54,0.6228,0.7055
0,47,53,0.6240,0.7058
0,48,52,0.6250,0.7057
0,49,51,0.6259,0.7051
0,50,50,0.6266,0.7040
0,51,49,0.6273,0.7025
0,52,48,0.6278,0.7005
0,53,47,0.6283,0.6980
0,54,46,0.6286,0.6951
0,55,45,0.6289,0.6918
0,56,44,0.6291,0.6880
0,57,43,0.6293,0.6838
0,58,42,0.6294,0.6793
0,59,41,0.6294,0.6743
0,60,40,0.6294,0.6689
0,61,39,0.6294,0.6632
0,62,38,0.6294,0.6570
0,63,37,0.6294,0.6505
0,64,36,0.6294,0.6436
0,65,35,0.6294,0.6362
0,66,34,0.6294,0.6284
0,67,33,0.6294,0.6202
0,68,32,0.6295,0.6114
0,69,31,0.6296,0.6021
0,70,30,0.6298,0.5923
0,71,29,0.6300,0.5819
0,72,28,0.6303,0.5709
0,73,27,0.6306,0.5592
0,74,26,0.6310,0.5470
0,75,25,0.6314,0.5340
0,76,24,0.6319,0.5205
0,77,23,0.6325,0.5063
0,78,22,0.6331,0.4914
0,79,21,0.6338,0.4759
0,80,20,0.6345,0.4599
0,81,19,0.6353,0.4433
0,82,18,0.6361,0.4263
0,83,17,0.6370,0.4088
0,84,16,0.6379,0.3910
0,85,15,0.6389,0.3729
0,86,14,0.6399,0.3546
0,87,13,0.6409,0.3362
0,88,12,0.6419,0.3177
0,89,11,0.6430,0.2993
0,90,10,0.6441,0.2811
0,91,9,0.6452,0.2631
0,92,8,0.6463,0.2454
0,93,7,0.6475,0.2282
0,94,6,0.6486,0.2113
0,95,5,0.6498,0.1951
0,96,4,0.6509,0.1794
0,97,3,0.6520,0.1644
0,98,2,0.6532,0.1501
0,99,1,0.6543,0.1365
0,100,0,0.6554,0.1236
1,0,99,0.5398,0.3044
1,1,98,0.5407,0.3256
1,2,97,0.5415,0.3471
1,3,96,0.5423,0.3687
1,4,95,0.5432,0.3903
1,5,94,0.5441,0.4116
1,6,93,0.5450,0.4327
1,7,92,0.5459,0.4533
1,8,91,0.5469,0.4734
1,9,90,0.5479,0.4928
1,10,89,0.5490,0.5114
1,11,88,0.5501,0.5291
1,12,87,0.5513,0.5459
1,13,86,0.5525,0.5618
1,14,85,0.5539,0.5765
1,15,84,0.5553,0.5903
1,16,83,0.5568,0.6029
1,17,82,0.5584,0.6145
1,18,81,0.5602,0.6251
1,19,80,0.5620,0.6347
1,20,79,0.5639,0.6433
1,21,78,0.5660,0.6511
1,22,77,0.5682,0.6581
1,23,76,0.5704,0.6644
1,24,75,0.5728,0.6700
1,25,74,0.5753,0.6750
1,26,73,0.5779,0.6796
1,27,72,0.5805,0.6839
1,28,71,0.5832,0.6878
1,29,70,0.5859,0.6914
1,30,69,0.5887,0.6948
1,31,68,0.5915,0.6981
1,32,67,0.5943,0.7013
1,33,66,0.5970,0.7044
1,34,65,0.5997,0.7074
1,35,64,0.6023,0.7103
1,36,63,0.6048,0.7131
1,37,62,0.6073,0.7158
1,38,61,0.6096,0.7184
1,39,60,0.6118,0.7208
1,40,59,0.6139,0.7230
1,41,58,0.6158,0.7250
1,42,57,0.6176,0.7267
1,43,56,0.6193,0.7280
1,44,55,0.6208,0.7290
1,45,54,0.6221,0.7297
1,46,53,0.6234,0.7299
1,47,52,0.6245,0.7296
1,48,51,0.6254,0.7289
1,49,50,0.6263,0.7278
1,50,49,0.6270,0.7262
1,51,48,0.6276,0.7241
1,52,47,0.6281,0.7215
1,53,46,0.6286,0.7185
1,54,45,0.6289,0.7150
1,55,44,0.6292,0.7111
1,56,43,0.6294,0.7068
1,57,42,0.6295,0.7021
1,58,41,0.6296,0.6969
1,59,40,0.6296,0.6914
1,60,39,0.6297,0.6855
1,61,38,0.6297,0.6792
1,62,37,0.6296,0.6725
1,63,36,0.6296,0.6654
1,64,35,0.6296,0.6579
1,65,34,0.6296,0.6500
1,66,33,0.6297,0.6415
1,67,32,0.6297,0.6326
1,68,31,0.6298,0.6232
1,69,30,0.6299,0.6133
1,70,29,0.6301,0.6027
1,71,28,0.6304,0.5916
1,72,27,0.6306,0.5799
1,73,26,0.6310,0.5675
1,74,25,0.6314,0.5544
1,75,24,0.6319,0.5407
1,76,23,0.6324,0.5263
1,77,22,0.6329,0.5113
1,78,21,0.6336,0.4957
1,79,20,0.6343,0.4795
1,80,19,0.6350,0.4627
1,81,18,0.6358,0.4453
1,82,17,0.6366,0.4276
1,83,16,0.6375,0.4094
1,84,15,0.6384,0.3909
1,85,14,0.6394,0.3722
1,86,13,0.6404,0.3534
1,87,12,0.6414,0.3344
1,88,11,0.6425,0.3155
1,89,10,0.6436,0.2967
1,90,9,0.6446,0.2781
1,91,8,0.6458,0.2598
1,92,7,0.6469,0.2419
1,93,6,0.6480,0.2245
1,94,5,0.6491,0.2075
1,95,4,0.6503,0.1912
1,96,3,0.6514,0.1754
1,97,2,0.6526,0.1604
1,98,1,0.6537,0.1461
1,99,0,0.6548,0.1326
2,0,98,0.5416,0.3306
2,1,97,0.5424,0.3531
2,2,96,0.5432,0.3758
2,3,95,0.5440,0.3985
2,4,94,0.5449,0.4211
2,5,93,0.5458,0.4434
2,6,92,0.5467,0.4653
2,7,91,0.5476,0.4867
2,8,90,0.5485,0.5075
2,9,89,0.5496,0.5275
2,10,88,0.5506,0.5465
2,11,87,0.5517,0.5647
2,12,86,0.5529,0.5818
2,13,85,0.5542,0.5978
2,14,84,0.5555,0.6126
2,15,83,0.5569,0.6264
2,16,82,0.5585,0.6390
2,17,81,0.5601,0.6504
2,18,80,0.5618,0.6608
2,19,79,0.5636,0.6701
2,20,78,0.5656,0.6784
2,21,77,0.5676,0.6859
2,22,76,0.5698,0.6925
2,23,75,0.5720,0.6983
2,24,74,0.5744,0.7035
2,25,73,0.5769,0.7081
2,26,72,0.5794,0.7123
2,27,71,0.5820,0.7161
2,28,70,0.5847,0.7195
2,29,69,0.5874,0.7227
2,30,68,0.5901,0.7257
2,31,67,0.5928,0.7285
2,32,66,0.5956,0.7312
2,33,65,0.5982,0.7339
2,34,64,0.6009,0.7364
2,35,63,0.6034,0.7388
2,36,62,0.6059,0.7412
2,37,61,0.6083,0.7434
2,38,60,0.6105,0.7455
2,39,59,0.6127,0.7474
2,40,58,0.6147,0.7490
2,41,57,0.6166,0.7505
2,42,56,0.6183,0.7516
2,43,55,0.6199,0.7524
2,44,54,0.6214,0.7529
2,45,53,0.6227,0.7529
2,46,52,0.6239,0.7525
2,47,51,0.6250,0.7517
2,48,50,0.6259,0.7504
2,49,49,0.6267,0.7487
2,50,48,0.6274,0.7465
2,51,47,0.6280,0.7438
2,52,46,0.6285,0.7406
2,53,45,0.6289,0.7371
2,54,44,0.6292,0.7330
2,55,43,0.6294,0.7286
2,56,42,0.6296,0.7237
2,57,41,0.6297,0.7184
2,58,40,0.6298,0.7127
2,59,39,0.6299,0.7066
2,60,38,0.6299,0.7001
2,61,37,0.6299,0.6933
2,62,36,0.6299,0.6860
2,63,35,0.6299,0.6783
2,64,34,0.6299,0.6702
2,65,33,0.6299,0.6617
2,66,32,0.6299,0.6526
2,67,31,0.6300,0.6431
2,68,30,0.6301,0.6330
2,69,29,0.6303,0.6223
2,70,28,0.6305,0.6111
2,71,27,0.6307,0.5993
2,72,26,0.6310,0.5868
2,73,25,0.6314,0.5736
2,74,24,0.6318,0.5598
2,75,23,0.6323,0.5453
2,76,22,0.6328,0.5302
2,77,21,0.6334,0.5144
2,78,20,0.6341,0.4980
2,79,19,0.6348,0.4810
2,80,18,0.6355,0.4635
2,81,17,0.6363,0.4455
2,82,16,0.6372,0.4271
2,83,15,0.6381,0.4083
2,84,14,0.6390,0.3892
2,85,13,0.6400,0.3700
2,86,12,0.6410,0.3506
2,87,11,0.6420,0.3313
2,88,10,0.6430,0.3120
2,89,9,0.6441,0.2929
2,90,8,0.6452,0.2740
2,91,7,0.6463,0.2555
2,92,6,0.6474,0.2374
2,93,5,0.6485,0.2198
2,94,4,0.6497,0.2028
2,95,3,0.6508,0.1865
2,96,2,0.6519,0.1708
2,97,1,0.6531,0.1558
2,98,0,0.6542,0.1417
3,0,97,0.5433,0.3576
3,1,96,0.5441,0.3814
3,2,95,0.5449,0.4052
3,3,94,0.5457,0.4290
3,4,93,0.5466,0.4526
3,5,92,0.5474,0.4758
3,6,91,0.5483,0.4985
3,7,90,0.5492,0.5206
3,8,89,0.5502,0.5420
3,9,88,0.5512,0.5624
3,10,87,0.5522,0.5819
3,11,86,0.5534,0.6003
3,12,85,0.5545,0.6176
3,13,84,0.5558,0.6337
3,14,83,0.5571,0.6486
3,15,82,0.5586,0.6622
3,16,81,0.5601,0.6746
3,17,80,0.5617,0.6859
3,18,79,0.5634,0.6959
3,19,78,0.5652,0.7049
3,20,77,0.5672,0.7129
3,21,76,0.5692,0.7199
3,22,75,0.5714,0.7260
3,23,74,0.5736,0.7314
3,24,73,0.5760,0.7361
3,25,72,0.5784,0.7402
3,26,71,0.5809,0.7439
3,27,70,0.5835,0.7472
3,28,69,0.5861,0.7501
3,29,68,0.5888,0.7528
3,30,67,0.5915,0.7553
3,31,66,0.5942,0.7576
3,32,65,0.5968,0.7598
3,33,64,0.5994,0.7619
3,34,63,0.6020,0.7639
3,35,62,0.6045,0.7659
3,36,61,0.6069,0.7677
3,37,60,0.6092,0.7694
3,38,59,0.6115,0.7709
3,39,58,0.6135,0.7723
3,40,57,0.6155,0.7734
3,41,56,0.6173,0.7742
3,42,55,0.6190,0.7748
3,43,54,0.6206,0.7750
3,44,53,0.6220,0.7748
3,45,52,0.6232,0.7743
3,46,51,0.6244,0.7733
3,47,50,0.6254,0.7719
3,48,49,0.6263,0.7700
3,49,48,0.6271,0.7676
3,50,47,0.6278,0.7648
3,51,46,0.6283,0.7615
3,52,45,0.6288,0.7578
3,53,44,0.6292,0.7536
3,54,43,0.6295,0.7490
3,55,42,0.6297,0.7439
3,56,41,0.6299,0.7385
3,57,40,0.6300,0.7326
3,58,39,0.6301,0.7264
3,59,38,0.6301,0.7197
3,60,37,0.6301,0.7127
3,61,36,0.6301,0.7052
3,62,35,0.6301,0.6974
3,63,34,0.6301,0.6891
3,64,33,0.6301,0.6804
3,65,32,0.6302,0.6712
3,66,31,0.6302,0.6615
3,67,30,0.6303,0.6513
3,68,29,0.6304,0.6406
3,69,28,0.6306,0.6293
3,70,27,0.6308,0.6173
3,71,26,0.6311,0.6047
3,72,25,0.6314,0.5915
3,73,24,0.6318,0.5776
3,74,23,0.6322,0.5631
3,75,22,0.6327,0.5479
3,76,21,0.6333,0.5320
3,77,20,0.6339,0.5155
3,78,19,0.6346,0.4984
3,79,18,0.6353,0.4807
3,80,17,0.6360,0.4625
3,81,16,0.6369,0.4439
3,82,15,0.6377,0.4248
3,83,14,0.6386,0.4055
3,84,13,0.6395,0.3859
3,85,12,0.6405,0.3662
3,86,11,0.6415,0.3464
3,87,10,0.6425,0.3267
3,88,9,0.6436,0.3071
3,89,8,0.6447,0.2878
3,90,7,0.6458,0.2687
3,91,6,0.6469,0.2501
3,92,5,0.6480,0.2319
3,93,4,0.6491,0.2143
3,94,3,0.6502,0.1974
3,95,2,0.6513,0.1811
3,96,1,0.6524,0.1655
3,97,0,0.6536,0.1507
4,0,96,0.5450,0.3854
4,1,95,0.5458,0.4103
4,2,94,0.5466,0.4352
4,3,93,0.5474,0.4600
4,4,92,0.5482,0.4845
4,5,91,0.5491,0.5086
4,6,90,0.5499,0.5321
4,7,89,0.5508,0.5548
4,8,88,0.5518,0.5766
4,9,87,0.5528,0.5975
4,10,86,0.5539,0.6173
4,11,85,0.5550,0.6359
4,12,84,0.5561,0.6532
4,13,83,0.5574,0.6693
4,14,82,0.5587,0.6841
4,15,81,0.5602,0.6975
4,16,80,0.5617,0.7097
4,17,79,0.5633,0.7206
4,18,78,0.5650,0.7303
4,19,77,0.5668,0.7389
4,20,76,0.5687,0.7463
4,21,75,0.5708,0.7529
4,22,74,0.5729,0.7585
4,23,73,0.5751,0.7633
4,24,72,0.5775,0.7675
4,25,71,0.5799,0.7711
4,26,70,0.5824,0.7742
4,27,69,0.5849,0.7769
4,28,68,0.5875,0.7793
4,29,67,0.5901,0.7814
4,30,66,0.5928,0.7834
4,31,65,0.5954,0.7852
4,32,64,0.5980,0.7868
4,33,63,0.6006,0.7884
4,34,62,0.6031,0.7899
4,35,61,0.6056,0.7912
4,36,60,0.6079,0.7925
4,37,59,0.6102,0.7936
4,38,58,0.6123,0.7946
4,39,57,0.6144,0.7953
4,40,56,0.6163,0.7959
4,41,55,0.6180,0.7961
4,42,54,0.6197,0.7960
4,43,53,0.6212,0.7956
4,44,52,0.6225,0.7948
4,45,51,0.6238,0.7936
4,46,50,0.6249,0.7920
4,47,49,0.6259,0.7899
4,48,48,0.6267,0.7874
4,49,47,0.6275,0.7844
4,50,46,0.6281,0.7810
4,51,45,0.6287,0.7771
4,52,44,0.6291,0.7727
4,53,43,0.6295,0.7680
4,54,42,0.6298,0.7627
4,55,41,0.6300,0.7571
4,56,40,0.6301,0.7511
4,57,39,0.6302,0.7446
4,58,38,0.6303,0.7378
4,59,37,0.6304,0.7306
4,60,36,0.6304,0.7230
4,61,35,0.6304,0.7150
4,62,34,0.6304,0.7065
4,63,33,0.6304,0.6976
4,64,32,0.6304,0.6883
4,65,31,0.6304,0.6785
4,66,30,0.6305,0.6682
4,67,29,0.6306,0.6573
4,68,28,0.6308,0.6459
4,69,27,0.6309,0.6339
4,70,26,0.6312,0.6213
4,71,25,0.6315,0.6080
4,72,24,0.6318,0.5941
4,73,23,0.6322,0.5795
4,74,22,0.6327,0.5642
4,75,21,0.6332,0.5483
4,76,20,0.6337,0.5317
4,77,19,0.6344,0.5145
4,78,18,0.6350,0.4967
4,79,17,0.6358,0.4784
4,80,16,0.6366,0.4596
4,81,15,0.6374,0.4404
4,82,14,0.6382,0.4208
4,83,13,0.6392,0.4010
4,84,12,0.6401,0.3810
4,85,11,0.6411,0.3609
4,86,10,0.6421,0.3408
4,87,9,0.6431,0.3208
4,88,8,0.6442,0.3010
4,89,7,0.6452,0.2815
4,90,6,0.6463,0.2624
4,91,5,0.6474,0.2437
4,92,4,0.6485,0.2256
4,93,3,0.6496,0.2081
4,94,2,0.6507,0.1912
4,95,1,0.6518,0.1750
4,96,0,0.6530,0.1597
5,0,95,0.5466,0.4138
5,1,94,0.5474,0.4398
5,2,93,0.5482,0.4657
5,3,92,0.5490,0.4914
5,4,91,0.5498,0.5168
5,5,90,0.5507,0.5416
5,6,89,0.5515,0.5657
5,7,88,0.5524,0.5889
5,8,87,0.5534,0.6112
5,9,86,0.5544,0.6323
5,10,85,0.5554,0.6523
5,11,84,0.5565,0.6710
5,12,83,0.5577,0.6883
5,13,82,0.5590,0.7043
5,14,81,0.5603,0.7189
5,15,80,0.5617,0.7320
5,16,79,0.5632,0.7439
5,17,78,0.5648,0.7544
5,18,77,0.5665,0.7636
5,19,76,0.5683,0.7717
5,20,75,0.5703,0.7786
5,21,74,0.5723,0.7846
5,22,73,0.5744,0.7896
5,23,72,0.5766,0.7939
5,24,71,0.5789,0.7975
5,25,70,0.5813,0.8005
5,26,69,0.5838,0.8030
5,27,68,0.5863,0.8051
5,28,67,0.5889,0.8069
5,29,66,0.5915,0.8085
5,30,65,0.5941,0.8098
5,31,64,0.5966,0.8110
5,32,63,0.5992,0.8121
5,33,62,0.6017,0.8131
5,34,61,0.6042,0.8140
5,35,60,0.6066,0.8147
5,36,59,0.6089,0.8154
5,37,58,0.6111,0.8159
5,38,57,0.6132,0.8162
5,39,56,0.6151,0.8164
5,40,55,0.6170,0.8163
5,41,54,0.6187,0.8159
5,42,53,0.6203,0.8152
5,43,52,0.6218,0.8141
5,44,51,0.6231,0.8126
5,45,50,0.6243,0.8108
5,46,49,0.6254,0.8085
5,47,48,0.6263,0.8058
5,48,47,0.6271,0.8026
5,49,46,0.6278,0.7990
5,50,45,0.6285,0.7949
5,51,44,0.6290,0.7904
5,52,43,0.6294,0.7854
5,53,42,0.6298,0.7800
5,54,41,0.6300,0.7742
5,55,40,0.6302,0.7680
5,56,39,0.6304,0.7614
5,57,38,0.6305,0.7543
5,58,37,0.6306,0.7469
5,59,36,0.6306,0.7391
5,60,35,0.6306,0.7309
5,61,34,0.6306,0.7223
5,62,33,0.6306,0.7133
5,63,32,0.6307,0.7038
5,64,31,0.6307,0.6939
5,65,30,0.6307,0.6835
5,66,29,0.6308,0.6725
5,67,28,0.6309,0.6610
5,68,27,0.6311,0.6489
5,69,26,0.6313,0.6362
5,70,25,0.6316,0.6229
5,71,24,0.6319,0.6090
5,72,23,0.6322,0.5943
5,73,22,0.6326,0.5790
5,74,21,0.6331,0.5631
5,75,20,0.6336,0.5465
5,76,19,0.6342,0.5293
5,77,18,0.6349,0.5114
5,78,17,0.6356,0.4930
5,79,16,0.6363,0.4741
5,80,15,0.6371,0.4548
5,81,14,0.6379,0.4351
5,82,13,0.6388,0.4151
5,83,12,0.6397,0.3949
5,84,11,0.6407,0.3745
5,85,10,0.6416,0.3542
5,86,9,0.6426,0.3339
5,87,8,0.6437,0.3137
5,88,7,0.6447,0.2938
5,89,6,0.6458,0.2742
5,90,5,0.6469,0.2551
5,91,4,0.6480,0.2365
5,92,3,0.6491,0.2184
5,93,2,0.6502,0.2010
5,94,1,0.6513,0.1844
5,95,0,0.6524,0.1684
6,0,94,0.5483,0.4425
6,1,93,0.5490,0.4695
6,2,92,0.5498,0.4964
6,3,91,0.5506,0.5230
6,4,90,0.5514,0.5491
6,5,89,0.5522,0.5745
6,6,88,0.5531,0.5991
6,7,87,0.5540,0.6228
6,8,86,0.5549,0.6453
6,9,85,0.5559,0.6667
6,10,84,0.5570,0.6867
6,11,83,0.5581,0.7054
6,12,82,0.5592,0.7226
6,13,81,0.5605,0.7384
6,14,80,0.5618,0.7526
6,15,79,0.5632,0.7655
6,16,78,0.5647,0.7769
6,17,77,0.5663,0.7869
6,18,76,0.5680,0.7956
6,19,75,0.5698,0.8031
6,20,74,0.5717,0.8095
6,21,73,0.5738,0.8148
6,22,72,0.5759,0.8192
6,23,71,0.5781,0.8229
6,24,70,0.5804,0.8258
6,25,69,0.5827,0.8282
6,26,68,0.5852,0.8300
6,27,67,0.5876,0.8315
6,28,66,0.5902,0.8327
6,29,65,0.5927,0.8336
6,30,64,0.5953,0.8343
6,31,63,0.5978,0.8349
6,32,62,0.6003,0.8354
6,33,61,0.6028,0.8357
6,34,60,0.6052,0.8360
6,35,59,0.6075,0.8361
6,36,58,0.6098,0.8362
6,37,57,0.6119,0.8361
6,38,56,0.6140,0.8357
6,39,55,0.6159,0.8352
6,40,54,0.6177,0.8345
6,41,53,0.6194,0.8334
6,42,52,0.6209,0.8320
6,43,51,0.6223,0.8303
6,44,50,0.6236,0.8282
6,45,49,0.6248,0.8256
6,46,48,0.6258,0.8227
6,47,47,0.6267,0.8193
6,48,46,0.6275,0.8155
6,49,45,0.6282,0.8112
6,50,44,0.6288,0.8065
6,51,43,0.6293,0.8013
6,52,42,0.6297,0.7957
6,53,41,0.6300,0.7897
6,54,40,0.6303,0.7833
6,55,39,0.6305,0.7765
6,56,38,0.6307,0.7692
6,57,37,0.6308,0.7616
6,58,36,0.6308,0.7537
6,59,35,0.6309,0.7453
6,60,34,0.6309,0.7365
6,61,33,0.6309,0.7273
6,62,32,0.6309,0.7177
6,63,31,0.6309,0.7076
6,64,30,0.6310,0.6971
6,65,29,0.6310,0.6860
6,66,28,0.6311,0.6744
6,67,27,0.6313,0.6623
6,68,26,0.6314,0.6496
6,69,25,0.6317,0.6362
6,70,24,0.6319,0.6223
6,71,23,0.6323,0.6076
6,72,22,0.6326,0.5923
6,73,21,0.6331,0.5764
6,74,20,0.6336,0.5598
6,75,19,0.6341,0.5426
6,76,18,0.6347,0.5247
6,77,17,0.6354,0.5063
6,78,16,0.6361,0.4874
6,79,15,0.6368,0.4680
6,80,14,0.6376,0.4482
6,81,13,0.6385,0.4281
6,82,12,0.6393,0.4077
6,83,11,0.6403,0.3872
6,84,10,0.6412,0.3666
6,85,9,0.6422,0.3461
6,86,8,0.6432,0.3256
6,87,7,0.6442,0.3054
6,88,6,0.6453,0.2855
6,89,5,0.6463,0.2659
6,90,4,0.6474,0.2469
6,91,3,0.6485,0.2284
6,92,2,0.6496,0.2106
6,93,1,0.6507,0.1934
6,94,0,0.6518,0.1770
7,0,93,0.5498,0.4714
7,1,92,0.5506,0.4994
7,2,91,0.5514,0.5271
7,3,90,0.5521,0.5544
7,4,89,0.5529,0.5812
7,5,88,0.5538,0.6071
7,6,87,0.5546,0.6322
7,7,86,0.5555,0.6561
7,8,85,0.5564,0.6789
7,9,84,0.5574,0.7003
7,10,83,0.5585,0.7203
7,11,82,0.5596,0.7388
7,12,81,0.5607,0.7558
7,13,80,0.5620,0.7713
7,14,79,0.5633,0.7852
7,15,78,0.5647,0.7975
7,16,77,0.5662,0.8084
7,17,76,0.5678,0.8179
7,18,75,0.5695,0.8260
7,19,74,0.5713,0.8329
7,20,73,0.5732,0.8386
7,21,72,0.5752,0.8432
7,22,71,0.5773,0.8470
7,23,70,0.5795,0.8499
7,24,69,0.5817,0.8522
7,25,68,0.5841,0.8539
7,26,67,0.5865,0.8551
7,27,66,0.5889,0.8559
7,28,65,0.5914,0.8564
7,29,64,0.5939,0.8567
7,30,63,0.5964,0.8567
7,31,62,0.5989,0.8567
7,32,61,0.6014,0.8565
7,33,60,0.6038,0.8562
7,34,59,0.6062,0.8558
7,35,58,0.6085,0.8553
7,36,57,0.6107,0.8547
7,37,56,0.6128,0.8539
7,38,55,0.6147,0.8529
7,39,54,0.6166,0.8517
7,40,53,0.6184,0.8503
7,41,52,0.6200,0.8485
7,42,51,0.6215,0.8465
7,43,50,0.6229,0.8441
7,44,49,0.6241,0.8412
7,45,48,0.6252,0.8380
7,46,47,0.6262,0.8344
7,47,46,0.6271,0.8303
7,48,45,0.6279,0.8258
7,49,44,0.6286,0.8209
7,50,43,0.6291,0.8155
7,51,42,0.6296,0.8097
7,52,41,0.6300,0.8035
7,53,40,0.6303,0.7969
7,54,39,0.6306,0.7899
7,55,38,0.6308,0.7825
7,56,37,0.6309,0.7747
7,57,36,0.6310,0.7665
7,58,35,0.6311,0.7579
7,59,34,0.6311,0.7489
7,60,33,0.6311,0.7396
7,61,32,0.6312,0.7298
7,62,31,0.6312,0.7196
7,63,30,0.6312,0.7089
7,64,29,0.6313,0.6978
7,65,28,0.6313,0.6861
7,66,27,0.6315,0.6739
7,67,26,0.6316,0.6612
7,68,25,0.6318,0.6478
7,69,24,0.6320,0.6338
7,70,23,0.6323,0.6192
7,71,22,0.6327,0.6040
7,72,21,0.6331,0.5881
7,73,20,0.6335,0.5715
7,74,19,0.6340,0.5544
7,75,18,0.6346,0.5366
7,76,17,0.6352,0.5182
7,77,16,0.6359,0.4993
7,78,15,0.6366,0.4799
7,79,14,0.6373,0.4601
7,80,13,0.6382,0.4399
7,81,12,0.6390,0.4194
7,82,11,0.6399,0.3988
7,83,10,0.6408,0.3781
7,84,9,0.6418,0.3573
7,85,8,0.6427,0.3367
7,86,7,0.6438,0.3162
7,87,6,0.6448,0.2960
7,88,5,0.6458,0.2761
7,89,4,0.6469,0.2567
7,90,3,0.6480,0.2379
7,91,2,0.6490,0.2196
7,92,1,0.6501,0.2020
7,93,0,0.6512,0.1852
8,0,92,0.5514,0.5002
8,1,91,0.5521,0.5291
8,2,90,0.5529,0.5576
8,3,89,0.5537,0.5855
8,4,88,0.5545,0.6128
8,5,87,0.5553,0.6392
8,6,86,0.5561,0.6645
8,7,85,0.5570,0.6886
8,8,84,0.5579,0.7115
8,9,83,0.5589,0.7329
8,10,82,0.5599,0.7527
8,11,81,0.5610,0.7710
8,12,80,0.5622,0.7877
8,13,79,0.5634,0.8027
8,14,78,0.5647,0.8162
8,15,77,0.5661,0.8280
8,16,76,0.5676,0.8383
8,17,75,0.5692,0.8471
8,18,74,0.5709,0.8546
8,19,73,0.5727,0.8607
8,20,72,0.5746,0.8657
8,21,71,0.5766,0.8697
8,22,70,0.5786,0.8727
8,23,69,0.5808,0.8750
8,24,68,0.5831,0.8765
8,25,67,0.5854,0.8775
8,26,66,0.5877,0.8780
8,27,65,0.5902,0.8781
8,28,64,0.5926,0.8779
8,29,63,0.5951,0.8775
8,30,62,0.5976,0.8769
8,31,61,0.6000,0.8762
8,32,60,0.6024,0.8753
8,33,59,0.6048,0.8744
8,34,58,0.6071,0.8733
8,35,57,0.6093,0.8721
8,36,56,0.6115,0.8708
8,37,55,0.6135,0.8694
8,38,54,0.6155,0.8677
8,39,53,0.6173,0.8658
8,40,52,0.6190,0.8637
8,41,51,0.6206,0.8612
8,42,50,0.6220,0.8584
8,43,49,0.6234,0.8553
8,44,48,0.6246,0.8518
8,45,47,0.6257,0.8479
8,46,46,0.6266,0.8436
8,47,45,0.6275,0.8388
8,48,44,0.6283,0.8337
8,49,43,0.6289,0.8281
8,50,42,0.6294,0.8220
8,51,41,0.6299,0.8156
8,52,40,0.6303,0.8088
8,53,39,0.6306,0.8015
8,54,38,0.6308,0.7939
8,55,37,0.6310,0.7859
8,56,36,0.6312,0.7775
8,57,35,0.6313,0.7688
8,58,34,0.6313,0.7596
8,59,33,0.6314,0.7501
8,60,32,0.6314,0.7402
8,61,31,0.6314,0.7298
8,62,30,0.6315,0.7190
8,63,29,0.6315,0.7078
8,64,28,0.6316,0.6961
8,65,27,0.6317,0.6838
8,66,26,0.6318,0.6710
8,67,25,0.6319,0.6577
8,68,24,0.6322,0.6437
8,69,23,0.6324,0.6291
8,70,22,0.6327,0.6139
8,71,21,0.6331,0.5981
8,72,20,0.6335,0.5816
8,73,19,0.6340,0.5645
8,74,18,0.6345,0.5468
8,75,17,0.6351,0.5285
8,76,16,0.6357,0.5097
8,77,15,0.6364,0.4903
8,78,14,0.6371,0.4705
8,79,13,0.6379,0.4504
8,80,12,0.6387,0.4299
8,81,11,0.6395,0.4092
8,82,10,0.6404,0.3884
8,83,9,0.6414,0.3676
8,84,8,0.6423,0.3468
8,85,7,0.6433,0.3261
8,86,6,0.6443,0.3057
8,87,5,0.6453,0.2856
8,88,4,0.6464,0.2659
8,89,3,0.6474,0.2468
8,90,2,0.6485,0.2282
8,91,1,0.6496,0.2102
8,92,0,0.6506,0.1930
9,0,91,0.5529,0.5289
9,1,90,0.5537,0.5584
9,2,89,0.5544,0.5876
9,3,88,0.5552,0.6161
9,4,87,0.5559,0.6437
9,5,86,0.5567,0.6704
9,6,85,0.5576,0.6959
9,7,84,0.5584,0.7201
9,8,83,0.5594,0.7429
9,9,82,0.5603,0.7641
9,10,81,0.5613,0.7837
9,11,80,0.5624,0.8017
9,12,79,0.5636,0.8179
9,13,78,0.5648,0.8325
9,14,77,0.5661,0.8453
9,15,76,0.5675,0.8566
9,16,75,0.5690,0.8662
9,17,74,0.5706,0.8743
9,18,73,0.5723,0.8810
9,19,72,0.5741,0.8865
9,20,71,0.5759,0.8907
9,21,70,0.5779,0.8939
9,22,69,0.5800,0.8962
9,23,68,0.5821,0.8977
9,24,67,0.5843,0.8985
9,25,66,0.5866,0.8987
9,26,65,0.5890,0.8985
9,27,64,0.5914,0.8979
9,28,63,0.5938,0.8970
9,29,62,0.5962,0.8959
9,30,61,0.5986,0.8946
9,31,60,0.6010,0.8932
9,32,59,0.6034,0.8917
9,33,58,0.6057,0.8900
9,34,57,0.6080,0.8883
9,35,56,0.6102,0.8864
9,36,55,0.6123,0.8844
9,37,54,0.6143,0.8823
9,38,53,0.6162,0.8799
9,39,52,0.6179,0.8773
9,40,51,0.6196,0.8745
9,41,50,0.6211,0.8713
9,42,49,0.6226,0.8678
9,43,48,0.6239,0.8640
9,44,47,0.6250,0.8598
9,45,46,0.6261,0.8552
9,46,45,0.6270,0.8501
9,47,44,0.6279,0.8447
9,48,43,0.6286,0.8389
9,49,42,0.6292,0.8326
9,50,41,0.6297,0.8260
9,51,40,0.6302,0.8189
9,52,39,0.6306,0.8115
9,53,38,0.6309,0.8036
9,54,37,0.6311,0.7954
9,55,36,0.6313,0.7868
9,56,35,0.6314,0.7779
9,57,34,0.6315,0.7685
9,58,33,0.6316,0.7588
9,59,32,0.6316,0.7487
9,60,31,0.6317,0.7383
9,61,30,0.6317,0.7273
9,62,29,0.6317,0.7160
9,63,28,0.6318,0.7042
9,64,27,0.6319,0.6919
9,65,26,0.6320,0.6791
9,66,25,0.6321,0.6657
9,67,24,0.6323,0.6518
9,68,23,0.6325,0.6372
9,69,22,0.6328,0.6221
9,70,21,0.6331,0.6063
9,71,20,0.6335,0.5900
9,72,19,0.6339,0.5730
9,73,18,0.6344,0.5554
9,74,17,0.6350,0.5372
9,75,16,0.6355,0.5185
9,76,15,0.6362,0.4992
9,77,14,0.6369,0.4795
9,78,13,0.6376,0.4595
9,79,12,0.6384,0.4391
9,80,11,0.6392,0.4184
9,81,10,0.6401,0.3976
9,82,9,0.6410,0.3767
9,83,8,0.6419,0.3558
9,84,7,0.6429,0.3351
9,85,6,0.6439,0.3145
9,86,5,0.6449,0.2943
9,87,4,0.6459,0.2744
9,88,3,0.6469,0.2550
9,89,2,0.6480,0.2361
9,90,1,0.6490,0.2179
9,91,0,0.6501,0.2004
10,0,90,0.5544,0.5570
10,1,89,0.5551,0.5872
10,2,88,0.5559,0.6168
10,3,87,0.5566,0.6457
10,4,86,0.5574,0.6737
10,5,85,0.5582,0.7005
10,6,84,0.5590,0.7261
10,7,83,0.5598,0.7502
10,8,82,0.5608,0.7728
10,9,81,0.5617,0.7938
10,10,80,0.5627,0.8131
10,11,79,0.5638,0.8306
10,12,78,0.5650,0.8463
10,13,77,0.5662,0.8603
10,14,76,0.5675,0.8725
10,15,75,0.5689,0.8830
10,16,74,0.5704,0.8919
10,17,73,0.5719,0.8993
10,18,72,0.5736,0.9052
10,19,71,0.5754,0.9099
10,20,70,0.5772,0.9134
10,21,69,0.5792,0.9158
10,22,68,0.5812,0.9173
10,23,67,0.5834,0.9180
10,24,66,0.5856,0.9180
10,25,65,0.5878,0.9175
10,26,64,0.5901,0.9165
10,27,63,0.5925,0.9152
10,28,62,0.5949,0.9136
10,29,61,0.5973,0.9118
10,30,60,0.5996,0.9098
10,31,59,0.6020,0.9077
10,32,58,0.6043,0.9055
10,33,57,0.6066,0.9031
10,34,56,0.6088,0.9007
10,35,55,0.6110,0.8981
10,36,54,0.6130,0.8954
10,37,53,0.6150,0.8926
10,38,52,0.6168,0.8895
10,39,51,0.6185,0.8862
10,40,50,0.6202,0.8826
10,41,49,0.6217,0.8787
10,42,48,0.6230,0.8745
10,43,47,0.6243,0.8700
10,44,46,0.6254,0.8651
10,45,45,0.6265,0.8598
10,46,44,0.6274,0.8541
10,47,43,0.6282,0.8480
10,48,42,0.6289,0.8415
10,49,41,0.6295,0.8346
10,50,40,0.6300,0.8273
10,51,39,0.6305,0.8196
10,52,38,0.6308,0.8116
10,53,37,0.6311,0.8031
10,54,36,0.6313,0.7943
10,55,35,0.6315,0.7852
10,56,34,0.6316,0.7756
10,57,33,0.6317,0.7658
10,58,32,0.6318,0.7555
10,59,31,0.6319,0.7449
10,60,30,0.6319,0.7338
10,61,29,0.6320,0.7224
10,62,28,0.6320,0.7105
10,63,27,0.6321,0.6981
10,64,26,0.6322,0.6853
10,65,25,0.6323,0.6719
10,66,24,0.6325,0.6580
10,67,23,0.6327,0.6435
10,68,22,0.6329,0.6285
10,69,21,0.6332,0.6128
10,70,20,0.6335,0.5966
10,71,19,0.6339,0.5797
10,72,18,0.6344,0.5623
10,73,17,0.6349,0.5442
10,74,16,0.6354,0.5257
10,75,15,0.6360,0.5066
10,76,14,0.6367,0.4870
10,77,13,0.6374,0.4671
10,78,12,0.6381,0.4468
10,79,11,0.6389,0.4262
10,80,10,0.6398,0.4055
10,81,9,0.6406,0.3846
10,82,8,0.6415,0.3638
10,83,7,0.6425,0.3430
10,84,6,0.6434,0.3224
10,85,5,0.6444,0.3020
10,86,4,0.6454,0.2820
10,87,3,0.6464,0.2624
10,88,2,0.6475,0.2434
10,89,1,0.6485,0.2249
10,90,0,0.6496,0.2071
11,0,89,0.5559,0.5844
11,1,88,0.5566,0.6151
11,2,87,0.5573,0.6451
11,3,86,0.5580,0.6743
11,4,85,0.5588,0.7024
11,5,84,0.5595,0.7293
11,6,83,0.5604,0.7548
11,7,82,0.5612,0.7788
11,8,81,0.5621,0.8011
11,9,80,0.5631,0.8217
11,10,79,0.5641,0.8405
11,11,78,0.5651,0.8574
11,12,77,0.5663,0.8726
11,13,76,0.5675,0.8859
11,14,75,0.5688,0.8974
11,15,74,0.5702,0.9071
11,16,73,0.5717,0.9152
11,17,72,0.5732,0.9218
11,18,71,0.5749,0.9270
11,19,70,0.5766,0.9308
11,20,69,0.5785,0.9334
11,21,68,0.5804,0.9350
11,22,67,0.5824,0.9357
11,23,66,0.5845,0.9357
11,24,65,0.5867,0.9349
11,25,64,0.5890,0.9337
11,26,63,0.5912,0.9320
11,27,62,0.5936,0.9299
11,28,61,0.5959,0.9276
11,29,60,0.5983,0.9251
11,30,59,0.6006,0.9224
11,31,58,0.6029,0.9196
11,32,57,0.6052,0.9166
11,33,56,0.6074,0.9136
11,34,55,0.6096,0.9104
11,35,54,0.6117,0.9072
11,36,53,0.6137,0.9038
11,37,52,0.6156,0.9002
11,38,51,0.6174,0.8964
11,39,50,0.6191,0.8924
11,40,49,0.6207,0.8881
11,41,48,0.6221,0.8835
11,42,47,0.6235,0.8786
11,43,46,0.6247,0.8733
11,44,45,0.6258,0.8677
11,45,44,0.6268,0.8617
11,46,43,0.6277,0.8554
11,47,42,0.6285,0.8486
11,48,41,0.6292,0.8415
11,49,40,0.6298,0.8339
11,50,39,0.6303,0.8260
11,51,38,0.6307,0.8177
11,52,37,0.6311,0.8091
11,53,36,0.6313,0.8001
11,54,35,0.6316,0.7907
11,55,34,0.6317,0.7810
11,56,33,0.6319,0.7709
11,57,32,0.6320,0.7605
11,58,31,0.6320,0.7497
11,59,30,0.6321,0.7385
11,60,29,0.6322,0.7270
11,61,28,0.6322,0.7150
11,62,27,0.6323,0.7026
11,63,26,0.6324,0.6897
11,64,25,0.6325,0.6763
11,65,24,0.6326,0.6624
11,66,23,0.6328,0.6480
11,67,22,0.6330,0.6331
11,68,21,0.6333,0.6175
11,69,20,0.6336,0.6014
11,70,19,0.6340,0.5847
11,71,18,0.6344,0.5674
11,72,17,0.6348,0.5496
11,73,16,0.6353,0.5312
11,74,15,0.6359,0.5123
11,75,14,0.6365,0.4930
11,76,13,0.6372,0.4732
11,77,12,0.6379,0.4531
11,78,11,0.6387,0.4327
11,79,10,0.6395,0.4120
11,80,9,0.6403,0.3913
11,81,8,0.6412,0.3705
11,82,7,0.6421,0.3498
11,83,6,0.6430,0.3292
11,84,5,0.6440,0.3088
11,85,4,0.6450,0.2887
11,86,3,0.6460,0.2691
11,87,2,0.6470,0.2499
11,88,1,0.6480,0.2313
11,89,0,0.6491,0.2133
12,0,88,0.5573,0.6108
12,1,87,0.5580,0.6418
12,2,86,0.5587,0.6721
12,3,85,0.5594,0.7015
12,4,84,0.5601,0.7296
12,5,83,0.5609,0.7564
12,6,82,0.5617,0.7817
12,7,81,0.5625,0.8054
12,8,80,0.5634,0.8273
12,9,79,0.5644,0.8475
12,10,78,0.5654,0.8657
12,11,77,0.5664,0.8820
12,12,76,0.5676,0.8965
12,13,75,0.5688,0.9090
12,14,74,0.5701,0.9197
12,15,73,0.5714,0.9287
12,16,72,0.5729,0.9360
12,17,71,0.5745,0.9417
12,18,70,0.5761,0.9460
12,19,69,0.5778,0.9490
12,20,68,0.5797,0.9508
12,21,67,0.5816,0.9516
12,22,66,0.5836,0.9515
12,23,65,0.5857,0.9506
12,24,64,0.5878,0.9491
12,25,63,0.5900,0.9471
12,26,62,0.5923,0.9447
12,27,61,0.5946,0.9419
12,28,60,0.5969,0.9388
12,29,59,0.5992,0.9356
12,30,58,0.6015,0.9322
12,31,57,0.6038,0.9287
12,32,56,0.6060,0.9250
12,33,55,0.6082,0.9213
12,34,54,0.6103,0.9175
12,35,53,0.6124,0.9135
12,36,52,0.6143,0.9094
12,37,51,0.6162,0.9051
12,38,50,0.6180,0.9006
12,39,49,0.6196,0.8959
12,40,48,0.6212,0.8909
12,41,47,0.6226,0.8856
12,42,46,0.6239,0.8800
12,43,45,0.6251,0.8740
12,44,44,0.6262,0.8677
12,45,43,0.6272,0.8610
12,46,42,0.6280,0.8540
12,47,41,0.6288,0.8466
12,48,40,0.6295,0.8388
12,49,39,0.6301,0.8307
12,50,38,0.6305,0.8221
12,51,37,0.6310,0.8133
12,52,36,0.6313,0.8040
12,53,35,0.6316,0.7945
12,54,34,0.6318,0.7845
12,55,33,0.6320,0.7743
12,56,32,0.6321,0.7637
12,57,31,0.6322,0.7527
12,58,30,0.6323,0.7414
12,59,29,0.6324,0.7298
12,60,28,0.6324,0.7177
12,61,27,0.6325,0.7052
12,62,26,0.6326,0.6923
12,63,25,0.6327,0.6789
12,64,24,0.6328,0.6651
12,65,23,0.6330,0.6507
12,66,22,0.6331,0.6359
12,67,21,0.6334,0.6204
12,68,20,0.6337,0.6045
12,69,19,0.6340,0.5879
12,70,18,0.6344,0.5709
12,71,17,0.6348,0.5532
12,72,16,0.6353,0.5351
12,73,15,0.6358,0.5164
12,74,14,0.6364,0.4973
12,75,13,0.6370,0.4778
12,76,12,0.6377,0.4579
12,77,11,0.6384,0.4377
12,78,10,0.6392,0.4172
12,79,9,0.6400,0.3967
12,80,8,0.6409,0.3760
12,81,7,0.6417,0.3554
12,82,6,0.6426,0.3349
12,83,5,0.6436,0.3145
12,84,4,0.6445,0.2945
12,85,3,0.6455,0.2748
12,86,2,0.6465,0.2556
12,87,1,0.6475,0.2369
12,88,0,0.6486,0.2188
13,0,87,0.5587,0.6360
13,1,86,0.5593,0.6673
13,2,85,0.5600,0.6977
13,3,84,0.5607,0.7271
13,4,83,0.5615,0.7551
13,5,82,0.5622,0.7817
13,6,81,0.5630,0.8067
13,7,80,0.5638,0.8300
13,8,79,0.5647,0.8514
13,9,78,0.5656,0.8709
13,10,77,0.5666,0.8885
13,11,76,0.5677,0.9042
13,12,75,0.5688,0.9178
13,13,74,0.5700,0.9296
13,14,73,0.5713,0.9395
13,15,72,0.5727,0.9476
13,16,71,0.5741,0.9540
13,17,70,0.5756,0.9589
13,18,69,0.5773,0.9623
13,19,68,0.5790,0.9644
13,20,67,0.5808,0.9654
13,21,66,0.5827,0.9654
13,22,65,0.5847,0.9645
13,23,64,0.5868,0.9628
13,24,63,0.5889,0.9605
13,25,62,0.5911,0.9577
13,26,61,0.5933,0.9545
13,27,60,0.5955,0.9510
13,28,59,0.5978,0.9473
13,29,58,0.6001,0.9433
13,30,57,0.6023,0.9392
13,31,56,0.6046,0.9350
13,32,55,0.6068,0.9307
13,33,54,0.6089,0.9263
13,34,53,0.6110,0.9218
13,35,52,0.6130,0.9171
13,36,51,0.6149,0.9123
13,37,50,0.6167,0.9073
13,38,49,0.6185,0.9021
13,39,48,0.6201,0.8966
13,40,47,0.6216,0.8909
13,41,46,0.6230,0.8850
13,42,45,0.6243,0.8787
13,43,44,0.6255,0.8720
13,44,43,0.6265,0.8651
13,45,42,0.6275,0.8577
13,46,41,0.6283,0.8500
13,47,40,0.6291,0.8420
13,48,39,0.6297,0.8336
13,49,38,0.6303,0.8248
13,50,37,0.6308,0.8157
13,51,36,0.6312,0.8063
13,52,35,0.6315,0.7965
13,53,34,0.6318,0.7864
13,54,33,0.6320,0.7759
13,55,32,0.6322,0.7652
13,56,31,0.6323,0.7541
13,57,30,0.6324,0.7426
13,58,29,0.6325,0.7308
13,59,28,0.6326,0.7187
13,60,27,0.6327,0.7061
13,61,26,0.6328,0.6932
13,62,25,0.6328,0.6798
13,63,24,0.6330,0.6660
13,64,23,0.6331,0.6517
13,65,22,0.6333,0.6369
13,66,21,0.6335,0.6216
13,67,20,0.6338,0.6058
13,68,19,0.6341,0.5895
13,69,18,0.6344,0.5726
13,70,17,0.6348,0.5552
13,71,16,0.6352,0.5373
13,72,15,0.6357,0.5189
13,73,14,0.6363,0.5000
13,74,13,0.6369,0.4808
13,75,12,0.6375,0.4611
13,76,11,0.6382,0.4412
13,77,10,0.6390,0.4210
13,78,9,0.6397,0.4007
13,79,8,0.6406,0.3802
13,80,7,0.6414,0.3598
13,81,6,0.6423,0.3394
13,82,5,0.6432,0.3192
13,83,4,0.6441,0.2992
13,84,3,0.6451,0.2796
13,85,2,0.6461,0.2604
13,86,1,0.6471,0.2417
13,87,0,0.6481,0.2236
14,0,86,0.5600,0.6598
14,1,85,0.5607,0.6912
14,2,84,0.5613,0.7216
14,3,83,0.5620,0.7508
14,4,82,0.5627,0.7786
14,5,81,0.5635,0.8049
14,6,80,0.5643,0.8295
14,7,79,0.5651,0.8522
14,8,78,0.5659,0.8731
14,9,77,0.5669,0.8919
14,10,76,0.5678,0.9088
14,11,75,0.5689,0.9236
14,12,74,0.5700,0.9365
14,13,73,0.5712,0.9474
14,14,72,0.5725,0.9564
14,15,71,0.5738,0.9636
14,16,70,0.5752,0.9691
14,17,69,0.5768,0.9731
14,18,68,0.5784,0.9757
14,19,67,0.5801,0.9770
14,20,66,0.5819,0.9771
14,21,65,0.5838,0.9762
14,22,64,0.5857,0.9745
14,23,63,0.5878,0.9721
14,24,62,0.5899,0.9690
14,25,61,0.5920,0.9655
14,26,60,0.5942,0.9616
14,27,59,0.5964,0.9574
14,28,58,0.5987,0.9529
14,29,57,0.6009,0.9483
14,30,56,0.6031,0.9435
14,31,55,0.6053,0.9386
14,32,54,0.6075,0.9336
14,33,53,0.6096,0.9285
14,34,52,0.6116,0.9233
14,35,51,0.6136,0.9179
14,36,50,0.6155,0.9124
14,37,49,0.6172,0.9068
14,38,48,0.6189,0.9009
14,39,47,0.6205,0.8947
14,40,46,0.6220,0.8884
14,41,45,0.6234,0.8817
14,42,44,0.6246,0.8747
14,43,43,0.6258,0.8674
14,44,42,0.6268,0.8598
14,45,41,0.6277,0.8519
14,46,40,0.6286,0.8435
14,47,39,0.6293,0.8349
14,48,38,0.6299,0.8259
14,49,37,0.6305,0.8165
14,50,36,0.6310,0.8069
14,51,35,0.6314,0.7969
14,52,34,0.6317,0.7866
14,53,33,0.6320,0.7759
14,54,32,0.6322,0.7650
14,55,31,0.6324,0.7537
14,56,30,0.6325,0.7421
14,57,29,0.6326,0.7302
14,58,28,0.6327,0.7180
14,59,27,0.6328,0.7054
14,60,26,0.6329,0.6924
14,61,25,0.6330,0.6790
14,62,24,0.6331,0.6652
14,63,23,0.6333,0.6510
14,64,22,0.6334,0.6363
14,65,21,0.6336,0.6211
14,66,20,0.6338,0.6055
14,67,19,0.6341,0.5893
14,68,18,0.6344,0.5727
14,69,17,0.6348,0.5555
14,70,16,0.6352,0.5379
14,71,15,0.6357,0.5198
14,72,14,0.6362,0.5012
14,73,13,0.6368,0.4822
14,74,12,0.6374,0.4629
14,75,11,0.6380,0.4433
14,76,10,0.6387,0.4234
14,77,9,0.6395,0.4033
14,78,8,0.6403,0.3831
14,79,7,0.6411,0.3629
14,80,6,0.6419,0.3428
14,81,5,0.6428,0.3228
14,82,4,0.6437,0.3030
14,83,3,0.6447,0.2835
14,84,2,0.6456,0.2644
14,85,1,0.6466,0.2457
14,86,0,0.6476,0.2276
15,0,85,0.5613,0.6819
15,1,84,0.5619,0.7133
15,2,83,0.5626,0.7436
15,3,82,0.5633,0.7725
15,4,81,0.5640,0.8000
15,5,80,0.5647,0.8258
15,6,79,0.5655,0.8499
15,7,78,0.5663,0.8720
15,8,77,0.5671,0.8921
15,9,76,0.5680,0.9102
15,10,75,0.5690,0.9263
15,11,74,0.5700,0.9403
15,12,73,0.5711,0.9523
15,13,72,0.5723,0.9623
15,14,71,0.5736,0.9704
15,15,70,0.5749,0.9767
15,16,69,0.5763,0.9813
15,17,68,0.5778,0.9844
15,18,67,0.5795,0.9861
15,19,66,0.5811,0.9865
15,20,65,0.5829,0.9858
15,21,64,0.5848,0.9841
15,22,63,0.5867,0.9816
15,23,62,0.5887,0.9784
15,24,61,0.5908,0.9746
15,25,60,0.5929,0.9704
15,26,59,0.5951,0.9658
15,27,58,0.5973,0.9609
15,28,57,0.5995,0.9557
15,29,56,0.6017,0.9504
15,30,55,0.6038,0.9450
15,31,54,0.6060,0.9394
15,32,53,0.6081,0.9338
15,33,52,0.6102,0.9280
15,34,51,0.6122,0.9221
15,35,50,0.6141,0.9161
15,36,49,0.6159,0.9099
15,37,48,0.6177,0.9036
15,38,47,0.6193,0.8970
15,39,46,0.6209,0.8902
15,40,45,0.6223,0.8832
15,41,44,0.6237,0.8759
15,42,43,0.6249,0.8682
15,43,42,0.6260,0.8603
15,44,41,0.6270,0.8521
15,45,40,0.6280,0.8435
15,46,39,0.6288,0.8346
15,47,38,0.6295,0.8253
15,48,37,0.6301,0.8158
15,49,36,0.6307,0.8059
15,50,35,0.6311,0.7957
15,51,34,0.6315,0.7852
15,52,33,0.6319,0.7743
15,53,32,0.6321,0.7632
15,54,31,0.6324,0.7518
15,55,30,0.6326,0.7401
15,56,29,0.6327,0.7280
15,57,28,0.6328,0.7157
15,58,27,0.6329,0.7030
15,59,26,0.6331,0.6900
15,60,25,0.6332,0.6766
15,61,24,0.6333,0.6628
15,62,23,0.6334,0.6486
15,63,22,0.6336,0.6340
15,64,21,0.6337,0.6190
15,65,20,0.6339,0.6035
15,66,19,0.6342,0.5875
15,67,18,0.6345,0.5711
15,68,17,0.6348,0.5542
15,69,16,0.6352,0.5369
15,70,15,0.6357,0.5190
15,71,14,0.6361,0.5008
15,72,13,0.6367,0.4822
15,73,12,0.6372,0.4632
15,74,11,0.6379,0.4439
15,75,10,0.6385,0.4243
15,76,9,0.6393,0.4046
15,77,8,0.6400,0.3847
15,78,7,0.6408,0.3648
15,79,6,0.6416,0.3449
15,80,5,0.6425,0.3252
15,81,4,0.6434,0.3056
15,82,3,0.6443,0.2863
15,83,2,0.6452,0.2673
15,84,1,0.6462,0.2488
15,85,0,0.6472,0.2308
16,0,84,0.5626,0.7022
16,1,83,0.5632,0.7334
16,2,82,0.5638,0.7634
16,3,81,0.5645,0.7920
16,4,80,0.5652,0.8190
16,5,79,0.5659,0.8443
16,6,78,0.5666,0.8677
16,7,77,0.5674,0.8891
16,8,76,0.5683,0.9085
16,9,75,0.5692,0.9257
16,10,74,0.5701,0.9409
16,11,73,0.5711,0.9540
16,12,72,0.5722,0.9651
16,13,71,0.5734,0.9742
16,14,70,0.5746,0.9813
16,15,69,0.5759,0.9867
16,16,68,0.5774,0.9905
16,17,67,0.5789,0.9927
16,18,66,0.5804,0.9935
16,19,65,0.5821,0.9930
16,20,64,0.5839,0.9915
16,21,63,0.5857,0.9891
16,22,62,0.5876,0.9858
16,23,61,0.5896,0.9819
16,24,60,0.5916,0.9774
16,25,59,0.5937,0.9724
16,26,58,0.5959,0.9671
16,27,57,0.5980,0.9616
16,28,56,0.6002,0.9558
16,29,55,0.6023,0.9498
16,30,54,0.6045,0.9437
16,31,53,0.6066,0.9375
16,32,52,0.6087,0.9312
16,33,51,0.6107,0.9248
16,34,50,0.6127,0.9183
16,35,49,0.6145,0.9116
16,36,48,0.6163,0.9048
16,37,47,0.6181,0.8978
16,38,46,0.6197,0.8906
16,39,45,0.6212,0.8832
16,40,44,0.6226,0.8755
16,41,43,0.6239,0.8675
16,42,42,0.6251,0.8593
16,43,41,0.6262,0.8507
16,44,40,0.6272,0.8419
16,45,39,0.6281,0.8327
16,46,38,0.6290,0.8232
16,47,37,0.6297,0.8134
16,48,36,0.6303,0.8033
16,49,35,0.6308,0.7929
16,50,34,0.6313,0.7822
16,51,33,0.6317,0.7712
16,52,32,0.6320,0.7599
16,53,31,0.6323,0.7483
16,54,30,0.6325,0.7365
16,55,29,0.6327,0.7243
16,56,28,0.6329,0.7119
16,57,27,0.6330,0.6991
16,58,26,0.6332,0.6860
16,59,25,0.6333,0.6726
16,60,24,0.6334,0.6589
16,61,23,0.6335,0.6447
16,62,22,0.6337,0.6302
16,63,21,0.6338,0.6153
16,64,20,0.6340,0.6000
16,65,19,0.6343,0.5842
16,66,18,0.6346,0.5680
16,67,17,0.6349,0.5514
16,68,16,0.6352,0.5343
16,69,15,0.6356,0.5168
16,70,14,0.6361,0.4989
16,71,13,0.6366,0.4806
16,72,12,0.6371,0.4620
16,73,11,0.6377,0.4431
16,74,10,0.6384,0.4239
16,75,9,0.6390,0.4045
16,76,8,0.6398,0.3850
16,77,7,0.6405,0.3655
16,78,6,0.6413,0.3459
16,79,5,0.6422,0.3264
16,80,4,0.6430,0.3071
16,81,3,0.6439,0.2881
16,82,2,0.6448,0.2694
16,83,1,0.6458,0.2510
16,84,0,0.6467,0.2331
17,0,83,0.5638,0.7205
17,1,82,0.5644,0.7514
17,2,81,0.5650,0.7810
17,3,80,0.5656,0.8091
17,4,79,0.5663,0.8355
17,5,78,0.5670,0.8601
17,6,77,0.5677,0.8828
17,7,76,0.5685,0.9034
17,8,75,0.5693,0.9219
17,9,74,0.5702,0.9383
17,10,73,0.5712,0.9526
17,11,72,0.5722,0.9648
17,12,71,0.5732,0.9749
17,13,70,0.5744,0.9830
17,14,69,0.5756,0.9892
17,15,68,0.5769,0.9937
17,16,67,0.5783,0.9965
17,17,66,0.5798,0.9979
17,18,65,0.5814,0.9978
17,19,64,0.5830,0.9966
17,20,63,0.5848,0.9943
17,21,62,0.5866,0.9910
17,22,61,0.5885,0.9870
17,23,60,0.5904,0.9824
17,24,59,0.5924,0.9772
17,25,58,0.5945,0.9716
17,26,57,0.5966,0.9657
17,27,56,0.5987,0.9595
17,28,55,0.6008,0.9531
17,29,54,0.6029,0.9465
17,30,53,0.6051,0.9398
17,31,52,0.6071,0.9330
17,32,51,0.6092,0.9261
17,33,50,0.6112,0.9190
17,34,49,0.6131,0.9119
17,35,48,0.6149,0.9046
17,36,47,0.6167,0.8972
17,37,46,0.6184,0.8895
17,38,45,0.6200,0.8817
17,39,44,0.6215,0.8737
17,40,43,0.6229,0.8654
17,41,42,0.6241,0.8568
17,42,41,0.6253,0.8480
17,43,40,0.6264,0.8388
17,44,39,0.6274,0.8294
17,45,38,0.6283,0.8197
17,46,37,0.6291,0.8097
17,47,36,0.6298,0.7993
17,48,35,0.6304,0.7887
17,49,34,0.6310,0.7778
17,50,33,0.6314,0.7666
17,51,32,0.6318,0.7552
17,52,31,0.6322,0.7434
17,53,30,0.6324,0.7314
17,54,29,0.6327,0.7192
17,55,28,0.6329,0.7066
17,56,27,0.6331,0.6938
17,57,26,0.6332,0.6807
17,58,25,0.6334,0.6672
17,59,24,0.6335,0.6535
17,60,23,0.6336,0.6394
17,61,22,0.6338,0.6250
17,62,21,0.6339,0.6102
17,63,20,0.6341,0.5950
17,64,19,0.6344,0.5794
17,65,18,0.6346,0.5635
17,66,17,0.6349,0.5471
17,67,16,0.6352,0.5303
17,68,15,0.6356,0.5132
17,69,14,0.6360,0.4956
17,70,13,0.6365,0.4777
17,71,12,0.6370,0.4595
17,72,11,0.6376,0.4409
17,73,10,0.6382,0.4222
17,74,9,0.6389,0.4032
17,75,8,0.6395,0.3841
17,76,7,0.6403,0.3649
17,77,6,0.6411,0.3457
17,78,5,0.6419,0.3266
17,79,4,0.6427,0.3076
17,80,3,0.6436,0.2889
17,81,2,0.6445,0.2704
17,82,1,0.6454,0.2523
17,83,0,0.6463,0.2346
18,0,82,0.5649,0.7365
18,1,81,0.5655,0.7670
18,2,80,0.5661,0.7961
18,3,79,0.5667,0.8236
18,4,78,0.5674,0.8493
18,5,77,0.5681,0.8732
18,6,76,0.5688,0.8950
18,7,75,0.5696,0.9148
18,8,74,0.5704,0.9324
18,9,73,0.5712,0.9479
18,10,72,0.5722,0.9612
18,11,71,0.5732,0.9724
18,12,70,0.5742,0.9816
18,13,69,0.5753,0.9887
18,14,68,0.5766,0.9940
18,15,67,0.5779,0.9976
18,16,66,0.5792,0.9995
18,17,65,0.5807,1.0000
18,18,64,0.5822,0.9991
18,19,63,0.5839,0.9971
18,20,62,0.5856,0.9940
18,21,61,0.5874,0.9901
18,22,60,0.5892,0.9854
18,23,59,0.5912,0.9801
18,24,58,0.5931,0.9742
18,25,57,0.5952,0.9680
18,26,56,0.5972,0.9615
18,27,55,0.5993,0.9547
18,28,54,0.6014,0.9477
18,29,53,0.6035,0.9405
18,30,52,0.6056,0.9332
18,31,51,0.6076,0.9258
18,32,50,0.6096,0.9183
18,33,49,0.6116,0.9107
18,34,48,0.6134,0.9030
18,35,47,0.6153,0.8951
18,36,46,0.6170,0.8871
18,37,45,0.6186,0.8789
18,38,44,0.6202,0.8705
18,39,43,0.6217,0.8618
18,40,42,0.6230,0.8529
18,41,41,0.6243,0.8438
18,42,40,0.6255,0.8344
18,43,39,0.6266,0.8247
18,44,38,0.6275,0.8148
18,45,37,0.6284,0.8045
18,46,36,0.6292,0.7940
18,47,35,0.6299,0.7832
18,48,34,0.6305,0.7721
18,49,33,0.6311,0.7607
18,50,32,0.6315,0.7491
18,51,31,0.6319,0.7372
18,52,30,0.6323,0.7251
18,53,29,0.6326,0.7127
18,54,28,0.6328,0.7001
18,55,27,0.6330,0.6871
18,56,26,0.6332,0.6740
18,57,25,0.6334,0.6605
18,58,24,0.6335,0.6468
18,59,23,0.6337,0.6327
18,60,22,0.6339,0.6184
18,61,21,0.6340,0.6037
18,62,20,0.6342,0.5887
18,63,19,0.6344,0.5733
18,64,18,0.6347,0.5576
18,65,17,0.6349,0.5415
18,66,16,0.6353,0.5250
18,67,15,0.6356,0.5081
18,68,14,0.6360,0.4909
18,69,13,0.6365,0.4734
18,70,12,0.6369,0.4556
18,71,11,0.6375,0.4375
18,72,10,0.6381,0.4191
18,73,9,0.6387,0.4006
18,74,8,0.6393,0.3819
18,75,7,0.6401,0.3631
18,76,6,0.6408,0.3444
18,77,5,0.6416,0.3256
18,78,4,0.6424,0.3070
18,79,3,0.6432,0.2886
18,80,2,0.6441,0.2705
18,81,1,0.6450,0.2527
18,82,0,0.6459,0.2353
19,0,81,0.5660,0.7503
19,1,80,0.5666,0.7802
19,2,79,0.5672,0.8087
19,3,78,0.5678,0.8355
19,4,77,0.5684,0.8604
19,5,76,0.5691,0.8834
19,6,75,0.5698,0.9044
19,7,74,0.5705,0.9232
19,8,73,0.5713,0.9399
19,9,72,0.5722,0.9544
19,10,71,0.5731,0.9667
19,11,70,0.5741,0.9770
19,12,69,0.5751,0.9851
19,13,68,0.5762,0.9914
19,14,67,0.5774,0.9958
19,15,66,0.5787,0.9984
19,16,65,0.5801,0.9995
19,17,64,0.5815,0.9991
19,18,63,0.5830,0.9975
19,19,62,0.5846,0.9947
19,20,61,0.5863,0.9909
19,21,60,0.5881,0.9863
19,22,59,0.5899,0.9809
19,23,58,0.5918,0.9750
19,24,57,0.5938,0.9686
19,25,56,0.5958,0.9617
19,26,55,0.5978,0.9546
19,27,54,0.5998,0.9472
19,28,53,0.6019,0.9397
19,29,52,0.6040,0.9320
19,30,51,0.6060,0.9242
19,31,50,0.6080,0.9162
19,32,49,0.6100,0.9082
19,33,48,0.6119,0.9000
19,34,47,0.6137,0.8917
19,35,46,0.6155,0.8833
19,36,45,0.6172,0.8747
19,37,44,0.6188,0.8659
19,38,43,0.6204,0.8570
19,39,42,0.6218,0.8478
19,40,41,0.6232,0.8384
19,41,40,0.6244,0.8287
19,42,39,0.6256,0.8188
19,43,38,0.6266,0.8086
19,44,37,0.6276,0.7981
19,45,36,0.6285,0.7874
19,46,35,0.6293,0.7764
19,47,34,0.6300,0.7651
19,48,33,0.6306,0.7536
19,49,32,0.6311,0.7418
19,50,31,0.6316,0.7298
19,51,30,0.6320,0.7175
19,52,29,0.6324,0.7050
19,53,28,0.6327,0.6923
19,54,27,0.6329,0.6793
19,55,26,0.6331,0.6661
19,56,25,0.6334,0.6526
19,57,24,0.6335,0.6389
19,58,23,0.6337,0.6249
19,59,22,0.6339,0.6106
19,60,21,0.6341,0.5960
19,61,20,0.6343,0.5811
19,62,19,0.6345,0.5659
19,63,18,0.6347,0.5504
19,64,17,0.6350,0.5346
19,65,16,0.6353,0.5184
19,66,15,0.6356,0.5019
19,67,14,0.6360,0.4850
19,68,13,0.6364,0.4679
19,69,12,0.6369,0.4504
19,70,11,0.6374,0.4328
19,71,10,0.6379,0.4149
19,72,9,0.6385,0.3968
19,73,8,0.6392,0.3785
19,74,7,0.6398,0.3602
19,75,6,0.6406,0.3419
19,76,5,0.6413,0.3236
19,77,4,0.6421,0.3054
19,78,3,0.6429,0.2874
19,79,2,0.6438,0.2697
19,80,1,0.6446,0.2522
19,81,0,0.6455,0.2351
20,0,80,0.5671,0.7616
20,1,79,0.5676,0.7909
20,2,78,0.5682,0.8186
20,3,77,0.5688,0.8446
20,4,76,0.5694,0.8687
20,5,75,0.5701,0.8908
20,6,74,0.5707,0.9108
20,7,73,0.5715,0.9286
20,8,72,0.5723,0.9443
20,9,71,0.5731,0.9578
20,10,70,0.5740,0.9692
20,11,69,0.5749,0.9784
20,12,68,0.5760,0.9857
20,13,67,0.5771,0.9910
20,14,66,0.5782,0.9944
20,15,65,0.5795,0.9962
20,16,64,0.5808,0.9965
20,17,63,0.5822,0.9953
20,18,62,0.5838,0.9929
20,19,61,0.5853,0.9894
20,20,60,0.5870,0.9850
20,21,59,0.5887,0.9797
20,22,58,0.5905,0.9738
20,23,57,0.5924,0.9672
20,24,56,0.5943,0.9602
20,25,55,0.5963,0.9529
20,26,54,0.5983,0.9452
20,27,53,0.6003,0.9373
20,28,52,0.6023,0.9293
20,29,51,0.6043,0.9211
20,30,50,0.6063,0.9127
20,31,49,0.6083,0.9043
20,32,48,0.6102,0.8957
20,33,47,0.6121,0.8870
20,34,46,0.6139,0.8782
20,35,45,0.6157,0.8693
20,36,44,0.6174,0.8602
20,37,43,0.6190,0.8509
20,38,42,0.6205,0.8414
20,39,41,0.6219,0.8317
20,40,40,0.6232,0.8218
20,41,39,0.6245,0.8116
20,42,38,0.6256,0.8012
20,43,37,0.6267,0.7905
20,44,36,0.6276,0.7796
20,45,35,0.6285,0.7684
20,46,34,0.6293,0.7570
20,47,33,0.6300,0.7453
20,48,32,0.6306,0.7334
20,49,31,0.6312,0.7212
20,50,30,0.6316,0.7089
20,51,29,0.6320,0.6963
20,52,28,0.6324,0.6834
20,53,27,0.6327,0.6704
20,54,26,0.6330,0.6571
20,55,25,0.6333,0.6436
20,56,24,0.6335,0.6299
20,57,23,0.6337,0.6159
20,58,22,0.6339,0.6017
20,59,21,0.6341,0.5872
20,60,20,0.6343,0.5725
20,61,19,0.6345,0.5574
20,62,18,0.6347,0.5421
20,63,17,0.6350,0.5265
20,64,16,0.6353,0.5106
20,65,15,0.6356,0.4944
20,66,14,0.6360,0.4780
20,67,13,0.6364,0.4612
20,68,12,0.6368,0.4442
20,69,11,0.6373,0.4269
20,70,10,0.6378,0.4095
20,71,9,0.6384,0.3918
20,72,8,0.6390,0.3741
20,73,7,0.6396,0.3562
20,74,6,0.6403,0.3384
20,75,5,0.6411,0.3206
20,76,4,0.6418,0.3028
20,77,3,0.6426,0.2853
20,78,2,0.6434,0.2679
20,79,1,0.6443,0.2508
20,80,0,0.6452,0.2341
21,0,79,0.5681,0.7703
21,1,78,0.5686,0.7989
21,2,77,0.5692,0.8258
21,3,76,0.5697,0.8509
21,4,75,0.5703,0.8740
21,5,74,0.5710,0.8952
21,6,73,0.5716,0.9142
21,7,72,0.5723,0.9311
21,8,71,0.5731,0.9457
21,9,70,0.5739,0.9582
21,10,69,0.5748,0.9686
21,11,68,0.5757,0.9769
21,12,67,0.5767,0.9832
21,13,66,0.5778,0.9876
21,14,65,0.5790,0.9902
21,15,64,0.5802,0.9911
21,16,63,0.5815,0.9906
21,17,62,0.5829,0.9887
21,18,61,0.5844,0.9856
21,19,60,0.5860,0.9814
21,20,59,0.5876,0.9764
21,21,58,0.5893,0.9705
21,22,57,0.5911,0.9640
21,23,56,0.5929,0.9569
21,24,55,0.5948,0.9494
21,25,54,0.5967,0.9416
21,26,53,0.5987,0.9334
21,27,52,0.6007,0.9251
21,28,51,0.6027,0.9165
21,29,50,0.6046,0.9079
21,30,49,0.6066,0.8990
21,31,48,0.6085,0.8901
21,32,47,0.6104,0.8811
21,33,46,0.6123,0.8719
21,34,45,0.6141,0.8627
21,35,44,0.6158,0.8532
21,36,43,0.6175,0.8436
21,37,42,0.6190,0.8339
21,38,41,0.6205,0.8239
21,39,40,0.6219,0.8137
21,40,39,0.6233,0.8034
21,41,38,0.6245,0.7927
21,42,37,0.6256,0.7819
21,43,36,0.6267,0.7708
21,44,35,0.6276,0.7594
21,45,34,0.6285,0.7478
21,46,33,0.6293,0.7360
21,47,32,0.6300,0.7240
21,48,31,0.6306,0.7117
21,49,30,0.6312,0.6992
21,50,29,0.6316,0.6865
21,51,28,0.6321,0.6736
21,52,27,0.6325,0.6605
21,53,26,0.6328,0.6472
21,54,25,0.6331,0.6336
21,55,24,0.6333,0.6199
21,56,23,0.6336,0.6060
21,57,22,0.6338,0.5918
21,58,21,0.6340,0.5774
21,59,20,0.6343,0.5628
21,60,19,0.6345,0.5480
21,61,18,0.6347,0.5329
21,62,17,0.6350,0.5175
21,63,16,0.6353,0.5019
21,64,15,0.6356,0.4860
21,65,14,0.6359,0.4699
21,66,13,0.6363,0.4535
21,67,12,0.6367,0.4369
21,68,11,0.6372,0.4200
21,69,10,0.6377,0.4030
21,70,9,0.6382,0.3859
21,71,8,0.6388,0.3686
21,72,7,0.6394,0.3513
21,73,6,0.6401,0.3339
21,74,5,0.6408,0.3166
21,75,4,0.6415,0.2993
21,76,3,0.6423,0.2822
21,77,2,0.6431,0.2653
21,78,1,0.6440,0.2486
21,79,0,0.6448,0.2323
22,0,78,0.5691,0.7765
22,1,77,0.5696,0.8042
22,2,76,0.5701,0.8302
22,3,75,0.5706,0.8543
22,4,74,0.5712,0.8765
22,5,73,0.5718,0.8967
22,6,72,0.5725,0.9147
22,7,71,0.5731,0.9305
22,8,70,0.5739,0.9442
22,9,69,0.5747,0.9557
22,10,68,0.5755,0.9651
22,11,67,0.5764,0.9724
22,12,66,0.5774,0.9778
22,13,65,0.5785,0.9813
22,14,64,0.5796,0.9830
22,15,63,0.5808,0.9832
22,16,62,0.5821,0.9819
22,17,61,0.5835,0.9794
22,18,60,0.5850,0.9756
22,19,59,0.5865,0.9708
22,20,58,0.5881,0.9652
22,21,57,0.5898,0.9588
22,22,56,0.5915,0.9518
22,23,55,0.5933,0.9442
22,24,54,0.5952,0.9363
22,25,53,0.5971,0.9280
22,26,52,0.5990,0.9194
22,27,51,0.6010,0.9106
22,28,50,0.6029,0.9016
22,29,49,0.6049,0.8925
22,30,48,0.6068,0.8833
22,31,47,0.6087,0.8740
22,32,46,0.6106,0.8645
22,33,45,0.6124,0.8549
22,34,44,0.6142,0.8452
22,35,43,0.6159,0.8353
22,36,42,0.6175,0.8253
22,37,41,0.6190,0.8151
22,38,40,0.6205,0.8047
22,39,39,0.6219,0.7941
22,40,38,0.6232,0.7833
22,41,37,0.6244,0.7722
22,42,36,0.6256,0.7610
22,43,35,0.6266,0.7495
22,44,34,0.6276,0.7378
22,45,33,0.6284,0.7258
22,46,32,0.6292,0.7136
22,47,31,0.6299,0.7013
22,48,30,0.6306,0.6887
22,49,29,0.6311,0.6759
22,50,28,0.6316,0.6629
22,51,27,0.6321,0.6497
22,52,26,0.6325,0.6364
22,53,25,0.6328,0.6228
22,54,24,0.6331,0.6091
22,55,23,0.6334,0.5952
22,56,22,0.6337,0.5811
22,57,21,0.6339,0.5668
22,58,20,0.6342,0.5523
22,59,19,0.6344,0.5376
22,60,18,0.6347,0.5227
22,61,17,0.6349,0.5076
22,62,16,0.6352,0.4922
22,63,15,0.6355,0.4766
22,64,14,0.6359,0.4608
22,65,13,0.6362,0.4448
22,66,12,0.6367,0.4286
22,67,11,0.6371,0.4122
22,68,10,0.6376,0.3957
22,69,9,0.6381,0.3790
22,70,8,0.6387,0.3622
22,71,7,0.6393,0.3454
22,72,6,0.6399,0.3285
22,73,5,0.6406,0.3117
22,74,4,0.6413,0.2949
22,75,3,0.6420,0.2783
22,76,2,0.6428,0.2619
22,77,1,0.6436,0.2457
22,78,0,0.6445,0.2298
23,0,77,0.5700,0.7800
23,1,76,0.5704,0.8068
23,2,75,0.5709,0.8319
23,3,74,0.5715,0.8550
23,4,73,0.5720,0.8762
23,5,72,0.5726,0.8953
23,6,71,0.5732,0.9123
23,7,70,0.5739,0.9271
23,8,69,0.5746,0.9397
23,9,68,0.5754,0.9502
23,10,67,0.5762,0.9586
23,11,66,0.5771,0.9650
23,12,65,0.5780,0.9695
23,13,64,0.5791,0.9722
23,14,63,0.5802,0.9732
23,15,62,0.5814,0.9726
23,16,61,0.5827,0.9707
23,17,60,0.5840,0.9674
23,18,59,0.5854,0.9631
23,19,58,0.5869,0.9578
23,20,57,0.5885,0.9516
23,21,56,0.5902,0.9447
23,22,55,0.5919,0.9373
23,23,54,0.5937,0.9293
23,24,53,0.5955,0.9209
23,25,52,0.5974,0.9122
23,26,51,0.5993,0.9033
23,27,50,0.6012,0.8941
23,28,49,0.6031,0.8847
23,29,48,0.6050,0.8753
23,30,47,0.6069,0.8657
23,31,46,0.6088,0.8559
23,32,45,0.6106,0.8461
23,33,44,0.6124,0.8361
23,34,43,0.6142,0.8260
23,35,42,0.6158,0.8157
23,36,41,0.6174,0.8053
23,37,40,0.6190,0.7947
23,38,39,0.6204,0.7839
23,39,38,0.6218,0.7729
23,40,37,0.6231,0.7617
23,41,36,0.6243,0.7503
23,42,35,0.6255,0.7387
23,43,34,0.6265,0.7268
23,44,33,0.6275,0.7148
23,45,32,0.6283,0.7025
23,46,31,0.6291,0.6900
23,47,30,0.6298,0.6774
23,48,29,0.6305,0.6645
23,49,28,0.6311,0.6515
23,50,27,0.6316,0.6383
23,51,26,0.6320,0.6249
23,52,25,0.6325,0.6113
23,53,24,0.6328,0.5976
23,54,23,0.6332,0.5837
23,55,22,0.6335,0.5697
23,56,21,0.6338,0.5555
23,57,20,0.6340,0.5411
23,58,19,0.6343,0.5266
23,59,18,0.6346,0.5118
23,60,17,0.6349,0.4969
23,61,16,0.6352,0.4818
23,62,15,0.6355,0.4665
23,63,14,0.6358,0.4511
23,64,13,0.6362,0.4354
23,65,12,0.6366,0.4196
23,66,11,0.6370,0.4036
23,67,10,0.6375,0.3875
23,68,9,0.6380,0.3713
23,69,8,0.6385,0.3550
23,70,7,0.6391,0.3386
23,71,6,0.6397,0.3223
23,72,5,0.6404,0.3060
23,73,4,0.6410,0.2897
23,74,3,0.6418,0.2736
23,75,2,0.6425,0.2577
23,76,1,0.6433,0.2419
23,77,0,0.6441,0.2265
24,0,76,0.5708,0.7810
24,1,75,0.5712,0.8068
24,2,74,0.5717,0.8308
24,3,73,0.5722,0.8529
24,4,72,0.5727,0.8731
24,5,71,0.5733,0.8911
24,6,70,0.5739,0.9070
24,7,69,0.5745,0.9208
24,8,68,0.5752,0.9324
24,9,67,0.5760,0.9419
24,10,66,0.5768,0.9494
24,11,65,0.5777,0.9549
24,12,64,0.5786,0.9586
24,13,63,0.5796,0.9605
24,14,62,0.5807,0.9607
24,15,61,0.5819,0.9595
24,16,60,0.5831,0.9569
24,17,59,0.5844,0.9531
24,18,58,0.5858,0.9482
24,19,57,0.5873,0.9424
24,20,56,0.5889,0.9358
24,21,55,0.5905,0.9285
24,22,54,0.5922,0.9206
24,23,53,0.5939,0.9123
24,24,52,0.5957,0.9036
24,25,51,0.5976,0.8945
24,26,50,0.5994,0.8852
24,27,49,0.6013,0.8757
24,28,48,0.6032,0.8660
24,29,47,0.6051,0.8562
24,30,46,0.6069,0.8463
24,31,45,0.6088,0.8362
24,32,44,0.6106,0.8260
24,33,43,0.6124,0.8157
24,34,42,0.6141,0.8052
24,35,41,0.6157,0.7946
24,36,40,0.6173,0.7838
24,37,39,0.6189,0.7729
24,38,38,0.6203,0.7617
24,39,37,0.6217,0.7504
24,40,36,0.6230,0.7389
24,41,35,0.6242,0.7271
24,42,34,0.6253,0.7152
24,43,33,0.6263,0.7031
24,44,32,0.6273,0.6907
24,45,31,0.6282,0.6782
24,46,30,0.6290,0.6654
24,47,29,0.6297,0.6525
24,48,28,0.6304,0.6394
24,49,27,0.6310,0.6262
24,50,26,0.6315,0.6128
24,51,25,0.6320,0.5992
24,52,24,0.6324,0.5855
24,53,23,0.6328,0.5717
24,54,22,0.6332,0.5577
24,55,21,0.6335,0.5436
24,56,20,0.6338,0.5293
24,57,19,0.6341,0.5149
24,58,18,0.6344,0.5004
24,59,17,0.6347,0.4856
24,60,16,0.6350,0.4708
24,61,15,0.6354,0.4558
24,62,14,0.6357,0.4406
24,63,13,0.6361,0.4253
24,64,12,0.6365,0.4099
24,65,11,0.6369,0.3943
24,66,10,0.6373,0.3786
24,67,9,0.6378,0.3629
24,68,8,0.6383,0.3471
24,69,7,0.6389,0.3312
24,70,6,0.6395,0.3154
24,71,5,0.6401,0.2995
24,72,4,0.6408,0.2838
24,73,3,0.6415,0.2682
24,74,2,0.6422,0.2528
24,75,1,0.6430,0.2376
24,76,0,0.6438,0.2226
25,0,75,0.5716,0.7794
25,1,74,0.5720,0.8041
25,2,73,0.5724,0.8271
25,3,72,0.5729,0.8482
25,4,71,0.5734,0.8672
25,5,70,0.5739,0.8842
25,6,69,0.5745,0.8991
25,7,68,0.5751,0.9118
25,8,67,0.5758,0.9225
25,9,66,0.5765,0.9311
25,10,65,0.5773,0.9376
25,11,64,0.5782,0.9423
25,12,63,0.5791,0.9452
25,13,62,0.5800,0.9463
25,14,61,0.5811,0.9459
25,15,60,0.5822,0.9441
25,16,59,0.5835,0.9409
25,17,58,0.5848,0.9366
25,18,57,0.5861,0.9312
25,19,56,0.5876,0.9250
25,20,55,0.5891,0.9180
25,21,54,0.5907,0.9103
25,22,53,0.5924,0.9021
25,23,52,0.5941,0.8934
25,24,51,0.5959,0.8844
25,25,50,0.5977,0.8750
25,26,49,0.5995,0.8655
25,27,48,0.6013,0.8557
25,28,47,0.6032,0.8457
25,29,46,0.6050,0.8356
25,30,45,0.6069,0.8254
25,31,44,0.6087,0.8150
25,32,43,0.6105,0.8045
25,33,42,0.6122,0.7939
25,34,41,0.6139,0.7831
25,35,40,0.6156,0.7722
25,36,39,0.6172,0.7611
25,37,38,0.6187,0.7499
25,38,37,0.6201,0.7384
25,39,36,0.6215,0.7268
25,40,35,0.6228,0.7150
25,41,34,0.6240,0.7029
25,42,33,0.6251,0.6907
25,43,32,0.6261,0.6783
25,44,31,0.6271,0.6657
25,45,30,0.6280,0.6530
25,46,29,0.6288,0.6400
25,47,28,0.6296,0.6269
25,48,27,0.6302,0.6136
25,49,26,0.6309,0.6002
25,50,25,0.6314,0.5867
25,51,24,0.6319,0.5730
25,52,23,0.6324,0.5592
25,53,22,0.6328,0.5453
25,54,21,0.6332,0.5312
25,55,20,0.6335,0.5171
25,56,19,0.6339,0.5028
25,57,18,0.6342,0.4884
25,58,17,0.6345,0.4739
25,59,16,0.6349,0.4593
25,60,15,0.6352,0.4445
25,61,14,0.6356,0.4297
25,62,13,0.6359,0.4147
25,63,12,0.6363,0.3996
25,64,11,0.6367,0.3844
25,65,10,0.6372,0.3692
25,66,9,0.6377,0.3539
25,67,8,0.6382,0.3385
25,68,7,0.6387,0.3232
25,69,6,0.6393,0.3078
25,70,5,0.6399,0.2925
25,71,4,0.6406,0.2773
25,72,3,0.6412,0.2622
25,73,2,0.6420,0.2473
25,74,1,0.6427,0.2326
25,75,0,0.6435,0.2181
26,0,74,0.5723,0.7752
26,1,73,0.5727,0.7989
26,2,72,0.5731,0.8208
26,3,71,0.5735,0.8408
26,4,70,0.5740,0.8588
26,5,69,0.5745,0.8747
26,6,68,0.5751,0.8885
26,7,67,0.5757,0.9003
26,8,66,0.5763,0.9100
26,9,65,0.5770,0.9177
26,10,64,0.5777,0.9234
26,11,63,0.5786,0.9273
26,12,62,0.5794,0.9294
26,13,61,0.5804,0.9299
26,14,60,0.5814,0.9289
26,15,59,0.5826,0.9264
26,16,58,0.5837,0.9228
26,17,57,0.5850,0.9180
26,18,56,0.5864,0.9122
26,19,55,0.5878,0.9056
26,20,54,0.5893,0.8983
26,21,53,0.5908,0.8903
26,22,52,0.5925,0.8818
26,23,51,0.5942,0.8729
26,24,50,0.5959,0.8636
26,25,49,0.5977,0.8540
26,26,48,0.5995,0.8442
26,27,47,0.6013,0.8342
26,28,46,0.6031,0.8240
26,29,45,0.6049,0.8136
26,30,44,0.6068,0.8031
26,31,43,0.6085,0.7925
26,32,42,0.6103,0.7818
26,33,41,0.6120,0.7709
26,34,40,0.6137,0.7599
26,35,39,0.6153,0.7487
26,36,38,0.6169,0.7373
26,37,37,0.6184,0.7258
26,38,36,0.6198,0.7141
26,39,35,0.6212,0.7022
26,40,34,0.6225,0.6901
26,41,33,0.6237,0.6779
26,42,32,0.6248,0.6655
26,43,31,0.6259,0.6528
26,44,30,0.6269,0.6400
26,45,29,0.6278,0.6271
26,46,28,0.6286,0.6140
26,47,27,0.6294,0.6007
26,48,26,0.6301,0.5873
26,49,25,0.6307,0.5738
26,50,24,0.6313,0.5601
26,51,23,0.6318,0.5464
26,52,22,0.6323,0.5325
26,53,21,0.6327,0.5186
26,54,20,0.6332,0.5045
26,55,19,0.6336,0.4904
26,56,18,0.6339,0.4761
26,57,17,0.6343,0.4618
26,58,16,0.6347,0.4474
26,59,15,0.6350,0.4329
26,60,14,0.6354,0.4183
26,61,13,0.6358,0.4036
26,62,12,0.6362,0.3889
26,63,11,0.6366,0.3741
26,64,10,0.6370,0.3593
26,65,9,0.6375,0.3444
26,66,8,0.6380,0.3295
26,67,7,0.6385,0.3146
26,68,6,0.6391,0.2997
26,69,5,0.6397,0.2849
26,70,4,0.6403,0.2702
26,71,3,0.6410,0.2557
26,72,2,0.6417,0.2412
26,73,1,0.6424,0.2270
26,74,0,0.6432,0.2131
27,0,73,0.5729,0.7687
27,1,72,0.5733,0.7913
27,2,71,0.5737,0.8121
27,3,70,0.5741,0.8310
27,4,69,0.5745,0.8479
27,5,68,0.5750,0.8628
27,6,67,0.5755,0.8756
27,7,66,0.5761,0.8864
27,8,65,0.5767,0.8952
27,9,64,0.5774,0.9020
27,10,63,0.5781,0.9069
27,11,62,0.5789,0.9101
27,12,61,0.5797,0.9115
27,13,60,0.5807,0.9114
27,14,59,0.5817,0.9098
27,15,58,0.5828,0.9069
27,16,57,0.5839,0.9028
27,17,56,0.5852,0.8976
27,18,55,0.5865,0.8915
27,19,54,0.5879,0.8846
27,20,53,0.5894,0.8769
27,21,52,0.5909,0.8687
27,22,51,0.5925,0.8600
27,23,50,0.5941,0.8508
27,24,49,0.5958,0.8414
27,25,48,0.5976,0.8316
27,26,47,0.5994,0.8216
27,27,46,0.6011,0.8114
27,28,45,0.6030,0.8010
27,29,44,0.6048,0.7905
27,30,43,0.6065,0.7798
27,31,42,0.6083,0.7690
27,32,41,0.6101,0.7580
27,33,40,0.6118,0.7469
27,34,39,0.6134,0.7356
27,35,38,0.6151,0.7242
27,36,37,0.6166,0.7127
27,37,36,0.6181,0.7009
27,38,35,0.6195,0.6890
27,39,34,0.6209,0.6769
27,40,33,0.6222,0.6646
27,41,32,0.6234,0.6522
27,42,31,0.6245,0.6396
27,43,30,0.6256,0.6268
27,44,29,0.6266,0.6138
27,45,28,0.6275,0.6007
27,46,27,0.6284,0.5875
27,47,26,0.6291,0.5741
27,48,25,0.6299,0.5606
27,49,24,0.6305,0.5470
27,50,23,0.6311,0.5333
27,51,22,0.6317,0.5195
27,52,21,0.6322,0.5057
27,53,20,0.6327,0.4917
27,54,19,0.6331,0.4777
27,55,18,0.6336,0.4636
27,56,17,0.6340,0.4495
27,57,16,0.6344,0.4353
27,58,15,0.6347,0.4210
27,59,14,0.6351,0.4067
27,60,13,0.6355,0.3923
27,61,12,0.6359,0.3779
27,62,11,0.6364,0.3635
27,63,10,0.6368,0.3490
27,64,9,0.6373,0.3345
27,65,8,0.6378,0.3201
27,66,7,0.6383,0.3056
27,67,6,0.6389,0.2913
27,68,5,0.6394,0.2770
27,69,4,0.6401,0.2627
27,70,3,0.6407,0.2487
27,71,2,0.6414,0.2348
27,72,1,0.6421,0.2211
27,73,0,0.6429,0.2076
28,0,72,0.5735,0.7599
28,1,71,0.5738,0.7814
28,2,70,0.5742,0.8011
28,3,69,0.5746,0.8189
28,4,68,0.5750,0.8347
28,5,67,0.5754,0.8486
28,6,66,0.5759,0.8604
28,7,65,0.5764,0.8703
28,8,64,0.5770,0.8782
28,9,63,0.5777,0.8842
28,10,62,0.5784,0.8884
28,11,61,0.5791,0.8909
28,12,60,0.5800,0.8917
28,13,59,0.5809,0.8910
28,14,58,0.5818,0.8890
28,15,57,0.5829,0.8856
28,16,56,0.5840,0.8811
28,17,55,0.5852,0.8756
28,18,54,0.5865,0.8692
28,19,53,0.5879,0.8620
28,20,52,0.5893,0.8542
28,21,51,0.5908,0.8458
28,22,50,0.5924,0.8369
28,23,49,0.5940,0.8276
28,24,48,0.5957,0.8179
28,25,47,0.5974,0.8080
28,26,46,0.5992,0.7979
28,27,45,0.6009,0.7875
28,28,44,0.6027,0.7770
28,29,43,0.6045,0.7663
28,30,42,0.6063,0.7555
28,31,41,0.6080,0.7445
28,32,40,0.6097,0.7333
28,33,39,0.6114,0.7221
28,34,38,0.6131,0.7107
28,35,37,0.6147,0.6991
28,36,36,0.6162,0.6873
28,37,35,0.6177,0.6754
28,38,34,0.6192,0.6633
28,39,33,0.6205,0.6511
28,40,32,0.6218,0.6386
28,41,31,0.6230,0.6260
28,42,30,0.6242,0.6133
28,43,29,0.6253,0.6004
28,44,28,0.6263,0.5873
28,45,27,0.6272,0.5741
28,46,26,0.6281,0.5608
28,47,25,0.6289,0.5473
28,48,24,0.6296,0.5338
28,49,23,0.6303,0.5202
28,50,22,0.6310,0.5064
28,51,21,0.6316,0.4927
28,52,20,0.6321,0.4788
28,53,19,0.6326,0.4649
28,54,18,0.6331,0.4510
28,55,17,0.6335,0.4370
28,56,16,0.6340,0.4230
28,57,15,0.6344,0.4090
28,58,14,0.6348,0.3949
28,59,13,0.6352,0.3808
28,60,12,0.6357,0.3667
28,61,11,0.6361,0.3526
28,62,10,0.6366,0.3385
28,63,9,0.6370,0.3244
28,64,8,0.6375,0.3104
28,65,7,0.6381,0.2964
28,66,6,0.6386,0.2825
28,67,5,0.6392,0.2686
28,68,4,0.6398,0.2549
28,69,3,0.6404,0.2413
28,70,2,0.6411,0.2279
28,71,1,0.6418,0.2147
28,72,0,0.6425,0.2018
29,0,71,0.5740,0.7489
29,1,70,0.5743,0.7693
29,2,69,0.5746,0.7879
29,3,68,0.5750,0.8046
29,4,67,0.5753,0.8194
29,5,66,0.5758,0.8323
29,6,65,0.5762,0.8432
29,7,64,0.5767,0.8522
29,8,63,0.5773,0.8593
29,9,62,0.5779,0.8646
29,10,61,0.5786,0.8681
29,11,60,0.5793,0.8699
29,12,59,0.5801,0.8702
29,13,58,0.5810,0.8690
29,14,57,0.5819,0.8665
29,15,56,0.5829,0.8628
29,16,55,0.5840,0.8580
29,17,54,0.5852,0.8522
29,18,53,0.5865,0.8456
29,19,52,0.5878,0.8382
29,20,51,0.5892,0.8302
29,21,50,0.5907,0.8216
29,22,49,0.5923,0.8126
29,23,48,0.5939,0.8032
29,24,47,0.5955,0.7935
29,25,46,0.5972,0.7835
29,26,45,0.5989,0.7732
29,27,44,0.6006,0.7628
29,28,43,0.6024,0.7521
29,29,42,0.6042,0.7413
29,30,41,0.6059,0.7304
29,31,40,0.6076,0.7193
29,32,39,0.6094,0.7080
29,33,38,0.6110,0.6966
29,34,37,0.6127,0.6851
29,35,36,0.6143,0.6734
29,36,35,0.6158,0.6615
29,37,34,0.6173,0.6494
29,38,33,0.6188,0.6372
29,39,32,0.6201,0.6248
29,40,31,0.6214,0.6123
29,41,30,0.6227,0.5996
29,42,29,0.6238,0.5867
29,43,28,0.6249,0.5737
29,44,27,0.6259,0.5606
29,45,26,0.6269,0.5473
29,46,25,0.6278,0.5340
29,47,24,0.6286,0.5205
29,48,23,0.6294,0.5070
29,49,22,0.6301,0.4933
29,50,21,0.6308,0.4797
29,51,20,0.6314,0.4659
29,52,19,0.6320,0.4522
29,53,18,0.6325,0.4384
29,54,17,0.6330,0.4246
29,55,16,0.6335,0.4108
29,56,15,0.6340,0.3969
29,57,14,0.6344,0.3831
29,58,13,0.6349,0.3693
29,59,12,0.6354,0.3555
29,60,11,0.6358,0.3417
29,61,10,0.6363,0.3279
29,62,9,0.6368,0.3142
29,63,8,0.6373,0.3006
29,64,7,0.6378,0.2870
29,65,6,0.6383,0.2735
29,66,5,0.6389,0.2601
29,67,4,0.6395,0.2468
29,68,3,0.6402,0.2337
29,69,2,0.6408,0.2208
29,70,1,0.6415,0.2081
29,71,0,0.6422,0.1956
30,0,70,0.5744,0.7359
30,1,69,0.5747,0.7552
30,2,68,0.5750,0.7727
30,3,67,0.5753,0.7884
30,4,66,0.5756,0.8022
30,5,65,0.5760,0.8142
30,6,64,0.5764,0.8242
30,7,63,0.5769,0.8324
30,8,62,0.5774,0.8387
30,9,61,0.5780,0.8433
30,10,60,0.5786,0.8462
30,11,59,0.5794,0.8474
30,12,58,0.5801,0.8472
30,13,57,0.5810,0.8456
30,14,56,0.5819,0.8428
30,15,55,0.5829,0.8387
30,16,54,0.5840,0.8337
30,17,53,0.5851,0.8277
30,18,52,0.5864,0.8209
30,19,51,0.5877,0.8133
30,20,50,0.5891,0.8052
30,21,49,0.5905,0.7966
30,22,48,0.5920,0.7875
30,23,47,0.5936,0.7780
30,24,46,0.5952,0.7682
30,25,45,0.5969,0.7581
30,26,44,0.5986,0.7478
30,27,43,0.6003,0.7373
30,28,42,0.6020,0.7267
30,29,41,0.6038,0.7158
30,30,40,0.6055,0.7048
30,31,39,0.6072,0.6936
30,32,38,0.6089,0.6823
30,33,37,0.6106,0.6708
30,34,36,0.6122,0.6591
30,35,35,0.6138,0.6473
30,36,34,0.6154,0.6353
30,37,33,0.6169,0.6232
30,38,32,0.6183,0.6109
30,39,31,0.6197,0.5984
30,40,30,0.6210,0.5858
30,41,29,0.6222,0.5730
30,42,28,0.6234,0.5601
30,43,27,0.6245,0.5471
30,44,26,0.6256,0.5339
30,45,25,0.6266,0.5206
30,46,24,0.6275,0.5073
30,47,23,0.6283,0.4938
30,48,22,0.6291,0.4803
30,49,21,0.6299,0.4667
30,50,20,0.6306,0.4531
30,51,19,0.6312,0.4395
30,52,18,0.6318,0.4259
30,53,17,0.6324,0.4122
30,54,16,0.6330,0.3986
30,55,15,0.6335,0.3849
30,56,14,0.6340,0.3713
30,57,13,0.6345,0.3578
30,58,12,0.6350,0.3442
30,59,11,0.6355,0.3307
30,60,10,0.6359,0.3173
30,61,9,0.6364,0.3039
30,62,8,0.6370,0.2906
30,63,7,0.6375,0.2775
30,64,6,0.6380,0.2644
30,65,5,0.6386,0.2514
30,66,4,0.6392,0.2386
30,67,3,0.6398,0.2260
30,68,2,0.6405,0.2135
30,69,1,0.6412,0.2013
30,70,0,0.6419,0.1892
31,0,69,0.5747,0.7211
31,1,68,0.5750,0.7393
31,2,67,0.5752,0.7558
31,3,66,0.5755,0.7705
31,4,65,0.5758,0.7833
31,5,64,0.5762,0.7943
31,6,63,0.5766,0.8035
31,7,62,0.5770,0.8109
31,8,61,0.5775,0.8166
31,9,60,0.5780,0.8205
31,10,59,0.5787,0.8228
31,11,58,0.5793,0.8236
31,12,57,0.5801,0.8230
31,13,56,0.5809,0.8210
31,14,55,0.5818,0.8179
31,15,54,0.5828,0.8136
31,16,53,0.5838,0.8083
31,17,52,0.5849,0.8022
31,18,51,0.5861,0.7952
31,19,50,0.5874,0.7876
31,20,49,0.5888,0.7794
31,21,48,0.5902,0.7707
31,22,47,0.5917,0.7616
31,23,46,0.5933,0.7521
31,24,45,0.5949,0.7423
31,25,44,0.5965,0.7323
31,26,43,0.5982,0.7219
31,27,42,0.5999,0.7114
31,28,41,0.6016,0.7007
31,29,40,0.6033,0.6898
31,30,39,0.6050,0.6788
31,31,38,0.6067,0.6676
31,32,37,0.6084,0.6562
31,33,36,0.6101,0.6446
31,34,35,0.6117,0.6330
31,35,34,0.6133,0.6211
31,36,33,0.6149,0.6091
31,37,32,0.6164,0.5969
31,38,31,0.6178,0.5845
31,39,30,0.6192,0.5720
31,40,29,0.6205,0.5593
31,41,28,0.6218,0.5465
31,42,27,0.6230,0.5336
31,43,26,0.6241,0.5206
31,44,25,0.6252,0.5074
31,45,24,0.6262,0.4941
31,46,23,0.6272,0.4808
31,47,22,0.6280,0.4674
31,48,21,0.6289,0.4540
31,49,20,0.6296,0.4405
31,50,19,0.6304,0.4270
31,51,18,0.6310,0.4135
31,52,17,0.6317,0.4000
31,53,16,0.6323,0.3866
31,54,15,0.6329,0.3731
31,55,14,0.6334,0.3597
31,56,13,0.6340,0.3464
31,57,12,0.6345,0.3331
31,58,11,0.6350,0.3199
31,59,10,0.6355,0.3068
31,60,9,0.6361,0.2937
31,61,8,0.6366,0.2808
31,62,7,0.6371,0.2680
31,63,6,0.6377,0.2553
31,64,5,0.6383,0.2427
31,65,4,0.6389,0.2303
31,66,3,0.6395,0.2181
31,67,2,0.6402,0.2061
31,68,1,0.6408,0.1943
31,69,0,0.6415,0.1827
32,0,68,0.5750,0.7046
32,1,67,0.5752,0.7218
32,2,66,0.5754,0.7372
32,3,65,0.5757,0.7509
32,4,64,0.5759,0.7629
32,5,63,0.5763,0.7731
32,6,62,0.5766,0.7815
32,7,61,0.5770,0.7882
32,8,60,0.5775,0.7932
32,9,59,0.5780,0.7965
32,10,58,0.5786,0.7984
32,11,57,0.5792,0.7987
32,12,56,0.5799,0.7977
32,13,55,0.5807,0.7955
32,14,54,0.5816,0.7920
32,15,53,0.5825,0.7876
32,16,52,0.5836,0.7821
32,17,51,0.5847,0.7759
32,18,50,0.5859,0.7689
32,19,49,0.5871,0.7613
32,20,48,0.5884,0.7531
32,21,47,0.5899,0.7444
32,22,46,0.5913,0.7353
32,23,45,0.5928,0.7258
32,24,44,0.5944,0.7160
32,25,43,0.5960,0.7060
32,26,42,0.5977,0.6957
32,27,41,0.5994,0.6852
32,28,40,0.6011,0.6745
32,29,39,0.6028,0.6636
32,30,38,0.6045,0.6526
32,31,37,0.6062,0.6414
32,32,36,0.6079,0.6300
32,33,35,0.6096,0.6184
32,34,34,0.6112,0.6067
32,35,33,0.6128,0.5948
32,36,32,0.6143,0.5828
32,37,31,0.6159,0.5706
32,38,30,0.6173,0.5582
32,39,29,0.6187,0.5457
32,40,28,0.6201,0.5330
32,41,27,0.6213,0.5203
32,42,26,0.6225,0.5073
32,43,25,0.6237,0.4943
32,44,24,0.6248,0.4812
32,45,23,0.6258,0.4680
32,46,22,0.6268,0.4547
32,47,21,0.6277,0.4414
32,48,20,0.6286,0.4281
32,49,19,0.6294,0.4148
32,50,18,0.6301,0.4014
32,51,17,0.6309,0.3881
32,52,16,0.6315,0.3748
32,53,15,0.6322,0.3616
32,54,14,0.6328,0.3484
32,55,13,0.6334,0.3352
32,56,12,0.6340,0.3222
32,57,11,0.6345,0.3092
32,58,10,0.6351,0.2964
32,59,9,0.6356,0.2836
32,60,8,0.6362,0.2710
32,61,7,0.6367,0.2585
32,62,6,0.6373,0.2462
32,63,5,0.6379,0.2340
32,64,4,0.6385,0.2220
32,65,3,0.6391,0.2102
32,66,2,0.6398,0.1986
32,67,1,0.6405,0.1873
32,68,0,0.6411,0.1761
33,0,67,0.5751,0.6867
33,1,66,0.5753,0.7028
33,2,65,0.5755,0.7173
33,3,64,0.5757,0.7301
33,4,63,0.5760,0.7412
33,5,62,0.5762,0.7506
33,6,61,0.5766,0.7583
33,7,60,0.5770,0.7643
33,8,59,0.5774,0.7687
33,9,58,0.5779,0.7716
33,10,57,0.5784,0.7730
33,11,56,0.5790,0.7729
33,12,55,0.5797,0.7716
33,13,54,0.5805,0.7691
33,14,53,0.5813,0.7655
33,15,52,0.5822,0.7609
33,16,51,0.5832,0.7554
33,17,50,0.5843,0.7491
33,18,49,0.5855,0.7421
33,19,48,0.5867,0.7345
33,20,47,0.5880,0.7263
33,21,46,0.5894,0.7176
33,22,45,0.5909,0.7086
33,23,44,0.5924,0.6992
33,24,43,0.5939,0.6895
33,25,42,0.5955,0.6795
33,26,41,0.5972,0.6693
33,27,40,0.5989,0.6588
33,28,39,0.6006,0.6482
33,29,38,0.6023,0.6374
33,30,37,0.6040,0.6263
33,31,36,0.6057,0.6152
33,32,35,0.6073,0.6038
33,33,34,0.6090,0.5923
33,34,33,0.6106,0.5806
33,35,32,0.6122,0.5687
33,36,31,0.6138,0.5567
33,37,30,0.6153,0.5445
33,38,29,0.6168,0.5322
33,39,28,0.6182,0.5197
33,40,27,0.6196,0.5071
33,41,26,0.6209,0.4943
33,42,25,0.6221,0.4814
33,43,24,0.6233,0.4685
33,44,23,0.6244,0.4554
33,45,22,0.6255,0.4423
33,46,21,0.6265,0.4292
33,47,20,0.6274,0.4160
33,48,19,0.6283,0.4028
33,49,18,0.6291,0.3896
33,50,17,0.6299,0.3765
33,51,16,0.6307,0.3634
33,52,15,0.6314,0.3503
33,53,14,0.6321,0.3373
33,54,13,0.6327,0.3244
33,55,12,0.6333,0.3116
33,56,11,0.6339,0.2989
33,57,10,0.6345,0.2863
33,58,9,0.6351,0.2738
33,59,8,0.6357,0.2615
33,60,7,0.6363,0.2493
33,61,6,0.6369,0.2373
33,62,5,0.6375,0.2255
33,63,4,0.6381,0.2139
33,64,3,0.6387,0.2024
33,65,2,0.6394,0.1912
33,66,1,0.6401,0.1803
33,67,0,0.6407,0.1695
34,0,66,0.5752,0.6675
34,1,65,0.5754,0.6826
34,2,64,0.5755,0.6962
34,3,63,0.5757,0.7081
34,4,62,0.5759,0.7184
34,5,61,0.5762,0.7271
34,6,60,0.5764,0.7341
34,7,59,0.5768,0.7395
34,8,58,0.5772,0.7434
34,9,57,0.5776,0.7458
34,10,56,0.5782,0.7468
34,11,55,0.5788,0.7465
34,12,54,0.5794,0.7449
34,13,53,0.5802,0.7422
34,14,52,0.5810,0.7385
34,15,51,0.5819,0.7338
34,16,50,0.5829,0.7283
34,17,49,0.5839,0.7219
34,18,48,0.5851,0.7150
34,19,47,0.5863,0.7074
34,20,46,0.5876,0.6993
34,21,45,0.5889,0.6907
34,22,44,0.5904,0.6818
34,23,43,0.5919,0.6724
34,24,42,0.5934,0.6628
34,25,41,0.5950,0.6530
34,26,40,0.5966,0.6428
34,27,39,0.5983,0.6325
34,28,38,0.6000,0.6219
34,29,37,0.6017,0.6112
34,30,36,0.6034,0.6002
34,31,35,0.6051,0.5891
34,32,34,0.6068,0.5778
34,33,33,0.6084,0.5663
34,34,32,0.6101,0.5547
34,35,31,0.6117,0.5429
34,36,30,0.6132,0.5309
34,37,29,0.6148,0.5188
34,38,28,0.6163,0.5065
34,39,27,0.6177,0.4941
34,40,26,0.6191,0.4815
34,41,25,0.6204,0.4688
34,42,24,0.6216,0.4560
34,43,23,0.6228,0.4432
34,44,22,0.6240,0.4302
34,45,21,0.6251,0.4173
34,46,20,0.6261,0.4043
34,47,19,0.6271,0.3912
34,48,18,0.6280,0.3782
34,49,17,0.6289,0.3652
34,50,16,0.6297,0.3523
34,51,15,0.6305,0.3394
34,52,14,0.6312,0.3266
34,53,13,0.6319,0.3139
34,54,12,0.6326,0.3013
34,55,11,0.6333,0.2888
34,56,10,0.6339,0.2764
34,57,9,0.6345,0.2642
34,58,8,0.6352,0.2522
34,59,7,0.6358,0.2403
34,60,6,0.6364,0.2286
34,61,5,0.6370,0.2171
34,62,4,0.6377,0.2059
34,63,3,0.6383,0.1948
34,64,2,0.6390,0.1839
34,65,1,0.6396,0.1734
34,66,0,0.6403,0.1630
35,0,65,0.5752,0.6473
35,1,64,0.5753,0.6615
35,2,63,0.5754,0.6741
35,3,62,0.5756,0.6853
35,4,61,0.5758,0.6948
35,5,60,0.5760,0.7028
35,6,59,0.5762,0.7092
35,7,58,0.5766,0.7141
35,8,57,0.5769,0.7175
35,9,56,0.5773,0.7195
35,10,55,0.5778,0.7202
35,11,54,0.5784,0.7196
35,12,53,0.5790,0.7179
35,13,52,0.5798,0.7150
35,14,51,0.5806,0.7112
35,15,50,0.5814,0.7065
35,16,49,0.5824,0.7009
35,17,48,0.5834,0.6946
35,18,47,0.5846,0.6877
35,19,46,0.5858,0.6802
35,20,45,0.5871,0.6722
35,21,44,0.5884,0.6638
35,22,43,0.5898,0.6549
35,23,42,0.5913,0.6458
35,24,41,0.5929,0.6363
35,25,40,0.5944,0.6265
35,26,39,0.5961,0.6165
35,27,38,0.5977,0.6063
35,28,37,0.5994,0.5958
35,29,36,0.6011,0.5852
35,30,35,0.6028,0.5744
35,31,34,0.6045,0.5633
35,32,33,0.6062,0.5521
35,33,32,0.6078,0.5407
35,34,31,0.6095,0.5292
35,35,30,0.6111,0.5174
35,36,29,0.6127,0.5055
35,37,28,0.6142,0.4935
35,38,27,0.6157,0.4813
35,39,26,0.6172,0.4689
35,40,25,0.6186,0.4565
35,41,24,0.6199,0.4439
35,42,23,0.6212,0.4312
35,43,22,0.6224,0.4185
35,44,21,0.6236,0.4057
35,45,20,0.6247,0.3929
35,46,19,0.6258,0.3800
35,47,18,0.6268,0.3672
35,48,17,0.6277,0.3544
35,49,16,0.6286,0.3416
35,50,15,0.6295,0.3289
35,51,14,0.6303,0.3163
35,52,13,0.6311,0.3038
35,53,12,0.6318,0.2914
35,54,11,0.6325,0.2791
35,55,10,0.6332,0.2670
35,56,9,0.6339,0.2550
35,57,8,0.6346,0.2433
35,58,7,0.6352,0.2317
35,59,6,0.6359,0.2202
35,60,5,0.6365,0.2091
35,61,4,0.6372,0.1981
35,62,3,0.6378,0.1873
35,63,2,0.6385,0.1768
35,64,1,0.6392,0.1666
35,65,0,0.6399,0.1566
36,0,64,0.5751,0.6261
36,1,63,0.5752,0.6395
36,2,62,0.5753,0.6513
36,3,61,0.5754,0.6617
36,4,60,0.5755,0.6705
36,5,59,0.5757,0.6779
36,6,58,0.5759,0.6837
36,7,57,0.5762,0.6881
36,8,56,0.5766,0.6912
36,9,55,0.5770,0.6928
36,10,54,0.5774,0.6932
36,11,53,0.5780,0.6925
36,12,52,0.5786,0.6906
36,13,51,0.5793,0.6876
36,14,50,0.5801,0.6838
36,15,49,0.5810,0.6790
36,16,48,0.5819,0.6735
36,17,47,0.5829,0.6673
36,18,46,0.5840,0.6605
36,19,45,0.5852,0.6531
36,20,44,0.5865,0.6453
36,21,43,0.5879,0.6370
36,22,42,0.5893,0.6283
36,23,41,0.5907,0.6193
36,24,40,0.5923,0.6099
36,25,39,0.5939,0.6003
36,26,38,0.5955,0.5905
36,27,37,0.5971,0.5804
36,28,36,0.5988,0.5701
36,29,35,0.6005,0.5596
36,30,34,0.6022,0.5489
36,31,33,0.6039,0.5380
36,32,32,0.6056,0.5269
36,33,31,0.6073,0.5156
36,34,30,0.6089,0.5041
36,35,29,0.6106,0.4925
36,36,28,0.6122,0.4807
36,37,27,0.6137,0.4687
36,38,26,0.6152,0.4567
36,39,25,0.6167,0.4444
36,40,24,0.6181,0.4321
36,41,23,0.6195,0.4196
36,42,22,0.6208,0.4071
36,43,21,0.6220,0.3945
36,44,20,0.6232,0.3819
36,45,19,0.6244,0.3693
36,46,18,0.6255,0.3566
36,47,17,0.6265,0.3440
36,48,16,0.6275,0.3314
36,49,15,0.6284,0.3189
36,50,14,0.6293,0.3065
36,51,13,0.6301,0.2941
36,52,12,0.6309,0.2819
36,53,11,0.6317,0.2699
36,54,10,0.6325,0.2580
36,55,9,0.6332,0.2462
36,56,8,0.6339,0.2347
36,57,7,0.6346,0.2233
36,58,6,0.6353,0.2122
36,59,5,0.6359,0.2013
36,60,4,0.6366,0.1906
36,61,3,0.6373,0.1801
36,62,2,0.6380,0.1700
36,63,1,0.6387,0.1600
36,64,0,0.6394,0.1504
37,0,63,0.5749,0.6044
37,1,62,0.5750,0.6169
37,2,61,0.5750,0.6279
37,3,60,0.5751,0.6376
37,4,59,0.5752,0.6458
37,5,58,0.5754,0.6526
37,6,57,0.5756,0.6579
37,7,56,0.5758,0.6619
37,8,55,0.5762,0.6646
37,9,54,0.5765,0.6660
37,10,53,0.5770,0.6662
37,11,52,0.5775,0.6652
37,12,51,0.5781,0.6632
37,13,50,0.5788,0.6602
37,14,49,0.5796,0.6564
37,15,48,0.5804,0.6517
37,16,47,0.5814,0.6463
37,17,46,0.5824,0.6402
37,18,45,0.5835,0.6335
37,19,44,0.5847,0.6262
37,20,43,0.5859,0.6186
37,21,42,0.5873,0.6104
37,22,41,0.5887,0.6019
37,23,40,0.5902,0.5931
37,24,39,0.5917,0.5840
37,25,38,0.5933,0.5745
37,26,37,0.5949,0.5649
37,27,36,0.5966,0.5549
37,28,35,0.5982,0.5448
37,29,34,0.5999,0.5344
37,30,33,0.6016,0.5239
37,31,32,0.6034,0.5131
37,32,31,0.6051,0.5021
37,33,30,0.6067,0.4910
37,34,29,0.6084,0.4796
37,35,28,0.6101,0.4681
37,36,27,0.6117,0.4565
37,37,26,0.6132,0.4447
37,38,25,0.6148,0.4327
37,39,24,0.6162,0.4206
37,40,23,0.6177,0.4084
37,41,22,0.6191,0.3961
37,42,21,0.6204,0.3838
37,43,20,0.6217,0.3714
37,44,19,0.6229,0.3589
37,45,18,0.6241,0.3465
37,46,17,0.6252,0.3341
37,47,16,0.6262,0.3217
37,48,15,0.6272,0.3093
37,49,14,0.6282,0.2971
37,50,13,0.6291,0.2850
37,51,12,0.6300,0.2730
37,52,11,0.6308,0.2611
37,53,10,0.6316,0.2494
37,54,9,0.6324,0.2379
37,55,8,0.6332,0.2265
37,56,7,0.6339,0.2154
37,57,6,0.6346,0.2045
37,58,5,0.6353,0.1938
37,59,4,0.6360,0.1834
37,60,3,0.6367,0.1733
37,61,2,0.6374,0.1634
37,62,1,0.6381,0.1537
37,63,0,0.6388,0.1444
38,0,62,0.5747,0.5821
38,1,61,0.5747,0.5938
38,2,60,0.5747,0.6042
38,3,59,0.5747,0.6132
38,4,58,0.5748,0.6208
38,5,57,0.5750,0.6270
38,6,56,0.5751,0.6320
38,7,55,0.5754,0.6356
38,8,54,0.5757,0.6379
38,9,53,0.5760,0.6391
38,10,52,0.5765,0.6391
38,11,51,0.5770,0.6381
38,12,50,0.5776,0.6360
38,13,49,0.5783,0.6330
38,14,48,0.5790,0.6292
38,15,47,0.5799,0.6246
38,16,46,0.5808,0.6193
38,17,45,0.5818,0.6133
38,18,44,0.5829,0.6068
38,19,43,0.5841,0.5997
38,20,42,0.5854,0.5922
38,21,41,0.5867,0.5843
38,22,40,0.5881,0.5760
38,23,39,0.5896,0.5674
38,24,38,0.5911,0.5584
38,25,37,0.5927,0.5492
38,26,36,0.5944,0.5397
38,27,35,0.5960,0.5300
38,28,34,0.5977,0.5200
38,29,33,0.5994,0.5098
38,30,32,0.6011,0.4994
38,31,31,0.6028,0.4888
38,32,30,0.6045,0.4780
38,33,29,0.6062,0.4670
38,34,28,0.6079,0.4558
38,35,27,0.6096,0.4445
38,36,26,0.6112,0.4329
38,37,25,0.6128,0.4213
38,38,24,0.6143,0.4095
38,39,23,0.6158,0.3975
38,40,22,0.6173,0.3855
38,41,21,0.6187,0.3734
38,42,20,0.6201,0.3612
38,43,19,0.6213,0.3490
38,44,18,0.6226,0.3368
38,45,17,0.6238,0.3246
38,46,16,0.6249,0.3124
38,47,15,0.6260,0.3003
38,48,14,0.6270,0.2882
38,49,13,0.6280,0.2763
38,50,12,0.6290,0.2645
38,51,11,0.6299,0.2528
38,52,10,0.6307,0.2413
38,53,9,0.6316,0.2300
38,54,8,0.6324,0.2188
38,55,7,0.6331,0.2079
38,56,6,0.6339,0.1972
38,57,5,0.6346,0.1868
38,58,4,0.6354,0.1766
38,59,3,0.6361,0.1667
38,60,2,0.6368,0.1571
38,61,1,0.6375,0.1477
38,62,0,0.6383,0.1386
39,0,61,0.5743,0.5595
39,1,60,0.5743,0.5705
39,2,59,0.5743,0.5802
39,3,58,0.5743,0.5886
39,4,57,0.5744,0.5957
39,5,56,0.5745,0.6015
39,6,55,0.5746,0.6060
39,7,54,0.5749,0.6093
39,8,53,0.5751,0.6114
39,9,52,0.5755,0.6124
39,10,51,0.5759,0.6123
39,11,50,0.5764,0.6112
39,12,49,0.5770,0.6091
39,13,48,0.5777,0.6061
39,14,47,0.5784,0.6024
39,15,46,0.5793,0.5979
39,16,45,0.5802,0.5927
39,17,44,0.5812,0.5869
39,18,43,0.5824,0.5805
39,19,42,0.5835,0.5737
39,20,41,0.5848,0.5664
39,21,40,0.5862,0.5587
39,22,39,0.5876,0.5506
39,23,38,0.5891,0.5422
39,24,37,0.5906,0.5335
39,25,36,0.5922,0.5245
39,26,35,0.5938,0.5152
39,27,34,0.5955,0.5056
39,28,33,0.5972,0.4959
39,29,32,0.5989,0.4859
39,30,31,0.6006,0.4757
39,31,30,0.6024,0.4652
39,32,29,0.6041,0.4546
39,33,28,0.6058,0.4437
39,34,27,0.6075,0.4327
39,35,26,0.6092,0.4215
39,36,25,0.6108,0.4102
39,37,24,0.6124,0.3987
39,38,23,0.6140,0.3870
39,39,22,0.6155,0.3753
39,40,21,0.6170,0.3634
39,41,20,0.6184,0.3515
39,42,19,0.6198,0.3396
39,43,18,0.6211,0.3276
39,44,17,0.6223,0.3156
39,45,16,0.6235,0.3036
39,46,15,0.6247,0.2917
39,47,14,0.6258,0.2798
39,48,13,0.6269,0.2681
39,49,12,0.6279,0.2565
39,50,11,0.6288,0.2450
39,51,10,0.6298,0.2337
39,52,9,0.6306,0.2225
39,53,8,0.6315,0.2116
39,54,7,0.6323,0.2009
39,55,6,0.6331,0.1904
39,56,5,0.6339,0.1802
39,57,4,0.6347,0.1702
39,58,3,0.6354,0.1605
39,59,2,0.6362,0.1511
39,60,1,0.6369,0.1420
39,61,0,0.6377,0.1332
40,0,60,0.5739,0.5368
40,1,59,0.5738,0.5471
40,2,58,0.5738,0.5562
40,3,57,0.5738,0.5640
40,4,56,0.5738,0.5707
40,5,55,0.5739,0.5760
40,6,54,0.5741,0.5802
40,7,53,0.5743,0.5833
40,8,52,0.5746,0.5852
40,9,51,0.5749,0.5860
40,10,50,0.5753,0.5858
40,11,49,0.5758,0.5846
40,12,48,0.5764,0.5826
40,13,47,0.5771,0.5797
40,14,46,0.5779,0.5760
40,15,45,0.5787,0.5716
40,16,44,0.5797,0.5666
40,17,43,0.5807,0.5610
40,18,42,0.5818,0.5548
40,19,41,0.5830,0.5482
40,20,40,0.5843,0.5411
40,21,39,0.5857,0.5337
40,22,38,0.5871,0.5258
40,23,37,0.5886,0.5176
40,24,36,0.5901,0.5091
40,25,35,0.5917,0.5004
40,26,34,0.5934,0.4913
40,27,33,0.5951,0.4820
40,28,32,0.5968,0.4724
40,29,31,0.5985,0.4626
40,30,30,0.6003,0.4526
40,31,29,0.6020,0.4423
40,32,28,0.6037,0.4319
40,33,27,0.6055,0.4212
40,34,26,0.6072,0.4104
40,35,25,0.6088,0.3994
40,36,24,0.6105,0.3882
40,37,23,0.6121,0.3769
40,38,22,0.6137,0.3654
40,39,21,0.6152,0.3539
40,40,20,0.6167,0.3422
40,41,19,0.6182,0.3305
40,42,18,0.6195,0.3188
40,43,17,0.6209,0.3070
40,44,16,0.6221,0.2953
40,45,15,0.6234,0.2836
40,46,14,0.6246,0.2719
40,47,13,0.6257,0.2604
40,48,12,0.6267,0.2489
40,49,11,0.6278,0.2377
40,50,10,0.6288,0.2265
40,51,9,0.6297,0.2156
40,52,8,0.6306,0.2048
40,53,7,0.6315,0.1943
40,54,6,0.6323,0.1840
40,55,5,0.6331,0.1740
40,56,4,0.6339,0.1642
40,57,3,0.6347,0.1547
40,58,2,0.6355,0.1455
40,59,1,0.6363,0.1366
40,60,0,0.6370,0.1280
41,0,59,0.5734,0.5142
41,1,58,0.5733,0.5238
41,2,57,0.5733,0.5323
41,3,56,0.5732,0.5397
41,4,55,0.5733,0.5458
41,5,54,0.5734,0.5509
41,6,53,0.5735,0.5548
41,7,52,0.5737,0.5576
41,8,51,0.5740,0.5593
41,9,50,0.5743,0.5600
41,10,49,0.5747,0.5598
41,11,48,0.5752,0.5586
41,12,47,0.5758,0.5566
41,13,46,0.5765,0.5538
41,14,45,0.5773,0.5502
41,15,44,0.5782,0.5460
41,16,43,0.5791,0.5411
41,17,42,0.5802,0.5357
41,18,41,0.5813,0.5298
41,19,40,0.5825,0.5234
41,20,39,0.5838,0.5166
41,21,38,0.5852,0.5093
41,22,37,0.5867,0.5017
41,23,36,0.5882,0.4938
41,24,35,0.5897,0.4855
41,25,34,0.5914,0.4770
41,26,33,0.5930,0.4681
41,27,32,0.5947,0.4591
41,28,31,0.5965,0.4497
41,29,30,0.5982,0.4401
41,30,29,0.5999,0.4303
41,31,28,0.6017,0.4202
41,32,27,0.6035,0.4100
41,33,26,0.6052,0.3995
41,34,25,0.6069,0.3889
41,35,24,0.6086,0.3780
41,36,23,0.6103,0.3670
41,37,22,0.6119,0.3559
41,38,21,0.6135,0.3447
41,39,20,0.6150,0.3333
41,40,19,0.6165,0.3219
41,41,18,0.6180,0.3104
41,42,17,0.6194,0.2989
41,43,16,0.6207,0.2874
41,44,15,0.6220,0.2759
41,45,14,0.6233,0.2645
41,46,13,0.6245,0.2532
41,47,12,0.6256,0.2419
41,48,11,0.6267,0.2308
41,49,10,0.6277,0.2199
41,50,9,0.6287,0.2091
41,51,8,0.6297,0.1985
41,52,7,0.6306,0.1882
41,53,6,0.6315,0.1781
41,54,5,0.6323,0.1682
41,55,4,0.6332,0.1586
41,56,3,0.6340,0.1493
41,57,2,0.6348,0.1403
41,58,1,0.6356,0.1316
41,59,0,0.6364,0.1232
42,0,58,0.5729,0.4916
42,1,57,0.5728,0.5007
42,2,56,0.5727,0.5087
42,3,55,0.5726,0.5156
42,4,54,0.5727,0.5214
42,5,53,0.5727,0.5261
42,6,52,0.5729,0.5297
42,7,51,0.5731,0.5323
42,8,50,0.5734,0.5339
42,9,49,0.5737,0.5346
42,10,48,0.5741,0.5343
42,11,47,0.5747,0.5331
42,12,46,0.5753,0.5312
42,13,45,0.5760,0.5285
42,14,44,0.5768,0.5251
42,15,43,0.5777,0.5210
42,16,42,0.5786,0.5164
42,17,41,0.5797,0.5112
42,18,40,0.5809,0.5055
42,19,39,0.5821,0.4993
42,20,38,0.5834,0.4927
42,21,37,0.5848,0.4857
42,22,36,0.5863,0.4784
42,23,35,0.5878,0.4707
42,24,34,0.5894,0.4627
42,25,33,0.5911,0.4544
42,26,32,0.5928,0.4458
42,27,31,0.5945,0.4369
42,28,30,0.5962,0.4278
42,29,29,0.5980,0.4184
42,30,28,0.5998,0.4088
42,31,27,0.6015,0.3989
42,32,26,0.6033,0.3889
42,33,25,0.6050,0.3786
42,34,24,0.6068,0.3682
42,35,23,0.6085,0.3575
42,36,22,0.6102,0.3467
42,37,21,0.6118,0.3358
42,38,20,0.6134,0.3248
42,39,19,0.6150,0.3137
42,40,18,0.6165,0.3025
42,41,17,0.6179,0.2912
42,42,16,0.6193,0.2800
42,43,15,0.6207,0.2687
42,44,14,0.6220,0.2575
42,45,13,0.6232,0.2464
42,46,12,0.6244,0.2354
42,47,11,0.6256,0.2244
42,48,10,0.6267,0.2137
42,49,9,0.6277,0.2031
42,50,8,0.6287,0.1927
42,51,7,0.6297,0.1825
42,52,6,0.6306,0.1726
42,53,5,0.6315,0.1629
42,54,4,0.6324,0.1535
42,55,3,0.6333,0.1444
42,56,2,0.6341,0.1355
42,57,1,0.6349,0.1270
42,58,0,0.6357,0.1188
43,0,57,0.5723,0.4694
43,1,56,0.5721,0.4779
43,2,55,0.5721,0.4854
43,3,54,0.5720,0.4919
43,4,53,0.5720,0.4974
43,5,52,0.5721,0.5018
43,6,51,0.5723,0.5052
43,7,50,0.5725,0.5077
43,8,49,0.5728,0.5092
43,9,48,0.5731,0.5097
43,10,47,0.5736,0.5095
43,11,46,0.5741,0.5084
43,12,45,0.5748,0.5065
43,13,44,0.5755,0.5039
43,14,43,0.5763,0.5007
43,15,42,0.5772,0.4968
43,16,41,0.5782,0.4924
43,17,40,0.5793,0.4874
43,18,39,0.5805,0.4819
43,19,38,0.5818,0.4760
43,20,37,0.5831,0.4696
43,21,36,0.5846,0.4629
43,22,35,0.5861,0.4558
43,23,34,0.5876,0.4484
43,24,33,0.5893,0.4406
43,25,32,0.5909,0.4326
43,26,31,0.5926,0.4242
43,27,30,0.5944,0.4156
43,28,29,0.5961,0.4067
43,29,28,0.5979,0.3975
43,30,27,0.5997,0.3881
43,31,26,0.6015,0.3785
43,32,25,0.6033,0.3686
43,33,24,0.6050,0.3585
43,34,23,0.6068,0.3483
43,35,22,0.6085,0.3379
43,36,21,0.6102,0.3273
43,37,20,0.6118,0.3166
43,38,19,0.6134,0.3058
43,39,18,0.6150,0.2949
43,40,17,0.6165,0.2839
43,41,16,0.6179,0.2729
43,42,15,0.6194,0.2619
43,43,14,0.6207,0.2510
43,44,13,0.6220,0.2401
43,45,12,0.6233,0.2292
43,46,11,0.6245,0.2185
43,47,10,0.6256,0.2079
43,48,9,0.6267,0.1975
43,49,8,0.6278,0.1873
43,50,7,0.6288,0.1773
43,51,6,0.6298,0.1675
43,52,5,0.6307,0.1580
43,53,4,0.6316,0.1487
43,54,3,0.6325,0.1398
43,55,2,0.6334,0.1311
43,56,1,0.6342,0.1227
43,57,0,0.6350,0.1147
44,0,56,0.5716,0.4475
44,1,55,0.5715,0.4556
44,2,54,0.5714,0.4627
44,3,53,0.5714,0.4688
44,4,52,0.5714,0.4739
44,5,51,0.5715,0.4781
44,6,50,0.5716,0.4813
44,7,49,0.5719,0.4837
44,8,48,0.5722,0.4851
44,9,47,0.5726,0.4856
44,10,46,0.5731,0.4854
44,11,45,0.5736,0.4844
44,12,44,0.5743,0.4826
44,13,43,0.5751,0.4801
44,14,42,0.5759,0.4771
44,15,41,0.5769,0.4734
44,16,40,0.5779,0.4691
44,17,39,0.5790,0.4644
44,18,38,0.5803,0.4592
44,19,37,0.5816,0.4535
44,20,36,0.5830,0.4474
44,21,35,0.5844,0.4409
44,22,34,0.5860,0.4341
44,23,33,0.5876,0.4269
44,24,32,0.5892,0.4194
44,25,31,0.5909,0.4116
44,26,30,0.5926,0.4034
44,27,29,0.5944,0.3950
44,28,28,0.5962,0.3864
44,29,27,0.5980,0.3774
44,30,26,0.5998,0.3682
44,31,25,0.6016,0.3588
44,32,24,0.6034,0.3492
44,33,23,0.6051,0.3393
44,34,22,0.6069,0.3293
44,35,21,0.6086,0.3191
44,36,20,0.6103,0.3087
44,37,19,0.6119,0.2982
44,38,18,0.6135,0.2876
44,39,17,0.6151,0.2770
44,40,16,0.6166,0.2663
44,41,15,0.6181,0.2555
44,42,14,0.6195,0.2448
44,43,13,0.6209,0.2341
44,44,12,0.6222,0.2235
44,45,11,0.6234,0.2130
44,46,10,0.6246,0.2026
44,47,9,0.6258,0.1924
44,48,8,0.6269,0.1823
44,49,7,0.6279,0.1725
44,50,6,0.6289,0.1629
44,51,5,0.6299,0.1535
44,52,4,0.6309,0.1444
44,53,3,0.6318,0.1356
44,54,2,0.6326,0.1270
44,55,1,0.6335,0.1188
44,56,0,0.6343,0.1109
45,0,55,0.5710,0.4261
45,1,54,0.5708,0.4337
45,2,53,0.5708,0.4404
45,3,52,0.5707,0.4462
45,4,51,0.5708,0.4511
45,5,50,0.5709,0.4551
45,6,49,0.5711,0.4582
45,7,48,0.5713,0.4604
45,8,47,0.5717,0.4617
45,9,46,0.5721,0.4623
45,10,45,0.5726,0.4621
45,11,44,0.5732,0.4611
45,12,43,0.5739,0.4595
45,13,42,0.5747,0.4572
45,14,41,0.5756,0.4543
45,15,40,0.5766,0.4508
45,16,39,0.5777,0.4468
45,17,38,0.5789,0.4423
45,18,37,0.5802,0.4373
45,19,36,0.5815,0.4318
45,20,35,0.5829,0.4260
45,21,34,0.5844,0.4198
45,22,33,0.5860,0.4132
45,23,32,0.5876,0.4063
45,24,31,0.5893,0.3990
45,25,30,0.5910,0.3914
45,26,29,0.5928,0.3835
45,27,28,0.5946,0.3753
45,28,27,0.5964,0.3669
45,29,26,0.5982,0.3582
45,30,25,0.6000,0.3492
45,31,24,0.6018,0.3400
45,32,23,0.6036,0.3305
45,33,22,0.6054,0.3209
45,34,21,0.6071,0.3111
45,35,20,0.6089,0.3011
45,36,19,0.6105,0.2909
45,37,18,0.6122,0.2807
45,38,17,0.6138,0.2703
45,39,16,0.6154,0.2599
45,40,15,0.6169,0.2495
45,41,14,0.6183,0.2390
45,42,13,0.6197,0.2286
45,43,12,0.6211,0.2182
45,44,11,0.6224,0.2079
45,45,10,0.6236,0.1977
45,46,9,0.6248,0.1876
45,47,8,0.6260,0.1778
45,48,7,0.6271,0.1681
45,49,6,0.6281,0.1586
45,50,5,0.6291,0.1494
45,51,4,0.6301,0.1404
45,52,3,0.6310,0.1318
45,53,2,0.6319,0.1234
45,54,1,0.6328,0.1153
45,55,0,0.6337,0.1075
46,0,54,0.5703,0.4053
46,1,53,0.5702,0.4125
46,2,52,0.5701,0.4189
46,3,51,0.5701,0.4244
46,4,50,0.5702,0.4290
46,5,49,0.5703,0.4328
46,6,48,0.5705,0.4358
46,7,47,0.5708,0.4379
46,8,46,0.5712,0.4392
46,9,45,0.5717,0.4398
46,10,44,0.5722,0.4396
46,11,43,0.5729,0.4388
46,12,42,0.5737,0.4373
46,13,41,0.5745,0.4351
46,14,40,0.5755,0.4324
46,15,39,0.5765,0.4291
46,16,38,0.5777,0.4253
46,17,37,0.5789,0.4210
46,18,36,0.5802,0.4162
46,19,35,0.5816,0.4111
46,20,34,0.5831,0.4055
46,21,33,0.5846,0.3995
46,22,32,0.5862,0.3931
46,23,31,0.5879,0.3864
46,24,30,0.5896,0.3794
46,25,29,0.5913,0.3721
46,26,28,0.5931,0.3644
46,27,27,0.5949,0.3565
46,28,26,0.5967,0.3482
46,29,25,0.5986,0.3397
46,30,24,0.6004,0.3309
46,31,23,0.6022,0.3219
46,32,22,0.6040,0.3127
46,33,21,0.6058,0.3033
46,34,20,0.6076,0.2937
46,35,19,0.6093,0.2839
46,36,18,0.6110,0.2740
46,37,17,0.6126,0.2640
46,38,16,0.6142,0.2539
46,39,15,0.6158,0.2437
46,40,14,0.6173,0.2335
46,41,13,0.6187,0.2233
46,42,12,0.6201,0.2132
46,43,11,0.6214,0.2031
46,44,10,0.6227,0.1931
46,45,9,0.6240,0.1832
46,46,8,0.6252,0.1735
46,47,7,0.6263,0.1640
46,48,6,0.6274,0.1547
46,49,5,0.6284,0.1457
46,50,4,0.6294,0.1368
46,51,3,0.6304,0.1283
46,52,2,0.6313,0.1200
46,53,1,0.6322,0.1121
46,54,0,0.6330,0.1044
47,0,53,0.5696,0.3851
47,1,52,0.5695,0.3919
47,2,51,0.5695,0.3980
47,3,50,0.5695,0.4032
47,4,49,0.5696,0.4077
47,5,48,0.5698,0.4113
47,6,47,0.5701,0.4141
47,7,46,0.5704,0.4162
47,8,45,0.5708,0.4175
47,9,44,0.5714,0.4181
47,10,43,0.5720,0.4180
47,11,42,0.5727,0.4173
47,12,41,0.5735,0.4159
47,13,40,0.5744,0.4139
47,14,39,0.5755,0.4113
47,15,38,0.5766,0.4083
47,16,37,0.5778,0.4047
47,17,36,0.5790,0.4006
47,18,35,0.5804,0.3961
47,19,34,0.5819,0.3911
47,20,33,0.5834,0.3858
47,21,32,0.5850,0.3800
47,22,31,0.5866,0.3739
47,23,30,0.5883,0.3675
47,24,29,0.5901,0.3607
47,25,28,0.5918,0.3535
47,26,27,0.5936,0.3461
47,27,26,0.5955,0.3384
47,28,25,0.5973,0.3303
47,29,24,0.5991,0.3220
47,30,23,0.6010,0.3135
47,31,22,0.6028,0.3047
47,32,21,0.6046,0.2957
47,33,20,0.6064,0.2865
47,34,19,0.6081,0.2771
47,35,18,0.6098,0.2675
47,36,17,0.6115,0.2578
47,37,16,0.6132,0.2480
47,38,15,0.6147,0.2382
47,39,14,0.6163,0.2283
47,40,13,0.6178,0.2184
47,41,12,0.6192,0.2085
47,42,11,0.6206,0.1986
47,43,10,0.6219,0.1888
47,44,9,0.6232,0.1792
47,45,8,0.6244,0.1697
47,46,7,0.6256,0.1603
47,47,6,0.6267,0.1512
47,48,5,0.6277,0.1422
47,49,4,0.6288,0.1336
47,50,3,0.6297,0.1251
47,51,2,0.6307,0.1170
47,52,1,0.6316,0.1092
47,53,0,0.6325,0.1016
48,0,52,0.5690,0.3656
48,1,51,0.5689,0.3721
48,2,50,0.5689,0.3779
48,3,49,0.5690,0.3829
48,4,48,0.5692,0.3871
48,5,47,0.5694,0.3906
48,6,46,0.5697,0.3934
48,7,45,0.5701,0.3954
48,8,44,0.5706,0.3967
48,9,43,0.5712,0.3973
48,10,42,0.5719,0.3973
48,11,41,0.5727,0.3967
48,12,40,0.5736,0.3954
48,13,39,0.5745,0.3936
48,14,38,0.5756,0.3912
48,15,37,0.5768,0.3883
48,16,36,0.5780,0.3849
48,17,35,0.5794,0.3811
48,18,34,0.5808,0.3768
48,19,33,0.5823,0.3720
48,20,32,0.5839,0.3669
48,21,31,0.5855,0.3614
48,22,30,0.5872,0.3555
48,23,29,0.5889,0.3493
48,24,28,0.5907,0.3427
48,25,27,0.5925,0.3358
48,26,26,0.5943,0.3286
48,27,25,0.5962,0.3211
48,28,24,0.5980,0.3132
48,29,23,0.5999,0.3051
48,30,22,0.6017,0.2968
48,31,21,0.6035,0.2882
48,32,20,0.6053,0.2794
48,33,19,0.6071,0.2704
48,34,18,0.6089,0.2612
48,35,17,0.6106,0.2519
48,36,16,0.6122,0.2424
48,37,15,0.6139,0.2329
48,38,14,0.6154,0.2233
48,39,13,0.6169,0.2136
48,40,12,0.6184,0.2040
48,41,11,0.6198,0.1944
48,42,10,0.6212,0.1848
48,43,9,0.6225,0.1754
48,44,8,0.6237,0.1661
48,45,7,0.6249,0.1569
48,46,6,0.6261,0.1479
48,47,5,0.6272,0.1391
48,48,4,0.6282,0.1306
48,49,3,0.6292,0.1223
48,50,2,0.6302,0.1143
48,51,1,0.6311,0.1065
48,52,0,0.6320,0.0991
49,0,51,0.5684,0.3468
49,1,50,0.5684,0.3530
49,2,49,0.5685,0.3585
49,3,48,0.5686,0.3633
49,4,47,0.5688,0.3674
49,5,46,0.5691,0.3708
49,6,45,0.5695,0.3734
49,7,44,0.5699,0.3754
49,8,43,0.5705,0.3768
49,9,42,0.5712,0.3774
49,10,41,0.5719,0.3775
49,11,40,0.5728,0.3769
49,12,39,0.5738,0.3758
49,13,38,0.5748,0.3741
49,14,37,0.5760,0.3719
49,15,36,0.5772,0.3692
49,16,35,0.5785,0.3660
49,17,34,0.5799,0.3624
49,18,33,0.5814,0.3583
49,19,32,0.5830,0.3538
49,20,31,0.5846,0.3489
49,21,30,0.5863,0.3436
49,22,29,0.5880,0.3379
49,23,28,0.5898,0.3319
49,24,27,0.5916,0.3255
49,25,26,0.5934,0.3188
49,26,25,0.5952,0.3118
49,27,24,0.5971,0.3045
49,28,23,0.5990,0.2969
49,29,22,0.6008,0.2890
49,30,21,0.6027,0.2808
49,31,20,0.6045,0.2724
49,32,19,0.6063,0.2638
49,33,18,0.6080,0.2550
49,34,17,0.6098,0.2461
49,35,16,0.6115,0.2370
49,36,15,0.6131,0.2278
49,37,14,0.6147,0.2185
49,38,13,0.6162,0.2091
49,39,12,0.6177,0.1997
49,40,11,0.6192,0.1904
49,41,10,0.6206,0.1811
49,42,9,0.6219,0.1718
49,43,8,0.6232,0.1627
49,44,7,0.6244,0.1537
49,45,6,0.6256,0.1449
49,46,5,0.6267,0.1363
49,47,4,0.6277,0.1279
49,48,3,0.6287,0.1197
49,49,2,0.6297,0.1118
49,50,1,0.6307,0.1042
49,51,0,0.6315,0.0969
50,0,50,0.5679,0.3288
50,1,49,0.5680,0.3347
50,2,48,0.5681,0.3400
50,3,47,0.5683,0.3446
50,4,46,0.5686,0.3485
50,5,45,0.5689,0.3518
50,6,44,0.5694,0.3544
50,7,43,0.5699,0.3563
50,8,42,0.5706,0.3577
50,9,41,0.5713,0.3584
50,10,40,0.5722,0.3585
50,11,39,0.5731,0.3581
50,12,38,0.5742,0.3571
50,13,37,0.5753,0.3555
50,14,36,0.5765,0.3535
50,15,35,0.5778,0.3510
50,16,34,0.5792,0.3480
50,17,33,0.5807,0.3445
50,18,32,0.5822,0.3406
50,19,31,0.5839,0.3363
50,20,30,0.5855,0.3316
50,21,29,0.5872,0.3265
50,22,28,0.5890,0.3211
50,23,27,0.5908,0.3153
50,24,26,0.5926,0.3091
50,25,25,0.5945,0.3026
50,26,24,0.5964,0.2957
50,27,23,0.5982,0.2886
50,28,22,0.6001,0.2812
50,29,21,0.6019,0.2735
50,30,20,0.6038,0.2655
50,31,19,0.6056,0.2574
50,32,18,0.6074,0.2490
50,33,17,0.6091,0.2404
50,34,16,0.6108,0.2316
50,35,15,0.6125,0.2227
50,36,14,0.6141,0.2138
50,37,13,0.6157,0.2047
50,38,12,0.6172,0.1956
50,39,11,0.6187,0.1865
50,40,10,0.6201,0.1775
50,41,9,0.6214,0.1685
50,42,8,0.6227,0.1595
50,43,7,0.6240,0.1507
50,44,6,0.6252,0.1421
50,45,5,0.6263,0.1336
50,46,4,0.6274,0.1254
50,47,3,0.6284,0.1173
50,48,2,0.6294,0.1096
50,49,1,0.6303,0.1021
50,50,0,0.6312,0.0948
51,0,49,0.5676,0.3115
51,1,48,0.5677,0.3171
51,2,47,0.5679,0.3222
51,3,46,0.5681,0.3266
51,4,45,0.5685,0.3304
51,5,44,0.5689,0.3336
51,6,43,0.5695,0.3362
51,7,42,0.5701,0.3381
51,8,41,0.5709,0.3395
51,9,40,0.5717,0.3402
51,10,39,0.5726,0.3404
51,11,38,0.5736,0.3401
51,12,37,0.5748,0.3392
51,13,36,0.5760,0.3378
51,14,35,0.5773,0.3359
51,15,34,0.5787,0.3336
51,16,33,0.5801,0.3307
51,17,32,0.5817,0.3275
51,18,31,0.5833,0.3238
51,19,30,0.5850,0.3196
51,20,29,0.5867,0.3151
51,21,28,0.5884,0.3102
51,22,27,0.5902,0.3050
51,23,26,0.5921,0.2993
51,24,25,0.5939,0.2933
51,25,24,0.5958,0.2870
51,26,23,0.5977,0.2804
51,27,22,0.5995,0.2734
51,28,21,0.6014,0.2662
51,29,20,0.6032,0.2587
51,30,19,0.6051,0.2509
51,31,18,0.6069,0.2429
51,32,17,0.6086,0.2347
51,33,16,0.6103,0.2263
51,34,15,0.6120,0.2178
51,35,14,0.6137,0.2092
51,36,13,0.6153,0.2004
51,37,12,0.6168,0.1916
51,38,11,0.6183,0.1828
51,39,10,0.6197,0.1740
51,40,9,0.6211,0.1652
51,41,8,0.6224,0.1565
51,42,7,0.6237,0.1479
51,43,6,0.6249,0.1395
51,44,5,0.6260,0.1312
51,45,4,0.6271,0.1231
51,46,3,0.6282,0.1152
51,47,2,0.6291,0.1075
51,48,1,0.6301,0.1001
51,49,0,0.6310,0.0930
52,0,48,0.5673,0.2950
52,1,47,0.5675,0.3004
52,2,46,0.5678,0.3052
52,3,45,0.5681,0.3095
52,4,44,0.5686,0.3132
52,5,43,0.5691,0.3163
52,6,42,0.5697,0.3188
52,7,41,0.5705,0.3207
52,8,40,0.5713,0.3221
52,9,39,0.5722,0.3229
52,10,38,0.5733,0.3232
52,11,37,0.5744,0.3229
52,12,36,0.5756,0.3222
52,13,35,0.5769,0.3209
52,14,34,0.5783,0.3191
52,15,33,0.5798,0.3169
52,16,32,0.5813,0.3143
52,17,31,0.5829,0.3112
52,18,30,0.5846,0.3076
52,19,29,0.5863,0.3037
52,20,28,0.5880,0.2993
52,21,27,0.5898,0.2946
52,22,26,0.5917,0.2895
52,23,25,0.5935,0.2841
52,24,24,0.5954,0.2782
52,25,23,0.5973,0.2721
52,26,22,0.5991,0.2656
52,27,21,0.6010,0.2589
52,28,20,0.6029,0.2518
52,29,19,0.6047,0.2445
52,30,18,0.6065,0.2369
52,31,17,0.6083,0.2291
52,32,16,0.6100,0.2211
52,33,15,0.6117,0.2129
52,34,14,0.6134,0.2046
52,35,13,0.6150,0.1962
52,36,12,0.6166,0.1877
52,37,11,0.6181,0.1792
52,38,10,0.6195,0.1706
52,39,9,0.6209,0.1621
52,40,8,0.6222,0.1536
52,41,7,0.6235,0.1453
52,42,6,0.6247,0.1370
52,43,5,0.6259,0.1289
52,44,4,0.6270,0.1209
52,45,3,0.6280,0.1132
52,46,2,0.6290,0.1056
52,47,1,0.6300,0.0984
52,48,0,0.6309,0.0914
53,0,47,0.5672,0.2792
53,1,46,0.5675,0.2844
53,2,45,0.5678,0.2891
53,3,44,0.5683,0.2932
53,4,43,0.5688,0.2968
53,5,42,0.5695,0.2998
53,6,41,0.5702,0.3023
53,7,40,0.5711,0.3042
53,8,39,0.5720,0.3056
53,9,38,0.5730,0.3064
53,10,37,0.5742,0.3067
53,11,36,0.5754,0.3066
53,12,35,0.5767,0.3059
53,13,34,0.5781,0.3047
53,14,33,0.5795,0.3031
53,15,32,0.5811,0.3010
53,16,31,0.5827,0.2985
53,17,30,0.5843,0.2956
53,18,29,0.5861,0.2922
53,19,28,0.5878,0.2884
53,20,27,0.5896,0.2842
53,21,26,0.5915,0.2797
53,22,25,0.5933,0.2747
53,23,24,0.5952,0.2694
53,24,23,0.5971,0.2638
53,25,22,0.5989,0.2578
53,26,21,0.6008,0.2515
53,27,20,0.6027,0.2449
53,28,19,0.6045,0.2380
53,29,18,0.6063,0.2308
53,30,17,0.6081,0.2234
53,31,16,0.6099,0.2158
53,32,15,0.6116,0.2080
53,33,14,0.6133,0.2001
53,34,13,0.6149,0.1920
53,35,12,0.6164,0.1838
53,36,11,0.6180,0.1756
53,37,10,0.6194,0.1673
53,38,9,0.6208,0.1591
53,39,8,0.6222,0.1508
53,40,7,0.6235,0.1427
53,41,6,0.6247,0.1346
53,42,5,0.6259,0.1266
53,43,4,0.6270,0.1189
53,44,3,0.6280,0.1113
53,45,2,0.6290,0.1039
53,46,1,0.6300,0.0967
53,47,0,0.6309,0.0899
54,0,46,0.5673,0.2642
54,1,45,0.5676,0.2692
54,2,44,0.5681,0.2737
54,3,43,0.5687,0.2777
54,4,42,0.5693,0.2812
54,5,41,0.5701,0.2841
54,6,40,0.5709,0.2865
54,7,39,0.5719,0.2884
54,8,38,0.5729,0.2898
54,9,37,0.5741,0.2907
54,10,36,0.5753,0.2911
54,11,35,0.5766,0.2910
54,12,34,0.5780,0.2904
54,13,33,0.5795,0.2893
54,14,32,0.5810,0.2878
54,15,31,0.5826,0.2859
54,16,30,0.5843,0.2835
54,17,29,0.5860,0.2807
54,18,28,0.5878,0.2774
54,19,27,0.5896,0.2738
54,20,26,0.5914,0.2698
54,21,25,0.5933,0.2653
54,22,24,0.5951,0.2605
54,23,23,0.5970,0.2554
54,24,22,0.5989,0.2499
54,25,21,0.6008,0.2440
54,26,20,0.6027,0.2379
54,27,19,0.6045,0.2314
54,28,18,0.6063,0.2247
54,29,17,0.6081,0.2177
54,30,16,0.6099,0.2105
54,31,15,0.6116,0.2031
54,32,14,0.6133,0.1955
54,33,13,0.6149,0.1878
54,34,12,0.6165,0.1800
54,35,11,0.6180,0.1720
54,36,10,0.6195,0.1640
54,37,9,0.6209,0.1560
54,38,8,0.6223,0.1480
54,39,7,0.6236,0.1401
54,40,6,0.6248,0.1323
54,41,5,0.6260,0.1245
54,42,4,0.6271,0.1169
54,43,3,0.6282,0.1095
54,44,2,0.6292,0.1022
54,45,1,0.6301,0.0952
54,46,0,0.6310,0.0884
55,0,45,0.5675,0.2500
55,1,44,0.5680,0.2548
55,2,43,0.5686,0.2591
55,3,42,0.5693,0.2629
55,4,41,0.5701,0.2663
55,5,40,0.5709,0.2692
55,6,39,0.5719,0.2715
55,7,38,0.5729,0.2734
55,8,37,0.5741,0.2748
55,9,36,0.5753,0.2757
55,10,35,0.5767,0.2762
55,11,34,0.5781,0.2761
55,12,33,0.5795,0.2756
55,13,32,0.5811,0.2746
55,14,31,0.5827,0.2732
55,15,30,0.5844,0.2714
55,16,29,0.5861,0.2691
55,17,28,0.5879,0.2664
55,18,27,0.5897,0.2633
55,19,26,0.5915,0.2598
55,20,25,0.5934,0.2559
55,21,24,0.5953,0.2516
55,22,23,0.5972,0.2469
55,23,22,0.5991,0.2419
55,24,21,0.6009,0.2365
55,25,20,0.6028,0.2308
55,26,19,0.6047,0.2248
55,27,18,0.6065,0.2185
55,28,17,0.6083,0.2120
55,29,16,0.6101,0.2052
55,30,15,0.6118,0.1981
55,31,14,0.6135,0.1909
55,32,13,0.6151,0.1835
55,33,12,0.6167,0.1760
55,34,11,0.6182,0.1684
55,35,10,0.6197,0.1607
55,36,9,0.6211,0.1530
55,37,8,0.6225,0.1453
55,38,7,0.6238,0.1376
55,39,6,0.6250,0.1299
55,40,5,0.6262,0.1224
55,41,4,0.6273,0.1150
55,42,3,0.6284,0.1077
55,43,2,0.6294,0.1006
55,44,1,0.6304,0.0938
55,45,0,0.6313,0.0871
56,0,44,0.5680,0.2364
56,1,43,0.5686,0.2410
56,2,42,0.5693,0.2452
56,3,41,0.5701,0.2489
56,4,40,0.5710,0.2522
56,5,39,0.5720,0.2550
56,6,38,0.5731,0.2573
56,7,37,0.5743,0.2591
56,8,36,0.5755,0.2605
56,9,35,0.5769,0.2615
56,10,34,0.5783,0.2619
56,11,33,0.5798,0.2619
56,12,32,0.5813,0.2615
56,13,31,0.5830,0.2606
56,14,30,0.5846,0.2593
56,15,29,0.5864,0.2575
56,16,28,0.5882,0.2553
56,17,27,0.5900,0.2527
56,18,26,0.5918,0.2497
56,19,25,0.5937,0.2463
56,20,24,0.5956,0.2425
56,21,23,0.5975,0.2383
56,22,22,0.5994,0.2338
56,23,21,0.6012,0.2289
56,24,20,0.6031,0.2237
56,25,19,0.6050,0.2181
56,26,18,0.6068,0.2122
56,27,17,0.6086,0.2061
56,28,16,0.6104,0.1997
56,29,15,0.6121,0.1931
56,30,14,0.6138,0.1862
56,31,13,0.6154,0.1792
56,32,12,0.6170,0.1720
56,33,11,0.6186,0.1647
56,34,10,0.6200,0.1574
56,35,9,0.6215,0.1499
56,36,8,0.6228,0.1425
56,37,7,0.6241,0.1350
56,38,6,0.6254,0.1276
56,39,5,0.6266,0.1203
56,40,4,0.6277,0.1131
56,41,3,0.6288,0.1060
56,42,2,0.6298,0.0991
56,43,1,0.6307,0.0923
56,44,0,0.6316,0.0858
57,0,43,0.5687,0.2235
57,1,42,0.5694,0.2280
57,2,41,0.5703,0.2320
57,3,40,0.5712,0.2356
57,4,39,0.5722,0.2387
57,5,38,0.5733,0.2415
57,6,37,0.5745,0.2437
57,7,36,0.5758,0.2456
57,8,35,0.5772,0.2469
57,9,34,0.5786,0.2479
57,10,33,0.5801,0.2483
57,11,32,0.5817,0.2484
57,12,31,0.5834,0.2480
57,13,30,0.5851,0.2472
57,14,29,0.5868,0.2459
57,15,28,0.5886,0.2442
57,16,27,0.5904,0.2421
57,17,26,0.5923,0.2396
57,18,25,0.5941,0.2367
57,19,24,0.5960,0.2334
57,20,23,0.5979,0.2297
57,21,22,0.5998,0.2256
57,22,21,0.6017,0.2212
57,23,20,0.6036,0.2164
57,24,19,0.6054,0.2113
57,25,18,0.6073,0.2058
57,26,17,0.6091,0.2001
57,27,16,0.6108,0.1941
57,28,15,0.6126,0.1879
57,29,14,0.6143,0.1814
57,30,13,0.6159,0.1748
57,31,12,0.6175,0.1679
57,32,11,0.6190,0.1610
57,33,10,0.6205,0.1539
57,34,9,0.6220,0.1468
57,35,8,0.6233,0.1396
57,36,7,0.6246,0.1324
57,37,6,0.6259,0.1253
57,38,5,0.6271,0.1182
57,39,4,0.6282,0.1111
57,40,3,0.6293,0.1042
57,41,2,0.6303,0.0975
57,42,1,0.6312,0.0909
57,43,0,0.6321,0.0845
58,0,42,0.5696,0.2113
58,1,41,0.5705,0.2156
58,2,40,0.5715,0.2195
58,3,39,0.5725,0.2229
58,4,38,0.5737,0.2260
58,5,37,0.5749,0.2286
58,6,36,0.5762,0.2308
58,7,35,0.5776,0.2326
58,8,34,0.5791,0.2340
58,9,33,0.5806,0.2349
58,10,32,0.5822,0.2354
58,11,31,0.5839,0.2354
58,12,30,0.5856,0.2351
58,13,29,0.5874,0.2343
58,14,28,0.5892,0.2331
58,15,27,0.5910,0.2314
58,16,26,0.5928,0.2294
58,17,25,0.5947,0.2270
58,18,24,0.5966,0.2241
58,19,23,0.5985,0.2209
58,20,22,0.6004,0.2173
58,21,21,0.6023,0.2133
58,22,20,0.6042,0.2090
58,23,19,0.6060,0.2043
58,24,18,0.6079,0.1993
58,25,17,0.6097,0.1940
58,26,16,0.6115,0.1884
58,27,15,0.6132,0.1826
58,28,14,0.6149,0.1765
58,29,13,0.6165,0.1702
58,30,12,0.6181,0.1637
58,31,11,0.6196,0.1571
58,32,10,0.6211,0.1504
58,33,9,0.6226,0.1435
58,34,8,0.6239,0.1366
58,35,7,0.6252,0.1297
58,36,6,0.6265,0.1228
58,37,5,0.6277,0.1160
58,38,4,0.6288,0.1092
58,39,3,0.6299,0.1025
58,40,2,0.6309,0.0959
58,41,1,0.6318,0.0895
58,42,0,0.6327,0.0833
59,0,41,0.5708,0.1997
59,1,40,0.5719,0.2038
59,2,39,0.5729,0.2075
59,3,38,0.5741,0.2109
59,4,37,0.5754,0.2138
59,5,36,0.5767,0.2164
59,6,35,0.5782,0.2185
59,7,34,0.5796,0.2203
59,8,33,0.5812,0.2216
59,9,32,0.5828,0.2225
59,10,31,0.5845,0.2230
59,11,30,0.5863,0.2230
59,12,29,0.5880,0.2227
59,13,28,0.5898,0.2219
59,14,27,0.5917,0.2207
59,15,26,0.5936,0.2192
59,16,25,0.5955,0.2172
59,17,24,0.5973,0.2148
59,18,23,0.5993,0.2120
59,19,22,0.6012,0.2088
59,20,21,0.6030,0.2053
59,21,20,0.6049,0.2014
59,22,19,0.6068,0.1972
59,23,18,0.6086,0.1926
59,24,17,0.6104,0.1877
59,25,16,0.6122,0.1826
59,26,15,0.6139,0.1771
59,27,14,0.6156,0.1714
59,28,13,0.6172,0.1655
59,29,12,0.6188,0.1594
59,30,11,0.6204,0.1531
59,31,10,0.6219,0.1467
59,32,9,0.6233,0.1402
59,33,8,0.6247,0.1336
59,34,7,0.6260,0.1269
59,35,6,0.6272,0.1203
59,36,5,0.6284,0.1137
59,37,4,0.6295,0.1071
59,38,3,0.6306,0.1006
59,39,2,0.6316,0.0943
59,40,1,0.6326,0.0880
59,41,0,0.6335,0.0820
60,0,40,0.5723,0.1887
60,1,39,0.5734,0.1926
60,2,38,0.5747,0.1962
60,3,37,0.5760,0.1994
60,4,36,0.5773,0.2023
60,5,35,0.5788,0.2047
60,6,34,0.5803,0.2068
60,7,33,0.5819,0.2085
60,8,32,0.5836,0.2098
60,9,31,0.5853,0.2106
60,10,30,0.5870,0.2111
60,11,29,0.5888,0.2112
60,12,28,0.5907,0.2108
60,13,27,0.5925,0.2101
60,14,26,0.5944,0.2089
60,15,25,0.5963,0.2073
60,16,24,0.5982,0.2054
60,17,23,0.6001,0.2031
60,18,22,0.6020,0.2003
60,19,21,0.6039,0.1972
60,20,20,0.6058,0.1938
60,21,19,0.6076,0.1899
60,22,18,0.6095,0.1858
60,23,17,0.6113,0.1813
60,24,16,0.6130,0.1766
60,25,15,0.6148,0.1715
60,26,14,0.6164,0.1662
60,27,13,0.6181,0.1607
60,28,12,0.6197,0.1549
60,29,11,0.6212,0.1490
60,30,10,0.6227,0.1429
60,31,9,0.6241,0.1367
60,32,8,0.6255,0.1304
60,33,7,0.6268,0.1241
60,34,6,0.6280,0.1177
60,35,5,0.6292,0.1113
60,36,4,0.6304,0.1050
60,37,3,0.6314,0.0987
60,38,2,0.6324,0.0925
60,39,1,0.6334,0.0865
60,40,0,0.6343,0.0806
61,0,39,0.5740,0.1783
61,1,38,0.5753,0.1820
61,2,37,0.5766,0.1854
61,3,36,0.5780,0.1885
61,4,35,0.5795,0.1912
61,5,34,0.5811,0.1936
61,6,33,0.5827,0.1956
61,7,32,0.5844,0.1972
61,8,31,0.5861,0.1984
61,9,30,0.5879,0.1993
61,10,29,0.5897,0.1997
61,11,28,0.5916,0.1997
61,12,27,0.5934,0.1994
61,13,26,0.5953,0.1986
61,14,25,0.5972,0.1975
61,15,24,0.5992,0.1960
61,16,23,0.6011,0.1940
61,17,22,0.6030,0.1917
61,18,21,0.6049,0.1890
61,19,20,0.6067,0.1860
61,20,19,0.6086,0.1826
61,21,18,0.6104,0.1788
61,22,17,0.6122,0.1748
61,23,16,0.6140,0.1704
61,24,15,0.6157,0.1657
61,25,14,0.6174,0.1608
61,26,13,0.6190,0.1556
61,27,12,0.6206,0.1503
61,28,11,0.6221,0.1447
61,29,10,0.6236,0.1389
61,30,9,0.6250,0.1331
61,31,8,0.6264,0.1271
61,32,7,0.6277,0.1210
61,33,6,0.6290,0.1149
61,34,5,0.6302,0.1088
61,35,4,0.6313,0.1027
61,36,3,0.6323,0.0967
61,37,2,0.6333,0.0907
61,38,1,0.6343,0.0849
61,39,0,0.6352,0.0792
62,0,38,0.5760,0.1683
62,1,37,0.5774,0.1719
62,2,36,0.5788,0.1752
62,3,35,0.5804,0.1781
62,4,34,0.5820,0.1807
62,5,33,0.5836,0.1830
62,6,32,0.5853,0.1849
62,7,31,0.5871,0.1864
62,8,30,0.5889,0.1876
62,9,29,0.5907,0.1884
62,10,28,0.5926,0.1888
62,11,27,0.5945,0.1888
62,12,26,0.5964,0.1884
62,13,25,0.5983,0.1876
62,14,24,0.6002,0.1865
62,15,23,0.6021,0.1849
62,16,22,0.6040,0.1830
62,17,21,0.6059,0.1808
62,18,20,0.6078,0.1781
62,19,19,0.6097,0.1751
62,20,18,0.6115,0.1718
62,21,17,0.6133,0.1681
62,22,16,0.6150,0.1641
62,23,15,0.6168,0.1598
62,24,14,0.6184,0.1553
62,25,13,0.6201,0.1505
62,26,12,0.6216,0.1455
62,27,11,0.6232,0.1402
62,28,10,0.6247,0.1348
62,29,9,0.6261,0.1293
62,30,8,0.6274,0.1236
62,31,7,0.6287,0.1179
62,32,6,0.6300,0.1120
62,33,5,0.6312,0.1062
62,34,4,0.6323,0.1004
62,35,3,0.6333,0.0946
62,36,2,0.6343,0.0888
62,37,1,0.6353,0.0832
62,38,0,0.6362,0.0777
63,0,37,0.5782,0.1589
63,1,36,0.5797,0.1623
63,2,35,0.5813,0.1654
63,3,34,0.5829,0.1682
63,4,33,0.5846,0.1707
63,5,32,0.5863,0.1728
63,6,31,0.5881,0.1746
63,7,30,0.5900,0.1761
63,8,29,0.5918,0.1772
63,9,28,0.5937,0.1779
63,10,27,0.5956,0.1782
63,11,26,0.5975,0.1782
63,12,25,0.5994,0.1778
63,13,24,0.6014,0.1770
63,14,23,0.6033,0.1758
63,15,22,0.6052,0.1743
63,16,21,0.6071,0.1724
63,17,20,0.6090,0.1702
63,18,19,0.6108,0.1675
63,19,18,0.6126,0.1646
63,20,17,0.6144,0.1613
63,21,16,0.6162,0.1577
63,22,15,0.6179,0.1538
63,23,14,0.6196,0.1496
63,24,13,0.6212,0.1452
63,25,12,0.6228,0.1405
63,26,11,0.6243,0.1356
63,27,10,0.6258,0.1306
63,28,9,0.6272,0.1253
63,29,8,0.6285,0.1200
63,30,7,0.6298,0.1145
63,31,6,0.6311,0.1090
63,32,5,0.6322,0.1035
63,33,4,0.6334,0.0979
63,34,3,0.6344,0.0923
63,35,2,0.6354,0.0868
63,36,1,0.6363,0.0814
63,37,0,0.6372,0.0761
64,0,36,0.5806,0.1499
64,1,35,0.5822,0.1531
64,2,34,0.5839,0.1561
64,3,33,0.5856,0.1587
64,4,32,0.5874,0.1611
64,5,31,0.5892,0.1631
64,6,30,0.5911,0.1648
64,7,29,0.5930,0.1662
64,8,28,0.5949,0.1672
64,9,27,0.5968,0.1678
64,10,26,0.5987,0.1681
64,11,25,0.6007,0.1680
64,12,24,0.6026,0.1676
64,13,23,0.6045,0.1667
64,14,22,0.6064,0.1656
64,15,21,0.6083,0.1640
64,16,20,0.6102,0.1621
64,17,19,0.6121,0.1599
64,18,18,0.6139,0.1573
64,19,17,0.6157,0.1544
64,20,16,0.6174,0.1512
64,21,15,0.6191,0.1476
64,22,14,0.6208,0.1438
64,23,13,0.6224,0.1397
64,24,12,0.6240,0.1354
64,25,11,0.6255,0.1309
64,26,10,0.6269,0.1262
64,27,9,0.6283,0.1213
64,28,8,0.6297,0.1162
64,29,7,0.6310,0.1111
64,30,6,0.6322,0.1059
64,31,5,0.6334,0.1006
64,32,4,0.6345,0.0953
64,33,3,0.6356,0.0900
64,34,2,0.6365,0.0847
64,35,1,0.6375,0.0795
64,36,0,0.6384,0.0744
65,0,35,0.5833,0.1413
65,1,34,0.5850,0.1443
65,2,33,0.5868,0.1471
65,3,32,0.5886,0.1497
65,4,31,0.5904,0.1519
65,5,30,0.5923,0.1538
65,6,29,0.5942,0.1554
65,7,28,0.5961,0.1566
65,8,27,0.5981,0.1575
65,9,26,0.6000,0.1581
65,10,25,0.6019,0.1583
65,11,24,0.6039,0.1582
65,12,23,0.6058,0.1577
65,13,22,0.6077,0.1568
65,14,21,0.6096,0.1556
65,15,20,0.6115,0.1541
65,16,19,0.6134,0.1522
65,17,18,0.6152,0.1499
65,18,17,0.6169,0.1474
65,19,16,0.6187,0.1445
65,20,15,0.6204,0.1413
65,21,14,0.6220,0.1379
65,22,13,0.6237,0.1342
65,23,12,0.6252,0.1302
65,24,11,0.6267,0.1260
65,25,10,0.6282,0.1216
65,26,9,0.6296,0.1170
65,27,8,0.6309,0.1123
65,28,7,0.6322,0.1075
65,29,6,0.6334,0.1026
65,30,5,0.6346,0.0976
65,31,4,0.6357,0.0925
65,32,3,0.6368,0.0875
65,33,2,0.6377,0.0824
65,34,1,0.6387,0.0775
65,35,0,0.6395,0.0725
66,0,34,0.5861,0.1331
66,1,33,0.5879,0.1360
66,2,32,0.5898,0.1386
66,3,31,0.5916,0.1410
66,4,30,0.5935,0.1430
66,5,29,0.5955,0.1448
66,6,28,0.5974,0.1463
66,7,27,0.5994,0.1474
66,8,26,0.6013,0.1482
66,9,25,0.6033,0.1487
66,10,24,0.6052,0.1489
66,11,23,0.6072,0.1487
66,12,22,0.6091,0.1481
66,13,21,0.6110,0.1472
66,14,20,0.6129,0.1460
66,15,19,0.6147,0.1444
66,16,18,0.6165,0.1425
66,17,17,0.6183,0.1403
66,18,16,0.6200,0.1378
66,19,15,0.6217,0.1350
66,20,14,0.6234,0.1319
66,21,13,0.6250,0.1285
66,22,12,0.6265,0.1248
66,23,11,0.6280,0.1210
66,24,10,0.6295,0.1169
66,25,9,0.6309,0.1127
66,26,8,0.6322,0.1083
66,27,7,0.6335,0.1037
66,28,6,0.6347,0.0991
66,29,5,0.6359,0.0944
66,30,4,0.6370,0.0896
66,31,3,0.6380,0.0848
66,32,2,0.6390,0.0801
66,33,1,0.6399,0.0753
66,34,0,0.6408,0.0706
67,0,33,0.5891,0.1252
67,1,32,0.5910,0.1279
67,2,31,0.5929,0.1304
67,3,30,0.5949,0.1326
67,4,29,0.5968,0.1346
67,5,28,0.5988,0.1362
67,6,27,0.6007,0.1376
67,7,26,0.6027,0.1386
67,8,25,0.6047,0.1393
67,9,24,0.6066,0.1397
67,10,23,0.6086,0.1398
67,11,22,0.6105,0.1395
67,12,21,0.6124,0.1389
67,13,20,0.6143,0.1380
67,14,19,0.6161,0.1367
67,15,18,0.6179,0.1351
67,16,17,0.6197,0.1332
67,17,16,0.6214,0.1310
67,18,15,0.6231,0.1285
67,19,14,0.6247,0.1257
67,20,13,0.6263,0.1227
67,21,12,0.6279,0.1194
67,22,11,0.6294,0.1159
67,23,10,0.6308,0.1121
67,24,9,0.6322,0.1082
67,25,8,0.6335,0.1041
67,26,7,0.6348,0.0999
67,27,6,0.6360,0.0955
67,28,5,0.6372,0.0911
67,29,4,0.6383,0.0866
67,30,3,0.6393,0.0821
67,31,2,0.6403,0.0776
67,32,1,0.6412,0.0730
67,33,0,0.6421,0.0686
68,0,32,0.5923,0.1177
68,1,31,0.5942,0.1203
68,2,30,0.5962,0.1226
68,3,29,0.5982,0.1246
68,4,28,0.6002,0.1264
68,5,27,0.6022,0.1279
68,6,26,0.6041,0.1291
68,7,25,0.6061,0.1301
68,8,24,0.6081,0.1307
68,9,23,0.6100,0.1310
68,10,22,0.6120,0.1310
68,11,21,0.6139,0.1306
68,12,20,0.6157,0.1300
68,13,19,0.6176,0.1290
68,14,18,0.6194,0.1277
68,15,17,0.6211,0.1261
68,16,16,0.6228,0.1242
68,17,15,0.6245,0.1220
68,18,14,0.6262,0.1196
68,19,13,0.6277,0.1168
68,20,12,0.6293,0.1139
68,21,11,0.6308,0.1106
68,22,10,0.6322,0.1072
68,23,9,0.6336,0.1036
68,24,8,0.6349,0.0998
68,25,7,0.6361,0.0959
68,26,6,0.6373,0.0919
68,27,5,0.6385,0.0877
68,28,4,0.6396,0.0835
68,29,3,0.6406,0.0792
68,30,2,0.6416,0.0750
68,31,1,0.6425,0.0707
68,32,0,0.6434,0.0664
69,0,31,0.5956,0.1105
69,1,30,0.5976,0.1129
69,2,29,0.5996,0.1150
69,3,28,0.6016,0.1169
69,4,27,0.6036,0.1186
69,5,26,0.6056,0.1199
69,6,25,0.6076,0.1210
69,7,24,0.6096,0.1218
69,8,23,0.6115,0.1224
69,9,22,0.6134,0.1226
69,10,21,0.6153,0.1225
69,11,20,0.6172,0.1221
69,12,19,0.6190,0.1213
69,13,18,0.6208,0.1203
69,14,17,0.6226,0.1190
69,15,16,0.6243,0.1174
69,16,15,0.6260,0.1155
69,17,14,0.6276,0.1134
69,18,13,0.6292,0.1109
69,19,12,0.6307,0.1083
69,20,11,0.6322,0.1054
69,21,10,0.6336,0.1022
69,22,9,0.6350,0.0989
69,23,8,0.6363,0.0955
69,24,7,0.6375,0.0918
69,25,6,0.6387,0.0881
69,26,5,0.6399,0.0842
69,27,4,0.6409,0.0803
69,28,3,0.6420,0.0763
69,29,2,0.6429,0.0722
69,30,1,0.6439,0.0682
69,31,0,0.6447,0.0642
70,0,30,0.5990,0.1036
70,1,29,0.6010,0.1058
70,2,28,0.6030,0.1078
70,3,27,0.6051,0.1095
70,4,26,0.6071,0.1110
70,5,25,0.6091,0.1123
70,6,24,0.6111,0.1132
70,7,23,0.6130,0.1139
70,8,22,0.6149,0.1143
70,9,21,0.6168,0.1144
70,10,20,0.6187,0.1143
70,11,19,0.6205,0.1138
70,12,18,0.6223,0.1130
70,13,17,0.6241,0.1120
70,14,16,0.6258,0.1106
70,15,15,0.6274,0.1090
70,16,14,0.6291,0.1071
70,17,13,0.6306,0.1050
70,18,12,0.6321,0.1026
70,19,11,0.6336,0.1000
70,20,10,0.6350,0.0972
70,21,9,0.6364,0.0942
70,22,8,0.6377,0.0910
70,23,7,0.6389,0.0877
70,24,6,0.6401,0.0842
70,25,5,0.6412,0.0806
70,26,4,0.6423,0.0769
70,27,3,0.6434,0.0732
70,28,2,0.6443,0.0694
70,29,1,0.6452,0.0656
70,30,0,0.6461,0.0618
71,0,29,0.6025,0.0970
71,1,28,0.6045,0.0990
71,2,27,0.6066,0.1009
71,3,26,0.6086,0.1024
71,4,25,0.6106,0.1038
71,5,24,0.6126,0.1049
71,6,23,0.6145,0.1057
71,7,22,0.6165,0.1063
71,8,21,0.6184,0.1066
71,9,20,0.6202,0.1066
71,10,19,0.6221,0.1064
71,11,18,0.6238,0.1058
71,12,17,0.6256,0.1050
71,13,16,0.6273,0.1039
71,14,15,0.6289,0.1026
71,15,14,0.6305,0.1010
71,16,13,0.6321,0.0991
71,17,12,0.6336,0.0970
71,18,11,0.6351,0.0947
71,19,10,0.6365,0.0921
71,20,9,0.6378,0.0894
71,21,8,0.6391,0.0865
71,22,7,0.6403,0.0834
71,23,6,0.6415,0.0802
71,24,5,0.6427,0.0769
71,25,4,0.6437,0.0735
71,26,3,0.6447,0.0700
71,27,2,0.6457,0.0665
71,28,1,0.6466,0.0630
71,29,0,0.6475,0.0594
72,0,28,0.6060,0.0907
72,1,27,0.6081,0.0925
72,2,26,0.6101,0.0942
72,3,25,0.6121,0.0956
72,4,24,0.6141,0.0968
72,5,23,0.6161,0.0978
72,6,22,0.6180,0.0985
72,7,21,0.6199,0.0989
72,8,20,0.6218,0.0991
72,9,19,0.6236,0.0991
72,10,18,0.6254,0.0987
72,11,17,0.6271,0.0982
72,12,16,0.6288,0.0973
72,13,15,0.6304,0.0962
72,14,14,0.6320,0.0948
72,15,13,0.6336,0.0932
72,16,12,0.6351,0.0914
72,17,11,0.6365,0.0893
72,18,10,0.6379,0.0871
72,19,9,0.6392,0.0846
72,20,8,0.6405,0.0820
72,21,7,0.6418,0.0792
72,22,6,0.6429,0.0762
72,23,5,0.6441,0.0732
72,24,4,0.6451,0.0701
72,25,3,0.6461,0.0668
72,26,2,0.6471,0.0636
72,27,1,0.6480,0.0602
72,28,0,0.6488,0.0569
73,0,27,0.6096,0.0846
73,1,26,0.6116,0.0863
73,2,25,0.6136,0.0878
73,3,24,0.6156,0.0890
73,4,23,0.6176,0.0901
73,5,22,0.6195,0.0909
73,6,21,0.6214,0.0915
73,7,20,0.6233,0.0919
73,8,19,0.6251,0.0920
73,9,18,0.6269,0.0918
73,10,17,0.6286,0.0914
73,11,16,0.6303,0.0908
73,12,15,0.6319,0.0899
73,13,14,0.6335,0.0888
73,14,13,0.6351,0.0874
73,15,12,0.6365,0.0858
73,16,11,0.6380,0.0840
73,17,10,0.6394,0.0820
73,18,9,0.6407,0.0798
73,19,8,0.6420,0.0774
73,20,7,0.6432,0.0749
73,21,6,0.6444,0.0722
73,22,5,0.6455,0.0694
73,23,4,0.6465,0.0665
73,24,3,0.6475,0.0636
73,25,2,0.6485,0.0605
73,26,1,0.6494,0.0575
73,27,0,0.6502,0.0543
74,0,26,0.6131,0.0787
74,1,25,0.6152,0.0803
74,2,24,0.6172,0.0816
74,3,23,0.6191,0.0827
74,4,22,0.6211,0.0837
74,5,21,0.6230,0.0844
74,6,20,0.6248,0.0849
74,7,19,0.6267,0.0851
74,8,18,0.6284,0.0851
74,9,17,0.6301,0.0849
74,10,16,0.6318,0.0844
74,11,15,0.6334,0.0837
74,12,14,0.6350,0.0828
74,13,13,0.6365,0.0817
74,14,12,0.6380,0.0803
74,15,11,0.6394,0.0787
74,16,10,0.6408,0.0770
74,17,9,0.6421,0.0750
74,18,8,0.6434,0.0729
74,19,7,0.6446,0.0706
74,20,6,0.6458,0.0682
74,21,5,0.6469,0.0656
74,22,4,0.6479,0.0630
74,23,3,0.6489,0.0603
74,24,2,0.6499,0.0575
74,25,1,0.6508,0.0546
74,26,0,0.6516,0.0517
75,0,25,0.6167,0.0731
75,1,24,0.6187,0.0745
75,2,23,0.6207,0.0757
75,3,22,0.6226,0.0767
75,4,21,0.6245,0.0775
75,5,20,0.6264,0.0781
75,6,19,0.6282,0.0785
75,7,18,0.6299,0.0786
75,8,17,0.6317,0.0785
75,9,16,0.6333,0.0782
75,10,15,0.6349,0.0777
75,11,14,0.6365,0.0770
75,12,13,0.6380,0.0760
75,13,12,0.6395,0.0749
75,14,11,0.6409,0.0735
75,15,10,0.6423,0.0720
75,16,9,0.6436,0.0703
75,17,8,0.6448,0.0684
75,18,7,0.6460,0.0663
75,19,6,0.6472,0.0642
75,20,5,0.6483,0.0619
75,21,4,0.6493,0.0594
75,22,3,0.6503,0.0569
75,23,2,0.6513,0.0544
75,24,1,0.6522,0.0518
75,25,0,0.6530,0.0491
76,0,24,0.6202,0.0678
76,1,23,0.6222,0.0690
76,2,22,0.6242,0.0701
76,3,21,0.6260,0.0709
76,4,20,0.6279,0.0716
76,5,19,0.6297,0.0721
76,6,18,0.6315,0.0723
76,7,17,0.6332,0.0724
76,8,16,0.6348,0.0722
76,9,15,0.6364,0.0719
76,10,14,0.6380,0.0713
76,11,13,0.6395,0.0706
76,12,12,0.6409,0.0696
76,13,11,0.6424,0.0685
76,14,10,0.6437,0.0671
76,15,9,0.6450,0.0656
76,16,8,0.6463,0.0639
76,17,7,0.6475,0.0621
76,18,6,0.6486,0.0602
76,19,5,0.6497,0.0581
76,20,4,0.6507,0.0559
76,21,3,0.6517,0.0536
76,22,2,0.6527,0.0513
76,23,1,0.6536,0.0489
76,24,0,0.6544,0.0464
77,0,23,0.6237,0.0627
77,1,22,0.6257,0.0638
77,2,21,0.6276,0.0647
77,3,20,0.6294,0.0654
77,4,19,0.6312,0.0660
77,5,18,0.6330,0.0663
77,6,17,0.6347,0.0665
77,7,16,0.6363,0.0665
77,8,15,0.6379,0.0663
77,9,14,0.6394,0.0659
77,10,13,0.6409,0.0653
77,11,12,0.6424,0.0645
77,12,11,0.6438,0.0635
77,13,10,0.6451,0.0624
77,14,9,0.6464,0.0611
77,15,8,0.6477,0.0596
77,16,7,0.6489,0.0580
77,17,6,0.6500,0.0562
77,18,5,0.6511,0.0544
77,19,4,0.6521,0.0524
77,20,3,0.6531,0.0503
77,21,2,0.6540,0.0482
77,22,1,0.6549,0.0460
77,23,0,0.6558,0.0438
78,0,22,0.6272,0.0578
78,1,21,0.6291,0.0587
78,2,20,0.6309,0.0595
78,3,19,0.6327,0.0601
78,4,18,0.6344,0.0606
78,5,17,0.6361,0.0608
78,6,16,0.6378,0.0609
78,7,15,0.6394,0.0608
78,8,14,0.6409,0.0606
78,9,13,0.6424,0.0601
78,10,12,0.6438,0.0595
78,11,11,0.6452,0.0587
78,12,10,0.6465,0.0577
78,13,9,0.6478,0.0566
78,14,8,0.6491,0.0553
78,15,7,0.6502,0.0539
78,16,6,0.6514,0.0524
78,17,5,0.6524,0.0507
78,18,4,0.6535,0.0490
78,19,3,0.6545,0.0471
78,20,2,0.6554,0.0452
78,21,1,0.6563,0.0432
78,22,0,0.6571,0.0411
79,0,21,0.6305,0.0532
79,1,20,0.6324,0.0540
79,2,19,0.6342,0.0546
79,3,18,0.6359,0.0551
79,4,17,0.6376,0.0555
79,5,16,0.6392,0.0557
79,6,15,0.6408,0.0557
79,7,14,0.6423,0.0555
79,8,13,0.6438,0.0552
79,9,12,0.6452,0.0547
79,10,11,0.6466,0.0541
79,11,10,0.6479,0.0532
79,12,9,0.6492,0.0523
79,13,8,0.6504,0.0512
79,14,7,0.6516,0.0500
79,15,6,0.6527,0.0486
79,16,5,0.6538,0.0471
79,17,4,0.6548,0.0456
79,18,3,0.6558,0.0439
79,19,2,0.6567,0.0422
79,20,1,0.6576,0.0404
79,21,0,0.6584,0.0385
80,0,20,0.6338,0.0487
80,1,19,0.6356,0.0494
80,2,18,0.6373,0.0500
80,3,17,0.6390,0.0504
80,4,16,0.6406,0.0506
80,5,15,0.6422,0.0507
80,6,14,0.6437,0.0507
80,7,13,0.6452,0.0505
80,8,12,0.6466,0.0501
80,9,11,0.6480,0.0496
80,10,10,0.6493,0.0489
80,11,9,0.6506,0.0481
80,12,8,0.6518,0.0472
80,13,7,0.6529,0.0461
80,14,6,0.6541,0.0449
80,15,5,0.6551,0.0437
80,16,4,0.6561,0.0423
80,17,3,0.6571,0.0408
80,18,2,0.6580,0.0392
80,19,1,0.6589,0.0376
80,20,0,0.6597,0.0359
81,0,19,0.6370,0.0446
81,1,18,0.6388,0.0451
81,2,17,0.6404,0.0456
81,3,16,0.6420,0.0459
81,4,15,0.6436,0.0461
81,5,14,0.6451,0.0461
81,6,13,0.6466,0.0460
81,7,12,0.6480,0.0457
81,8,11,0.6493,0.0453
81,9,10,0.6506,0.0448
81,10,9,0.6519,0.0441
81,11,8,0.6531,0.0433
81,12,7,0.6543,0.0424
81,13,6,0.6554,0.0414
81,14,5,0.6564,0.0403
81,15,4,0.6574,0.0390
81,16,3,0.6584,0.0377
81,17,2,0.6593,0.0363
81,18,1,0.6602,0.0349
81,19,0,0.6610,0.0334
82,0,18,0.6402,0.0406
82,1,17,0.6418,0.0411
82,2,16,0.6434,0.0414
82,3,15,0.6450,0.0417
82,4,14,0.6465,0.0418
82,5,13,0.6479,0.0417
82,6,12,0.6493,0.0416
82,7,11,0.6507,0.0413
82,8,10,0.6520,0.0409
82,9,9,0.6532,0.0403
82,10,8,0.6544,0.0397
82,11,7,0.6555,0.0389
82,12,6,0.6566,0.0380
82,13,5,0.6577,0.0370
82,14,4,0.6587,0.0360
82,15,3,0.6597,0.0348
82,16,2,0.6606,0.0336
82,17,1,0.6615,0.0323
82,18,0,0.6623,0.0309
83,0,17,0.6432,0.0369
83,1,16,0.6448,0.0373
83,2,15,0.6463,0.0375
83,3,14,0.6478,0.0377
83,4,13,0.6492,0.0377
83,5,12,0.6506,0.0377
83,6,11,0.6520,0.0375
83,7,10,0.6532,0.0371
83,8,9,0.6545,0.0367
83,9,8,0.6557,0.0362
83,10,7,0.6568,0.0355
83,11,6,0.6579,0.0348
83,12,5,0.6589,0.0339
83,13,4,0.6600,0.0330
83,14,3,0.6609,0.0320
83,15,2,0.6618,0.0309
83,16,1,0.6627,0.0297
83,17,0,0.6635,0.0285
84,0,16,0.6461,0.0334
84,1,15,0.6476,0.0337
84,2,14,0.6491,0.0339
84,3,13,0.6505,0.0340
84,4,12,0.6519,0.0340
84,5,11,0.6532,0.0338
84,6,10,0.6545,0.0336
84,7,9,0.6557,0.0333
84,8,8,0.6569,0.0328
84,9,7,0.6580,0.0323
84,10,6,0.6591,0.0317
84,11,5,0.6602,0.0309
84,12,4,0.6612,0.0301
84,13,3,0.6621,0.0293
84,14,2,0.6630,0.0283
84,15,1,0.6639,0.0273
84,16,0,0.6647,0.0262
85,0,15,0.6489,0.0301
85,1,14,0.6504,0.0303
85,2,13,0.6518,0.0305
85,3,12,0.6531,0.0305
85,4,11,0.6545,0.0305
85,5,10,0.6557,0.0303
85,6,9,0.6569,0.0301
85,7,8,0.6581,0.0297
85,8,7,0.6592,0.0293
85,9,6,0.6603,0.0287
85,10,5,0.6614,0.0281
85,11,4,0.6623,0.0274
85,12,3,0.6633,0.0267
85,13,2,0.6642,0.0258
85,14,1,0.6651,0.0250
85,15,0,0.6659,0.0240
86,0,14,0.6516,0.0271
86,1,13,0.6530,0.0272
86,2,12,0.6544,0.0273
86,3,11,0.6557,0.0273
86,4,10,0.6569,0.0272
86,5,9,0.6581,0.0270
86,6,8,0.6593,0.0268
86,7,7,0.6604,0.0264
86,8,6,0.6615,0.0260
86,9,5,0.6625,0.0255
86,10,4,0.6635,0.0249
86,11,3,0.6644,0.0242
86,12,2,0.6653,0.0235
86,13,1,0.6662,0.0227
86,14,0,0.6670,0.0219
87,0,13,0.6542,0.0242
87,1,12,0.6556,0.0244
87,2,11,0.6568,0.0244
87,3,10,0.6581,0.0244
87,4,9,0.6593,0.0242
87,5,8,0.6604,0.0240
87,6,7,0.6616,0.0237
87,7,6,0.6626,0.0234
87,8,5,0.6636,0.0230
87,9,4,0.6646,0.0225
87,10,3,0.6656,0.0219
87,11,2,0.6665,0.0213
87,12,1,0.6673,0.0206
87,13,0,0.6681,0.0199
88,0,12,0.6567,0.0216
88,1,11,0.6580,0.0217
88,2,10,0.6592,0.0217
88,3,9,0.6604,0.0216
88,4,8,0.6616,0.0215
88,5,7,0.6627,0.0213
88,6,6,0.6637,0.0210
88,7,5,0.6647,0.0206
88,8,4,0.6657,0.0202
88,9,3,0.6666,0.0198
88,10,2,0.6675,0.0192
88,11,1,0.6684,0.0187
88,12,0,0.6692,0.0180
89,0,11,0.6591,0.0192
89,1,10,0.6603,0.0193
89,2,9,0.6615,0.0192
89,3,8,0.6626,0.0191
89,4,7,0.6637,0.0190
89,5,6,0.6648,0.0187
89,6,5,0.6658,0.0185
89,7,4,0.6668,0.0181
89,8,3,0.6677,0.0177
89,9,2,0.6686,0.0173
89,10,1,0.6694,0.0168
89,11,0,0.6702,0.0163
90,0,10,0.6614,0.0170
90,1,9,0.6626,0.0170
90,2,8,0.6637,0.0170
90,3,7,0.6648,0.0168
90,4,6,0.6658,0.0167
90,5,5,0.6668,0.0165
90,6,4,0.6678,0.0162
90,7,3,0.6687,0.0159
90,8,2,0.6696,0.0155
90,9,1,0.6704,0.0151
90,10,0,0.6712,0.0146
91,0,9,0.6636,0.0150
91,1,8,0.6647,0.0150
91,2,7,0.6658,0.0149
91,3,6,0.6668,0.0148
91,4,5,0.6678,0.0146
91,5,4,0.6688,0.0144
91,6,3,0.6697,0.0141
91,7,2,0.6706,0.0138
91,8,1,0.6714,0.0135
91,9,0,0.6722,0.0131
92,0,8,0.6657,0.0132
92,1,7,0.6668,0.0131
92,2,6,0.6678,0.0130
92,3,5,0.6688,0.0129
92,4,4,0.6697,0.0127
92,5,3,0.6706,0.0125
92,6,2,0.6715,0.0123
92,7,1,0.6724,0.0120
92,8,0,0.6732,0.0117
93,0,7,0.6677,0.0115
93,1,6,0.6687,0.0115
93,2,5,0.6697,0.0114
93,3,4,0.6707,0.0112
93,4,3,0.6716,0.0111
93,5,2,0.6724,0.0109
93,6,1,0.6733,0.0106
93,7,0,0.6741,0.0103
94,0,6,0.6696,0.0100
94,1,5,0.6706,0.0100
94,2,4,0.6715,0.0099
94,3,3,0.6724,0.0097
94,4,2,0.6733,0.0096
94,5,1,0.6741,0.0094
94,6,0,0.6749,0.0091
95,0,5,0.6715,0.0087
95,1,4,0.6724,0.0086
95,2,3,0.6733,0.0085
95,3,2,0.6742,0.0084
95,4,1,0.6750,0.0082
95,5,0,0.6758,0.0081
96,0,4,0.6732,0.0075
96,1,3,0.6741,0.0074
96,2,2,0.6750,0.0073
96,3,1,0.6758,0.0072
96,4,0,0.6766,0.0071
97,0,3,0.6749,0.0065
97,1,2,0.6758,0.0064
97,2,1,0.6766,0.0063
97,3,0,0.6774,0.0062
98,0,2,0.6765,0.0055
98,1,1,0.6773,0.0055
98,2,0,0.6781,0.0054
99,0,1,0.6780,0.0047
99,1,0,0.6788,0.0046
100,0,0,0.6795,0.0040
