DQ_pct_X,TBZ_pct_Y,THI_pct_Z,Z2,density
0,0,100,0.7392,0.0202
0,1,99,0.7372,0.0234
0,2,98,0.7351,0.0269
0,3,97,0.7330,0.0308
0,4,96,0.7308,0.0351
0,5,95,0.7286,0.0398
0,6,94,0.7264,0.0450
0,7,93,0.7242,0.0507
0,8,92,0.7218,0.0568
0,9,91,0.7195,0.0633
0,10,90,0.7171,0.0704
0,11,89,0.7147,0.0779
0,12,88,0.7123,0.0858
0,13,87,0.7098,0.0942
0,14,86,0.7073,0.1029
0,15,85,0.7047,0.1120
0,16,84,0.7021,0.1215
0,17,83,0.6996,0.1313
0,18,82,0.6969,0.1413
0,19,81,0.6943,0.1514
0,20,80,0.6917,0.1618
0,21,79,0.6891,0.1722
0,22,78,0.6864,0.1826
0,23,77,0.6838,0.1930
0,24,76,0.6812,0.2033
0,25,75,0.6787,0.2134
0,26,74,0.6761,0.2233
0,27,73,0.6736,0.2329
0,28,72,0.6712,0.2422
0,29,71,0.6688,0.2510
0,30,70,0.6665,0.2595
0,31,69,0.6642,0.2674
0,32,68,0.6621,0.2748
0,33,67,0.6600,0.2817
0,34,66,0.6580,0.2880
0,35,65,0.6562,0.2937
0,36,64,0.6544,0.2987
0,37,63,0.6527,0.3031
0,38,62,0.6511,0.3069
0,39,61,0.6496,0.3101
0,40,60,0.6482,0.3126
0,41,59,0.6469,0.3145
0,42,58,0.6456,0.3157
0,43,57,0.6444,0.3164
0,44,56,0.6433,0.3165
0,45,55,0.6421,0.3161
0,46,54,0.6410,0.3152
0,47,53,0.6398,0.3138
0,48,52,0.6385,0.3120
0,49,51,0.6371,0.3098
0,50,50,0.6356,0.3072
0,51,49,0.6339,0.3043
0,52,48,0.6319,0.3012
0,53,47,0.6298,0.2978
0,54,46,0.6273,0.2943
0,55,45,0.6244,0.2906
0,56,44,0.6212,0.2868
0,57,43,0.6175,0.2830
0,58,42,0.6134,0.2792
0,59,41,0.6088,0.2753
0,60,40,0.6037,0.2715
0,61,39,0.5980,0.2677
0,62,38,0.5918,0.2640
0,63,37,0.5850,0.2604
0,64,36,0.5777,0.2568
0,65,35,0.5699,0.2534
0,66,34,0.5615,0.2499
0,67,33,0.5527,0.2465
0,68,32,0.5434,0.2432
0,69,31,0.5338,0.2398
0,70,30,0.5237,0.2364
0,71,29,0.5133,0.2330
0,72,28,0.5027,0.2294
0,73,27,0.4918,0.2257
0,74,26,0.4807,0.2219
0,75,25,0.4695,0.2179
0,76,24,0.4582,0.2137
0,77,23,0.4468,0.2092
0,78,22,0.4354,0.2045
0,79,21,0.4239,0.1996
0,80,20,0.4125,0.1943
0,81,19,0.4012,0.1888
0,82,18,0.3899,0.1829
0,83,17,0.3787,0.1769
0,84,16,0.3677,0.1705
0,85,15,0.3567,0.1639
0,86,14,0.3459,0.1571
0,87,13,0.3352,0.1502
0,88,12,0.3247,0.1430
0,89,11,0.3143,0.1358
0,90,10,0.3041,0.1285
0,91,9,0.2941,0.1212
0,92,8,0.2843,0.1139
0,93,7,0.2747,0.1066
0,94,6,0.2652,0.0994
0,95,5,0.2560,0.0924
0,96,4,0.2469,0.0855
0,97,3,0.2381,0.0789
0,98,2,0.2295,0.0724
0,99,1,0.2210,0.0663
0,100,0,0.2128,0.0604
1,0,99,0.7440,0.0232
1,1,98,0.7418,0.0268
1,2,97,0.7396,0.0307
1,3,96,0.7374,0.0351
1,4,95,0.7351,0.0399
1,5,94,0.7328,0.0452
1,6,93,0.7304,0.0510
1,7,92,0.7280,0.0573
1,8,91,0.7256,0.0641
1,9,90,0.7231,0.0713
1,10,89,0.7206,0.0791
1,11,88,0.7180,0.0873
1,12,87,0.7154,0.0961
1,13,86,0.7128,0.1052
1,14,85,0.7101,0.1148
1,15,84,0.7074,0.1247
1,16,83,0.7047,0.1350
1,17,82,0.7020,0.1456
1,18,81,0.6992,0.1564
1,19,80,0.6964,0.1674
1,20,79,0.6936,0.1785
1,21,78,0.6908,0.1897
1,22,77,0.6881,0.2009
1,23,76,0.6853,0.2120
1,24,75,0.6826,0.2229
1,25,74,0.6798,0.2337
1,26,73,0.6772,0.2442
1,27,72,0.6745,0.2544
1,28,71,0.6720,0.2641
1,29,70,0.6694,0.2735
1,30,69,0.6670,0.2823
1,31,68,0.6646,0.2906
1,32,67,0.6624,0.2983
1,33,66,0.6602,0.3054
1,34,65,0.6581,0.3119
1,35,64,0.6561,0.3177
1,36,63,0.6543,0.3229
1,37,62,0.6525,0.3273
1,38,61,0.6508,0.3311
1,39,60,0.6493,0.3342
1,40,59,0.6478,0.3365
1,41,58,0.6464,0.3383
1,42,57,0.6451,0.3393
1,43,56,0.6438,0.3398
1,44,55,0.6425,0.3396
1,45,54,0.6413,0.3389
1,46,53,0.6401,0.3376
1,47,52,0.6388,0.3358
1,48,51,0.6374,0.3336
1,49,50,0.6360,0.3309
1,50,49,0.6344,0.3279
1,51,48,0.6326,0.3246
1,52,47,0.6306,0.3210
1,53,46,0.6283,0.3171
1,54,45,0.6257,0.3131
1,55,44,0.6228,0.3090
1,56,43,0.6194,0.3047
1,57,42,0.6157,0.3004
1,58,41,0.6115,0.2961
1,59,40,0.6068,0.2918
1,60,39,0.6016,0.2875
1,61,38,0.5959,0.2833
1,62,37,0.5897,0.2792
1,63,36,0.5829,0.2751
1,64,35,0.5756,0.2711
1,65,34,0.5677,0.2672
1,66,33,0.5594,0.2633
1,67,32,0.5506,0.2595
1,68,31,0.5414,0.2557
1,69,30,0.5318,0.2519
1,70,29,0.5218,0.2480
1,71,28,0.5115,0.2441
1,72,27,0.5010,0.2401
1,73,26,0.4902,0.2359
1,74,25,0.4792,0.2316
1,75,24,0.4681,0.2271
1,76,23,0.4569,0.2224
1,77,22,0.4456,0.2174
1,78,21,0.4343,0.2122
1,79,20,0.4230,0.2067
1,80,19,0.4117,0.2009
1,81,18,0.4005,0.1948
1,82,17,0.3893,0.1885
1,83,16,0.3782,0.1819
1,84,15,0.3672,0.1750
1,85,14,0.3564,0.1680
1,86,13,0.3456,0.1607
1,87,12,0.3350,0.1532
1,88,11,0.3246,0.1457
1,89,10,0.3143,0.1380
1,90,9,0.3041,0.1304
1,91,8,0.2942,0.1227
1,92,7,0.2844,0.1150
1,93,6,0.2748,0.1075
1,94,5,0.2654,0.1000
1,95,4,0.2562,0.0927
1,96,3,0.2472,0.0857
1,97,2,0.2384,0.0788
1,98,1,0.2298,0.0722
1,99,0,0.2214,0.0659
2,0,98,0.7484,0.0266
2,1,97,0.7462,0.0305
2,2,96,0.7439,0.0350
2,3,95,0.7415,0.0399
2,4,94,0.7391,0.0453
2,5,93,0.7367,0.0512
2,6,92,0.7342,0.0576
2,7,91,0.7317,0.0645
2,8,90,0.7291,0.0720
2,9,89,0.7265,0.0800
2,10,88,0.7238,0.0885
2,11,87,0.7211,0.0976
2,12,86,0.7183,0.1071
2,13,85,0.7156,0.1171
2,14,84,0.7127,0.1275
2,15,83,0.7099,0.1383
2,16,82,0.7070,0.1495
2,17,81,0.7041,0.1609
2,18,80,0.7012,0.1726
2,19,79,0.6982,0.1844
2,20,78,0.6953,0.1963
2,21,77,0.6923,0.2083
2,22,76,0.6894,0.2202
2,23,75,0.6865,0.2320
2,24,74,0.6836,0.2437
2,25,73,0.6807,0.2551
2,26,72,0.6779,0.2662
2,27,71,0.6752,0.2769
2,28,70,0.6725,0.2871
2,29,69,0.6698,0.2969
2,30,68,0.6673,0.3061
2,31,67,0.6648,0.3148
2,32,66,0.6624,0.3228
2,33,65,0.6601,0.3301
2,34,64,0.6580,0.3368
2,35,63,0.6559,0.3427
2,36,62,0.6540,0.3479
2,37,61,0.6521,0.3523
2,38,60,0.6504,0.3560
2,39,59,0.6487,0.3590
2,40,58,0.6472,0.3612
2,41,57,0.6457,0.3627
2,42,56,0.6443,0.3636
2,43,55,0.6430,0.3637
2,44,54,0.6417,0.3632
2,45,53,0.6404,0.3621
2,46,52,0.6391,0.3604
2,47,51,0.6377,0.3582
2,48,50,0.6363,0.3556
2,49,49,0.6348,0.3525
2,50,48,0.6331,0.3490
2,51,47,0.6312,0.3451
2,52,46,0.6291,0.3410
2,53,45,0.6267,0.3367
2,54,44,0.6241,0.3321
2,55,43,0.6211,0.3275
2,56,42,0.6177,0.3227
2,57,41,0.6139,0.3179
2,58,40,0.6096,0.3131
2,59,39,0.6048,0.3083
2,60,38,0.5996,0.3036
2,61,37,0.5939,0.2989
2,62,36,0.5876,0.2942
2,63,35,0.5808,0.2897
2,64,34,0.5735,0.2852
2,65,33,0.5657,0.2809
2,66,32,0.5574,0.2765
2,67,31,0.5486,0.2722
2,68,30,0.5395,0.2680
2,69,29,0.5299,0.2637
2,70,28,0.5200,0.2593
2,71,27,0.5098,0.2549
2,72,26,0.4994,0.2504
2,73,25,0.4887,0.2458
2,74,24,0.4779,0.2409
2,75,23,0.4669,0.2359
2,76,22,0.4558,0.2307
2,77,21,0.4447,0.2252
2,78,20,0.4335,0.2194
2,79,19,0.4223,0.2133
2,80,18,0.4111,0.2070
2,81,17,0.4000,0.2004
2,82,16,0.3889,0.1935
2,83,15,0.3779,0.1864
2,84,14,0.3670,0.1790
2,85,13,0.3562,0.1715
2,86,12,0.3456,0.1637
2,87,11,0.3350,0.1558
2,88,10,0.3246,0.1478
2,89,9,0.3144,0.1398
2,90,8,0.3043,0.1317
2,91,7,0.2944,0.1237
2,92,6,0.2847,0.1157
2,93,5,0.2752,0.1079
2,94,4,0.2658,0.1002
2,95,3,0.2566,0.0927
2,96,2,0.2477,0.0854
2,97,1,0.2389,0.0784
2,98,0,0.2303,0.0717
3,0,97,0.7527,0.0302
3,1,96,0.7503,0.0347
3,2,95,0.7479,0.0397
3,3,94,0.7454,0.0451
3,4,93,0.7429,0.0511
3,5,92,0.7403,0.0576
3,6,91,0.7377,0.0647
3,7,90,0.7350,0.0724
3,8,89,0.7323,0.0806
3,9,88,0.7296,0.0894
3,10,87,0.7267,0.0988
3,11,86,0.7239,0.1086
3,12,85,0.7210,0.1190
3,13,84,0.7180,0.1299
3,14,83,0.7150,0.1412
3,15,82,0.7120,0.1528
3,16,81,0.7090,0.1649
3,17,80,0.7059,0.1772
3,18,79,0.7028,0.1897
3,19,78,0.6997,0.2023
3,20,77,0.6966,0.2151
3,21,76,0.6936,0.2278
3,22,75,0.6905,0.2405
3,23,74,0.6874,0.2531
3,24,73,0.6844,0.2654
3,25,72,0.6814,0.2774
3,26,71,0.6784,0.2891
3,27,70,0.6755,0.3003
3,28,69,0.6727,0.3111
3,29,68,0.6700,0.3213
3,30,67,0.6673,0.3309
3,31,66,0.6647,0.3398
3,32,65,0.6623,0.3481
3,33,64,0.6599,0.3556
3,34,63,0.6576,0.3624
3,35,62,0.6555,0.3684
3,36,61,0.6535,0.3736
3,37,60,0.6515,0.3780
3,38,59,0.6497,0.3816
3,39,58,0.6480,0.3845
3,40,57,0.6464,0.3865
3,41,56,0.6449,0.3878
3,42,55,0.6435,0.3883
3,43,54,0.6421,0.3881
3,44,53,0.6407,0.3873
3,45,52,0.6394,0.3858
3,46,51,0.6380,0.3837
3,47,50,0.6366,0.3810
3,48,49,0.6351,0.3779
3,49,48,0.6335,0.3742
3,50,47,0.6317,0.3702
3,51,46,0.6298,0.3659
3,52,45,0.6276,0.3612
3,53,44,0.6251,0.3563
3,54,43,0.6224,0.3513
3,55,42,0.6193,0.3461
3,56,41,0.6159,0.3408
3,57,40,0.6120,0.3354
3,58,39,0.6077,0.3301
3,59,38,0.6029,0.3248
3,60,37,0.5976,0.3195
3,61,36,0.5918,0.3143
3,62,35,0.5855,0.3092
3,63,34,0.5787,0.3042
3,64,33,0.5714,0.2992
3,65,32,0.5636,0.2943
3,66,31,0.5554,0.2895
3,67,30,0.5467,0.2847
3,68,29,0.5376,0.2800
3,69,28,0.5282,0.2752
3,70,27,0.5184,0.2703
3,71,26,0.5083,0.2654
3,72,25,0.4980,0.2604
3,73,24,0.4874,0.2552
3,74,23,0.4767,0.2498
3,75,22,0.4658,0.2442
3,76,21,0.4549,0.2384
3,77,20,0.4439,0.2324
3,78,19,0.4328,0.2260
3,79,18,0.4217,0.2194
3,80,17,0.4107,0.2125
3,81,16,0.3996,0.2054
3,82,15,0.3887,0.1980
3,83,14,0.3778,0.1903
3,84,13,0.3670,0.1824
3,85,12,0.3563,0.1744
3,86,11,0.3457,0.1662
3,87,10,0.3352,0.1579
3,88,9,0.3249,0.1495
3,89,8,0.3147,0.1410
3,90,7,0.3047,0.1326
3,91,6,0.2949,0.1243
3,92,5,0.2852,0.1160
3,93,4,0.2757,0.1079
3,94,3,0.2664,0.1000
3,95,2,0.2572,0.0923
3,96,1,0.2483,0.0849
3,97,0,0.2395,0.0778
4,0,96,0.7567,0.0343
4,1,95,0.7542,0.0393
4,2,94,0.7517,0.0448
4,3,93,0.7491,0.0508
4,4,92,0.7464,0.0575
4,5,91,0.7437,0.0647
4,6,90,0.7410,0.0725
4,7,89,0.7381,0.0809
4,8,88,0.7353,0.0899
4,9,87,0.7324,0.0995
4,10,86,0.7294,0.1097
4,11,85,0.7264,0.1204
4,12,84,0.7233,0.1317
4,13,83,0.7202,0.1435
4,14,82,0.7171,0.1556
4,15,81,0.7139,0.1682
4,16,80,0.7107,0.1811
4,17,79,0.7075,0.1943
4,18,78,0.7042,0.2077
4,19,77,0.7010,0.2212
4,20,76,0.6977,0.2348
4,21,75,0.6945,0.2484
4,22,74,0.6912,0.2618
4,23,73,0.6880,0.2751
4,24,72,0.6849,0.2881
4,25,71,0.6817,0.3007
4,26,70,0.6786,0.3130
4,27,69,0.6756,0.3247
4,28,68,0.6727,0.3359
4,29,67,0.6698,0.3466
4,30,66,0.6671,0.3565
4,31,65,0.6644,0.3657
4,32,64,0.6619,0.3742
4,33,63,0.6594,0.3819
4,34,62,0.6571,0.3888
4,35,61,0.6549,0.3948
4,36,60,0.6528,0.4000
4,37,59,0.6508,0.4044
4,38,58,0.6490,0.4079
4,39,57,0.6472,0.4105
4,40,56,0.6455,0.4123
4,41,55,0.6440,0.4133
4,42,54,0.6425,0.4135
4,43,53,0.6410,0.4130
4,44,52,0.6396,0.4117
4,45,51,0.6382,0.4098
4,46,50,0.6368,0.4072
4,47,49,0.6353,0.4040
4,48,48,0.6337,0.4004
4,49,47,0.6321,0.3962
4,50,46,0.6303,0.3916
4,51,45,0.6282,0.3867
4,52,44,0.6260,0.3815
4,53,43,0.6235,0.3760
4,54,42,0.6207,0.3704
4,55,41,0.6175,0.3646
4,56,40,0.6140,0.3588
4,57,39,0.6101,0.3529
4,58,38,0.6057,0.3470
4,59,37,0.6009,0.3411
4,60,36,0.5956,0.3353
4,61,35,0.5898,0.3296
4,62,34,0.5835,0.3239
4,63,33,0.5767,0.3184
4,64,32,0.5695,0.3129
4,65,31,0.5617,0.3075
4,66,30,0.5535,0.3022
4,67,29,0.5449,0.2969
4,68,28,0.5359,0.2916
4,69,27,0.5266,0.2863
4,70,26,0.5169,0.2809
4,71,25,0.5069,0.2754
4,72,24,0.4967,0.2698
4,73,23,0.4863,0.2641
4,74,22,0.4757,0.2582
4,75,21,0.4650,0.2520
4,76,20,0.4541,0.2456
4,77,19,0.4432,0.2390
4,78,18,0.4323,0.2321
4,79,17,0.4214,0.2249
4,80,16,0.4104,0.2175
4,81,15,0.3995,0.2098
4,82,14,0.3886,0.2018
4,83,13,0.3778,0.1936
4,84,12,0.3671,0.1853
4,85,11,0.3565,0.1767
4,86,10,0.3460,0.1681
4,87,9,0.3356,0.1593
4,88,8,0.3253,0.1505
4,89,7,0.3152,0.1418
4,90,6,0.3053,0.1330
4,91,5,0.2955,0.1244
4,92,4,0.2858,0.1159
4,93,3,0.2764,0.1075
4,94,2,0.2671,0.0994
4,95,1,0.2580,0.0916
4,96,0,0.2491,0.0840
5,0,95,0.7605,0.0387
5,1,94,0.7579,0.0443
5,2,93,0.7552,0.0504
5,3,92,0.7525,0.0571
5,4,91,0.7497,0.0644
5,5,90,0.7468,0.0723
5,6,89,0.7439,0.0809
5,7,88,0.7409,0.0901
5,8,87,0.7379,0.0999
5,9,86,0.7349,0.1103
5,10,85,0.7317,0.1214
5,11,84,0.7286,0.1330
5,12,83,0.7253,0.1452
5,13,82,0.7221,0.1579
5,14,81,0.7188,0.1710
5,15,80,0.7154,0.1845
5,16,79,0.7121,0.1983
5,17,78,0.7087,0.2124
5,18,77,0.7053,0.2267
5,19,76,0.7019,0.2411
5,20,75,0.6985,0.2555
5,21,74,0.6951,0.2698
5,22,73,0.6917,0.2840
5,23,72,0.6884,0.2980
5,24,71,0.6851,0.3116
5,25,70,0.6818,0.3249
5,26,69,0.6786,0.3377
5,27,68,0.6755,0.3499
5,28,67,0.6724,0.3616
5,29,66,0.6695,0.3726
5,30,65,0.6666,0.3829
5,31,64,0.6639,0.3923
5,32,63,0.6613,0.4010
5,33,62,0.6587,0.4089
5,34,61,0.6564,0.4158
5,35,60,0.6541,0.4219
5,36,59,0.6519,0.4270
5,37,58,0.6499,0.4312
5,38,57,0.6480,0.4346
5,39,56,0.6462,0.4370
5,40,55,0.6445,0.4385
5,41,54,0.6429,0.4392
5,42,53,0.6414,0.4390
5,43,52,0.6399,0.4381
5,44,51,0.6384,0.4364
5,45,50,0.6370,0.4340
5,46,49,0.6355,0.4309
5,47,48,0.6340,0.4272
5,48,47,0.6323,0.4229
5,49,46,0.6306,0.4182
5,50,45,0.6287,0.4131
5,51,44,0.6267,0.4075
5,52,43,0.6244,0.4017
5,53,42,0.6218,0.3957
5,54,41,0.6189,0.3894
5,55,40,0.6157,0.3831
5,56,39,0.6122,0.3766
5,57,38,0.6082,0.3701
5,58,37,0.6038,0.3637
5,59,36,0.5989,0.3572
5,60,35,0.5936,0.3509
5,61,34,0.5878,0.3446
5,62,33,0.5815,0.3384
5,63,32,0.5748,0.3323
5,64,31,0.5675,0.3263
5,65,30,0.5599,0.3203
5,66,29,0.5517,0.3145
5,67,28,0.5432,0.3086
5,68,27,0.5343,0.3028
5,69,26,0.5251,0.2969
5,70,25,0.5155,0.2910
5,71,24,0.5057,0.2849
5,72,23,0.4956,0.2788
5,73,22,0.4853,0.2724
5,74,21,0.4748,0.2659
5,75,20,0.4643,0.2592
5,76,19,0.4536,0.2522
5,77,18,0.4428,0.2450
5,78,17,0.4320,0.2375
5,79,16,0.4212,0.2297
5,80,15,0.4103,0.2217
5,81,14,0.3995,0.2135
5,82,13,0.3888,0.2050
5,83,12,0.3781,0.1963
5,84,11,0.3674,0.1875
5,85,10,0.3569,0.1785
5,86,9,0.3465,0.1694
5,87,8,0.3362,0.1602
5,88,7,0.3260,0.1511
5,89,6,0.3159,0.1419
5,90,5,0.3060,0.1329
5,91,4,0.2962,0.1240
5,92,3,0.2867,0.1153
5,93,2,0.2772,0.1068
5,94,1,0.2680,0.0985
5,95,0,0.2589,0.0905
6,0,94,0.7640,0.0436
6,1,93,0.7612,0.0497
6,2,92,0.7584,0.0564
6,3,91,0.7555,0.0638
6,4,90,0.7526,0.0718
6,5,89,0.7496,0.0805
6,6,88,0.7466,0.0898
6,7,87,0.7435,0.0999
6,8,86,0.7403,0.1105
6,9,85,0.7370,0.1219
6,10,84,0.7338,0.1338
6,11,83,0.7304,0.1464
6,12,82,0.7270,0.1595
6,13,81,0.7236,0.1731
6,14,80,0.7202,0.1872
6,15,79,0.7167,0.2016
6,16,78,0.7131,0.2164
6,17,77,0.7096,0.2313
6,18,76,0.7060,0.2465
6,19,75,0.7025,0.2617
6,20,74,0.6989,0.2770
6,21,73,0.6954,0.2921
6,22,72,0.6919,0.3070
6,23,71,0.6884,0.3217
6,24,70,0.6850,0.3360
6,25,69,0.6816,0.3498
6,26,68,0.6783,0.3632
6,27,67,0.6751,0.3759
6,28,66,0.6719,0.3880
6,29,65,0.6689,0.3993
6,30,64,0.6660,0.4099
6,31,63,0.6631,0.4196
6,32,62,0.6604,0.4284
6,33,61,0.6579,0.4364
6,34,60,0.6554,0.4434
6,35,59,0.6531,0.4494
6,36,58,0.6509,0.4544
6,37,57,0.6489,0.4585
6,38,56,0.6469,0.4617
6,39,55,0.6451,0.4638
6,40,54,0.6434,0.4650
6,41,53,0.6417,0.4654
6,42,52,0.6402,0.4648
6,43,51,0.6386,0.4634
6,44,50,0.6371,0.4612
6,45,49,0.6356,0.4582
6,46,48,0.6341,0.4546
6,47,47,0.6325,0.4503
6,48,46,0.6309,0.4455
6,49,45,0.6291,0.4402
6,50,44,0.6272,0.4344
6,51,43,0.6250,0.4283
6,52,42,0.6227,0.4218
6,53,41,0.6201,0.4151
6,54,40,0.6171,0.4083
6,55,39,0.6139,0.4013
6,56,38,0.6103,0.3942
6,57,37,0.6063,0.3871
6,58,36,0.6018,0.3801
6,59,35,0.5970,0.3730
6,60,34,0.5916,0.3661
6,61,33,0.5859,0.3592
6,62,32,0.5796,0.3525
6,63,31,0.5729,0.3458
6,64,30,0.5657,0.3392
6,65,29,0.5581,0.3327
6,66,28,0.5501,0.3263
6,67,27,0.5416,0.3198
6,68,26,0.5328,0.3134
6,69,25,0.5237,0.3070
6,70,24,0.5143,0.3005
6,71,23,0.5046,0.2938
6,72,22,0.4946,0.2871
6,73,21,0.4845,0.2801
6,74,20,0.4742,0.2730
6,75,19,0.4637,0.2657
6,76,18,0.4532,0.2581
6,77,17,0.4425,0.2503
6,78,16,0.4319,0.2422
6,79,15,0.4211,0.2339
6,80,14,0.4104,0.2253
6,81,13,0.3997,0.2165
6,82,12,0.3891,0.2075
6,83,11,0.3785,0.1983
6,84,10,0.3679,0.1890
6,85,9,0.3575,0.1796
6,86,8,0.3471,0.1701
6,87,7,0.3369,0.1605
6,88,6,0.3268,0.1510
6,89,5,0.3168,0.1416
6,90,4,0.3069,0.1323
6,91,3,0.2972,0.1232
6,92,2,0.2876,0.1142
6,93,1,0.2782,0.1056
6,94,0,0.2690,0.0972
7,0,93,0.7672,0.0488
7,1,92,0.7643,0.0556
7,2,91,0.7614,0.0630
7,3,90,0.7583,0.0710
7,4,89,0.7553,0.0798
7,5,88,0.7521,0.0892
7,6,87,0.7489,0.0994
7,7,86,0.7456,0.1103
7,8,85,0.7423,0.1219
7,9,84,0.7389,0.1341
7,10,83,0.7355,0.1470
7,11,82,0.7320,0.1605
7,12,81,0.7284,0.1745
7,13,80,0.7248,0.1891
7,14,79,0.7212,0.2041
7,15,78,0.7176,0.2195
7,16,77,0.7139,0.2352
7,17,76,0.7102,0.2511
7,18,75,0.7065,0.2671
7,19,74,0.7028,0.2832
7,20,73,0.6991,0.2992
7,21,72,0.6954,0.3151
7,22,71,0.6918,0.3308
7,23,70,0.6882,0.3461
7,24,69,0.6846,0.3611
7,25,68,0.6811,0.3755
7,26,67,0.6777,0.3893
7,27,66,0.6744,0.4025
7,28,65,0.6712,0.4150
7,29,64,0.6681,0.4267
7,30,63,0.6651,0.4375
7,31,62,0.6622,0.4474
7,32,61,0.6594,0.4563
7,33,60,0.6568,0.4643
7,34,59,0.6543,0.4713
7,35,58,0.6520,0.4773
7,36,57,0.6498,0.4822
7,37,56,0.6477,0.4861
7,38,55,0.6457,0.4890
7,39,54,0.6439,0.4909
7,40,53,0.6421,0.4917
7,41,52,0.6404,0.4916
7,42,51,0.6388,0.4906
7,43,50,0.6373,0.4887
7,44,49,0.6357,0.4860
7,45,48,0.6342,0.4825
7,46,47,0.6327,0.4783
7,47,46,0.6310,0.4734
7,48,45,0.6293,0.4680
7,49,44,0.6275,0.4620
7,50,43,0.6255,0.4556
7,51,42,0.6234,0.4488
7,52,41,0.6210,0.4417
7,53,40,0.6183,0.4343
7,54,39,0.6153,0.4268
7,55,38,0.6120,0.4192
7,56,37,0.6084,0.4115
7,57,36,0.6044,0.4038
7,58,35,0.5999,0.3961
7,59,34,0.5950,0.3884
7,60,33,0.5897,0.3809
7,61,32,0.5840,0.3734
7,62,31,0.5777,0.3661
7,63,30,0.5711,0.3588
7,64,29,0.5640,0.3516
7,65,28,0.5564,0.3445
7,66,27,0.5485,0.3375
7,67,26,0.5402,0.3305
7,68,25,0.5315,0.3235
7,69,24,0.5225,0.3164
7,70,23,0.5132,0.3093
7,71,22,0.5036,0.3021
7,72,21,0.4938,0.2947
7,73,20,0.4838,0.2872
7,74,19,0.4736,0.2794
7,75,18,0.4633,0.2715
7,76,17,0.4529,0.2633
7,77,16,0.4424,0.2549
7,78,15,0.4319,0.2462
7,79,14,0.4213,0.2373
7,80,13,0.4107,0.2282
7,81,12,0.4001,0.2188
7,82,11,0.3896,0.2093
7,83,10,0.3791,0.1996
7,84,9,0.3686,0.1899
7,85,8,0.3583,0.1800
7,86,7,0.3480,0.1701
7,87,6,0.3378,0.1603
7,88,5,0.3277,0.1505
7,89,4,0.3178,0.1408
7,90,3,0.3080,0.1312
7,91,2,0.2983,0.1219
7,92,1,0.2888,0.1128
7,93,0,0.2794,0.1040
8,0,92,0.7701,0.0545
8,1,91,0.7671,0.0619
8,2,90,0.7640,0.0700
8,3,89,0.7608,0.0788
8,4,88,0.7576,0.0883
8,5,87,0.7543,0.0986
8,6,86,0.7510,0.1096
8,7,85,0.7475,0.1214
8,8,84,0.7440,0.1338
8,9,83,0.7405,0.1470
8,10,82,0.7369,0.1608
8,11,81,0.7332,0.1753
8,12,80,0.7295,0.1903
8,13,79,0.7258,0.2058
8,14,78,0.7220,0.2218
8,15,77,0.7181,0.2381
8,16,76,0.7143,0.2547
8,17,75,0.7105,0.2716
8,18,74,0.7066,0.2885
8,19,73,0.7027,0.3054
8,20,72,0.6989,0.3222
8,21,71,0.6951,0.3389
8,22,70,0.6913,0.3553
8,23,69,0.6876,0.3713
8,24,68,0.6840,0.3868
8,25,67,0.6804,0.4018
8,26,66,0.6769,0.4161
8,27,65,0.6735,0.4297
8,28,64,0.6702,0.4425
8,29,63,0.6670,0.4545
8,30,62,0.6640,0.4655
8,31,61,0.6610,0.4756
8,32,60,0.6582,0.4846
8,33,59,0.6556,0.4927
8,34,58,0.6531,0.4996
8,35,57,0.6507,0.5055
8,36,56,0.6485,0.5102
8,37,55,0.6464,0.5139
8,38,54,0.6444,0.5165
8,39,53,0.6425,0.5180
8,40,52,0.6407,0.5185
8,41,51,0.6390,0.5180
8,42,50,0.6374,0.5165
8,43,49,0.6358,0.5140
8,44,48,0.6343,0.5108
8,45,47,0.6327,0.5067
8,46,46,0.6311,0.5018
8,47,45,0.6295,0.4963
8,48,44,0.6277,0.4902
8,49,43,0.6259,0.4836
8,50,42,0.6239,0.4765
8,51,41,0.6216,0.4690
8,52,40,0.6192,0.4612
8,53,39,0.6165,0.4532
8,54,38,0.6135,0.4450
8,55,37,0.6102,0.4367
8,56,36,0.6065,0.4283
8,57,35,0.6024,0.4200
8,58,34,0.5980,0.4116
8,59,33,0.5931,0.4034
8,60,32,0.5878,0.3952
8,61,31,0.5821,0.3871
8,62,30,0.5759,0.3791
8,63,29,0.5693,0.3712
8,64,28,0.5623,0.3635
8,65,27,0.5549,0.3558
8,66,26,0.5470,0.3481
8,67,25,0.5388,0.3405
8,68,24,0.5303,0.3329
8,69,23,0.5214,0.3252
8,70,22,0.5122,0.3174
8,71,21,0.5028,0.3096
8,72,20,0.4931,0.3016
8,73,19,0.4833,0.2934
8,74,18,0.4733,0.2850
8,75,17,0.4631,0.2765
8,76,16,0.4529,0.2677
8,77,15,0.4425,0.2587
8,78,14,0.4321,0.2494
8,79,13,0.4216,0.2399
8,80,12,0.4112,0.2303
8,81,11,0.4007,0.2204
8,82,10,0.3903,0.2104
8,83,9,0.3798,0.2003
8,84,8,0.3695,0.1901
8,85,7,0.3592,0.1798
8,86,6,0.3490,0.1696
8,87,5,0.3389,0.1594
8,88,4,0.3289,0.1493
8,89,3,0.3190,0.1394
8,90,2,0.3092,0.1297
8,91,1,0.2996,0.1202
8,92,0,0.2901,0.1110
9,0,91,0.7727,0.0606
9,1,90,0.7696,0.0687
9,2,89,0.7663,0.0775
9,3,88,0.7630,0.0870
9,4,87,0.7597,0.0974
9,5,86,0.7562,0.1085
9,6,85,0.7527,0.1204
9,7,84,0.7491,0.1330
9,8,83,0.7454,0.1464
9,9,82,0.7417,0.1606
9,10,81,0.7379,0.1753
9,11,80,0.7341,0.1908
9,12,79,0.7302,0.2068
9,13,78,0.7263,0.2233
9,14,77,0.7224,0.2402
9,15,76,0.7184,0.2574
9,16,75,0.7144,0.2750
9,17,74,0.7104,0.2927
9,18,73,0.7064,0.3105
9,19,72,0.7024,0.3282
9,20,71,0.6985,0.3458
9,21,70,0.6945,0.3632
9,22,69,0.6906,0.3803
9,23,68,0.6868,0.3969
9,24,67,0.6831,0.4130
9,25,66,0.6794,0.4285
9,26,65,0.6758,0.4433
9,27,64,0.6724,0.4573
9,28,63,0.6690,0.4704
9,29,62,0.6658,0.4827
9,30,61,0.6627,0.4939
9,31,60,0.6597,0.5041
9,32,59,0.6569,0.5132
9,33,58,0.6542,0.5212
9,34,57,0.6517,0.5281
9,35,56,0.6493,0.5338
9,36,55,0.6470,0.5383
9,37,54,0.6449,0.5417
9,38,53,0.6429,0.5440
9,39,52,0.6410,0.5451
9,40,51,0.6393,0.5452
9,41,50,0.6376,0.5442
9,42,49,0.6359,0.5422
9,43,48,0.6343,0.5392
9,44,47,0.6328,0.5353
9,45,46,0.6312,0.5306
9,46,45,0.6296,0.5251
9,47,44,0.6279,0.5189
9,48,43,0.6261,0.5121
9,49,42,0.6242,0.5048
9,50,41,0.6221,0.4970
9,51,40,0.6199,0.4888
9,52,39,0.6174,0.4803
9,53,38,0.6147,0.4716
9,54,37,0.6116,0.4627
9,55,36,0.6083,0.4537
9,56,35,0.6046,0.4447
9,57,34,0.6006,0.4356
9,58,33,0.5961,0.4266
9,59,32,0.5913,0.4177
9,60,31,0.5860,0.4089
9,61,30,0.5803,0.4002
9,62,29,0.5742,0.3916
9,63,28,0.5677,0.3831
9,64,27,0.5607,0.3746
9,65,26,0.5534,0.3663
9,66,25,0.5456,0.3580
9,67,24,0.5376,0.3498
9,68,23,0.5291,0.3415
9,69,22,0.5204,0.3332
9,70,21,0.5114,0.3248
9,71,20,0.5021,0.3163
9,72,19,0.4926,0.3077
9,73,18,0.4829,0.2989
9,74,17,0.4731,0.2899
9,75,16,0.4631,0.2807
9,76,15,0.4530,0.2713
9,77,14,0.4427,0.2616
9,78,13,0.4325,0.2518
9,79,12,0.4221,0.2418
9,80,11,0.4118,0.2316
9,81,10,0.4014,0.2212
9,82,9,0.3911,0.2108
9,83,8,0.3808,0.2002
9,84,7,0.3705,0.1896
9,85,6,0.3603,0.1790
9,86,5,0.3502,0.1684
9,87,4,0.3401,0.1580
9,88,3,0.3302,0.1477
9,89,2,0.3203,0.1375
9,90,1,0.3106,0.1277
9,91,0,0.3010,0.1180
10,0,90,0.7751,0.0671
10,1,89,0.7717,0.0759
10,2,88,0.7684,0.0854
10,3,87,0.7649,0.0958
10,4,86,0.7614,0.1069
10,5,85,0.7577,0.1189
10,6,84,0.7541,0.1317
10,7,83,0.7503,0.1453
10,8,82,0.7465,0.1596
10,9,81,0.7426,0.1747
10,10,80,0.7387,0.1905
10,11,79,0.7347,0.2069
10,12,78,0.7306,0.2238
10,13,77,0.7265,0.2413
10,14,76,0.7224,0.2592
10,15,75,0.7183,0.2774
10,16,74,0.7142,0.2958
10,17,73,0.7100,0.3144
10,18,72,0.7059,0.3330
10,19,71,0.7018,0.3516
10,20,70,0.6977,0.3700
10,21,69,0.6936,0.3881
10,22,68,0.6897,0.4058
10,23,67,0.6857,0.4230
10,24,66,0.6819,0.4397
10,25,65,0.6781,0.4557
10,26,64,0.6745,0.4709
10,27,63,0.6710,0.4852
10,28,62,0.6676,0.4987
10,29,61,0.6643,0.5111
10,30,60,0.6612,0.5225
10,31,59,0.6582,0.5327
10,32,58,0.6553,0.5419
10,33,57,0.6526,0.5498
10,34,56,0.6501,0.5566
10,35,55,0.6477,0.5621
10,36,54,0.6455,0.5664
10,37,53,0.6433,0.5695
10,38,52,0.6414,0.5714
10,39,51,0.6395,0.5721
10,40,50,0.6377,0.5717
10,41,49,0.6360,0.5702
10,42,48,0.6344,0.5676
10,43,47,0.6327,0.5640
10,44,46,0.6312,0.5595
10,45,45,0.6296,0.5541
10,46,44,0.6279,0.5479
10,47,43,0.6262,0.5411
10,48,42,0.6244,0.5335
10,49,41,0.6225,0.5255
10,50,40,0.6204,0.5170
10,51,39,0.6181,0.5080
10,52,38,0.6156,0.4988
10,53,37,0.6128,0.4894
10,54,36,0.6098,0.4798
10,55,35,0.6064,0.4701
10,56,34,0.6027,0.4604
10,57,33,0.5987,0.4507
10,58,32,0.5943,0.4410
10,59,31,0.5894,0.4314
10,60,30,0.5842,0.4219
10,61,29,0.5786,0.4125
10,62,28,0.5725,0.4033
10,63,27,0.5661,0.3941
10,64,26,0.5592,0.3851
10,65,25,0.5520,0.3761
10,66,24,0.5444,0.3672
10,67,23,0.5364,0.3583
10,68,22,0.5282,0.3493
10,69,21,0.5196,0.3404
10,70,20,0.5107,0.3313
10,71,19,0.5016,0.3222
10,72,18,0.4923,0.3129
10,73,17,0.4827,0.3034
10,74,16,0.4730,0.2938
10,75,15,0.4632,0.2840
10,76,14,0.4532,0.2740
10,77,13,0.4431,0.2638
10,78,12,0.4330,0.2534
10,79,11,0.4228,0.2428
10,80,10,0.4126,0.2321
10,81,9,0.4023,0.2213
10,82,8,0.3921,0.2104
10,83,7,0.3819,0.1994
10,84,6,0.3717,0.1885
10,85,5,0.3616,0.1775
10,86,4,0.3515,0.1667
10,87,3,0.3415,0.1560
10,88,2,0.3316,0.1455
10,89,1,0.3218,0.1352
10,90,0,0.3122,0.1252
11,0,89,0.7771,0.0740
11,1,88,0.7736,0.0835
11,2,87,0.7701,0.0938
11,3,86,0.7664,0.1050
11,4,85,0.7627,0.1170
11,5,84,0.7589,0.1299
11,6,83,0.7551,0.1436
11,7,82,0.7512,0.1581
11,8,81,0.7472,0.1734
11,9,80,0.7431,0.1894
11,10,79,0.7390,0.2062
11,11,78,0.7349,0.2235
11,12,77,0.7307,0.2415
11,13,76,0.7264,0.2599
11,14,75,0.7222,0.2787
11,15,74,0.7179,0.2978
11,16,73,0.7136,0.3172
11,17,72,0.7093,0.3366
11,18,71,0.7051,0.3561
11,19,70,0.7008,0.3754
11,20,69,0.6966,0.3945
11,21,68,0.6925,0.4133
11,22,67,0.6884,0.4317
11,23,66,0.6844,0.4495
11,24,65,0.6805,0.4667
11,25,64,0.6767,0.4831
11,26,63,0.6730,0.4987
11,27,62,0.6694,0.5134
11,28,61,0.6659,0.5270
11,29,60,0.6626,0.5397
11,30,59,0.6595,0.5512
11,31,58,0.6565,0.5615
11,32,57,0.6536,0.5706
11,33,56,0.6510,0.5784
11,34,55,0.6484,0.5850
11,35,54,0.6460,0.5903
11,36,53,0.6438,0.5944
11,37,52,0.6417,0.5971
11,38,51,0.6397,0.5986
11,39,50,0.6378,0.5989
11,40,49,0.6361,0.5979
11,41,48,0.6344,0.5958
11,42,47,0.6327,0.5927
11,43,46,0.6311,0.5884
11,44,45,0.6295,0.5833
11,45,44,0.6279,0.5772
11,46,43,0.6262,0.5703
11,47,42,0.6245,0.5627
11,48,41,0.6227,0.5544
11,49,40,0.6207,0.5456
11,50,39,0.6186,0.5364
11,51,38,0.6163,0.5267
11,52,37,0.6138,0.5168
11,53,36,0.6110,0.5066
11,54,35,0.6079,0.4963
11,55,34,0.6046,0.4859
11,56,33,0.6009,0.4754
11,57,32,0.5968,0.4650
11,58,31,0.5924,0.4546
11,59,30,0.5876,0.4444
11,60,29,0.5825,0.4342
11,61,28,0.5769,0.4242
11,62,27,0.5709,0.4142
11,63,26,0.5646,0.4044
11,64,25,0.5578,0.3947
11,65,24,0.5507,0.3851
11,66,23,0.5433,0.3755
11,67,22,0.5354,0.3659
11,68,21,0.5273,0.3563
11,69,20,0.5189,0.3467
11,70,19,0.5102,0.3370
11,71,18,0.5012,0.3272
11,72,17,0.4921,0.3172
11,73,16,0.4827,0.3071
11,74,15,0.4731,0.2969
11,75,14,0.4634,0.2865
11,76,13,0.4536,0.2759
11,77,12,0.4437,0.2651
11,78,11,0.4337,0.2542
11,79,10,0.4236,0.2431
11,80,9,0.4135,0.2319
11,81,8,0.4034,0.2206
11,82,7,0.3932,0.2093
11,83,6,0.3831,0.1980
11,84,5,0.3730,0.1867
11,85,4,0.3630,0.1755
11,86,3,0.3530,0.1644
11,87,2,0.3430,0.1535
11,88,1,0.3332,0.1428
11,89,0,0.3235,0.1324
12,0,88,0.7787,0.0813
12,1,87,0.7751,0.0916
12,2,86,0.7714,0.1027
12,3,85,0.7676,0.1147
12,4,84,0.7637,0.1276
12,5,83,0.7598,0.1413
12,6,82,0.7558,0.1559
12,7,81,0.7517,0.1714
12,8,80,0.7475,0.1876
12,9,79,0.7433,0.2046
12,10,78,0.7390,0.2223
12,11,77,0.7347,0.2407
12,12,76,0.7304,0.2596
12,13,75,0.7260,0.2789
12,14,74,0.7216,0.2987
12,15,73,0.7171,0.3187
12,16,72,0.7127,0.3390
12,17,71,0.7083,0.3592
12,18,70,0.7039,0.3795
12,19,69,0.6995,0.3996
12,20,68,0.6952,0.4194
12,21,67,0.6910,0.4389
12,22,66,0.6868,0.4578
12,23,65,0.6828,0.4762
12,24,64,0.6788,0.4938
12,25,63,0.6749,0.5107
12,26,62,0.6712,0.5266
12,27,61,0.6676,0.5416
12,28,60,0.6641,0.5555
12,29,59,0.6608,0.5682
12,30,58,0.6576,0.5798
12,31,57,0.6546,0.5901
12,32,56,0.6518,0.5992
12,33,55,0.6491,0.6069
12,34,54,0.6466,0.6133
12,35,53,0.6442,0.6183
12,36,52,0.6420,0.6220
12,37,51,0.6399,0.6244
12,38,50,0.6380,0.6254
12,39,49,0.6361,0.6252
12,40,48,0.6344,0.6237
12,41,47,0.6327,0.6210
12,42,46,0.6310,0.6172
12,43,45,0.6294,0.6123
12,44,44,0.6278,0.6065
12,45,43,0.6262,0.5997
12,46,42,0.6245,0.5921
12,47,41,0.6228,0.5837
12,48,40,0.6210,0.5747
12,49,39,0.6190,0.5651
12,50,38,0.6168,0.5551
12,51,37,0.6145,0.5447
12,52,36,0.6120,0.5340
12,53,35,0.6092,0.5230
12,54,34,0.6061,0.5120
12,55,33,0.6027,0.5008
12,56,32,0.5991,0.4897
12,57,31,0.5950,0.4786
12,58,30,0.5907,0.4675
12,59,29,0.5859,0.4565
12,60,28,0.5808,0.4457
12,61,27,0.5753,0.4350
12,62,26,0.5694,0.4244
12,63,25,0.5632,0.4139
12,64,24,0.5565,0.4035
12,65,23,0.5496,0.3931
12,66,22,0.5422,0.3829
12,67,21,0.5346,0.3726
12,68,20,0.5266,0.3624
12,69,19,0.5183,0.3521
12,70,18,0.5098,0.3417
12,71,17,0.5010,0.3312
12,72,16,0.4920,0.3206
12,73,15,0.4828,0.3099
12,74,14,0.4734,0.2990
12,75,13,0.4638,0.2880
12,76,12,0.4542,0.2768
12,77,11,0.4444,0.2655
12,78,10,0.4345,0.2541
12,79,9,0.4246,0.2425
12,80,8,0.4146,0.2309
12,81,7,0.4046,0.2192
12,82,6,0.3945,0.2075
12,83,5,0.3845,0.1958
12,84,4,0.3745,0.1843
12,85,3,0.3645,0.1728
12,86,2,0.3546,0.1616
12,87,1,0.3447,0.1505
12,88,0,0.3350,0.1397
13,0,87,0.7801,0.0890
13,1,86,0.7763,0.1000
13,2,85,0.7724,0.1119
13,3,84,0.7685,0.1248
13,4,83,0.7644,0.1385
13,5,82,0.7603,0.1532
13,6,81,0.7561,0.1687
13,7,80,0.7518,0.1851
13,8,79,0.7475,0.2023
13,9,78,0.7431,0.2203
13,10,77,0.7387,0.2390
13,11,76,0.7342,0.2583
13,12,75,0.7297,0.2781
13,13,74,0.7252,0.2984
13,14,73,0.7206,0.3191
13,15,72,0.7160,0.3400
13,16,71,0.7115,0.3611
13,17,70,0.7069,0.3822
13,18,69,0.7024,0.4032
13,19,68,0.6980,0.4240
13,20,67,0.6936,0.4445
13,21,66,0.6893,0.4646
13,22,65,0.6850,0.4841
13,23,64,0.6809,0.5030
13,24,63,0.6769,0.5211
13,25,62,0.6730,0.5383
13,26,61,0.6692,0.5545
13,27,60,0.6656,0.5697
13,28,59,0.6621,0.5838
13,29,58,0.6588,0.5967
13,30,57,0.6557,0.6083
13,31,56,0.6527,0.6186
13,32,55,0.6499,0.6275
13,33,54,0.6472,0.6351
13,34,53,0.6447,0.6412
13,35,52,0.6424,0.6460
13,36,51,0.6402,0.6493
13,37,50,0.6381,0.6512
13,38,49,0.6362,0.6518
13,39,48,0.6343,0.6510
13,40,47,0.6326,0.6490
13,41,46,0.6309,0.6457
13,42,45,0.6293,0.6412
13,43,44,0.6277,0.6356
13,44,43,0.6261,0.6290
13,45,42,0.6245,0.6215
13,46,41,0.6228,0.6131
13,47,40,0.6210,0.6040
13,48,39,0.6192,0.5942
13,49,38,0.6172,0.5839
13,50,37,0.6150,0.5730
13,51,36,0.6127,0.5619
13,52,35,0.6101,0.5504
13,53,34,0.6073,0.5387
13,54,33,0.6043,0.5269
13,55,32,0.6009,0.5150
13,56,31,0.5973,0.5031
13,57,30,0.5933,0.4913
13,58,29,0.5889,0.4795
13,59,28,0.5842,0.4678
13,60,27,0.5792,0.4563
13,61,26,0.5738,0.4448
13,62,25,0.5680,0.4336
13,63,24,0.5618,0.4224
13,64,23,0.5553,0.4113
13,65,22,0.5485,0.4003
13,66,21,0.5413,0.3893
13,67,20,0.5338,0.3784
13,68,19,0.5260,0.3675
13,69,18,0.5179,0.3565
13,70,17,0.5095,0.3455
13,71,16,0.5009,0.3343
13,72,15,0.4920,0.3231
13,73,14,0.4830,0.3117
13,74,13,0.4738,0.3003
13,75,12,0.4644,0.2887
13,76,11,0.4549,0.2769
13,77,10,0.4452,0.2651
13,78,9,0.4355,0.2531
13,79,8,0.4257,0.2411
13,80,7,0.4158,0.2291
13,81,6,0.4059,0.2170
13,82,5,0.3960,0.2050
13,83,4,0.3860,0.1930
13,84,3,0.3761,0.1812
13,85,2,0.3662,0.1696
13,86,1,0.3564,0.1582
13,87,0,0.3466,0.1470
14,0,86,0.7810,0.0970
14,1,85,0.7771,0.1088
14,2,84,0.7730,0.1216
14,3,83,0.7689,0.1353
14,4,82,0.7647,0.1499
14,5,81,0.7604,0.1655
14,6,80,0.7561,0.1819
14,7,79,0.7516,0.1993
14,8,78,0.7471,0.2174
14,9,77,0.7426,0.2363
14,10,76,0.7380,0.2560
14,11,75,0.7333,0.2762
14,12,74,0.7287,0.2970
14,13,73,0.7240,0.3182
14,14,72,0.7193,0.3397
14,15,71,0.7146,0.3615
14,16,70,0.7099,0.3834
14,17,69,0.7053,0.4053
14,18,68,0.7007,0.4271
14,19,67,0.6961,0.4486
14,20,66,0.6916,0.4697
14,21,65,0.6873,0.4904
14,22,64,0.6830,0.5104
14,23,63,0.6788,0.5298
14,24,62,0.6747,0.5483
14,25,61,0.6708,0.5658
14,26,60,0.6670,0.5824
14,27,59,0.6634,0.5978
14,28,58,0.6599,0.6120
14,29,57,0.6566,0.6249
14,30,56,0.6535,0.6365
14,31,55,0.6506,0.6467
14,32,54,0.6478,0.6555
14,33,53,0.6452,0.6629
14,34,52,0.6427,0.6687
14,35,51,0.6404,0.6731
14,36,50,0.6383,0.6761
14,37,49,0.6362,0.6775
14,38,48,0.6343,0.6776
14,39,47,0.6325,0.6762
14,40,46,0.6308,0.6736
14,41,45,0.6291,0.6696
14,42,44,0.6275,0.6644
14,43,43,0.6259,0.6582
14,44,42,0.6243,0.6508
14,45,41,0.6227,0.6425
14,46,40,0.6210,0.6334
14,47,39,0.6193,0.6234
14,48,38,0.6174,0.6129
14,49,37,0.6154,0.6017
14,50,36,0.6132,0.5901
14,51,35,0.6109,0.5782
14,52,34,0.6083,0.5659
14,53,33,0.6055,0.5535
14,54,32,0.6025,0.5409
14,55,31,0.5991,0.5283
14,56,30,0.5955,0.5156
14,57,29,0.5915,0.5030
14,58,28,0.5872,0.4905
14,59,27,0.5826,0.4782
14,60,26,0.5777,0.4659
14,61,25,0.5723,0.4538
14,62,24,0.5666,0.4418
14,63,23,0.5606,0.4299
14,64,22,0.5542,0.4181
14,65,21,0.5475,0.4064
14,66,20,0.5405,0.3948
14,67,19,0.5331,0.3832
14,68,18,0.5255,0.3716
14,69,17,0.5175,0.3599
14,70,16,0.5093,0.3482
14,71,15,0.5009,0.3364
14,72,14,0.4922,0.3246
14,73,13,0.4834,0.3126
14,74,12,0.4743,0.3005
14,75,11,0.4651,0.2884
14,76,10,0.4557,0.2761
14,77,9,0.4462,0.2638
14,78,8,0.4366,0.2514
14,79,7,0.4269,0.2389
14,80,6,0.4172,0.2265
14,81,5,0.4074,0.2141
14,82,4,0.3975,0.2018
14,83,3,0.3877,0.1896
14,84,2,0.3778,0.1776
14,85,1,0.3680,0.1658
14,86,0,0.3582,0.1543
15,0,85,0.7816,0.1054
15,1,84,0.7775,0.1180
15,2,83,0.7733,0.1316
15,3,82,0.7690,0.1461
15,4,81,0.7646,0.1616
15,5,80,0.7602,0.1781
15,6,79,0.7557,0.1955
15,7,78,0.7510,0.2137
15,8,77,0.7464,0.2328
15,9,76,0.7417,0.2527
15,10,75,0.7369,0.2732
15,11,74,0.7321,0.2944
15,12,73,0.7273,0.3161
15,13,72,0.7225,0.3382
15,14,71,0.7176,0.3606
15,15,70,0.7128,0.3832
15,16,69,0.7080,0.4059
15,17,68,0.7033,0.4285
15,18,67,0.6986,0.4510
15,19,66,0.6940,0.4732
15,20,65,0.6894,0.4949
15,21,64,0.6850,0.5161
15,22,63,0.6807,0.5367
15,23,62,0.6764,0.5564
15,24,61,0.6724,0.5753
15,25,60,0.6684,0.5932
15,26,59,0.6647,0.6099
15,27,58,0.6611,0.6255
15,28,57,0.6576,0.6398
15,29,56,0.6544,0.6528
15,30,55,0.6513,0.6643
15,31,54,0.6484,0.6744
15,32,53,0.6456,0.6830
15,33,52,0.6430,0.6901
15,34,51,0.6406,0.6957
15,35,50,0.6384,0.6997
15,36,49,0.6363,0.7022
15,37,48,0.6343,0.7032
15,38,47,0.6324,0.7027
15,39,46,0.6307,0.7007
15,40,45,0.6290,0.6974
15,41,44,0.6273,0.6928
15,42,43,0.6257,0.6869
15,43,42,0.6242,0.6798
15,44,41,0.6226,0.6717
15,45,40,0.6210,0.6627
15,46,39,0.6193,0.6527
15,47,38,0.6175,0.6420
15,48,37,0.6156,0.6306
15,49,36,0.6136,0.6187
15,50,35,0.6114,0.6063
15,51,34,0.6091,0.5935
15,52,33,0.6065,0.5805
15,53,32,0.6037,0.5672
15,54,31,0.6007,0.5539
15,55,30,0.5974,0.5405
15,56,29,0.5938,0.5271
15,57,28,0.5899,0.5138
15,58,27,0.5856,0.5006
15,59,26,0.5811,0.4875
15,60,25,0.5762,0.4745
15,61,24,0.5710,0.4617
15,62,23,0.5654,0.4490
15,63,22,0.5595,0.4364
15,64,21,0.5532,0.4239
15,65,20,0.5467,0.4115
15,66,19,0.5398,0.3992
15,67,18,0.5326,0.3869
15,68,17,0.5251,0.3746
15,69,16,0.5173,0.3623
15,70,15,0.5093,0.3499
15,71,14,0.5010,0.3375
15,72,13,0.4925,0.3251
15,73,12,0.4838,0.3125
15,74,11,0.4749,0.2999
15,75,10,0.4659,0.2872
15,76,9,0.4566,0.2744
15,77,8,0.4473,0.2616
15,78,7,0.4378,0.2488
15,79,6,0.4283,0.2360
15,80,5,0.4186,0.2232
15,81,4,0.4089,0.2105
15,82,3,0.3992,0.1980
15,83,2,0.3895,0.1856
15,84,1,0.3797,0.1735
15,85,0,0.3700,0.1616
16,0,84,0.7819,0.1140
16,1,83,0.7776,0.1274
16,2,82,0.7732,0.1418
16,3,81,0.7688,0.1572
16,4,80,0.7642,0.1736
16,5,79,0.7596,0.1910
16,6,78,0.7549,0.2093
16,7,77,0.7501,0.2285
16,8,76,0.7453,0.2485
16,9,75,0.7404,0.2693
16,10,74,0.7355,0.2907
16,11,73,0.7305,0.3128
16,12,72,0.7256,0.3353
16,13,71,0.7206,0.3583
16,14,70,0.7157,0.3815
16,15,69,0.7107,0.4049
16,16,68,0.7058,0.4284
16,17,67,0.7010,0.4517
16,18,66,0.6962,0.4749
16,19,65,0.6916,0.4977
16,20,64,0.6870,0.5200
16,21,63,0.6825,0.5417
16,22,62,0.6781,0.5627
16,23,61,0.6739,0.5829
16,24,60,0.6698,0.6021
16,25,59,0.6659,0.6202
16,26,58,0.6622,0.6371
16,27,57,0.6586,0.6528
16,28,56,0.6552,0.6672
16,29,55,0.6520,0.6802
16,30,54,0.6489,0.6916
16,31,53,0.6461,0.7016
16,32,52,0.6434,0.7100
16,33,51,0.6409,0.7168
16,34,50,0.6385,0.7220
16,35,49,0.6363,0.7256
16,36,48,0.6343,0.7276
16,37,47,0.6323,0.7280
16,38,46,0.6305,0.7269
16,39,45,0.6288,0.7244
16,40,44,0.6271,0.7204
16,41,43,0.6255,0.7150
16,42,42,0.6239,0.7084
16,43,41,0.6224,0.7006
16,44,40,0.6208,0.6917
16,45,39,0.6192,0.6818
16,46,38,0.6175,0.6711
16,47,37,0.6157,0.6595
16,48,36,0.6139,0.6474
16,49,35,0.6118,0.6346
16,50,34,0.6097,0.6214
16,51,33,0.6073,0.6078
16,52,32,0.6048,0.5940
16,53,31,0.6020,0.5800
16,54,30,0.5989,0.5659
16,55,29,0.5957,0.5517
16,56,28,0.5921,0.5376
16,57,27,0.5882,0.5236
16,58,26,0.5841,0.5096
16,59,25,0.5796,0.4958
16,60,24,0.5748,0.4821
16,61,23,0.5697,0.4685
16,62,22,0.5642,0.4551
16,63,21,0.5584,0.4418
16,64,20,0.5523,0.4286
16,65,19,0.5459,0.4155
16,66,18,0.5392,0.4025
16,67,17,0.5322,0.3895
16,68,16,0.5248,0.3766
16,69,15,0.5173,0.3636
16,70,14,0.5094,0.3506
16,71,13,0.5013,0.3376
16,72,12,0.4930,0.3245
16,73,11,0.4844,0.3114
16,74,10,0.4757,0.2982
16,75,9,0.4668,0.2850
16,76,8,0.4577,0.2718
16,77,7,0.4485,0.2586
16,78,6,0.4392,0.2454
16,79,5,0.4297,0.2323
16,80,4,0.4202,0.2192
16,81,3,0.4106,0.2063
16,82,2,0.4010,0.1936
16,83,1,0.3913,0.1811
16,84,0,0.3817,0.1688
17,0,83,0.7818,0.1230
17,1,82,0.7773,0.1372
17,2,81,0.7727,0.1524
17,3,80,0.7681,0.1686
17,4,79,0.7634,0.1859
17,5,78,0.7586,0.2041
17,6,77,0.7537,0.2233
17,7,76,0.7487,0.2434
17,8,75,0.7438,0.2643
17,9,74,0.7387,0.2860
17,10,73,0.7337,0.3083
17,11,72,0.7286,0.3312
17,12,71,0.7235,0.3547
17,13,70,0.7184,0.3784
17,14,69,0.7134,0.4025
17,15,68,0.7083,0.4266
17,16,67,0.7034,0.4508
17,17,66,0.6984,0.4748
17,18,65,0.6936,0.4986
17,19,64,0.6889,0.5220
17,20,63,0.6842,0.5448
17,21,62,0.6797,0.5670
17,22,61,0.6754,0.5884
17,23,60,0.6712,0.6089
17,24,59,0.6671,0.6284
17,25,58,0.6632,0.6468
17,26,57,0.6595,0.6639
17,27,56,0.6560,0.6797
17,28,55,0.6526,0.6941
17,29,54,0.6495,0.7070
17,30,53,0.6465,0.7183
17,31,52,0.6437,0.7281
17,32,51,0.6411,0.7362
17,33,50,0.6386,0.7427
17,34,49,0.6363,0.7475
17,35,48,0.6342,0.7506
17,36,47,0.6322,0.7521
17,37,46,0.6303,0.7520
17,38,45,0.6286,0.7503
17,39,44,0.6269,0.7471
17,40,43,0.6253,0.7424
17,41,42,0.6237,0.7363
17,42,41,0.6221,0.7289
17,43,40,0.6206,0.7203
17,44,39,0.6190,0.7106
17,45,38,0.6174,0.7000
17,46,37,0.6157,0.6884
17,47,36,0.6140,0.6760
17,48,35,0.6121,0.6630
17,49,34,0.6101,0.6494
17,50,33,0.6079,0.6354
17,51,32,0.6056,0.6210
17,52,31,0.6030,0.6064
17,53,30,0.6002,0.5916
17,54,29,0.5972,0.5767
17,55,28,0.5940,0.5618
17,56,27,0.5905,0.5470
17,57,26,0.5867,0.5322
17,58,25,0.5826,0.5175
17,59,24,0.5782,0.5029
17,60,23,0.5735,0.4885
17,61,22,0.5685,0.4742
17,62,21,0.5631,0.4601
17,63,20,0.5575,0.4461
17,64,19,0.5515,0.4322
17,65,18,0.5453,0.4184
17,66,17,0.5387,0.4047
17,67,16,0.5318,0.3911
17,68,15,0.5247,0.3775
17,69,14,0.5173,0.3639
17,70,13,0.5096,0.3503
17,71,12,0.5017,0.3366
17,72,11,0.4935,0.3230
17,73,10,0.4851,0.3093
17,74,9,0.4765,0.2957
17,75,8,0.4678,0.2820
17,76,7,0.4589,0.2684
17,77,6,0.4498,0.2548
17,78,5,0.4406,0.2413
17,79,4,0.4313,0.2278
17,80,3,0.4219,0.2146
17,81,2,0.4124,0.2015
17,82,1,0.4029,0.1886
17,83,0,0.3933,0.1760
18,0,82,0.7813,0.1321
18,1,81,0.7766,0.1471
18,2,80,0.7719,0.1631
18,3,79,0.7670,0.1802
18,4,78,0.7621,0.1983
18,5,77,0.7572,0.2174
18,6,76,0.7521,0.2375
18,7,75,0.7470,0.2584
18,8,74,0.7419,0.2802
18,9,73,0.7367,0.3028
18,10,72,0.7315,0.3260
18,11,71,0.7263,0.3497
18,12,70,0.7211,0.3739
18,13,69,0.7159,0.3985
18,14,68,0.7107,0.4233
18,15,67,0.7056,0.4482
18,16,66,0.7006,0.4730
18,17,65,0.6956,0.4977
18,18,64,0.6907,0.5221
18,19,63,0.6859,0.5460
18,20,62,0.6813,0.5693
18,21,61,0.6768,0.5920
18,22,60,0.6724,0.6137
18,23,59,0.6682,0.6346
18,24,58,0.6642,0.6543
18,25,57,0.6604,0.6728
18,26,56,0.6567,0.6901
18,27,55,0.6532,0.7059
18,28,54,0.6500,0.7203
18,29,53,0.6469,0.7331
18,30,52,0.6440,0.7443
18,31,51,0.6413,0.7538
18,32,50,0.6387,0.7616
18,33,49,0.6364,0.7677
18,34,48,0.6341,0.7721
18,35,47,0.6321,0.7748
18,36,46,0.6302,0.7757
18,37,45,0.6283,0.7750
18,38,44,0.6266,0.7727
18,39,43,0.6250,0.7687
18,40,42,0.6234,0.7633
18,41,41,0.6219,0.7565
18,42,40,0.6203,0.7483
18,43,39,0.6188,0.7389
18,44,38,0.6173,0.7284
18,45,37,0.6157,0.7169
18,46,36,0.6140,0.7045
18,47,35,0.6122,0.6913
18,48,34,0.6104,0.6775
18,49,33,0.6083,0.6631
18,50,32,0.6062,0.6483
18,51,31,0.6038,0.6331
18,52,30,0.6013,0.6177
18,53,29,0.5986,0.6021
18,54,28,0.5956,0.5865
18,55,27,0.5924,0.5708
18,56,26,0.5889,0.5552
18,57,25,0.5852,0.5396
18,58,24,0.5812,0.5242
18,59,23,0.5769,0.5089
18,60,22,0.5723,0.4937
18,61,21,0.5674,0.4788
18,62,20,0.5622,0.4639
18,63,19,0.5566,0.4492
18,64,18,0.5508,0.4347
18,65,17,0.5447,0.4202
18,66,16,0.5383,0.4058
18,67,15,0.5316,0.3915
18,68,14,0.5246,0.3773
18,69,13,0.5174,0.3630
18,70,12,0.5099,0.3488
18,71,11,0.5021,0.3347
18,72,10,0.4941,0.3205
18,73,9,0.4859,0.3063
18,74,8,0.4775,0.2922
18,75,7,0.4689,0.2781
18,76,6,0.4601,0.2641
18,77,5,0.4512,0.2502
18,78,4,0.4421,0.2364
18,79,3,0.4330,0.2228
18,80,2,0.4237,0.2093
18,81,1,0.4143,0.1961
18,82,0,0.4049,0.1831
19,0,81,0.7803,0.1414
19,1,80,0.7755,0.1572
19,2,79,0.7706,0.1740
19,3,78,0.7656,0.1919
19,4,77,0.7605,0.2109
19,5,76,0.7554,0.2308
19,6,75,0.7502,0.2517
19,7,74,0.7449,0.2735
19,8,73,0.7396,0.2962
19,9,72,0.7343,0.3195
19,10,71,0.7290,0.3435
19,11,70,0.7236,0.3681
19,12,69,0.7183,0.3931
19,13,68,0.7130,0.4184
19,14,67,0.7078,0.4439
19,15,66,0.7026,0.4695
19,16,65,0.6975,0.4950
19,17,64,0.6925,0.5203
19,18,63,0.6876,0.5452
19,19,62,0.6828,0.5696
19,20,61,0.6782,0.5934
19,21,60,0.6737,0.6164
19,22,59,0.6693,0.6385
19,23,58,0.6652,0.6596
19,24,57,0.6612,0.6796
19,25,56,0.6574,0.6982
19,26,55,0.6538,0.7155
19,27,54,0.6504,0.7314
19,28,53,0.6472,0.7457
19,29,52,0.6442,0.7584
19,30,51,0.6414,0.7694
19,31,50,0.6388,0.7786
19,32,49,0.6363,0.7861
19,33,48,0.6341,0.7918
19,34,47,0.6319,0.7958
19,35,46,0.6300,0.7979
19,36,45,0.6281,0.7983
19,37,44,0.6263,0.7969
19,38,43,0.6247,0.7939
19,39,42,0.6231,0.7893
19,40,41,0.6216,0.7831
19,41,40,0.6201,0.7755
19,42,39,0.6186,0.7666
19,43,38,0.6171,0.7564
19,44,37,0.6155,0.7450
19,45,36,0.6139,0.7327
19,46,35,0.6123,0.7195
19,47,34,0.6105,0.7054
19,48,33,0.6086,0.6908
19,49,32,0.6066,0.6755
19,50,31,0.6045,0.6599
19,51,30,0.6022,0.6439
19,52,29,0.5996,0.6277
19,53,28,0.5969,0.6114
19,54,27,0.5940,0.5949
19,55,26,0.5908,0.5785
19,56,25,0.5874,0.5621
19,57,24,0.5837,0.5458
19,58,23,0.5798,0.5297
19,59,22,0.5756,0.5136
19,60,21,0.5711,0.4978
19,61,20,0.5663,0.4821
19,62,19,0.5613,0.4666
19,63,18,0.5559,0.4512
19,64,17,0.5502,0.4359
19,65,16,0.5443,0.4208
19,66,15,0.5380,0.4057
19,67,14,0.5315,0.3908
19,68,13,0.5247,0.3759
19,69,12,0.5176,0.3611
19,70,11,0.5103,0.3464
19,71,10,0.5027,0.3317
19,72,9,0.4949,0.3170
19,73,8,0.4868,0.3024
19,74,7,0.4786,0.2879
19,75,6,0.4701,0.2734
19,76,5,0.4615,0.2591
19,77,4,0.4527,0.2449
19,78,3,0.4438,0.2309
19,79,2,0.4347,0.2170
19,80,1,0.4255,0.2035
19,81,0,0.4163,0.1902
20,0,80,0.7790,0.1508
20,1,79,0.7740,0.1674
20,2,78,0.7689,0.1850
20,3,77,0.7638,0.2037
20,4,76,0.7585,0.2235
20,5,75,0.7532,0.2442
20,6,74,0.7478,0.2660
20,7,73,0.7424,0.2886
20,8,72,0.7370,0.3120
20,9,71,0.7315,0.3362
20,10,70,0.7261,0.3610
20,11,69,0.7206,0.3863
20,12,68,0.7152,0.4121
20,13,67,0.7098,0.4381
20,14,66,0.7045,0.4643
20,15,65,0.6993,0.4905
20,16,64,0.6942,0.5166
20,17,63,0.6891,0.5424
20,18,62,0.6842,0.5678
20,19,61,0.6794,0.5927
20,20,60,0.6748,0.6169
20,21,59,0.6704,0.6403
20,22,58,0.6661,0.6627
20,23,57,0.6620,0.6840
20,24,56,0.6581,0.7041
20,25,55,0.6544,0.7229
20,26,54,0.6509,0.7403
20,27,53,0.6476,0.7561
20,28,52,0.6445,0.7703
20,29,51,0.6416,0.7828
20,30,50,0.6388,0.7935
20,31,49,0.6363,0.8025
20,32,48,0.6340,0.8096
20,33,47,0.6318,0.8149
20,34,46,0.6297,0.8183
20,35,45,0.6278,0.8199
20,36,44,0.6260,0.8197
20,37,43,0.6244,0.8177
20,38,42,0.6228,0.8140
20,39,41,0.6212,0.8086
20,40,40,0.6197,0.8017
20,41,39,0.6183,0.7933
20,42,38,0.6168,0.7836
20,43,37,0.6153,0.7725
20,44,36,0.6138,0.7604
20,45,35,0.6122,0.7472
20,46,34,0.6106,0.7331
20,47,33,0.6088,0.7182
20,48,32,0.6070,0.7027
20,49,31,0.6050,0.6867
20,50,30,0.6028,0.6702
20,51,29,0.6005,0.6535
20,52,28,0.5980,0.6365
20,53,27,0.5954,0.6193
20,54,26,0.5925,0.6021
20,55,25,0.5893,0.5849
20,56,24,0.5860,0.5678
20,57,23,0.5824,0.5508
20,58,22,0.5785,0.5339
20,59,21,0.5744,0.5172
20,60,20,0.5700,0.5006
20,61,19,0.5654,0.4842
20,62,18,0.5604,0.4680
20,63,17,0.5552,0.4519
20,64,16,0.5497,0.4360
20,65,15,0.5439,0.4202
20,66,14,0.5378,0.4045
20,67,13,0.5315,0.3890
20,68,12,0.5248,0.3735
20,69,11,0.5179,0.3582
20,70,10,0.5108,0.3429
20,71,9,0.5033,0.3277
20,72,8,0.4957,0.3126
20,73,7,0.4878,0.2976
20,74,6,0.4797,0.2827
20,75,5,0.4714,0.2679
20,76,4,0.4629,0.2533
20,77,3,0.4543,0.2389
20,78,2,0.4455,0.2247
20,79,1,0.4365,0.2108
20,80,0,0.4275,0.1971
21,0,79,0.7773,0.1603
21,1,78,0.7721,0.1776
21,2,77,0.7669,0.1960
21,3,76,0.7615,0.2155
21,4,75,0.7561,0.2360
21,5,74,0.7506,0.2576
21,6,73,0.7451,0.2801
21,7,72,0.7396,0.3035
21,8,71,0.7340,0.3277
21,9,70,0.7284,0.3527
21,10,69,0.7228,0.3782
21,11,68,0.7173,0.4043
21,12,67,0.7118,0.4307
21,13,66,0.7064,0.4574
21,14,65,0.7010,0.4842
21,15,64,0.6957,0.5110
21,16,63,0.6906,0.5377
21,17,62,0.6855,0.5641
21,18,61,0.6806,0.5900
21,19,60,0.6759,0.6153
21,20,59,0.6713,0.6398
21,21,58,0.6669,0.6635
21,22,57,0.6627,0.6862
21,23,56,0.6587,0.7077
21,24,55,0.6549,0.7279
21,25,54,0.6512,0.7468
21,26,53,0.6478,0.7641
21,27,52,0.6446,0.7799
21,28,51,0.6416,0.7939
21,29,50,0.6389,0.8062
21,30,49,0.6362,0.8167
21,31,48,0.6338,0.8253
21,32,47,0.6316,0.8321
21,33,46,0.6295,0.8369
21,34,45,0.6276,0.8398
21,35,44,0.6257,0.8408
21,36,43,0.6240,0.8399
21,37,42,0.6224,0.8372
21,38,41,0.6209,0.8328
21,39,40,0.6194,0.8267
21,40,39,0.6180,0.8190
21,41,38,0.6165,0.8098
21,42,37,0.6151,0.7992
21,43,36,0.6136,0.7874
21,44,35,0.6121,0.7744
21,45,34,0.6106,0.7603
21,46,33,0.6089,0.7454
21,47,32,0.6072,0.7297
21,48,31,0.6054,0.7134
21,49,30,0.6034,0.6965
21,50,29,0.6012,0.6792
21,51,28,0.5990,0.6617
21,52,27,0.5965,0.6439
21,53,26,0.5938,0.6260
21,54,25,0.5910,0.6080
21,55,24,0.5879,0.5901
21,56,23,0.5846,0.5722
21,57,22,0.5811,0.5544
21,58,21,0.5774,0.5368
21,59,20,0.5733,0.5194
21,60,19,0.5691,0.5021
21,61,18,0.5645,0.4850
21,62,17,0.5597,0.4681
21,63,16,0.5546,0.4514
21,64,15,0.5493,0.4348
21,65,14,0.5436,0.4184
21,66,13,0.5377,0.4022
21,67,12,0.5315,0.3860
21,68,11,0.5251,0.3700
21,69,10,0.5183,0.3541
21,70,9,0.5113,0.3384
21,71,8,0.5041,0.3227
21,72,7,0.4966,0.3072
21,73,6,0.4889,0.2919
21,74,5,0.4809,0.2766
21,75,4,0.4728,0.2616
21,76,3,0.4644,0.2468
21,77,2,0.4559,0.2322
21,78,1,0.4472,0.2179
21,79,0,0.4384,0.2039
22,0,78,0.7752,0.1699
22,1,77,0.7698,0.1879
22,2,76,0.7644,0.2070
22,3,75,0.7589,0.2272
22,4,74,0.7533,0.2485
22,5,73,0.7477,0.2709
22,6,72,0.7420,0.2941
22,7,71,0.7363,0.3183
22,8,70,0.7306,0.3432
22,9,69,0.7249,0.3689
22,10,68,0.7193,0.3952
22,11,67,0.7137,0.4219
22,12,66,0.7081,0.4490
22,13,65,0.7026,0.4763
22,14,64,0.6972,0.5037
22,15,63,0.6919,0.5311
22,16,62,0.6868,0.5583
22,17,61,0.6818,0.5851
22,18,60,0.6769,0.6115
22,19,59,0.6722,0.6371
22,20,58,0.6677,0.6620
22,21,57,0.6633,0.6860
22,22,56,0.6592,0.7089
22,23,55,0.6553,0.7306
22,24,54,0.6516,0.7509
22,25,53,0.6481,0.7698
22,26,52,0.6448,0.7871
22,27,51,0.6417,0.8027
22,28,50,0.6388,0.8166
22,29,49,0.6362,0.8286
22,30,48,0.6337,0.8388
22,31,47,0.6314,0.8470
22,32,46,0.6292,0.8533
22,33,45,0.6273,0.8576
22,34,44,0.6254,0.8600
22,35,43,0.6237,0.8604
22,36,42,0.6221,0.8588
22,37,41,0.6205,0.8555
22,38,40,0.6191,0.8503
22,39,39,0.6176,0.8434
22,40,38,0.6162,0.8349
22,41,37,0.6148,0.8249
22,42,36,0.6134,0.8135
22,43,35,0.6120,0.8008
22,44,34,0.6105,0.7869
22,45,33,0.6090,0.7721
22,46,32,0.6074,0.7563
22,47,31,0.6056,0.7398
22,48,30,0.6038,0.7226
22,49,29,0.6018,0.7049
22,50,28,0.5997,0.6869
22,51,27,0.5974,0.6685
22,52,26,0.5950,0.6499
22,53,25,0.5924,0.6312
22,54,24,0.5896,0.6125
22,55,23,0.5866,0.5938
22,56,22,0.5834,0.5752
22,57,21,0.5799,0.5568
22,58,20,0.5763,0.5384
22,59,19,0.5723,0.5203
22,60,18,0.5682,0.5023
22,61,17,0.5638,0.4846
22,62,16,0.5591,0.4670
22,63,15,0.5542,0.4497
22,64,14,0.5489,0.4325
22,65,13,0.5435,0.4155
22,66,12,0.5377,0.3986
22,67,11,0.5317,0.3820
22,68,10,0.5254,0.3655
22,69,9,0.5188,0.3491
22,70,8,0.5120,0.3329
22,71,7,0.5049,0.3169
22,72,6,0.4976,0.3010
22,73,5,0.4900,0.2853
22,74,4,0.4822,0.2699
22,75,3,0.4742,0.2547
22,76,2,0.4660,0.2397
22,77,1,0.4576,0.2250
22,78,0,0.4491,0.2107
23,0,77,0.7727,0.1794
23,1,76,0.7671,0.1981
23,2,75,0.7615,0.2179
23,3,74,0.7558,0.2389
23,4,73,0.7501,0.2609
23,5,72,0.7443,0.2839
23,6,71,0.7385,0.3079
23,7,70,0.7327,0.3328
23,8,69,0.7269,0.3584
23,9,68,0.7212,0.3848
23,10,67,0.7154,0.4117
23,11,66,0.7097,0.4391
23,12,65,0.7041,0.4668
23,13,64,0.6986,0.4947
23,14,63,0.6932,0.5227
23,15,62,0.6879,0.5506
23,16,61,0.6828,0.5783
23,17,60,0.6778,0.6055
23,18,59,0.6730,0.6323
23,19,58,0.6683,0.6583
23,20,57,0.6639,0.6835
23,21,56,0.6597,0.7077
23,22,55,0.6556,0.7307
23,23,54,0.6518,0.7525
23,24,53,0.6482,0.7729
23,25,52,0.6449,0.7917
23,26,51,0.6417,0.8090
23,27,50,0.6388,0.8245
23,28,49,0.6360,0.8381
23,29,48,0.6335,0.8499
23,30,47,0.6311,0.8597
23,31,46,0.6289,0.8675
23,32,45,0.6269,0.8733
23,33,44,0.6251,0.8771
23,34,43,0.6233,0.8789
23,35,42,0.6217,0.8786
23,36,41,0.6201,0.8764
23,37,40,0.6187,0.8723
23,38,39,0.6173,0.8664
23,39,38,0.6159,0.8587
23,40,37,0.6146,0.8494
23,41,36,0.6132,0.8385
23,42,35,0.6118,0.8263
23,43,34,0.6104,0.8128
23,44,33,0.6090,0.7981
23,45,32,0.6074,0.7823
23,46,31,0.6058,0.7657
23,47,30,0.6041,0.7484
23,48,29,0.6023,0.7304
23,49,28,0.6003,0.7119
23,50,27,0.5982,0.6930
23,51,26,0.5960,0.6739
23,52,25,0.5936,0.6545
23,53,24,0.5910,0.6351
23,54,23,0.5883,0.6156
23,55,22,0.5853,0.5962
23,56,21,0.5822,0.5769
23,57,20,0.5788,0.5577
23,58,19,0.5752,0.5387
23,59,18,0.5714,0.5199
23,60,17,0.5674,0.5013
23,61,16,0.5631,0.4829
23,62,15,0.5586,0.4647
23,63,14,0.5538,0.4467
23,64,13,0.5487,0.4289
23,65,12,0.5434,0.4114
23,66,11,0.5378,0.3940
23,67,10,0.5319,0.3768
23,68,9,0.5258,0.3599
23,69,8,0.5194,0.3431
23,70,7,0.5127,0.3265
23,71,6,0.5058,0.3101
23,72,5,0.4986,0.2940
23,73,4,0.4912,0.2781
23,74,3,0.4835,0.2624
23,75,2,0.4757,0.2470
23,76,1,0.4676,0.2320
23,77,0,0.4594,0.2173
24,0,76,0.7697,0.1888
24,1,75,0.7640,0.2082
24,2,74,0.7582,0.2287
24,3,73,0.7524,0.2503
24,4,72,0.7465,0.2730
24,5,71,0.7406,0.2968
24,6,70,0.7347,0.3214
24,7,69,0.7288,0.3470
24,8,68,0.7229,0.3733
24,9,67,0.7170,0.4003
24,10,66,0.7112,0.4278
24,11,65,0.7055,0.4558
24,12,64,0.6999,0.4841
24,13,63,0.6944,0.5126
24,14,62,0.6890,0.5411
24,15,61,0.6837,0.5694
24,16,60,0.6786,0.5975
24,17,59,0.6737,0.6252
24,18,58,0.6689,0.6523
24,19,57,0.6644,0.6786
24,20,56,0.6601,0.7041
24,21,55,0.6559,0.7284
24,22,54,0.6520,0.7516
24,23,53,0.6484,0.7735
24,24,52,0.6449,0.7939
24,25,51,0.6417,0.8127
24,26,50,0.6387,0.8298
24,27,49,0.6359,0.8451
24,28,48,0.6333,0.8585
24,29,47,0.6309,0.8699
24,30,46,0.6286,0.8794
24,31,45,0.6266,0.8867
24,32,44,0.6247,0.8920
24,33,43,0.6229,0.8952
24,34,42,0.6213,0.8964
24,35,41,0.6198,0.8955
24,36,40,0.6183,0.8925
24,37,39,0.6169,0.8877
24,38,38,0.6156,0.8810
24,39,37,0.6143,0.8725
24,40,36,0.6130,0.8624
24,41,35,0.6116,0.8507
24,42,34,0.6103,0.8376
24,43,33,0.6089,0.8232
24,44,32,0.6075,0.8077
24,45,31,0.6060,0.7911
24,46,30,0.6044,0.7737
24,47,29,0.6027,0.7555
24,48,28,0.6009,0.7367
24,49,27,0.5989,0.7174
24,50,26,0.5969,0.6977
24,51,25,0.5946,0.6778
24,52,24,0.5923,0.6577
24,53,23,0.5898,0.6375
24,54,22,0.5871,0.6173
24,55,21,0.5842,0.5972
24,56,20,0.5811,0.5772
24,57,19,0.5778,0.5573
24,58,18,0.5743,0.5376
24,59,17,0.5706,0.5182
24,60,16,0.5667,0.4989
24,61,15,0.5625,0.4799
24,62,14,0.5581,0.4611
24,63,13,0.5535,0.4425
24,64,12,0.5485,0.4242
24,65,11,0.5434,0.4061
24,66,10,0.5379,0.3883
24,67,9,0.5322,0.3706
24,68,8,0.5262,0.3533
24,69,7,0.5200,0.3361
24,70,6,0.5135,0.3192
24,71,5,0.5067,0.3026
24,72,4,0.4997,0.2862
24,73,3,0.4924,0.2701
24,74,2,0.4849,0.2543
24,75,1,0.4772,0.2389
24,76,0,0.4693,0.2238
25,0,75,0.7664,0.1981
25,1,74,0.7605,0.2181
25,2,73,0.7545,0.2393
25,3,72,0.7486,0.2616
25,4,71,0.7426,0.2849
25,5,70,0.7365,0.3093
25,6,69,0.7305,0.3346
25,7,68,0.7245,0.3608
25,8,67,0.7185,0.3877
25,9,66,0.7126,0.4153
25,10,65,0.7068,0.4434
25,11,64,0.7010,0.4720
25,12,63,0.6954,0.5008
25,13,62,0.6899,0.5298
25,14,61,0.6845,0.5588
25,15,60,0.6793,0.5876
25,16,59,0.6743,0.6161
25,17,58,0.6695,0.6441
25,18,57,0.6648,0.6715
25,19,56,0.6604,0.6981
25,20,55,0.6562,0.7237
25,21,54,0.6522,0.7483
25,22,53,0.6484,0.7716
25,23,52,0.6449,0.7935
25,24,51,0.6416,0.8138
25,25,50,0.6385,0.8325
25,26,49,0.6356,0.8495
25,27,48,0.6330,0.8645
25,28,47,0.6305,0.8777
25,29,46,0.6283,0.8887
25,30,45,0.6262,0.8977
25,31,44,0.6243,0.9046
25,32,43,0.6225,0.9094
25,33,42,0.6209,0.9120
25,34,41,0.6193,0.9125
25,35,40,0.6179,0.9109
25,36,39,0.6165,0.9072
25,37,38,0.6152,0.9016
25,38,37,0.6139,0.8941
25,39,36,0.6127,0.8848
25,40,35,0.6114,0.8738
25,41,34,0.6102,0.8613
25,42,33,0.6088,0.8474
25,43,32,0.6075,0.8321
25,44,31,0.6061,0.8157
25,45,30,0.6046,0.7983
25,46,29,0.6030,0.7801
25,47,28,0.6013,0.7611
25,48,27,0.5995,0.7415
25,49,26,0.5976,0.7214
25,50,25,0.5956,0.7009
25,51,24,0.5934,0.6802
25,52,23,0.5910,0.6594
25,53,22,0.5886,0.6385
25,54,21,0.5859,0.6176
25,55,20,0.5831,0.5968
25,56,19,0.5801,0.5761
25,57,18,0.5769,0.5555
25,58,17,0.5735,0.5352
25,59,16,0.5699,0.5151
25,60,15,0.5661,0.4952
25,61,14,0.5620,0.4756
25,62,13,0.5578,0.4562
25,63,12,0.5532,0.4371
25,64,11,0.5485,0.4183
25,65,10,0.5434,0.3998
25,66,9,0.5381,0.3815
25,67,8,0.5326,0.3635
25,68,7,0.5268,0.3457
25,69,6,0.5207,0.3283
25,70,5,0.5143,0.3111
25,71,4,0.5077,0.2942
25,72,3,0.5008,0.2777
25,73,2,0.4937,0.2615
25,74,1,0.4864,0.2456
25,75,0,0.4788,0.2302
26,0,74,0.7626,0.2072
26,1,73,0.7566,0.2278
26,2,72,0.7505,0.2496
26,3,71,0.7444,0.2725
26,4,70,0.7382,0.2965
26,5,69,0.7321,0.3215
26,6,68,0.7260,0.3474
26,7,67,0.7199,0.3741
26,8,66,0.7139,0.4017
26,9,65,0.7080,0.4298
26,10,64,0.7021,0.4585
26,11,63,0.6964,0.4876
26,12,62,0.6907,0.5169
26,13,61,0.6853,0.5463
26,14,60,0.6799,0.5757
26,15,59,0.6748,0.6050
26,16,58,0.6699,0.6338
26,17,57,0.6651,0.6622
26,18,56,0.6606,0.6898
26,19,55,0.6563,0.7166
26,20,54,0.6522,0.7425
26,21,53,0.6484,0.7671
26,22,52,0.6448,0.7905
26,23,51,0.6414,0.8124
26,24,50,0.6383,0.8326
26,25,49,0.6354,0.8512
26,26,48,0.6327,0.8680
26,27,47,0.6302,0.8828
26,28,46,0.6279,0.8955
26,29,45,0.6258,0.9062
26,30,44,0.6239,0.9148
26,31,43,0.6221,0.9211
26,32,42,0.6204,0.9253
26,33,41,0.6189,0.9273
26,34,40,0.6175,0.9271
26,35,39,0.6161,0.9247
26,36,38,0.6149,0.9203
26,37,37,0.6136,0.9139
26,38,36,0.6124,0.9056
26,39,35,0.6112,0.8955
26,40,34,0.6100,0.8837
26,41,33,0.6087,0.8703
26,42,32,0.6075,0.8555
26,43,31,0.6061,0.8394
26,44,30,0.6047,0.8222
26,45,29,0.6033,0.8040
26,46,28,0.6017,0.7849
26,47,27,0.6000,0.7651
26,48,26,0.5982,0.7446
26,49,25,0.5964,0.7238
26,50,24,0.5943,0.7026
26,51,23,0.5922,0.6811
26,52,22,0.5899,0.6596
26,53,21,0.5875,0.6380
26,54,20,0.5849,0.6164
26,55,19,0.5821,0.5949
26,56,18,0.5792,0.5735
26,57,17,0.5761,0.5523
26,58,16,0.5728,0.5314
26,59,15,0.5693,0.5107
26,60,14,0.5656,0.4902
26,61,13,0.5617,0.4701
26,62,12,0.5575,0.4502
26,63,11,0.5531,0.4306
26,64,10,0.5485,0.4113
26,65,9,0.5436,0.3923
26,66,8,0.5384,0.3737
26,67,7,0.5330,0.3553
26,68,6,0.5274,0.3373
26,69,5,0.5214,0.3196
26,70,4,0.5152,0.3022
26,71,3,0.5088,0.2852
26,72,2,0.5020,0.2685
26,73,1,0.4951,0.2523
26,74,0,0.4879,0.2364
27,0,73,0.7584,0.2161
27,1,72,0.7523,0.2373
27,2,71,0.7461,0.2596
27,3,70,0.7398,0.2831
27,4,69,0.7336,0.3077
27,5,68,0.7274,0.3332
27,6,67,0.7212,0.3597
27,7,66,0.7151,0.3870
27,8,65,0.7090,0.4151
27,9,64,0.7030,0.4437
27,10,63,0.6972,0.4729
27,11,62,0.6915,0.5025
27,12,61,0.6859,0.5323
27,13,60,0.6805,0.5622
27,14,59,0.6752,0.5920
27,15,58,0.6702,0.6215
27,16,57,0.6654,0.6507
27,17,56,0.6608,0.6793
27,18,55,0.6564,0.7072
27,19,54,0.6522,0.7342
27,20,53,0.6483,0.7602
27,21,52,0.6446,0.7849
27,22,51,0.6412,0.8083
27,23,50,0.6380,0.8301
27,24,49,0.6351,0.8503
27,25,48,0.6323,0.8687
27,26,47,0.6298,0.8852
27,27,46,0.6275,0.8997
27,28,45,0.6254,0.9121
27,29,44,0.6234,0.9223
27,30,43,0.6216,0.9304
27,31,42,0.6200,0.9362
27,32,41,0.6185,0.9397
27,33,40,0.6171,0.9410
27,34,39,0.6157,0.9401
27,35,38,0.6145,0.9371
27,36,37,0.6133,0.9319
27,37,36,0.6121,0.9247
27,38,35,0.6110,0.9155
27,39,34,0.6098,0.9046
27,40,33,0.6086,0.8919
27,41,32,0.6074,0.8777
27,42,31,0.6062,0.8620
27,43,30,0.6049,0.8451
27,44,29,0.6035,0.8270
27,45,28,0.6020,0.8080
27,46,27,0.6005,0.7881
27,47,26,0.5988,0.7674
27,48,25,0.5971,0.7463
27,49,24,0.5952,0.7246
27,50,23,0.5932,0.7027
27,51,22,0.5911,0.6805
27,52,21,0.5889,0.6582
27,53,20,0.5865,0.6359
27,54,19,0.5839,0.6137
27,55,18,0.5812,0.5915
27,56,17,0.5784,0.5695
27,57,16,0.5754,0.5477
27,58,15,0.5722,0.5262
27,59,14,0.5688,0.5049
27,60,13,0.5652,0.4840
27,61,12,0.5614,0.4633
27,62,11,0.5573,0.4429
27,63,10,0.5531,0.4229
27,64,9,0.5486,0.4032
27,65,8,0.5438,0.3839
27,66,7,0.5388,0.3649
27,67,6,0.5335,0.3463
27,68,5,0.5280,0.3280
27,69,4,0.5222,0.3101
27,70,3,0.5162,0.2926
27,71,2,0.5099,0.2755
27,72,1,0.5033,0.2588
27,73,0,0.4965,0.2426
28,0,72,0.7539,0.2247
28,1,71,0.7476,0.2464
28,2,70,0.7413,0.2693
28,3,69,0.7349,0.2933
28,4,68,0.7286,0.3184
28,5,67,0.7223,0.3445
28,6,66,0.7161,0.3715
28,7,65,0.7099,0.3994
28,8,64,0.7038,0.4279
28,9,63,0.6979,0.4571
28,10,62,0.6921,0.4867
28,11,61,0.6864,0.5167
28,12,60,0.6809,0.5469
28,13,59,0.6756,0.5772
28,14,58,0.6704,0.6074
28,15,57,0.6655,0.6373
28,16,56,0.6608,0.6667
28,17,55,0.6564,0.6956
28,18,54,0.6521,0.7237
28,19,53,0.6482,0.7508
28,20,52,0.6444,0.7769
28,21,51,0.6409,0.8016
28,22,50,0.6377,0.8250
28,23,49,0.6347,0.8467
28,24,48,0.6319,0.8667
28,25,47,0.6294,0.8849
28,26,46,0.6270,0.9011
28,27,45,0.6249,0.9153
28,28,44,0.6229,0.9272
28,29,43,0.6212,0.9370
28,30,42,0.6195,0.9445
28,31,41,0.6180,0.9497
28,32,40,0.6166,0.9526
28,33,39,0.6153,0.9532
28,34,38,0.6141,0.9516
28,35,37,0.6130,0.9478
28,36,36,0.6118,0.9418
28,37,35,0.6107,0.9337
28,38,34,0.6096,0.9238
28,39,33,0.6085,0.9120
28,40,32,0.6074,0.8985
28,41,31,0.6062,0.8834
28,42,30,0.6050,0.8669
28,43,29,0.6037,0.8491
28,44,28,0.6024,0.8302
28,45,27,0.6009,0.8103
28,46,26,0.5994,0.7896
28,47,25,0.5978,0.7682
28,48,24,0.5960,0.7462
28,49,23,0.5942,0.7239
28,50,22,0.5922,0.7012
28,51,21,0.5901,0.6783
28,52,20,0.5879,0.6554
28,53,19,0.5856,0.6324
28,54,18,0.5831,0.6095
28,55,17,0.5805,0.5867
28,56,16,0.5777,0.5641
28,57,15,0.5748,0.5418
28,58,14,0.5716,0.5197
28,59,13,0.5683,0.4979
28,60,12,0.5648,0.4765
28,61,11,0.5611,0.4553
28,62,10,0.5572,0.4346
28,63,9,0.5531,0.4142
28,64,8,0.5487,0.3941
28,65,7,0.5441,0.3745
28,66,6,0.5392,0.3553
28,67,5,0.5341,0.3364
28,68,4,0.5287,0.3180
28,69,3,0.5231,0.3000
28,70,2,0.5172,0.2824
28,71,1,0.5110,0.2653
28,72,0,0.5046,0.2486
29,0,71,0.7490,0.2330
29,1,70,0.7426,0.2552
29,2,69,0.7361,0.2786
29,3,68,0.7297,0.3032
29,4,67,0.7233,0.3287
29,5,66,0.7170,0.3553
29,6,65,0.7107,0.3828
29,7,64,0.7045,0.4111
29,8,63,0.6985,0.4401
29,9,62,0.6926,0.4698
29,10,61,0.6868,0.4998
29,11,60,0.6812,0.5303
29,12,59,0.6758,0.5608
29,13,58,0.6706,0.5915
29,14,57,0.6656,0.6220
29,15,56,0.6608,0.6521
29,16,55,0.6563,0.6819
29,17,54,0.6520,0.7109
29,18,53,0.6479,0.7392
29,19,52,0.6441,0.7664
29,20,51,0.6406,0.7925
29,21,50,0.6373,0.8173
29,22,49,0.6343,0.8405
29,23,48,0.6315,0.8621
29,24,47,0.6289,0.8819
29,25,46,0.6265,0.8998
29,26,45,0.6244,0.9157
29,27,44,0.6224,0.9294
29,28,43,0.6206,0.9410
29,29,42,0.6190,0.9502
29,30,41,0.6175,0.9571
29,31,40,0.6162,0.9617
29,32,39,0.6149,0.9639
29,33,38,0.6137,0.9638
29,34,37,0.6126,0.9614
29,35,36,0.6115,0.9568
29,36,35,0.6105,0.9500
29,37,34,0.6095,0.9411
29,38,33,0.6084,0.9303
29,39,32,0.6074,0.9177
29,40,31,0.6063,0.9033
29,41,30,0.6051,0.8873
29,42,29,0.6039,0.8700
29,43,28,0.6027,0.8514
29,44,27,0.6013,0.8316
29,45,26,0.5999,0.8110
29,46,25,0.5984,0.7895
29,47,24,0.5968,0.7673
29,48,23,0.5951,0.7446
29,49,22,0.5932,0.7215
29,50,21,0.5913,0.6981
29,51,20,0.5893,0.6746
29,52,19,0.5871,0.6510
29,53,18,0.5848,0.6274
29,54,17,0.5824,0.6039
29,55,16,0.5798,0.5805
29,56,15,0.5771,0.5574
29,57,14,0.5743,0.5345
29,58,13,0.5712,0.5119
29,59,12,0.5680,0.4897
29,60,11,0.5646,0.4678
29,61,10,0.5610,0.4462
29,62,9,0.5572,0.4251
29,63,8,0.5532,0.4044
29,64,7,0.5490,0.3841
29,65,6,0.5445,0.3642
29,66,5,0.5398,0.3448
29,67,4,0.5348,0.3258
29,68,3,0.5295,0.3073
29,69,2,0.5240,0.2892
29,70,1,0.5182,0.2716
29,71,0,0.5122,0.2546
30,0,70,0.7437,0.2409
30,1,69,0.7372,0.2637
30,2,68,0.7307,0.2875
30,3,67,0.7242,0.3125
30,4,66,0.7177,0.3386
30,5,65,0.7114,0.3656
30,6,64,0.7051,0.3936
30,7,63,0.6990,0.4223
30,8,62,0.6930,0.4518
30,9,61,0.6871,0.4818
30,10,60,0.6814,0.5123
30,11,59,0.6759,0.5430
30,12,58,0.6706,0.5740
30,13,57,0.6655,0.6049
30,14,56,0.6607,0.6357
30,15,55,0.6561,0.6661
30,16,54,0.6517,0.6960
30,17,53,0.6476,0.7253
30,18,52,0.6438,0.7536
30,19,51,0.6402,0.7809
30,20,50,0.6369,0.8070
30,21,49,0.6338,0.8317
30,22,48,0.6310,0.8548
30,23,47,0.6284,0.8763
30,24,46,0.6260,0.8958
30,25,45,0.6239,0.9134
30,26,44,0.6219,0.9289
30,27,43,0.6201,0.9422
30,28,42,0.6185,0.9532
30,29,41,0.6170,0.9619
30,30,40,0.6157,0.9682
30,31,39,0.6145,0.9721
30,32,38,0.6133,0.9736
30,33,37,0.6123,0.9728
30,34,36,0.6112,0.9696
30,35,35,0.6103,0.9641
30,36,34,0.6093,0.9565
30,37,33,0.6083,0.9468
30,38,32,0.6073,0.9351
30,39,31,0.6063,0.9216
30,40,30,0.6053,0.9064
30,41,29,0.6042,0.8896
30,42,28,0.6030,0.8714
30,43,27,0.6017,0.8519
30,44,26,0.6004,0.8314
30,45,25,0.5990,0.8099
30,46,24,0.5975,0.7876
30,47,23,0.5959,0.7647
30,48,22,0.5942,0.7413
30,49,21,0.5924,0.7175
30,50,20,0.5905,0.6935
30,51,19,0.5885,0.6693
30,52,18,0.5864,0.6450
30,53,17,0.5842,0.6208
30,54,16,0.5818,0.5968
30,55,15,0.5793,0.5729
30,56,14,0.5767,0.5492
30,57,13,0.5739,0.5259
30,58,12,0.5709,0.5028
30,59,11,0.5678,0.4802
30,60,10,0.5645,0.4579
30,61,9,0.5610,0.4361
30,62,8,0.5573,0.4146
30,63,7,0.5534,0.3937
30,64,6,0.5493,0.3731
30,65,5,0.5449,0.3531
30,66,4,0.5403,0.3335
30,67,3,0.5355,0.3145
30,68,2,0.5304,0.2959
30,69,1,0.5250,0.2779
30,70,0,0.5193,0.2604
31,0,69,0.7381,0.2485
31,1,68,0.7315,0.2717
31,2,67,0.7249,0.2960
31,3,66,0.7184,0.3214
31,4,65,0.7119,0.3479
31,5,64,0.7056,0.3753
31,6,63,0.6993,0.4037
31,7,62,0.6932,0.4329
31,8,61,0.6873,0.4627
31,9,60,0.6815,0.4931
31,10,59,0.6759,0.5239
31,11,58,0.6706,0.5551
31,12,57,0.6654,0.5863
31,13,56,0.6605,0.6175
31,14,55,0.6558,0.6485
31,15,54,0.6514,0.6792
31,16,53,0.6473,0.7093
31,17,52,0.6434,0.7386
31,18,51,0.6398,0.7670
31,19,50,0.6364,0.7944
31,20,49,0.6333,0.8204
31,21,48,0.6304,0.8450
31,22,47,0.6278,0.8680
31,23,46,0.6254,0.8892
31,24,45,0.6233,0.9084
31,25,44,0.6213,0.9257
31,26,43,0.6196,0.9407
31,27,42,0.6180,0.9535
31,28,41,0.6165,0.9640
31,29,40,0.6152,0.9721
31,30,39,0.6140,0.9777
31,31,38,0.6129,0.9809
31,32,37,0.6119,0.9817
31,33,36,0.6109,0.9800
31,34,35,0.6100,0.9760
31,35,34,0.6091,0.9697
31,36,33,0.6082,0.9613
31,37,32,0.6073,0.9507
31,38,31,0.6064,0.9381
31,39,30,0.6054,0.9237
31,40,29,0.6044,0.9077
31,41,28,0.6033,0.8900
31,42,27,0.6021,0.8710
31,43,26,0.6009,0.8507
31,44,25,0.5996,0.8294
31,45,24,0.5982,0.8071
31,46,23,0.5968,0.7841
31,47,22,0.5952,0.7605
31,48,21,0.5935,0.7364
31,49,20,0.5918,0.7119
31,50,19,0.5899,0.6872
31,51,18,0.5879,0.6624
31,52,17,0.5858,0.6376
31,53,16,0.5836,0.6129
31,54,15,0.5813,0.5883
31,55,14,0.5789,0.5639
31,56,13,0.5763,0.5398
31,57,12,0.5736,0.5160
31,58,11,0.5707,0.4926
31,59,10,0.5677,0.4696
31,60,9,0.5645,0.4470
31,61,8,0.5611,0.4248
31,62,7,0.5575,0.4032
31,63,6,0.5537,0.3820
31,64,5,0.5497,0.3614
31,65,4,0.5455,0.3412
31,66,3,0.5410,0.3216
31,67,2,0.5363,0.3026
31,68,1,0.5313,0.2841
31,69,0,0.5260,0.2662
32,0,68,0.7322,0.2557
32,1,67,0.7255,0.2793
32,2,66,0.7189,0.3040
32,3,65,0.7124,0.3298
32,4,64,0.7059,0.3567
32,5,63,0.6996,0.3845
32,6,62,0.6934,0.4133
32,7,61,0.6874,0.4428
32,8,60,0.6815,0.4730
32,9,59,0.6759,0.5037
32,10,58,0.6704,0.5349
32,11,57,0.6652,0.5663
32,12,56,0.6602,0.5978
32,13,55,0.6555,0.6293
32,14,54,0.6510,0.6605
32,15,53,0.6468,0.6913
32,16,52,0.6429,0.7215
32,17,51,0.6392,0.7510
32,18,50,0.6358,0.7794
32,19,49,0.6327,0.8067
32,20,48,0.6298,0.8326
32,21,47,0.6272,0.8571
32,22,46,0.6248,0.8798
32,23,45,0.6227,0.9007
32,24,44,0.6207,0.9197
32,25,43,0.6190,0.9365
32,26,42,0.6174,0.9511
32,27,41,0.6160,0.9633
32,28,40,0.6147,0.9732
32,29,39,0.6135,0.9806
32,30,38,0.6125,0.9856
32,31,37,0.6115,0.9880
32,32,36,0.6106,0.9880
32,33,35,0.6098,0.9856
32,34,34,0.6089,0.9807
32,35,33,0.6081,0.9736
32,36,32,0.6073,0.9642
32,37,31,0.6064,0.9528
32,38,30,0.6055,0.9394
32,39,29,0.6046,0.9241
32,40,28,0.6036,0.9072
32,41,27,0.6026,0.8887
32,42,26,0.6014,0.8688
32,43,25,0.6002,0.8478
32,44,24,0.5990,0.8257
32,45,23,0.5976,0.8026
32,46,22,0.5961,0.7789
32,47,21,0.5946,0.7546
32,48,20,0.5929,0.7298
32,49,19,0.5912,0.7047
32,50,18,0.5894,0.6794
32,51,17,0.5874,0.6540
32,52,16,0.5854,0.6287
32,53,15,0.5832,0.6034
32,54,14,0.5810,0.5784
32,55,13,0.5786,0.5535
32,56,12,0.5761,0.5290
32,57,11,0.5734,0.5049
32,58,10,0.5707,0.4811
32,59,9,0.5677,0.4578
32,60,8,0.5646,0.4350
32,61,7,0.5613,0.4127
32,62,6,0.5578,0.3909
32,63,5,0.5541,0.3696
32,64,4,0.5502,0.3489
32,65,3,0.5461,0.3287
32,66,2,0.5417,0.3091
32,67,1,0.5371,0.2902
32,68,0,0.5322,0.2718
33,0,67,0.7260,0.2625
33,1,66,0.7193,0.2864
33,2,65,0.7127,0.3115
33,3,64,0.7061,0.3377
33,4,63,0.6997,0.3649
33,5,62,0.6935,0.3931
33,6,61,0.6874,0.4222
33,7,60,0.6814,0.4521
33,8,59,0.6757,0.4826
33,9,58,0.6702,0.5137
33,10,57,0.6649,0.5451
33,11,56,0.6599,0.5768
33,12,55,0.6551,0.6085
33,13,54,0.6506,0.6402
33,14,53,0.6463,0.6716
33,15,52,0.6424,0.7025
33,16,51,0.6387,0.7328
33,17,50,0.6352,0.7623
33,18,49,0.6321,0.7907
33,19,48,0.6292,0.8179
33,20,47,0.6266,0.8437
33,21,46,0.6242,0.8679
33,22,45,0.6220,0.8904
33,23,44,0.6201,0.9110
33,24,43,0.6183,0.9295
33,25,42,0.6168,0.9458
33,26,41,0.6154,0.9599
33,27,40,0.6142,0.9716
33,28,39,0.6131,0.9808
33,29,38,0.6121,0.9875
33,30,37,0.6111,0.9918
33,31,36,0.6103,0.9934
33,32,35,0.6095,0.9926
33,33,34,0.6087,0.9893
33,34,33,0.6080,0.9836
33,35,32,0.6072,0.9756
33,36,31,0.6065,0.9654
33,37,30,0.6057,0.9531
33,38,29,0.6048,0.9388
33,39,28,0.6039,0.9226
33,40,27,0.6030,0.9048
33,41,26,0.6020,0.8855
33,42,25,0.6009,0.8649
33,43,24,0.5997,0.8430
33,44,23,0.5984,0.8202
33,45,22,0.5971,0.7964
33,46,21,0.5956,0.7720
33,47,20,0.5941,0.7470
33,48,19,0.5925,0.7216
33,49,18,0.5908,0.6959
33,50,17,0.5890,0.6701
33,51,16,0.5871,0.6442
33,52,15,0.5851,0.6183
33,53,14,0.5830,0.5926
33,54,13,0.5807,0.5671
33,55,12,0.5784,0.5419
33,56,11,0.5760,0.5171
33,57,10,0.5734,0.4926
33,58,9,0.5707,0.4686
33,59,8,0.5678,0.4451
33,60,7,0.5648,0.4221
33,61,6,0.5616,0.3996
33,62,5,0.5582,0.3777
33,63,4,0.5546,0.3564
33,64,3,0.5508,0.3357
33,65,2,0.5468,0.3156
33,66,1,0.5425,0.2962
33,67,0,0.5380,0.2773
34,0,66,0.7196,0.2689
34,1,65,0.7129,0.2931
34,2,64,0.7063,0.3185
34,3,63,0.6998,0.3450
34,4,62,0.6934,0.3726
34,5,61,0.6872,0.4012
34,6,60,0.6812,0.4306
34,7,59,0.6754,0.4607
34,8,58,0.6699,0.4915
34,9,57,0.6645,0.5229
34,10,56,0.6594,0.5546
34,11,55,0.6546,0.5865
34,12,54,0.6500,0.6184
34,13,53,0.6458,0.6503
34,14,52,0.6418,0.6818
34,15,51,0.6380,0.7128
34,16,50,0.6346,0.7431
34,17,49,0.6314,0.7725
34,18,48,0.6285,0.8009
34,19,47,0.6259,0.8279
34,20,46,0.6235,0.8536
34,21,45,0.6213,0.8775
34,22,44,0.6194,0.8997
34,23,43,0.6177,0.9199
34,24,42,0.6162,0.9379
34,25,41,0.6148,0.9537
34,26,40,0.6136,0.9672
34,27,39,0.6126,0.9783
34,28,38,0.6116,0.9868
34,29,37,0.6107,0.9928
34,30,36,0.6100,0.9962
34,31,35,0.6092,0.9971
34,32,34,0.6085,0.9954
34,33,33,0.6079,0.9913
34,34,32,0.6072,0.9847
34,35,31,0.6065,0.9758
34,36,30,0.6058,0.9647
34,37,29,0.6051,0.9515
34,38,28,0.6043,0.9363
34,39,27,0.6034,0.9193
34,40,26,0.6025,0.9007
34,41,25,0.6015,0.8806
34,42,24,0.6004,0.8591
34,43,23,0.5993,0.8365
34,44,22,0.5980,0.8129
34,45,21,0.5967,0.7885
34,46,20,0.5953,0.7634
34,47,19,0.5938,0.7378
34,48,18,0.5922,0.7118
34,49,17,0.5905,0.6856
34,50,16,0.5887,0.6592
34,51,15,0.5868,0.6329
34,52,14,0.5849,0.6066
34,53,13,0.5828,0.5805
34,54,12,0.5807,0.5546
34,55,11,0.5784,0.5291
34,56,10,0.5760,0.5040
34,57,9,0.5735,0.4793
34,58,8,0.5709,0.4551
34,59,7,0.5681,0.4314
34,60,6,0.5651,0.4083
34,61,5,0.5620,0.3858
34,62,4,0.5587,0.3639
34,63,3,0.5552,0.3427
34,64,2,0.5515,0.3220
34,65,1,0.5476,0.3021
34,66,0,0.5434,0.2828
35,0,65,0.7130,0.2748
35,1,64,0.7063,0.2993
35,2,63,0.6997,0.3251
35,3,62,0.6933,0.3519
35,4,61,0.6870,0.3798
35,5,60,0.6809,0.4086
35,6,59,0.6751,0.4383
35,7,58,0.6695,0.4687
35,8,57,0.6641,0.4998
35,9,56,0.6589,0.5314
35,10,55,0.6541,0.5633
35,11,54,0.6495,0.5954
35,12,53,0.6451,0.6275
35,13,52,0.6411,0.6594
35,14,51,0.6373,0.6910
35,15,50,0.6339,0.7221
35,16,49,0.6307,0.7524
35,17,48,0.6278,0.7817
35,18,47,0.6252,0.8100
35,19,46,0.6228,0.8368
35,20,45,0.6206,0.8622
35,21,44,0.6187,0.8858
35,22,43,0.6170,0.9076
35,23,42,0.6155,0.9273
35,24,41,0.6142,0.9449
35,25,40,0.6130,0.9602
35,26,39,0.6120,0.9730
35,27,38,0.6111,0.9834
35,28,37,0.6103,0.9912
35,29,36,0.6096,0.9964
35,30,35,0.6089,0.9990
35,31,34,0.6083,0.9990
35,32,33,0.6077,0.9965
35,33,32,0.6072,0.9915
35,34,31,0.6066,0.9840
35,35,30,0.6059,0.9742
35,36,29,0.6053,0.9622
35,37,28,0.6046,0.9481
35,38,27,0.6038,0.9320
35,39,26,0.6030,0.9142
35,40,25,0.6021,0.8948
35,41,24,0.6012,0.8738
35,42,23,0.6001,0.8516
35,43,22,0.5990,0.8283
35,44,21,0.5977,0.8040
35,45,20,0.5964,0.7789
35,46,19,0.5950,0.7532
35,47,18,0.5936,0.7270
35,48,17,0.5920,0.7005
35,49,16,0.5903,0.6738
35,50,15,0.5886,0.6469
35,51,14,0.5868,0.6201
35,52,13,0.5848,0.5935
35,53,12,0.5828,0.5670
35,54,11,0.5807,0.5409
35,55,10,0.5785,0.5151
35,56,9,0.5762,0.4898
35,57,8,0.5737,0.4650
35,58,7,0.5711,0.4407
35,59,6,0.5684,0.4169
35,60,5,0.5656,0.3938
35,61,4,0.5625,0.3713
35,62,3,0.5593,0.3495
35,63,2,0.5559,0.3283
35,64,1,0.5522,0.3079
35,65,0,0.5484,0.2881
36,0,64,0.7062,0.2803
36,1,63,0.6995,0.3051
36,2,62,0.6930,0.3311
36,3,61,0.6867,0.3582
36,4,60,0.6806,0.3864
36,5,59,0.6747,0.4155
36,6,58,0.6690,0.4454
36,7,57,0.6635,0.4761
36,8,56,0.6583,0.5074
36,9,55,0.6534,0.5392
36,10,54,0.6488,0.5713
36,11,53,0.6444,0.6035
36,12,52,0.6404,0.6357
36,13,51,0.6366,0.6678
36,14,50,0.6331,0.6994
36,15,49,0.6299,0.7304
36,16,48,0.6270,0.7606
36,17,47,0.6244,0.7899
36,18,46,0.6220,0.8179
36,19,45,0.6199,0.8445
36,20,44,0.6180,0.8696
36,21,43,0.6163,0.8929
36,22,42,0.6149,0.9142
36,23,41,0.6136,0.9334
36,24,40,0.6125,0.9504
36,25,39,0.6115,0.9650
36,26,38,0.6106,0.9772
36,27,37,0.6099,0.9868
36,28,36,0.6092,0.9938
36,29,35,0.6087,0.9982
36,30,34,0.6081,1.0000
36,31,33,0.6076,0.9991
36,32,32,0.6071,0.9957
36,33,31,0.6066,0.9898
36,34,30,0.6061,0.9814
36,35,29,0.6055,0.9707
36,36,28,0.6049,0.9578
36,37,27,0.6043,0.9428
36,38,26,0.6036,0.9259
36,39,25,0.6028,0.9072
36,40,24,0.6019,0.8870
36,41,23,0.6010,0.8653
36,42,22,0.5999,0.8423
36,43,21,0.5988,0.8183
36,44,20,0.5976,0.7934
36,45,19,0.5963,0.7677
36,46,18,0.5950,0.7414
36,47,17,0.5935,0.7147
36,48,16,0.5920,0.6876
36,49,15,0.5903,0.6605
36,50,14,0.5886,0.6332
36,51,13,0.5868,0.6061
36,52,12,0.5849,0.5791
36,53,11,0.5830,0.5524
36,54,10,0.5809,0.5261
36,55,9,0.5787,0.5001
36,56,8,0.5765,0.4747
36,57,7,0.5741,0.4497
36,58,6,0.5716,0.4254
36,59,5,0.5689,0.4017
36,60,4,0.5661,0.3786
36,61,3,0.5631,0.3562
36,62,2,0.5600,0.3346
36,63,1,0.5566,0.3136
36,64,0,0.5531,0.2934
37,0,63,0.6992,0.2853
37,1,62,0.6927,0.3104
37,2,61,0.6863,0.3367
37,3,60,0.6801,0.3641
37,4,59,0.6741,0.3924
37,5,58,0.6684,0.4218
37,6,57,0.6629,0.4519
37,7,56,0.6577,0.4828
37,8,55,0.6527,0.5143
37,9,54,0.6481,0.5463
37,10,53,0.6437,0.5785
37,11,52,0.6396,0.6109
37,12,51,0.6358,0.6431
37,13,50,0.6323,0.6752
37,14,49,0.6291,0.7068
37,15,48,0.6262,0.7378
37,16,47,0.6236,0.7679
37,17,46,0.6212,0.7969
37,18,45,0.6191,0.8247
37,19,44,0.6173,0.8510
37,20,43,0.6156,0.8757
37,21,42,0.6142,0.8985
37,22,41,0.6129,0.9194
37,23,40,0.6118,0.9380
37,24,39,0.6109,0.9544
37,25,38,0.6101,0.9683
37,26,37,0.6095,0.9798
37,27,36,0.6089,0.9886
37,28,35,0.6083,0.9948
37,29,34,0.6079,0.9983
37,30,33,0.6075,0.9992
37,31,32,0.6070,0.9975
37,32,31,0.6066,0.9931
37,33,30,0.6062,0.9862
37,34,29,0.6057,0.9770
37,35,28,0.6053,0.9653
37,36,27,0.6047,0.9515
37,37,26,0.6041,0.9357
37,38,25,0.6034,0.9179
37,39,24,0.6027,0.8984
37,40,23,0.6018,0.8774
37,41,22,0.6009,0.8550
37,42,21,0.5999,0.8313
37,43,20,0.5988,0.8066
37,44,19,0.5976,0.7811
37,45,18,0.5964,0.7548
37,46,17,0.5950,0.7280
37,47,16,0.5936,0.7008
37,48,15,0.5921,0.6733
37,49,14,0.5905,0.6458
37,50,13,0.5888,0.6182
37,51,12,0.5870,0.5908
37,52,11,0.5852,0.5636
37,53,10,0.5833,0.5367
37,54,9,0.5812,0.5102
37,55,8,0.5791,0.4841
37,56,7,0.5769,0.4586
37,57,6,0.5746,0.4337
37,58,5,0.5721,0.4094
37,59,4,0.5695,0.3858
37,60,3,0.5668,0.3629
37,61,2,0.5639,0.3407
37,62,1,0.5608,0.3192
37,63,0,0.5575,0.2985
38,0,62,0.6923,0.2900
38,1,61,0.6858,0.3153
38,2,60,0.6796,0.3418
38,3,59,0.6736,0.3694
38,4,58,0.6678,0.3980
38,5,57,0.6622,0.4275
38,6,56,0.6570,0.4579
38,7,55,0.6520,0.4890
38,8,54,0.6473,0.5206
38,9,53,0.6429,0.5527
38,10,52,0.6388,0.5850
38,11,51,0.6350,0.6174
38,12,50,0.6315,0.6497
38,13,49,0.6283,0.6818
38,14,48,0.6254,0.7133
38,15,47,0.6228,0.7441
38,16,46,0.6204,0.7741
38,17,45,0.6183,0.8029
38,18,44,0.6165,0.8304
38,19,43,0.6149,0.8563
38,20,42,0.6135,0.8805
38,21,41,0.6122,0.9029
38,22,40,0.6112,0.9231
38,23,39,0.6103,0.9412
38,24,38,0.6096,0.9568
38,25,37,0.6090,0.9700
38,26,36,0.6085,0.9807
38,27,35,0.6080,0.9887
38,28,34,0.6076,0.9940
38,29,33,0.6073,0.9967
38,30,32,0.6070,0.9966
38,31,31,0.6066,0.9939
38,32,30,0.6063,0.9887
38,33,29,0.6060,0.9809
38,34,28,0.6056,0.9706
38,35,27,0.6051,0.9581
38,36,26,0.6046,0.9434
38,37,25,0.6040,0.9267
38,38,24,0.6034,0.9081
38,39,23,0.6027,0.8878
38,40,22,0.6019,0.8660
38,41,21,0.6010,0.8429
38,42,20,0.6000,0.8186
38,43,19,0.5989,0.7933
38,44,18,0.5978,0.7671
38,45,17,0.5965,0.7404
38,46,16,0.5952,0.7131
38,47,15,0.5938,0.6855
38,48,14,0.5923,0.6576
38,49,13,0.5908,0.6298
38,50,12,0.5891,0.6019
38,51,11,0.5874,0.5743
38,52,10,0.5856,0.5469
38,53,9,0.5837,0.5199
38,54,8,0.5817,0.4933
38,55,7,0.5797,0.4673
38,56,6,0.5775,0.4418
38,57,5,0.5752,0.4170
38,58,4,0.5728,0.3928
38,59,3,0.5702,0.3694
38,60,2,0.5676,0.3466
38,61,1,0.5647,0.3247
38,62,0,0.5617,0.3036
39,0,61,0.6852,0.2942
39,1,60,0.6790,0.3197
39,2,59,0.6729,0.3464
39,3,58,0.6671,0.3742
39,4,57,0.6615,0.4030
39,5,56,0.6562,0.4327
39,6,55,0.6512,0.4632
39,7,54,0.6465,0.4945
39,8,53,0.6421,0.5262
39,9,52,0.6380,0.5584
39,10,51,0.6342,0.5908
39,11,50,0.6307,0.6232
39,12,49,0.6275,0.6555
39,13,48,0.6245,0.6874
39,14,47,0.6219,0.7189
39,15,46,0.6196,0.7495
39,16,45,0.6175,0.7792
39,17,44,0.6157,0.8077
39,18,43,0.6141,0.8348
39,19,42,0.6127,0.8603
39,20,41,0.6116,0.8841
39,21,40,0.6106,0.9058
39,22,39,0.6097,0.9255
39,23,38,0.6091,0.9428
39,24,37,0.6085,0.9577
39,25,36,0.6080,0.9701
39,26,35,0.6077,0.9799
39,27,34,0.6074,0.9871
39,28,33,0.6071,0.9915
39,29,32,0.6069,0.9932
39,30,31,0.6066,0.9922
39,31,30,0.6064,0.9886
39,32,29,0.6061,0.9823
39,33,28,0.6058,0.9736
39,34,27,0.6055,0.9625
39,35,26,0.6051,0.9490
39,36,25,0.6047,0.9335
39,37,24,0.6041,0.9159
39,38,23,0.6035,0.8965
39,39,22,0.6028,0.8755
39,40,21,0.6021,0.8529
39,41,20,0.6012,0.8291
39,42,19,0.6002,0.8042
39,43,18,0.5992,0.7783
39,44,17,0.5981,0.7517
39,45,16,0.5969,0.7244
39,46,15,0.5956,0.6967
39,47,14,0.5942,0.6688
39,48,13,0.5927,0.6407
39,49,12,0.5912,0.6125
39,50,11,0.5896,0.5845
39,51,10,0.5879,0.5567
39,52,9,0.5861,0.5293
39,53,8,0.5843,0.5022
39,54,7,0.5824,0.4757
39,55,6,0.5803,0.4497
39,56,5,0.5782,0.4243
39,57,4,0.5760,0.3996
39,58,3,0.5736,0.3757
39,59,2,0.5711,0.3525
39,60,1,0.5685,0.3301
39,61,0,0.5657,0.3085
40,0,60,0.6783,0.2980
40,1,59,0.6722,0.3238
40,2,58,0.6663,0.3506
40,3,57,0.6607,0.3786
40,4,56,0.6554,0.4075
40,5,55,0.6504,0.4374
40,6,54,0.6456,0.4680
40,7,53,0.6412,0.4993
40,8,52,0.6371,0.5312
40,9,51,0.6333,0.5634
40,10,50,0.6298,0.5958
40,11,49,0.6266,0.6282
40,12,48,0.6237,0.6604
40,13,47,0.6211,0.6922
40,14,46,0.6187,0.7235
40,15,45,0.6167,0.7539
40,16,44,0.6149,0.7833
40,17,43,0.6133,0.8114
40,18,42,0.6120,0.8381
40,19,41,0.6108,0.8631
40,20,40,0.6099,0.8862
40,21,39,0.6091,0.9074
40,22,38,0.6085,0.9263
40,23,37,0.6080,0.9429
40,24,36,0.6076,0.9570
40,25,35,0.6073,0.9686
40,26,34,0.6071,0.9775
40,27,33,0.6069,0.9837
40,28,32,0.6067,0.9872
40,29,31,0.6066,0.9879
40,30,30,0.6064,0.9860
40,31,29,0.6063,0.9814
40,32,28,0.6061,0.9742
40,33,27,0.6059,0.9645
40,34,26,0.6056,0.9524
40,35,25,0.6053,0.9381
40,36,24,0.6048,0.9217
40,37,23,0.6044,0.9033
40,38,22,0.6038,0.8831
40,39,21,0.6031,0.8614
40,40,20,0.6024,0.8382
40,41,19,0.6016,0.8137
40,42,18,0.6006,0.7882
40,43,17,0.5996,0.7618
40,44,16,0.5985,0.7347
40,45,15,0.5973,0.7071
40,46,14,0.5961,0.6790
40,47,13,0.5947,0.6508
40,48,12,0.5933,0.6225
40,49,11,0.5918,0.5942
40,50,10,0.5902,0.5660
40,51,9,0.5886,0.5382
40,52,8,0.5869,0.5107
40,53,7,0.5850,0.4837
40,54,6,0.5831,0.4573
40,55,5,0.5812,0.4314
40,56,4,0.5791,0.4063
40,57,3,0.5769,0.3818
40,58,2,0.5746,0.3582
40,59,1,0.5721,0.3353
40,60,0,0.5695,0.3133
41,0,59,0.6714,0.3015
41,1,58,0.6655,0.3274
41,2,57,0.6599,0.3544
41,3,56,0.6545,0.3825
41,4,55,0.6495,0.4115
41,5,54,0.6447,0.4415
41,6,53,0.6403,0.4723
41,7,52,0.6362,0.5036
41,8,51,0.6324,0.5355
41,9,50,0.6288,0.5677
41,10,49,0.6257,0.6001
41,11,48,0.6228,0.6324
41,12,47,0.6202,0.6645
41,13,46,0.6179,0.6961
41,14,45,0.6158,0.7271
41,15,44,0.6140,0.7572
41,16,43,0.6125,0.7862
41,17,42,0.6112,0.8139
41,18,41,0.6101,0.8401
41,19,40,0.6092,0.8645
41,20,39,0.6085,0.8870
41,21,38,0.6079,0.9075
41,22,37,0.6075,0.9257
41,23,36,0.6071,0.9414
41,24,35,0.6069,0.9547
41,25,34,0.6067,0.9654
41,26,33,0.6066,0.9733
41,27,32,0.6065,0.9786
41,28,31,0.6065,0.9811
41,29,30,0.6065,0.9809
41,30,29,0.6064,0.9779
41,31,28,0.6063,0.9723
41,32,27,0.6062,0.9642
41,33,26,0.6060,0.9535
41,34,25,0.6058,0.9406
41,35,24,0.6055,0.9254
41,36,23,0.6051,0.9081
41,37,22,0.6047,0.8889
41,38,21,0.6042,0.8680
41,39,20,0.6035,0.8456
41,40,19,0.6028,0.8217
41,41,18,0.6020,0.7967
41,42,17,0.6011,0.7707
41,43,16,0.6002,0.7439
41,44,15,0.5991,0.7164
41,45,14,0.5980,0.6884
41,46,13,0.5967,0.6601
41,47,12,0.5954,0.6316
41,48,11,0.5940,0.6031
41,49,10,0.5926,0.5748
41,50,9,0.5910,0.5466
41,51,8,0.5894,0.5188
41,52,7,0.5877,0.4914
41,53,6,0.5859,0.4645
41,54,5,0.5841,0.4383
41,55,4,0.5821,0.4126
41,56,3,0.5801,0.3878
41,57,2,0.5779,0.3637
41,58,1,0.5756,0.3404
41,59,0,0.5732,0.3179
42,0,58,0.6646,0.3046
42,1,57,0.6590,0.3306
42,2,56,0.6536,0.3577
42,3,55,0.6486,0.3859
42,4,54,0.6438,0.4151
42,5,53,0.6394,0.4451
42,6,52,0.6352,0.4759
42,7,51,0.6314,0.5073
42,8,50,0.6279,0.5392
42,9,49,0.6247,0.5714
42,10,48,0.6219,0.6037
42,11,47,0.6193,0.6358
42,12,46,0.6170,0.6677
42,13,45,0.6150,0.6991
42,14,44,0.6132,0.7298
42,15,43,0.6117,0.7595
42,16,42,0.6104,0.7881
42,17,41,0.6094,0.8152
42,18,40,0.6085,0.8408
42,19,39,0.6078,0.8646
42,20,38,0.6073,0.8865
42,21,37,0.6069,0.9061
42,22,36,0.6066,0.9235
42,23,35,0.6064,0.9384
42,24,34,0.6064,0.9508
42,25,33,0.6063,0.9605
42,26,32,0.6063,0.9675
42,27,31,0.6064,0.9717
42,28,30,0.6064,0.9732
42,29,29,0.6065,0.9720
42,30,28,0.6065,0.9681
42,31,27,0.6065,0.9615
42,32,26,0.6064,0.9524
42,33,25,0.6063,0.9408
42,34,24,0.6061,0.9269
42,35,23,0.6059,0.9108
42,36,22,0.6056,0.8928
42,37,21,0.6052,0.8728
42,38,20,0.6047,0.8512
42,39,19,0.6041,0.8281
42,40,18,0.6034,0.8037
42,41,17,0.6027,0.7782
42,42,16,0.6018,0.7517
42,43,15,0.6009,0.7245
42,44,14,0.5998,0.6967
42,45,13,0.5987,0.6685
42,46,12,0.5975,0.6400
42,47,11,0.5963,0.6114
42,48,10,0.5949,0.5828
42,49,9,0.5935,0.5544
42,50,8,0.5920,0.5263
42,51,7,0.5904,0.4986
42,52,6,0.5887,0.4714
42,53,5,0.5870,0.4447
42,54,4,0.5852,0.4187
42,55,3,0.5833,0.3935
42,56,2,0.5812,0.3689
42,57,1,0.5791,0.3452
42,58,0,0.5769,0.3224
43,0,57,0.6581,0.3073
43,1,56,0.6527,0.3334
43,2,55,0.6476,0.3606
43,3,54,0.6429,0.3889
43,4,53,0.6384,0.4181
43,5,52,0.6343,0.4482
43,6,51,0.6305,0.4791
43,7,50,0.6270,0.5105
43,8,49,0.6238,0.5423
43,9,48,0.6209,0.5743
43,10,47,0.6184,0.6065
43,11,46,0.6161,0.6385
43,12,45,0.6141,0.6701
43,13,44,0.6124,0.7012
43,14,43,0.6109,0.7314
43,15,42,0.6096,0.7607
43,16,41,0.6086,0.7888
43,17,40,0.6078,0.8154
43,18,39,0.6071,0.8403
43,19,38,0.6067,0.8634
43,20,37,0.6063,0.8845
43,21,36,0.6061,0.9033
43,22,35,0.6060,0.9198
43,23,34,0.6060,0.9338
43,24,33,0.6060,0.9452
43,25,32,0.6061,0.9539
43,26,31,0.6062,0.9599
43,27,30,0.6063,0.9631
43,28,29,0.6065,0.9636
43,29,28,0.6066,0.9613
43,30,27,0.6067,0.9564
43,31,26,0.6068,0.9488
43,32,25,0.6068,0.9387
43,33,24,0.6067,0.9263
43,34,23,0.6066,0.9115
43,35,22,0.6064,0.8946
43,36,21,0.6061,0.8758
43,37,20,0.6057,0.8551
43,38,19,0.6053,0.8329
43,39,18,0.6047,0.8092
43,40,17,0.6041,0.7842
43,41,16,0.6034,0.7583
43,42,15,0.6026,0.7314
43,43,14,0.6017,0.7039
43,44,13,0.6007,0.6758
43,45,12,0.5996,0.6474
43,46,11,0.5985,0.6188
43,47,10,0.5972,0.5902
43,48,9,0.5959,0.5616
43,49,8,0.5945,0.5333
43,50,7,0.5931,0.5054
43,51,6,0.5915,0.4778
43,52,5,0.5899,0.4509
43,53,4,0.5882,0.4245
43,54,3,0.5864,0.3989
43,55,2,0.5845,0.3740
43,56,1,0.5826,0.3499
43,57,0,0.5805,0.3267
44,0,56,0.6517,0.3096
44,1,55,0.6467,0.3358
44,2,54,0.6419,0.3631
44,3,53,0.6374,0.3915
44,4,52,0.6333,0.4207
44,5,51,0.6295,0.4509
44,6,50,0.6260,0.4816
44,7,49,0.6229,0.5130
44,8,48,0.6200,0.5447
44,9,47,0.6175,0.5766
44,10,46,0.6152,0.6085
44,11,45,0.6132,0.6403
44,12,44,0.6115,0.6716
44,13,43,0.6101,0.7023
44,14,42,0.6088,0.7321
44,15,41,0.6078,0.7609
44,16,40,0.6071,0.7883
44,17,39,0.6064,0.8143
44,18,38,0.6060,0.8385
44,19,37,0.6057,0.8608
44,20,36,0.6055,0.8810
44,21,35,0.6055,0.8990
44,22,34,0.6055,0.9145
44,23,33,0.6056,0.9276
44,24,32,0.6058,0.9379
44,25,31,0.6060,0.9456
44,26,30,0.6062,0.9506
44,27,29,0.6064,0.9528
44,28,28,0.6066,0.9522
44,29,27,0.6068,0.9489
44,30,26,0.6070,0.9430
44,31,25,0.6071,0.9344
44,32,24,0.6072,0.9234
44,33,23,0.6072,0.9100
44,34,22,0.6071,0.8944
44,35,21,0.6070,0.8767
44,36,20,0.6067,0.8571
44,37,19,0.6064,0.8358
44,38,18,0.6060,0.8130
44,39,17,0.6055,0.7888
44,40,16,0.6049,0.7634
44,41,15,0.6043,0.7370
44,42,14,0.6035,0.7098
44,43,13,0.6026,0.6821
44,44,12,0.6017,0.6538
44,45,11,0.6007,0.6253
44,46,10,0.5995,0.5967
44,47,9,0.5984,0.5681
44,48,8,0.5971,0.5397
44,49,7,0.5957,0.5115
44,50,6,0.5943,0.4838
44,51,5,0.5928,0.4566
44,52,4,0.5912,0.4299
44,53,3,0.5896,0.4040
44,54,2,0.5878,0.3787
44,55,1,0.5860,0.3543
44,56,0,0.5840,0.3308
45,0,55,0.6457,0.3117
45,1,54,0.6409,0.3379
45,2,53,0.6365,0.3653
45,3,52,0.6324,0.3936
45,4,51,0.6286,0.4229
45,5,50,0.6251,0.4530
45,6,49,0.6219,0.4837
45,7,48,0.6191,0.5149
45,8,47,0.6166,0.5465
45,9,46,0.6143,0.5782
45,10,45,0.6124,0.6098
45,11,44,0.6107,0.6412
45,12,43,0.6092,0.6721
45,13,42,0.6080,0.7024
45,14,41,0.6071,0.7317
45,15,40,0.6063,0.7599
45,16,39,0.6057,0.7867
45,17,38,0.6053,0.8119
45,18,37,0.6051,0.8354
45,19,36,0.6049,0.8568
45,20,35,0.6049,0.8762
45,21,34,0.6050,0.8932
45,22,33,0.6052,0.9077
45,23,32,0.6054,0.9197
45,24,31,0.6057,0.9291
45,25,30,0.6060,0.9357
45,26,29,0.6063,0.9396
45,27,28,0.6066,0.9407
45,28,27,0.6069,0.9391
45,29,26,0.6072,0.9347
45,30,25,0.6074,0.9278
45,31,24,0.6076,0.9183
45,32,23,0.6077,0.9063
45,33,22,0.6078,0.8921
45,34,21,0.6077,0.8756
45,35,20,0.6076,0.8572
45,36,19,0.6075,0.8370
45,37,18,0.6072,0.8150
45,38,17,0.6068,0.7916
45,39,16,0.6064,0.7670
45,40,15,0.6059,0.7412
45,41,14,0.6052,0.7145
45,42,13,0.6045,0.6871
45,43,12,0.6037,0.6592
45,44,11,0.6028,0.6309
45,45,10,0.6018,0.6024
45,46,9,0.6008,0.5738
45,47,8,0.5996,0.5453
45,48,7,0.5984,0.5171
45,49,6,0.5971,0.4892
45,50,5,0.5957,0.4618
45,51,4,0.5943,0.4349
45,52,3,0.5927,0.4087
45,53,2,0.5911,0.3832
45,54,1,0.5894,0.3585
45,55,0,0.5876,0.3347
46,0,54,0.6399,0.3134
46,1,53,0.6355,0.3396
46,2,52,0.6314,0.3670
46,3,51,0.6276,0.3953
46,4,50,0.6241,0.4246
46,5,49,0.6210,0.4546
46,6,48,0.6182,0.4852
46,7,47,0.6157,0.5162
46,8,46,0.6134,0.5476
46,9,45,0.6115,0.5790
46,10,44,0.6098,0.6103
46,11,43,0.6084,0.6413
46,12,42,0.6072,0.6718
46,13,41,0.6063,0.7015
46,14,40,0.6055,0.7303
46,15,39,0.6050,0.7578
46,16,38,0.6046,0.7839
46,17,37,0.6044,0.8083
46,18,36,0.6043,0.8309
46,19,35,0.6044,0.8514
46,20,34,0.6045,0.8698
46,21,33,0.6047,0.8858
46,22,32,0.6050,0.8993
46,23,31,0.6053,0.9103
46,24,30,0.6057,0.9185
46,25,29,0.6061,0.9241
46,26,28,0.6065,0.9269
46,27,27,0.6069,0.9269
46,28,26,0.6073,0.9242
46,29,25,0.6076,0.9189
46,30,24,0.6079,0.9109
46,31,23,0.6081,0.9005
46,32,22,0.6083,0.8876
46,33,21,0.6084,0.8725
46,34,20,0.6085,0.8553
46,35,19,0.6084,0.8362
46,36,18,0.6083,0.8153
46,37,17,0.6081,0.7929
46,38,16,0.6078,0.7690
46,39,15,0.6074,0.7439
46,40,14,0.6069,0.7179
46,41,13,0.6063,0.6910
46,42,12,0.6056,0.6634
46,43,11,0.6049,0.6354
46,44,10,0.6041,0.6071
46,45,9,0.6031,0.5786
46,46,8,0.6021,0.5502
46,47,7,0.6010,0.5220
46,48,6,0.5999,0.4940
46,49,5,0.5986,0.4665
46,50,4,0.5973,0.4394
46,51,3,0.5959,0.4130
46,52,2,0.5944,0.3873
46,53,1,0.5928,0.3624
46,54,0,0.5911,0.3383
47,0,53,0.6345,0.3148
47,1,52,0.6304,0.3410
47,2,51,0.6267,0.3684
47,3,50,0.6232,0.3967
47,4,49,0.6201,0.4258
47,5,48,0.6173,0.4557
47,6,47,0.6148,0.4861
47,7,46,0.6125,0.5169
47,8,45,0.6106,0.5480
47,9,44,0.6090,0.5791
47,10,43,0.6076,0.6100
47,11,42,0.6064,0.6406
47,12,41,0.6055,0.6705
47,13,40,0.6048,0.6997
47,14,39,0.6043,0.7277
47,15,38,0.6039,0.7545
47,16,37,0.6037,0.7798
47,17,36,0.6037,0.8034
47,18,35,0.6037,0.8251
47,19,34,0.6039,0.8446
47,20,33,0.6042,0.8620
47,21,32,0.6045,0.8770
47,22,31,0.6049,0.8894
47,23,30,0.6054,0.8992
47,24,29,0.6058,0.9064
47,25,28,0.6063,0.9108
47,26,27,0.6068,0.9125
47,27,26,0.6072,0.9115
47,28,25,0.6077,0.9077
47,29,24,0.6081,0.9014
47,30,23,0.6084,0.8924
47,31,22,0.6087,0.8811
47,32,21,0.6090,0.8674
47,33,20,0.6091,0.8515
47,34,19,0.6092,0.8336
47,35,18,0.6092,0.8138
47,36,17,0.6092,0.7924
47,37,16,0.6090,0.7694
47,38,15,0.6088,0.7452
47,39,14,0.6084,0.7198
47,40,13,0.6080,0.6935
47,41,12,0.6075,0.6664
47,42,11,0.6069,0.6388
47,43,10,0.6062,0.6108
47,44,9,0.6054,0.5826
47,45,8,0.6046,0.5543
47,46,7,0.6036,0.5261
47,47,6,0.6026,0.4982
47,48,5,0.6015,0.4706
47,49,4,0.6003,0.4434
47,50,3,0.5990,0.4169
47,51,2,0.5976,0.3910
47,52,1,0.5962,0.3659
47,53,0,0.5946,0.3416
48,0,52,0.6295,0.3158
48,1,51,0.6257,0.3421
48,2,50,0.6223,0.3694
48,3,49,0.6192,0.3976
48,4,48,0.6164,0.4266
48,5,47,0.6139,0.4562
48,6,46,0.6117,0.4865
48,7,45,0.6098,0.5170
48,8,44,0.6081,0.5478
48,9,43,0.6068,0.5785
48,10,42,0.6056,0.6089
48,11,41,0.6047,0.6390
48,12,40,0.6040,0.6683
48,13,39,0.6035,0.6968
48,14,38,0.6032,0.7241
48,15,37,0.6030,0.7501
48,16,36,0.6030,0.7745
48,17,35,0.6031,0.7972
48,18,34,0.6033,0.8179
48,19,33,0.6036,0.8364
48,20,32,0.6040,0.8527
48,21,31,0.6044,0.8666
48,22,30,0.6049,0.8779
48,23,29,0.6054,0.8866
48,24,28,0.6060,0.8926
48,25,27,0.6065,0.8959
48,26,26,0.6071,0.8965
48,27,25,0.6076,0.8944
48,28,24,0.6081,0.8896
48,29,23,0.6086,0.8823
48,30,22,0.6090,0.8724
48,31,21,0.6094,0.8602
48,32,20,0.6097,0.8457
48,33,19,0.6099,0.8290
48,34,18,0.6100,0.8105
48,35,17,0.6101,0.7901
48,36,16,0.6101,0.7682
48,37,15,0.6100,0.7448
48,38,14,0.6098,0.7202
48,39,13,0.6096,0.6946
48,40,12,0.6092,0.6682
48,41,11,0.6088,0.6410
48,42,10,0.6082,0.6134
48,43,9,0.6076,0.5855
48,44,8,0.6069,0.5575
48,45,7,0.6061,0.5295
48,46,6,0.6052,0.5016
48,47,5,0.6042,0.4740
48,48,4,0.6032,0.4469
48,49,3,0.6020,0.4203
48,50,2,0.6008,0.3943
48,51,1,0.5995,0.3690
48,52,0,0.5981,0.3446
49,0,51,0.6248,0.3166
49,1,50,0.6214,0.3428
49,2,49,0.6183,0.3700
49,3,48,0.6155,0.3980
49,4,47,0.6130,0.4269
49,5,46,0.6108,0.4563
49,6,45,0.6089,0.4862
49,7,44,0.6073,0.5165
49,8,43,0.6059,0.5468
49,9,42,0.6048,0.5771
49,10,41,0.6039,0.6070
49,11,40,0.6032,0.6364
49,12,39,0.6027,0.6651
49,13,38,0.6024,0.6928
49,14,37,0.6022,0.7194
49,15,36,0.6022,0.7445
49,16,35,0.6024,0.7680
49,17,34,0.6026,0.7896
49,18,33,0.6029,0.8093
49,19,32,0.6034,0.8268
49,20,31,0.6038,0.8420
49,21,30,0.6044,0.8547
49,22,29,0.6050,0.8649
49,23,28,0.6056,0.8725
49,24,27,0.6062,0.8773
49,25,26,0.6068,0.8795
49,26,25,0.6074,0.8790
49,27,24,0.6080,0.8758
49,28,23,0.6086,0.8700
49,29,22,0.6091,0.8617
49,30,21,0.6096,0.8509
49,31,20,0.6100,0.8378
49,32,19,0.6104,0.8226
49,33,18,0.6107,0.8053
49,34,17,0.6109,0.7861
49,35,16,0.6111,0.7652
49,36,15,0.6111,0.7429
49,37,14,0.6111,0.7192
49,38,13,0.6110,0.6943
49,39,12,0.6108,0.6686
49,40,11,0.6105,0.6421
49,41,10,0.6101,0.6150
49,42,9,0.6097,0.5875
49,43,8,0.6091,0.5598
49,44,7,0.6085,0.5320
49,45,6,0.6077,0.5043
49,46,5,0.6069,0.4768
49,47,4,0.6060,0.4498
49,48,3,0.6050,0.4231
49,49,2,0.6040,0.3971
49,50,1,0.6028,0.3718
49,51,0,0.6015,0.3472
50,0,50,0.6205,0.3171
50,1,49,0.6174,0.3431
50,2,48,0.6147,0.3702
50,3,47,0.6122,0.3981
50,4,46,0.6100,0.4267
50,5,45,0.6081,0.4558
50,6,44,0.6065,0.4854
50,7,43,0.6051,0.5153
50,8,42,0.6040,0.5451
50,9,41,0.6031,0.5749
50,10,40,0.6024,0.6042
50,11,39,0.6019,0.6330
50,12,38,0.6016,0.6609
50,13,37,0.6015,0.6878
50,14,36,0.6015,0.7135
50,15,35,0.6016,0.7377
50,16,34,0.6019,0.7602
50,17,33,0.6022,0.7808
50,18,32,0.6027,0.7994
50,19,31,0.6032,0.8158
50,20,30,0.6038,0.8298
50,21,29,0.6044,0.8414
50,22,28,0.6051,0.8504
50,23,27,0.6057,0.8568
50,24,26,0.6064,0.8605
50,25,25,0.6071,0.8616
50,26,24,0.6078,0.8600
50,27,23,0.6085,0.8557
50,28,22,0.6091,0.8490
50,29,21,0.6097,0.8397
50,30,20,0.6102,0.8281
50,31,19,0.6107,0.8142
50,32,18,0.6111,0.7982
50,33,17,0.6115,0.7803
50,34,16,0.6118,0.7606
50,35,15,0.6120,0.7393
50,36,14,0.6121,0.7166
50,37,13,0.6122,0.6926
50,38,12,0.6122,0.6676
50,39,11,0.6121,0.6418
50,40,10,0.6119,0.6153
50,41,9,0.6116,0.5883
50,42,8,0.6112,0.5610
50,43,7,0.6107,0.5336
50,44,6,0.6102,0.5062
50,45,5,0.6095,0.4789
50,46,4,0.6088,0.4520
50,47,3,0.6079,0.4254
50,48,2,0.6070,0.3994
50,49,1,0.6060,0.3741
50,50,0,0.6049,0.3494
51,0,49,0.6166,0.3172
51,1,48,0.6138,0.3432
51,2,47,0.6114,0.3700
51,3,46,0.6092,0.3977
51,4,45,0.6073,0.4260
51,5,44,0.6057,0.4548
51,6,43,0.6043,0.4840
51,7,42,0.6032,0.5134
51,8,41,0.6023,0.5427
51,9,40,0.6016,0.5719
51,10,39,0.6011,0.6005
51,11,38,0.6008,0.6286
51,12,37,0.6007,0.6557
51,13,36,0.6007,0.6818
51,14,35,0.6008,0.7065
51,15,34,0.6011,0.7297
51,16,33,0.6014,0.7511
51,17,32,0.6019,0.7707
51,18,31,0.6024,0.7881
51,19,30,0.6030,0.8034
51,20,29,0.6037,0.8162
51,21,28,0.6044,0.8266
51,22,27,0.6051,0.8344
51,23,26,0.6059,0.8397
51,24,25,0.6066,0.8422
51,25,24,0.6074,0.8422
51,26,23,0.6082,0.8395
51,27,22,0.6089,0.8343
51,28,21,0.6096,0.8265
51,29,20,0.6102,0.8164
51,30,19,0.6108,0.8039
51,31,18,0.6114,0.7893
51,32,17,0.6119,0.7727
51,33,16,0.6123,0.7542
51,34,15,0.6127,0.7341
51,35,14,0.6130,0.7124
51,36,13,0.6132,0.6894
51,37,12,0.6133,0.6653
51,38,11,0.6134,0.6403
51,39,10,0.6134,0.6145
51,40,9,0.6133,0.5881
51,41,8,0.6131,0.5613
51,42,7,0.6128,0.5343
51,43,6,0.6124,0.5072
51,44,5,0.6119,0.4802
51,45,4,0.6113,0.4535
51,46,3,0.6107,0.4271
51,47,2,0.6099,0.4012
51,48,1,0.6091,0.3759
51,49,0,0.6082,0.3513
52,0,48,0.6130,0.3171
52,1,47,0.6106,0.3428
52,2,46,0.6084,0.3694
52,3,45,0.6065,0.3968
52,4,44,0.6049,0.4248
52,5,43,0.6035,0.4532
52,6,42,0.6024,0.4820
52,7,41,0.6015,0.5108
52,8,40,0.6008,0.5396
52,9,39,0.6003,0.5680
52,10,38,0.6000,0.5960
52,11,37,0.5998,0.6232
52,12,36,0.5998,0.6495
52,13,35,0.5999,0.6746
52,14,34,0.6002,0.6983
52,15,33,0.6006,0.7205
52,16,32,0.6010,0.7409
52,17,31,0.6016,0.7593
52,18,30,0.6022,0.7756
52,19,29,0.6029,0.7896
52,20,28,0.6036,0.8013
52,21,27,0.6044,0.8104
52,22,26,0.6052,0.8171
52,23,25,0.6060,0.8211
52,24,24,0.6068,0.8226
52,25,23,0.6077,0.8214
52,26,22,0.6085,0.8177
52,27,21,0.6092,0.8115
52,28,20,0.6100,0.8028
52,29,19,0.6107,0.7919
52,30,18,0.6114,0.7787
52,31,17,0.6120,0.7634
52,32,16,0.6126,0.7462
52,33,15,0.6131,0.7272
52,34,14,0.6136,0.7067
52,35,13,0.6140,0.6848
52,36,12,0.6143,0.6616
52,37,11,0.6145,0.6374
52,38,10,0.6147,0.6124
52,39,9,0.6147,0.5867
52,40,8,0.6147,0.5605
52,41,7,0.6146,0.5340
52,42,6,0.6144,0.5073
52,43,5,0.6141,0.4807
52,44,4,0.6138,0.4543
52,45,3,0.6133,0.4281
52,46,2,0.6127,0.4024
52,47,1,0.6121,0.3772
52,48,0,0.6113,0.3526
53,0,47,0.6098,0.3166
53,1,46,0.6077,0.3421
53,2,45,0.6058,0.3684
53,3,44,0.6042,0.3955
53,4,43,0.6028,0.4231
53,5,42,0.6016,0.4511
53,6,41,0.6007,0.4793
53,7,40,0.6000,0.5075
53,8,39,0.5995,0.5356
53,9,38,0.5991,0.5634
53,10,37,0.5989,0.5905
53,11,36,0.5989,0.6169
53,12,35,0.5990,0.6423
53,13,34,0.5993,0.6664
53,14,33,0.5996,0.6891
53,15,32,0.6001,0.7101
53,16,31,0.6007,0.7294
53,17,30,0.6013,0.7466
53,18,29,0.6020,0.7617
53,19,28,0.6027,0.7745
53,20,27,0.6035,0.7850
53,21,26,0.6044,0.7930
53,22,25,0.6052,0.7984
53,23,24,0.6061,0.8013
53,24,23,0.6070,0.8016
53,25,22,0.6078,0.7994
53,26,21,0.6087,0.7947
53,27,20,0.6096,0.7875
53,28,19,0.6104,0.7780
53,29,18,0.6112,0.7662
53,30,17,0.6120,0.7524
53,31,16,0.6127,0.7365
53,32,15,0.6133,0.7188
53,33,14,0.6139,0.6994
53,34,13,0.6145,0.6786
53,35,12,0.6150,0.6565
53,36,11,0.6154,0.6332
53,37,10,0.6157,0.6090
53,38,9,0.6159,0.5841
53,39,8,0.6161,0.5586
53,40,7,0.6162,0.5327
53,41,6,0.6162,0.5066
53,42,5,0.6161,0.4804
53,43,4,0.6159,0.4543
53,44,3,0.6157,0.4284
53,45,2,0.6153,0.4029
53,46,1,0.6148,0.3779
53,47,0,0.6142,0.3535
54,0,46,0.6069,0.3158
54,1,45,0.6050,0.3410
54,2,44,0.6034,0.3670
54,3,43,0.6020,0.3936
54,4,42,0.6008,0.4208
54,5,41,0.5999,0.4483
54,6,40,0.5992,0.4759
54,7,39,0.5986,0.5035
54,8,38,0.5982,0.5309
54,9,37,0.5980,0.5579
54,10,36,0.5980,0.5842
54,11,35,0.5981,0.6096
54,12,34,0.5983,0.6340
54,13,33,0.5986,0.6571
54,14,32,0.5991,0.6787
54,15,31,0.5996,0.6986
54,16,30,0.6002,0.7167
54,17,29,0.6009,0.7327
54,18,28,0.6017,0.7466
54,19,27,0.6025,0.7582
54,20,26,0.6033,0.7674
54,21,25,0.6042,0.7742
54,22,24,0.6051,0.7785
54,23,23,0.6061,0.7802
54,24,22,0.6070,0.7795
54,25,21,0.6080,0.7762
54,26,20,0.6089,0.7705
54,27,19,0.6098,0.7625
54,28,18,0.6107,0.7522
54,29,17,0.6116,0.7397
54,30,16,0.6124,0.7252
54,31,15,0.6132,0.7088
54,32,14,0.6140,0.6906
54,33,13,0.6147,0.6710
54,34,12,0.6153,0.6499
54,35,11,0.6159,0.6277
54,36,10,0.6164,0.6044
54,37,9,0.6169,0.5803
54,38,8,0.6172,0.5556
54,39,7,0.6175,0.5304
54,40,6,0.6177,0.5048
54,41,5,0.6178,0.4792
54,42,4,0.6178,0.4535
54,43,3,0.6178,0.4280
54,44,2,0.6176,0.4029
54,45,1,0.6174,0.3781
54,46,0,0.6170,0.3539
55,0,45,0.6043,0.3146
55,1,44,0.6027,0.3395
55,2,43,0.6013,0.3651
55,3,42,0.6001,0.3913
55,4,41,0.5991,0.4180
55,5,40,0.5983,0.4449
55,6,39,0.5977,0.4719
55,7,38,0.5973,0.4988
55,8,37,0.5971,0.5254
55,9,36,0.5970,0.5516
55,10,35,0.5971,0.5769
55,11,34,0.5972,0.6014
55,12,33,0.5976,0.6247
55,13,32,0.5980,0.6467
55,14,31,0.5985,0.6672
55,15,30,0.5991,0.6859
55,16,29,0.5998,0.7028
55,17,28,0.6005,0.7176
55,18,27,0.6013,0.7303
55,19,26,0.6022,0.7406
55,20,25,0.6031,0.7487
55,21,24,0.6040,0.7542
55,22,23,0.6050,0.7574
55,23,22,0.6060,0.7580
55,24,21,0.6070,0.7562
55,25,20,0.6080,0.7520
55,26,19,0.6090,0.7454
55,27,18,0.6100,0.7365
55,28,17,0.6110,0.7254
55,29,16,0.6119,0.7123
55,30,15,0.6128,0.6972
55,31,14,0.6137,0.6804
55,32,13,0.6146,0.6619
55,33,12,0.6154,0.6420
55,34,11,0.6161,0.6208
55,35,10,0.6168,0.5986
55,36,9,0.6174,0.5754
55,37,8,0.6180,0.5515
55,38,7,0.6185,0.5270
55,39,6,0.6189,0.5021
55,40,5,0.6192,0.4771
55,41,4,0.6195,0.4519
55,42,3,0.6196,0.4269
55,43,2,0.6197,0.4021
55,44,1,0.6196,0.3777
55,45,0,0.6195,0.3537
56,0,44,0.6020,0.3131
56,1,43,0.6005,0.3376
56,2,42,0.5993,0.3628
56,3,41,0.5983,0.3885
56,4,40,0.5975,0.4146
56,5,39,0.5969,0.4409
56,6,38,0.5964,0.4672
56,7,37,0.5961,0.4934
56,8,36,0.5960,0.5192
56,9,35,0.5960,0.5444
56,10,34,0.5961,0.5688
56,11,33,0.5964,0.5922
56,12,32,0.5968,0.6145
56,13,31,0.5972,0.6353
56,14,30,0.5978,0.6546
56,15,29,0.5985,0.6722
56,16,28,0.5992,0.6878
56,17,27,0.6000,0.7014
56,18,26,0.6008,0.7128
56,19,25,0.6017,0.7220
56,20,24,0.6027,0.7288
56,21,23,0.6037,0.7332
56,22,22,0.6047,0.7352
56,23,21,0.6057,0.7348
56,24,20,0.6068,0.7319
56,25,19,0.6079,0.7268
56,26,18,0.6089,0.7193
56,27,17,0.6100,0.7096
56,28,16,0.6111,0.6979
56,29,15,0.6121,0.6842
56,30,14,0.6131,0.6686
56,31,13,0.6141,0.6514
56,32,12,0.6151,0.6327
56,33,11,0.6160,0.6127
56,34,10,0.6169,0.5914
56,35,9,0.6177,0.5692
56,36,8,0.6184,0.5462
56,37,7,0.6191,0.5226
56,38,6,0.6197,0.4985
56,39,5,0.6203,0.4741
56,40,4,0.6207,0.4495
56,41,3,0.6211,0.4250
56,42,2,0.6214,0.4007
56,43,1,0.6216,0.3766
56,44,0,0.6216,0.3530
57,0,43,0.5998,0.3111
57,1,42,0.5985,0.3353
57,2,41,0.5975,0.3600
57,3,40,0.5966,0.3852
57,4,39,0.5959,0.4107
57,5,38,0.5954,0.4363
57,6,37,0.5951,0.4618
57,7,36,0.5949,0.4872
57,8,35,0.5949,0.5121
57,9,34,0.5949,0.5363
57,10,33,0.5951,0.5597
57,11,32,0.5955,0.5821
57,12,31,0.5959,0.6033
57,13,30,0.5964,0.6230
57,14,29,0.5970,0.6410
57,15,28,0.5977,0.6574
57,16,27,0.5985,0.6718
57,17,26,0.5993,0.6841
57,18,25,0.6002,0.6943
57,19,24,0.6011,0.7022
57,20,23,0.6021,0.7078
57,21,22,0.6032,0.7111
57,22,21,0.6043,0.7120
57,23,20,0.6054,0.7106
57,24,19,0.6065,0.7068
57,25,18,0.6076,0.7007
57,26,17,0.6088,0.6924
57,27,16,0.6099,0.6821
57,28,15,0.6111,0.6697
57,29,14,0.6122,0.6555
57,30,13,0.6133,0.6396
57,31,12,0.6144,0.6221
57,32,11,0.6155,0.6032
57,33,10,0.6165,0.5831
57,34,9,0.6175,0.5619
57,35,8,0.6185,0.5399
57,36,7,0.6194,0.5171
57,37,6,0.6202,0.4938
57,38,5,0.6209,0.4701
57,39,4,0.6216,0.4463
57,40,3,0.6222,0.4223
57,41,2,0.6227,0.3985
57,42,1,0.6231,0.3749
57,43,0,0.6235,0.3517
58,0,42,0.5978,0.3089
58,1,41,0.5967,0.3325
58,2,40,0.5958,0.3567
58,3,39,0.5950,0.3813
58,4,38,0.5945,0.4061
58,5,37,0.5940,0.4310
58,6,36,0.5938,0.4558
58,7,35,0.5937,0.4802
58,8,34,0.5937,0.5042
58,9,33,0.5938,0.5275
58,10,32,0.5941,0.5498
58,11,31,0.5944,0.5711
58,12,30,0.5949,0.5911
58,13,29,0.5954,0.6096
58,14,28,0.5961,0.6265
58,15,27,0.5968,0.6415
58,16,26,0.5976,0.6547
58,17,25,0.5985,0.6658
58,18,24,0.5994,0.6748
58,19,23,0.6004,0.6815
58,20,22,0.6014,0.6860
58,21,21,0.6025,0.6881
58,22,20,0.6036,0.6880
58,23,19,0.6048,0.6855
58,24,18,0.6060,0.6808
58,25,17,0.6072,0.6739
58,26,16,0.6084,0.6650
58,27,15,0.6097,0.6540
58,28,14,0.6109,0.6411
58,29,13,0.6122,0.6265
58,30,12,0.6134,0.6102
58,31,11,0.6146,0.5925
58,32,10,0.6158,0.5736
58,33,9,0.6170,0.5535
58,34,8,0.6181,0.5324
58,35,7,0.6192,0.5106
58,36,6,0.6202,0.4882
58,37,5,0.6212,0.4653
58,38,4,0.6221,0.4421
58,39,3,0.6229,0.4189
58,40,2,0.6237,0.3956
58,41,1,0.6243,0.3725
58,42,0,0.6249,0.3497
59,0,41,0.5959,0.3062
59,1,40,0.5949,0.3293
59,2,39,0.5941,0.3529
59,3,38,0.5934,0.3769
59,4,37,0.5930,0.4010
59,5,36,0.5926,0.4251
59,6,35,0.5924,0.4490
59,7,34,0.5924,0.4726
59,8,33,0.5924,0.4956
59,9,32,0.5926,0.5178
59,10,31,0.5929,0.5390
59,11,30,0.5933,0.5592
59,12,29,0.5937,0.5780
59,13,28,0.5943,0.5953
59,14,27,0.5950,0.6109
59,15,26,0.5957,0.6248
59,16,25,0.5966,0.6367
59,17,24,0.5975,0.6466
59,18,23,0.5984,0.6543
59,19,22,0.5994,0.6599
59,20,21,0.6005,0.6632
59,21,20,0.6017,0.6643
59,22,19,0.6028,0.6632
59,23,18,0.6041,0.6598
59,24,17,0.6053,0.6543
59,25,16,0.6066,0.6466
59,26,15,0.6080,0.6370
59,27,14,0.6093,0.6254
59,28,13,0.6106,0.6121
59,29,12,0.6120,0.5971
59,30,11,0.6133,0.5807
59,31,10,0.6147,0.5629
59,32,9,0.6160,0.5439
59,33,8,0.6173,0.5239
59,34,7,0.6186,0.5031
59,35,6,0.6198,0.4816
59,36,5,0.6210,0.4595
59,37,4,0.6221,0.4372
59,38,3,0.6232,0.4146
59,39,2,0.6241,0.3920
59,40,1,0.6251,0.3695
59,41,0,0.6259,0.3472
60,0,40,0.5940,0.3031
60,1,39,0.5931,0.3257
60,2,38,0.5924,0.3487
60,3,37,0.5918,0.3719
60,4,36,0.5914,0.3953
60,5,35,0.5911,0.4185
60,6,34,0.5910,0.4416
60,7,33,0.5909,0.4642
60,8,32,0.5910,0.4861
60,9,31,0.5912,0.5073
60,10,30,0.5915,0.5274
60,11,29,0.5919,0.5464
60,12,28,0.5924,0.5640
60,13,27,0.5930,0.5801
60,14,26,0.5937,0.5945
60,15,25,0.5944,0.6071
60,16,24,0.5953,0.6178
60,17,23,0.5962,0.6265
60,18,22,0.5972,0.6331
60,19,21,0.5983,0.6375
60,20,20,0.5994,0.6398
60,21,19,0.6006,0.6398
60,22,18,0.6018,0.6377
60,23,17,0.6031,0.6335
60,24,16,0.6045,0.6272
60,25,15,0.6059,0.6189
60,26,14,0.6073,0.6086
60,27,13,0.6087,0.5966
60,28,12,0.6102,0.5829
60,29,11,0.6116,0.5677
60,30,10,0.6131,0.5511
60,31,9,0.6146,0.5333
60,32,8,0.6161,0.5144
60,33,7,0.6175,0.4946
60,34,6,0.6189,0.4740
60,35,5,0.6203,0.4529
60,36,4,0.6216,0.4314
60,37,3,0.6229,0.4096
60,38,2,0.6241,0.3876
60,39,1,0.6253,0.3658
60,40,0,0.6264,0.3440
61,0,39,0.5921,0.2995
61,1,38,0.5913,0.3215
61,2,37,0.5906,0.3439
61,3,36,0.5901,0.3664
61,4,35,0.5897,0.3889
61,5,34,0.5895,0.4114
61,6,33,0.5893,0.4335
61,7,32,0.5893,0.4551
61,8,31,0.5894,0.4760
61,9,30,0.5896,0.4960
61,10,29,0.5899,0.5151
61,11,28,0.5903,0.5329
61,12,27,0.5908,0.5493
61,13,26,0.5914,0.5641
61,14,25,0.5921,0.5773
61,15,24,0.5929,0.5887
61,16,23,0.5938,0.5982
61,17,22,0.5947,0.6057
61,18,21,0.5958,0.6111
61,19,20,0.5969,0.6145
61,20,19,0.5980,0.6157
61,21,18,0.5993,0.6148
61,22,17,0.6006,0.6118
61,23,16,0.6020,0.6067
61,24,15,0.6034,0.5997
61,25,14,0.6049,0.5908
61,26,13,0.6064,0.5801
61,27,12,0.6079,0.5676
61,28,11,0.6095,0.5537
61,29,10,0.6111,0.5383
61,30,9,0.6127,0.5216
61,31,8,0.6143,0.5038
61,32,7,0.6159,0.4851
61,33,6,0.6176,0.4656
61,34,5,0.6191,0.4454
61,35,4,0.6207,0.4247
61,36,3,0.6222,0.4037
61,37,2,0.6236,0.3826
61,38,1,0.6250,0.3614
61,39,0,0.6264,0.3403
62,0,38,0.5902,0.2956
62,1,37,0.5894,0.3170
62,2,36,0.5888,0.3386
62,3,35,0.5883,0.3603
62,4,34,0.5879,0.3821
62,5,33,0.5877,0.4036
62,6,32,0.5875,0.4247
62,7,31,0.5875,0.4453
62,8,30,0.5876,0.4651
62,9,29,0.5878,0.4841
62,10,28,0.5881,0.5019
62,11,27,0.5885,0.5185
62,12,26,0.5890,0.5337
62,13,25,0.5896,0.5474
62,14,24,0.5903,0.5594
62,15,23,0.5911,0.5695
62,16,22,0.5920,0.5778
62,17,21,0.5930,0.5842
62,18,20,0.5941,0.5885
62,19,19,0.5952,0.5908
62,20,18,0.5964,0.5911
62,21,17,0.5977,0.5892
62,22,16,0.5991,0.5854
62,23,15,0.6006,0.5797
62,24,14,0.6021,0.5720
62,25,13,0.6037,0.5625
62,26,12,0.6053,0.5514
62,27,11,0.6069,0.5387
62,28,10,0.6086,0.5245
62,29,9,0.6104,0.5090
62,30,8,0.6121,0.4924
62,31,7,0.6139,0.4747
62,32,6,0.6157,0.4562
62,33,5,0.6174,0.4370
62,34,4,0.6192,0.4173
62,35,3,0.6209,0.3971
62,36,2,0.6226,0.3768
62,37,1,0.6242,0.3563
62,38,0,0.6258,0.3359
63,0,37,0.5881,0.2913
63,1,36,0.5874,0.3119
63,2,35,0.5868,0.3328
63,3,34,0.5863,0.3537
63,4,33,0.5859,0.3746
63,5,32,0.5857,0.3952
63,6,31,0.5855,0.4153
63,7,30,0.5855,0.4348
63,8,29,0.5856,0.4536
63,9,28,0.5858,0.4714
63,10,27,0.5861,0.4881
63,11,26,0.5865,0.5035
63,12,25,0.5870,0.5175
63,13,24,0.5876,0.5300
63,14,23,0.5883,0.5407
63,15,22,0.5891,0.5498
63,16,21,0.5900,0.5569
63,17,20,0.5910,0.5621
63,18,19,0.5921,0.5654
63,19,18,0.5933,0.5667
63,20,17,0.5946,0.5660
63,21,16,0.5959,0.5634
63,22,15,0.5974,0.5588
63,23,14,0.5989,0.5524
63,24,13,0.6005,0.5442
63,25,12,0.6022,0.5343
63,26,11,0.6039,0.5228
63,27,10,0.6057,0.5098
63,28,9,0.6076,0.4955
63,29,8,0.6095,0.4800
63,30,7,0.6114,0.4635
63,31,6,0.6133,0.4460
63,32,5,0.6152,0.4278
63,33,4,0.6172,0.4091
63,34,3,0.6191,0.3898
63,35,2,0.6210,0.3703
63,36,1,0.6229,0.3506
63,37,0,0.6247,0.3308
64,0,36,0.5860,0.2865
64,1,35,0.5852,0.3064
64,2,34,0.5846,0.3265
64,3,33,0.5841,0.3466
64,4,32,0.5837,0.3666
64,5,31,0.5834,0.3862
64,6,30,0.5833,0.4053
64,7,29,0.5832,0.4238
64,8,28,0.5833,0.4414
64,9,27,0.5834,0.4581
64,10,26,0.5837,0.4736
64,11,25,0.5841,0.4879
64,12,24,0.5846,0.5007
64,13,23,0.5852,0.5119
64,14,22,0.5859,0.5215
64,15,21,0.5867,0.5294
64,16,20,0.5877,0.5355
64,17,19,0.5887,0.5396
64,18,18,0.5898,0.5419
64,19,17,0.5911,0.5423
64,20,16,0.5924,0.5407
64,21,15,0.5939,0.5373
64,22,14,0.5954,0.5321
64,23,13,0.5970,0.5251
64,24,12,0.5987,0.5164
64,25,11,0.6005,0.5061
64,26,10,0.6024,0.4943
64,27,9,0.6043,0.4812
64,28,8,0.6063,0.4669
64,29,7,0.6083,0.4514
64,30,6,0.6104,0.4351
64,31,5,0.6125,0.4179
64,32,4,0.6146,0.4001
64,33,3,0.6167,0.3818
64,34,2,0.6188,0.3631
64,35,1,0.6209,0.3442
64,36,0,0.6230,0.3252
65,0,35,0.5836,0.2813
65,1,34,0.5828,0.3005
65,2,33,0.5822,0.3198
65,3,32,0.5817,0.3390
65,4,31,0.5812,0.3580
65,5,30,0.5809,0.3766
65,6,29,0.5807,0.3947
65,7,28,0.5806,0.4121
65,8,27,0.5807,0.4287
65,9,26,0.5808,0.4442
65,10,25,0.5811,0.4586
65,11,24,0.5814,0.4716
65,12,23,0.5819,0.4833
65,13,22,0.5825,0.4934
65,14,21,0.5832,0.5019
65,15,20,0.5841,0.5086
65,16,19,0.5850,0.5136
65,17,18,0.5861,0.5168
65,18,17,0.5873,0.5181
65,19,16,0.5886,0.5176
65,20,15,0.5900,0.5153
65,21,14,0.5915,0.5111
65,22,13,0.5931,0.5053
65,23,12,0.5948,0.4978
65,24,11,0.5966,0.4887
65,25,10,0.5986,0.4781
65,26,9,0.6005,0.4662
65,27,8,0.6026,0.4530
65,28,7,0.6047,0.4387
65,29,6,0.6069,0.4234
65,30,5,0.6092,0.4073
65,31,4,0.6114,0.3905
65,32,3,0.6137,0.3731
65,33,2,0.6160,0.3553
65,34,1,0.6183,0.3372
65,35,0,0.6206,0.3190
66,0,34,0.5810,0.2756
66,1,33,0.5802,0.2941
66,2,32,0.5795,0.3125
66,3,31,0.5789,0.3309
66,4,30,0.5785,0.3489
66,5,29,0.5781,0.3666
66,6,28,0.5779,0.3836
66,7,27,0.5777,0.3999
66,8,26,0.5777,0.4154
66,9,25,0.5778,0.4298
66,10,24,0.5781,0.4430
66,11,23,0.5784,0.4549
66,12,22,0.5789,0.4654
66,13,21,0.5795,0.4744
66,14,20,0.5802,0.4818
66,15,19,0.5811,0.4875
66,16,18,0.5820,0.4915
66,17,17,0.5831,0.4937
66,18,16,0.5844,0.4941
66,19,15,0.5857,0.4928
66,20,14,0.5872,0.4898
66,21,13,0.5888,0.4850
66,22,12,0.5905,0.4786
66,23,11,0.5924,0.4707
66,24,10,0.5943,0.4612
66,25,9,0.5963,0.4505
66,26,8,0.5985,0.4384
66,27,7,0.6007,0.4252
66,28,6,0.6030,0.4110
66,29,5,0.6053,0.3960
66,30,4,0.6077,0.3802
66,31,3,0.6102,0.3637
66,32,2,0.6127,0.3469
66,33,1,0.6152,0.3297
66,34,0,0.6177,0.3123
67,0,33,0.5781,0.2696
67,1,32,0.5773,0.2873
67,2,31,0.5765,0.3049
67,3,30,0.5759,0.3223
67,4,29,0.5754,0.3394
67,5,28,0.5750,0.3560
67,6,27,0.5747,0.3720
67,7,26,0.5745,0.3873
67,8,25,0.5745,0.4016
67,9,24,0.5745,0.4149
67,10,23,0.5747,0.4270
67,11,22,0.5751,0.4378
67,12,21,0.5755,0.4472
67,13,20,0.5761,0.4550
67,14,19,0.5769,0.4614
67,15,18,0.5777,0.4661
67,16,17,0.5787,0.4691
67,17,16,0.5799,0.4704
67,18,15,0.5812,0.4701
67,19,14,0.5826,0.4680
67,20,13,0.5842,0.4643
67,21,12,0.5859,0.4590
67,22,11,0.5877,0.4522
67,23,10,0.5896,0.4439
67,24,9,0.5917,0.4342
67,25,8,0.5938,0.4233
67,26,7,0.5961,0.4112
67,27,6,0.5985,0.3981
67,28,5,0.6009,0.3840
67,29,4,0.6035,0.3693
67,30,3,0.6060,0.3538
67,31,2,0.6087,0.3379
67,32,1,0.6114,0.3216
67,33,0,0.6141,0.3050
68,0,32,0.5749,0.2632
68,1,31,0.5740,0.2800
68,2,30,0.5732,0.2968
68,3,29,0.5725,0.3133
68,4,28,0.5720,0.3294
68,5,27,0.5715,0.3450
68,6,26,0.5712,0.3600
68,7,25,0.5709,0.3742
68,8,24,0.5708,0.3874
68,9,23,0.5709,0.3996
68,10,22,0.5711,0.4106
68,11,21,0.5714,0.4203
68,12,20,0.5718,0.4286
68,13,19,0.5724,0.4354
68,14,18,0.5732,0.4408
68,15,17,0.5741,0.4445
68,16,16,0.5751,0.4466
68,17,15,0.5763,0.4471
68,18,14,0.5777,0.4460
68,19,13,0.5792,0.4433
68,20,12,0.5808,0.4390
68,21,11,0.5826,0.4332
68,22,10,0.5845,0.4260
68,23,9,0.5866,0.4174
68,24,8,0.5888,0.4076
68,25,7,0.5911,0.3966
68,26,6,0.5935,0.3846
68,27,5,0.5960,0.3716
68,28,4,0.5986,0.3578
68,29,3,0.6013,0.3434
68,30,2,0.6041,0.3284
68,31,1,0.6070,0.3130
68,32,0,0.6098,0.2972
69,0,31,0.5714,0.2564
69,1,30,0.5704,0.2724
69,2,29,0.5696,0.2883
69,3,28,0.5688,0.3039
69,4,27,0.5682,0.3190
69,5,26,0.5677,0.3336
69,6,25,0.5673,0.3476
69,7,24,0.5670,0.3607
69,8,23,0.5669,0.3728
69,9,22,0.5669,0.3839
69,10,21,0.5670,0.3939
69,11,20,0.5673,0.4025
69,12,19,0.5678,0.4098
69,13,18,0.5684,0.4156
69,14,17,0.5691,0.4200
69,15,16,0.5701,0.4229
69,16,15,0.5711,0.4242
69,17,14,0.5724,0.4239
69,18,13,0.5738,0.4221
69,19,12,0.5754,0.4188
69,20,11,0.5771,0.4140
69,21,10,0.5790,0.4078
69,22,9,0.5810,0.4003
69,23,8,0.5832,0.3915
69,24,7,0.5855,0.3816
69,25,6,0.5880,0.3706
69,26,5,0.5906,0.3587
69,27,4,0.5933,0.3459
69,28,3,0.5961,0.3324
69,29,2,0.5990,0.3184
69,30,1,0.6019,0.3039
69,31,0,0.6050,0.2890
70,0,30,0.5676,0.2493
70,1,29,0.5665,0.2645
70,2,28,0.5656,0.2794
70,3,27,0.5647,0.2941
70,4,26,0.5640,0.3083
70,5,25,0.5634,0.3219
70,6,24,0.5630,0.3348
70,7,23,0.5627,0.3469
70,8,22,0.5625,0.3580
70,9,21,0.5625,0.3680
70,10,20,0.5626,0.3769
70,11,19,0.5629,0.3845
70,12,18,0.5633,0.3909
70,13,17,0.5640,0.3958
70,14,16,0.5647,0.3992
70,15,15,0.5657,0.4013
70,16,14,0.5668,0.4018
70,17,13,0.5681,0.4008
70,18,12,0.5696,0.3984
70,19,11,0.5713,0.3946
70,20,10,0.5731,0.3894
70,21,9,0.5751,0.3829
70,22,8,0.5773,0.3751
70,23,7,0.5796,0.3662
70,24,6,0.5820,0.3562
70,25,5,0.5847,0.3453
70,26,4,0.5874,0.3336
70,27,3,0.5903,0.3211
70,28,2,0.5932,0.3079
70,29,1,0.5963,0.2943
70,30,0,0.5995,0.2803
71,0,29,0.5634,0.2419
71,1,28,0.5622,0.2562
71,2,27,0.5612,0.2702
71,3,26,0.5603,0.2840
71,4,25,0.5595,0.2972
71,5,24,0.5588,0.3098
71,6,23,0.5583,0.3217
71,7,22,0.5580,0.3328
71,8,21,0.5578,0.3429
71,9,20,0.5577,0.3519
71,10,19,0.5578,0.3598
71,11,18,0.5581,0.3665
71,12,17,0.5586,0.3719
71,13,16,0.5592,0.3759
71,14,15,0.5600,0.3785
71,15,14,0.5610,0.3798
71,16,13,0.5622,0.3796
71,17,12,0.5636,0.3780
71,18,11,0.5651,0.3751
71,19,10,0.5669,0.3708
71,20,9,0.5688,0.3653
71,21,8,0.5709,0.3585
71,22,7,0.5732,0.3506
71,23,6,0.5756,0.3416
71,24,5,0.5783,0.3316
71,25,4,0.5810,0.3209
71,26,3,0.5839,0.3093
71,27,2,0.5870,0.2971
71,28,1,0.5901,0.2844
71,29,0,0.5934,0.2713
72,0,28,0.5588,0.2341
72,1,27,0.5575,0.2476
72,2,26,0.5564,0.2608
72,3,25,0.5554,0.2736
72,4,24,0.5546,0.2858
72,5,23,0.5539,0.2975
72,6,22,0.5533,0.3084
72,7,21,0.5529,0.3185
72,8,20,0.5527,0.3276
72,9,19,0.5526,0.3357
72,10,18,0.5527,0.3426
72,11,17,0.5530,0.3484
72,12,16,0.5534,0.3529
72,13,15,0.5541,0.3561
72,14,14,0.5549,0.3580
72,15,13,0.5560,0.3585
72,16,12,0.5572,0.3577
72,17,11,0.5586,0.3556
72,18,10,0.5603,0.3522
72,19,9,0.5621,0.3475
72,20,8,0.5642,0.3417
72,21,7,0.5664,0.3347
72,22,6,0.5688,0.3267
72,23,5,0.5714,0.3177
72,24,4,0.5742,0.3079
72,25,3,0.5771,0.2973
72,26,2,0.5802,0.2860
72,27,1,0.5834,0.2742
72,28,0,0.5868,0.2619
73,0,27,0.5538,0.2261
73,1,26,0.5525,0.2387
73,2,25,0.5513,0.2510
73,3,24,0.5502,0.2629
73,4,23,0.5493,0.2743
73,5,22,0.5485,0.2850
73,6,21,0.5479,0.2950
73,7,20,0.5475,0.3041
73,8,19,0.5472,0.3122
73,9,18,0.5471,0.3194
73,10,17,0.5472,0.3254
73,11,16,0.5474,0.3303
73,12,15,0.5479,0.3340
73,13,14,0.5486,0.3364
73,14,13,0.5495,0.3376
73,15,12,0.5506,0.3375
73,16,11,0.5519,0.3361
73,17,10,0.5534,0.3335
73,18,9,0.5551,0.3297
73,19,8,0.5571,0.3248
73,20,7,0.5592,0.3187
73,21,6,0.5616,0.3116
73,22,5,0.5641,0.3035
73,23,4,0.5669,0.2946
73,24,3,0.5698,0.2850
73,25,2,0.5729,0.2746
73,26,1,0.5762,0.2637
73,27,0,0.5796,0.2522
74,0,26,0.5484,0.2179
74,1,25,0.5470,0.2296
74,2,24,0.5457,0.2411
74,3,23,0.5446,0.2521
74,4,22,0.5436,0.2625
74,5,21,0.5428,0.2723
74,6,20,0.5421,0.2814
74,7,19,0.5416,0.2896
74,8,18,0.5413,0.2968
74,9,17,0.5412,0.3031
74,10,16,0.5413,0.3083
74,11,15,0.5416,0.3124
74,12,14,0.5421,0.3153
74,13,13,0.5428,0.3170
74,14,12,0.5437,0.3176
74,15,11,0.5449,0.3169
74,16,10,0.5463,0.3150
74,17,9,0.5479,0.3120
74,18,8,0.5497,0.3079
74,19,7,0.5517,0.3027
74,20,6,0.5540,0.2964
74,21,5,0.5565,0.2893
74,22,4,0.5592,0.2813
74,23,3,0.5621,0.2725
74,24,2,0.5651,0.2630
74,25,1,0.5684,0.2529
74,26,0,0.5719,0.2423
75,0,25,0.5427,0.2094
75,1,24,0.5412,0.2204
75,2,23,0.5398,0.2310
75,3,22,0.5386,0.2411
75,4,21,0.5375,0.2507
75,5,20,0.5367,0.2596
75,6,19,0.5360,0.2677
75,7,18,0.5354,0.2751
75,8,17,0.5351,0.2815
75,9,16,0.5350,0.2869
75,10,15,0.5351,0.2913
75,11,14,0.5354,0.2946
75,12,13,0.5359,0.2969
75,13,12,0.5367,0.2979
75,14,11,0.5376,0.2979
75,15,10,0.5389,0.2967
75,16,9,0.5403,0.2944
75,17,8,0.5420,0.2911
75,18,7,0.5439,0.2866
75,19,6,0.5461,0.2813
75,20,5,0.5485,0.2749
75,21,4,0.5511,0.2678
75,22,3,0.5539,0.2598
75,23,2,0.5570,0.2512
75,24,1,0.5602,0.2420
75,25,0,0.5636,0.2322
76,0,24,0.5365,0.2008
76,1,23,0.5349,0.2110
76,2,22,0.5335,0.2207
76,3,21,0.5322,0.2300
76,4,20,0.5311,0.2387
76,5,19,0.5302,0.2468
76,6,18,0.5294,0.2541
76,7,17,0.5289,0.2606
76,8,16,0.5286,0.2662
76,9,15,0.5284,0.2709
76,10,14,0.5285,0.2745
76,11,13,0.5289,0.2772
76,12,12,0.5294,0.2787
76,13,11,0.5302,0.2792
76,14,10,0.5313,0.2787
76,15,9,0.5325,0.2770
76,16,8,0.5341,0.2744
76,17,7,0.5358,0.2707
76,18,6,0.5379,0.2661
76,19,5,0.5401,0.2606
76,20,4,0.5427,0.2543
76,21,3,0.5454,0.2471
76,22,2,0.5484,0.2393
76,23,1,0.5516,0.2309
76,24,0,0.5550,0.2220
77,0,23,0.5300,0.1921
77,1,22,0.5283,0.2015
77,2,21,0.5268,0.2104
77,3,20,0.5255,0.2189
77,4,19,0.5243,0.2268
77,5,18,0.5234,0.2340
77,6,17,0.5226,0.2405
77,7,16,0.5220,0.2462
77,8,15,0.5217,0.2511
77,9,14,0.5216,0.2550
77,10,13,0.5217,0.2580
77,11,12,0.5220,0.2600
77,12,11,0.5226,0.2610
77,13,10,0.5235,0.2610
77,14,9,0.5246,0.2600
77,15,8,0.5259,0.2580
77,16,7,0.5275,0.2550
77,17,6,0.5294,0.2511
77,18,5,0.5315,0.2464
77,19,4,0.5339,0.2408
77,20,3,0.5366,0.2344
77,21,2,0.5395,0.2274
77,22,1,0.5426,0.2198
77,23,0,0.5460,0.2116
78,0,22,0.5231,0.1833
78,1,21,0.5214,0.1919
78,2,20,0.5198,0.2001
78,3,19,0.5184,0.2078
78,4,18,0.5172,0.2149
78,5,17,0.5162,0.2213
78,6,16,0.5154,0.2271
78,7,15,0.5148,0.2320
78,8,14,0.5145,0.2362
78,9,13,0.5144,0.2394
78,10,12,0.5145,0.2418
78,11,11,0.5149,0.2432
78,12,10,0.5155,0.2437
78,13,9,0.5164,0.2432
78,14,8,0.5176,0.2418
78,15,7,0.5190,0.2395
78,16,6,0.5207,0.2363
78,17,5,0.5227,0.2322
78,18,4,0.5250,0.2274
78,19,3,0.5275,0.2218
78,20,2,0.5302,0.2155
78,21,1,0.5333,0.2087
78,22,0,0.5365,0.2012
79,0,21,0.5159,0.1744
79,1,20,0.5141,0.1823
79,2,19,0.5125,0.1897
79,3,18,0.5110,0.1967
79,4,17,0.5098,0.2030
79,5,16,0.5087,0.2088
79,6,15,0.5079,0.2138
79,7,14,0.5073,0.2181
79,8,13,0.5070,0.2216
79,9,12,0.5069,0.2242
79,10,11,0.5071,0.2260
79,11,10,0.5075,0.2269
79,12,9,0.5082,0.2269
79,13,8,0.5091,0.2260
79,14,7,0.5104,0.2243
79,15,6,0.5119,0.2217
79,16,5,0.5137,0.2183
79,17,4,0.5158,0.2141
79,18,3,0.5181,0.2092
79,19,2,0.5208,0.2037
79,20,1,0.5237,0.1975
79,21,0,0.5268,0.1908
80,0,20,0.5084,0.1655
80,1,19,0.5065,0.1727
80,2,18,0.5048,0.1794
80,3,17,0.5033,0.1856
80,4,16,0.5020,0.1913
80,5,15,0.5010,0.1964
80,6,14,0.5001,0.2007
80,7,13,0.4996,0.2044
80,8,12,0.4992,0.2072
80,9,11,0.4992,0.2093
80,10,10,0.4993,0.2106
80,11,9,0.4998,0.2110
80,12,8,0.5006,0.2106
80,13,7,0.5016,0.2094
80,14,6,0.5029,0.2074
80,15,5,0.5045,0.2046
80,16,4,0.5064,0.2011
80,17,3,0.5086,0.1969
80,18,2,0.5110,0.1920
80,19,1,0.5138,0.1865
80,20,0,0.5168,0.1805
81,0,19,0.5005,0.1567
81,1,18,0.4986,0.1632
81,2,17,0.4968,0.1692
81,3,16,0.4953,0.1748
81,4,15,0.4940,0.1798
81,5,14,0.4929,0.1842
81,6,13,0.4921,0.1879
81,7,12,0.4915,0.1910
81,8,11,0.4912,0.1933
81,9,10,0.4912,0.1949
81,10,9,0.4914,0.1957
81,11,8,0.4919,0.1957
81,12,7,0.4927,0.1950
81,13,6,0.4938,0.1935
81,14,5,0.4952,0.1912
81,15,4,0.4969,0.1883
81,16,3,0.4989,0.1847
81,17,2,0.5012,0.1804
81,18,1,0.5038,0.1756
81,19,0,0.5066,0.1702
82,0,18,0.4923,0.1479
82,1,17,0.4904,0.1537
82,2,16,0.4886,0.1591
82,3,15,0.4870,0.1641
82,4,14,0.4857,0.1685
82,5,13,0.4846,0.1723
82,6,12,0.4838,0.1754
82,7,11,0.4832,0.1779
82,8,10,0.4830,0.1798
82,9,9,0.4829,0.1809
82,10,8,0.4832,0.1813
82,11,7,0.4838,0.1810
82,12,6,0.4846,0.1799
82,13,5,0.4858,0.1782
82,14,4,0.4873,0.1758
82,15,3,0.4891,0.1727
82,16,2,0.4912,0.1691
82,17,1,0.4936,0.1648
82,18,0,0.4963,0.1601
83,0,17,0.4839,0.1392
83,1,16,0.4819,0.1444
83,2,15,0.4801,0.1492
83,3,14,0.4785,0.1536
83,4,13,0.4772,0.1574
83,5,12,0.4761,0.1606
83,6,11,0.4753,0.1633
83,7,10,0.4748,0.1653
83,8,9,0.4745,0.1667
83,9,8,0.4745,0.1674
83,10,7,0.4748,0.1674
83,11,6,0.4755,0.1668
83,12,5,0.4764,0.1655
83,13,4,0.4776,0.1636
83,14,3,0.4792,0.1611
83,15,2,0.4811,0.1580
83,16,1,0.4833,0.1543
83,17,0,0.4858,0.1501
84,0,16,0.4752,0.1306
84,1,15,0.4732,0.1353
84,2,14,0.4714,0.1395
84,3,13,0.4698,0.1433
84,4,12,0.4685,0.1466
84,5,11,0.4674,0.1494
84,6,10,0.4666,0.1515
84,7,9,0.4661,0.1531
84,8,8,0.4658,0.1541
84,9,7,0.4659,0.1545
84,10,6,0.4663,0.1542
84,11,5,0.4670,0.1533
84,12,4,0.4680,0.1518
84,13,3,0.4693,0.1498
84,14,2,0.4709,0.1472
84,15,1,0.4729,0.1440
84,16,0,0.4752,0.1404
85,0,15,0.4664,0.1223
85,1,14,0.4643,0.1264
85,2,13,0.4624,0.1301
85,3,12,0.4609,0.1334
85,4,11,0.4595,0.1362
85,5,10,0.4585,0.1385
85,6,9,0.4577,0.1402
85,7,8,0.4572,0.1414
85,8,7,0.4570,0.1420
85,9,6,0.4571,0.1421
85,10,5,0.4576,0.1415
85,11,4,0.4583,0.1405
85,12,3,0.4594,0.1388
85,13,2,0.4608,0.1367
85,14,1,0.4625,0.1340
85,15,0,0.4646,0.1309
86,0,14,0.4573,0.1141
86,1,13,0.4552,0.1177
86,2,12,0.4533,0.1209
86,3,11,0.4518,0.1237
86,4,10,0.4504,0.1261
86,5,9,0.4494,0.1280
86,6,8,0.4487,0.1293
86,7,7,0.4482,0.1302
86,8,6,0.4481,0.1305
86,9,5,0.4482,0.1303
86,10,4,0.4487,0.1295
86,11,3,0.4495,0.1283
86,12,2,0.4507,0.1265
86,13,1,0.4522,0.1243
86,14,0,0.4540,0.1216
87,0,13,0.4480,0.1061
87,1,12,0.4459,0.1093
87,2,11,0.4441,0.1121
87,3,10,0.4425,0.1144
87,4,9,0.4412,0.1164
87,5,8,0.4402,0.1179
87,6,7,0.4395,0.1189
87,7,6,0.4391,0.1194
87,8,5,0.4390,0.1195
87,9,4,0.4392,0.1191
87,10,3,0.4398,0.1182
87,11,2,0.4407,0.1168
87,12,1,0.4419,0.1149
87,13,0,0.4434,0.1127
88,0,12,0.4386,0.0984
88,1,11,0.4366,0.1011
88,2,10,0.4347,0.1035
88,3,9,0.4332,0.1055
88,4,8,0.4319,0.1071
88,5,7,0.4309,0.1083
88,6,6,0.4302,0.1090
88,7,5,0.4299,0.1093
88,8,4,0.4298,0.1091
88,9,3,0.4301,0.1085
88,10,2,0.4307,0.1074
88,11,1,0.4317,0.1060
88,12,0,0.4330,0.1041
89,0,11,0.4291,0.0909
89,1,10,0.4271,0.0933
89,2,9,0.4252,0.0953
89,3,8,0.4237,0.0970
89,4,7,0.4225,0.0982
89,5,6,0.4215,0.0991
89,6,5,0.4209,0.0996
89,7,4,0.4206,0.0996
89,8,3,0.4206,0.0993
89,9,2,0.4209,0.0985
89,10,1,0.4216,0.0973
89,11,0,0.4226,0.0958
90,0,10,0.4195,0.0838
90,1,9,0.4175,0.0858
90,2,8,0.4157,0.0875
90,3,7,0.4142,0.0888
90,4,6,0.4130,0.0898
90,5,5,0.4121,0.0904
90,6,4,0.4115,0.0907
90,7,3,0.4112,0.0905
90,8,2,0.4113,0.0900
90,9,1,0.4117,0.0891
90,10,0,0.4124,0.0879
91,0,9,0.4099,0.0770
91,1,8,0.4078,0.0786
91,2,7,0.4061,0.0800
91,3,6,0.4046,0.0811
91,4,5,0.4034,0.0818
91,5,4,0.4026,0.0822
91,6,3,0.4020,0.0823
91,7,2,0.4018,0.0820
91,8,1,0.4019,0.0814
91,9,0,0.4024,0.0804
92,0,8,0.4002,0.0705
92,1,7,0.3982,0.0718
92,2,6,0.3964,0.0730
92,3,5,0.3950,0.0738
92,4,4,0.3939,0.0743
92,5,3,0.3930,0.0745
92,6,2,0.3926,0.0744
92,7,1,0.3924,0.0740
92,8,0,0.3926,0.0733
93,0,7,0.3905,0.0643
93,1,6,0.3885,0.0654
93,2,5,0.3868,0.0663
93,3,4,0.3854,0.0669
93,4,3,0.3843,0.0672
93,5,2,0.3835,0.0673
93,6,1,0.3831,0.0671
93,7,0,0.3830,0.0666
94,0,6,0.3807,0.0584
94,1,5,0.3788,0.0594
94,2,4,0.3771,0.0600
94,3,3,0.3758,0.0605
94,4,2,0.3747,0.0607
94,5,1,0.3740,0.0606
94,6,0,0.3737,0.0602
95,0,5,0.3710,0.0529
95,1,4,0.3691,0.0537
95,2,3,0.3675,0.0542
95,3,2,0.3662,0.0545
95,4,1,0.3652,0.0545
95,5,0,0.3646,0.0543
96,0,4,0.3613,0.0478
96,1,3,0.3595,0.0484
96,2,2,0.3579,0.0487
96,3,1,0.3567,0.0489
96,4,0,0.3558,0.0488
97,0,3,0.3517,0.0430
97,1,2,0.3499,0.0434
97,2,1,0.3484,0.0437
97,3,0,0.3472,0.0437
98,0,2,0.3422,0.0386
98,1,1,0.3404,0.0388
98,2,0,0.3390,0.0390
99,0,1,0.3327,0.0344
99,1,0,0.3310,0.0346
100,0,0,0.3233,0.0306
