raman_shift_cm-1,DQ12_TBZ6_THI3_raw_l2_mean,DQ12_TBZ6_THI3_raw_l2_std,DQ12_TBZ6_THI3_preprocessed_mean,DQ12_TBZ6_THI3_preprocessed_std,DQ24_TBZ12_THI6_raw_l2_mean,DQ24_TBZ12_THI6_raw_l2_std,DQ24_TBZ12_THI6_preprocessed_mean,DQ24_TBZ12_THI6_preprocessed_std
100.0,1.0775700846674433e-05,0.00010775700846674455,0.0,0.0,0.0,0.0,0.0,0.0
101.55,5.3337513274264136e-05,0.00035692156374054617,0.0,0.0,0.0,0.0,0.0,0.0
103.1,4.873274259883996e-05,0.00029892642114553314,0.0,0.0,0.0,0.0,0.0,0.0
104.65,0.001076290398134375,0.0016599065523088927,3.7752602665598416e-05,0.0002876432541502314,0.00029232808324521406,0.0005382102160519073,0.0,0.0
106.2,0.00909029301979613,0.0034709444787263577,0.005315700558740062,0.003465889868265666,0.00517484894730218,0.0014303907615771697,0.0005205569864124239,0.0007219551320480356
107.75,0.014149706287699215,0.003790945508879752,0.010847705393402905,0.00390044095683063,0.010743906877766173,0.0014323912081658625,0.005926418188583282,0.0013602502623659765
109.3,0.017217453075106654,0.004584770007114312,0.014252187171402395,0.004688869454772877,0.01623630867154387,0.0017129332226903532,0.011785732337043308,0.001724714992917774
110.85,0.01888081526409122,0.005029748885438004,0.01603050184645808,0.005294288061352292,0.021468127781224592,0.0019527562163798627,0.01736217046289367,0.0019771691502734005
112.4,0.025484411440051778,0.004636457886880846,0.023370969105233314,0.004779654930529668,0.026514362704189012,0.0022100038130397287,0.022739008812624,0.0022628951900373947
113.95,0.032031929873496845,0.005004891833315253,0.030647974473962808,0.005139530923054615,0.03120963123222119,0.0024897628472424576,0.027735771111734343,0.0025838351418526954
115.5,0.03414378544111316,0.005790454667478176,0.032952125091457674,0.0059823410322941955,0.0351233300222056,0.002515268249463427,0.03188384541458247,0.002626900714457122
117.05,0.037809640805584785,0.005730030956443215,0.03700788325543223,0.00593478101488376,0.038076910982313646,0.0023825317139722605,0.0349887701161355,0.002493177312986715
118.6,0.04131618409682363,0.006127273251753974,0.040886323674667276,0.006428675810040335,0.04145990641092144,0.002399725593674688,0.03856235082914988,0.002523502285030352
120.15,0.04351681615543957,0.006984706931973721,0.043296873950300345,0.00737129138245303,0.04639476222451605,0.002636178599324785,0.04382552978625259,0.0027854974906430657
121.7,0.048911288699806675,0.00640272495320954,0.0492953287571991,0.0066763260370138675,0.049372625106758286,0.0026183090160432805,0.04696253236017211,0.002771901538078957
123.25,0.053084616590264685,0.006431282329908341,0.05392562568817751,0.0067064534966622584,0.051933285455996445,0.0027673006096503978,0.04964906355010727,0.002933348601973451
124.8,0.05356184406410227,0.006858255890284766,0.05440984232921159,0.007171077506233011,0.05449600432991976,0.003189686066415866,0.05234201415105307,0.003381842934636327
126.35,0.060078915538571066,0.006577071359857367,0.06166899287954057,0.00677977133890607,0.05866332326588112,0.003185904512479931,0.05678319317361817,0.003411856953130844
127.9,0.06451972300419648,0.006745175203244326,0.06660313554874367,0.006952746028360078,0.06218940657649598,0.003454961309637693,0.06052996611553172,0.0037461505390547324
129.45,0.06383732052345509,0.00726819288982851,0.06579621225710998,0.007609516232818584,0.0642024952644279,0.003816589590415211,0.06263426815475368,0.004170000080546937
131.0,0.06448211681901599,0.007133351850681401,0.06648431452048052,0.007403680171982236,0.06702015096645686,0.004072026327370067,0.06561578607519034,0.004450812454445603
132.55,0.0683301208603329,0.007313586412437407,0.07076523007052478,0.007593221026535404,0.06911987429484177,0.0042827768365295915,0.067820566370161,0.004677873618642511
134.1,0.07641875473641853,0.007111873175680634,0.07979974263503417,0.007351006056833879,0.06999819484395875,0.004460835997541205,0.06870169003967122,0.00486441149826227
135.65,0.07338627214521844,0.007341572522476941,0.07636637113041511,0.007588870719371393,0.07037075778133565,0.00453533500078617,0.06903598889872473,0.004956484448219625
137.2,0.07264008152201287,0.007509394894260045,0.07550209275508395,0.007791192145339699,0.07016493513221084,0.004669125730127579,0.06874558140862329,0.005122376426148455
138.75,0.07586683214682231,0.007383396438047887,0.07910168893832764,0.00770169898431975,0.06941719427202134,0.004764674326795183,0.0678696067300286,0.0052510986510076905
140.3,0.0769109787392115,0.006469667471858677,0.0802481488646386,0.0065999105405991,0.06955407306178996,0.0048891560303153695,0.06796124989847412,0.00539762978404325
141.85,0.07692905406056637,0.006213133463382774,0.08024917417181611,0.006299065890691263,0.06878517311418107,0.005010606112126798,0.06707088658769081,0.0055345459537250695
143.4,0.07605442145300374,0.00663196938808181,0.07925336696380679,0.006816642137192823,0.06727103429729678,0.005011708420283515,0.06537555937625396,0.005564709897825203
144.95,0.07645671349309943,0.006316020453372918,0.07969469251521707,0.006422390117736248,0.06585945500489004,0.005110403925289546,0.06379582306058301,0.005654992263784067
146.5,0.07664578856568491,0.006210858428511431,0.07989689584316108,0.006278881270477301,0.06375315870155712,0.005093411264528832,0.061465361401385844,0.0056303820145816134
148.05,0.07649661068747454,0.0063467909375133046,0.0797201007466849,0.006434244781827099,0.06102037430238941,0.004976938956174149,0.058458507565141246,0.005506183849477951
149.6,0.07281147867696093,0.006015481478949776,0.07558225915642844,0.006054241749805159,0.05875962290574318,0.004833045453377492,0.0559712963035145,0.005368711582023463
151.15,0.07007796016336515,0.0060563121665057175,0.07251843515195625,0.006115823771186435,0.05767460914118083,0.0047904567630750634,0.054766908287795006,0.005338016863025098
152.7,0.06803596156052606,0.006439848675234973,0.07023648496183615,0.006592955667429875,0.05758591442447096,0.004862816487993805,0.05465067601679181,0.005435896864904932
154.25,0.06520580288028825,0.0058298497643162715,0.06707629227435156,0.005969984076090739,0.05688619275772219,0.004757691738069577,0.05387562658788856,0.005341154954396907
155.8,0.062247241188941385,0.005416336224313107,0.06377295638128207,0.0055286422320229645,0.05819624144358215,0.004825129806997867,0.05528993908946983,0.0054155570279391845
157.35,0.0593804467759177,0.005627435908524671,0.06057416806731293,0.005795542247865092,0.060871746722832444,0.005138185536965373,0.05819401706973064,0.005749368792937975
158.9,0.057874691792387675,0.005968231048461718,0.058904272282686056,0.006126541367823836,0.062198599446247185,0.005217680999026392,0.05963726751265866,0.0058160268504337115
160.45,0.05736356518193487,0.0062736106384252924,0.05835878121953709,0.006490715295889667,0.06585869352810864,0.005257591131450099,0.0636232691904399,0.00587739496978218
162.0,0.05755900019581002,0.006910324821419664,0.058611346171734774,0.007279856291773724,0.0709892981179343,0.00544517986217872,0.06921393944880061,0.006113329899674922
163.55,0.05847547132149294,0.007234846944090271,0.059670429801119355,0.007634665851919443,0.07679406335697982,0.005767559874245678,0.07554374409645463,0.006479075133718468
165.1,0.05967831617003577,0.007084980910027221,0.06105636601155835,0.007425530821701179,0.08285511554060516,0.006012357363834522,0.08215657451303585,0.00675814201065855
166.65,0.0622817499454064,0.007654508462366916,0.06401781972494888,0.008084226474477072,0.08899434500040265,0.006263960568296713,0.08885944986130026,0.007038044161914724
168.2,0.07009734921769223,0.008004361756357558,0.07282893285968632,0.008490512086440407,0.0949236788250504,0.006311650002045315,0.09534000832373073,0.007089326423129249
169.75,0.07317244623772268,0.008314530467815238,0.07632881537902846,0.008845994031748934,0.10224528928992964,0.006398405768061722,0.10333944387681615,0.007188627820705973
171.3,0.07420079977319563,0.009012973137577452,0.07753575389508355,0.009640074262280937,0.10950525357068817,0.006589597389699929,0.11127728431601584,0.007401512454679945
172.85,0.07470953054177926,0.010197549355141222,0.07815789809734897,0.010949268644644045,0.11474651342056598,0.006777374202669621,0.11702607899840055,0.007619054874994995
174.4,0.07815095702028577,0.010508761885766958,0.0820750804183705,0.011283219284023514,0.12186945493961725,0.006994801589959893,0.124825305974349,0.007854898678089072
175.95,0.08128523861371638,0.010786199871200724,0.08565216002034483,0.011602535975956448,0.1275958640694304,0.007150369212990461,0.13111120723419842,0.008010335378038093
177.5,0.08115261319490903,0.009880520668224719,0.08556919697942598,0.010583256706679962,0.12809193750075912,0.006985138982213976,0.1317156237217723,0.007800303553148205
179.05,0.08192916669039947,0.009725959727989565,0.0865081278479596,0.010388886386083816,0.13172477918684972,0.006920481543624381,0.1357356892802158,0.007714451835278055
180.6,0.08194056371281919,0.009897941094445008,0.08659150344300967,0.010583850059711433,0.1345531316153089,0.006746513693077384,0.13888548873397727,0.007489043171032814
182.15,0.07983522664423154,0.009709991224567066,0.0843034124394293,0.01039933126173171,0.13495570983620267,0.006621139188099978,0.13940313009707353,0.007309056314122288
183.7,0.07675099208540216,0.009260971913988073,0.08091774063186392,0.009882565077141595,0.13457158373025982,0.00632118320037842,0.13907007766834487,0.00693403868327227
185.25,0.0733921398313051,0.008934109709906655,0.07722506630989506,0.00950894970986504,0.13223328643609158,0.006209442236226959,0.13661634902785275,0.006733276687423766
186.8,0.06987102814337173,0.00864135365642544,0.07335086907490579,0.009184286721040538,0.12770221716450453,0.006115123433761832,0.13178315325773396,0.006530519633154533
188.35,0.05909856422521854,0.007646175151109019,0.061351818082139846,0.008110156337784316,0.12386945928683318,0.0058611934823992766,0.12771506712917863,0.006199804129736334
189.9,0.053834728586964656,0.007247639774823034,0.05553316934979773,0.007695410847168766,0.11971658176776348,0.005774883135992417,0.12330268425617133,0.006025177420258526
191.45,0.057805323584151067,0.007643222218460919,0.06007054645023139,0.008109365976881399,0.11495662333668395,0.005847243540633419,0.11823334248137836,0.005981236851934419
193.0,0.05108432958650778,0.0065013275958378984,0.05262063204215954,0.006863129826879554,0.10730018033192325,0.005847738778596557,0.11002133032136842,0.005945591542282709
194.55,0.044332145400684767,0.00586682158588043,0.04513603036429079,0.006182629945641291,0.0994369728625979,0.005936024254130093,0.10158745692844061,0.0059988218292313785
196.1,0.03862000106184716,0.005459967449750076,0.03882013135434923,0.005751260411379533,0.09158042494582273,0.006101342054233359,0.09316315488862541,0.006126923546445545
197.65,0.031489456586501444,0.004914556660453078,0.030911570099032747,0.005118105953343046,0.08241592589655117,0.006110249514461556,0.08332332514542261,0.006119539147359811
199.2,0.02774391291619581,0.004817087933270976,0.026800453597879238,0.004997743396693643,0.07357698886571651,0.0061815500505773835,0.07383881039615735,0.006178140460406498
200.75,0.027294300509154684,0.005344675583106825,0.026386923235101115,0.00560857051735545,0.06508245636772736,0.006315717658267569,0.06472986711815039,0.006313579744742947
202.3,0.02242503320259691,0.004486593446079929,0.021023437601866476,0.004641503155762965,0.05618537913988158,0.006054415251072583,0.055188926022183594,0.0060301847857825875
203.85,0.018846549927244202,0.004242561555225312,0.01710720055332022,0.004404093782873485,0.05001706997928142,0.005907742369912235,0.04861826146872926,0.005861694231956336
205.4,0.01622910491414349,0.00449649555281685,0.014268343511337496,0.004754626486393747,0.045911476543241375,0.0058741302615613784,0.04429315313172817,0.005815767083002837
206.95,0.012320792273293444,0.004325929147595207,0.009981729670298336,0.0045733588023310475,0.039461044294656675,0.005262675787316902,0.03741896609404915,0.005167398550175917
208.5,0.009324700618426645,0.003883978045185304,0.006730039521089628,0.004051621960068962,0.033656152549436893,0.00484057006932144,0.031247589306990852,0.00472516682493927
210.05,0.007341230203587786,0.004110281357715205,0.00486334597535829,0.003982316880779025,0.028505976376003207,0.004628569466796362,0.025789247805991754,0.004516710119822966
211.6,0.008028770957516241,0.0036376831716539554,0.005535440427350575,0.003656424994310653,0.02491486863732251,0.004297739162332916,0.02202918516181613,0.004114361456920942
213.15,0.006062192797686656,0.0038159525707374556,0.0037704895946501105,0.003450324892738506,0.018699161581714904,0.004183253532218625,0.015416248802106436,0.004056769818878944
214.7,0.004549771780585116,0.004138401098477322,0.00269458915360554,0.003543001472044811,0.013583592754393874,0.003402118398148737,0.009998599125014732,0.0032278975192140042
216.25,0.006770432802259375,0.004391157483062092,0.004673308740640822,0.004253922781068265,0.013589561236322793,0.0032514519918685715,0.010150701283792234,0.0030715163906530635
217.8,0.005829588775830053,0.003485822578835137,0.003525042271525867,0.003395546966544878,0.01212917899422297,0.0028616373060535976,0.008709131444691452,0.0026490395564677987
219.35,0.0039780133592821195,0.0036304551804558632,0.0021332953717153567,0.0031188762073906372,0.009962719917548553,0.0027714256155053647,0.006505020192736322,0.0025199862695326953
220.9,0.0047395524712240955,0.0038267775602486994,0.0029271184222960187,0.0033309976950738765,0.0070538032795264705,0.002570789822046048,0.0035287453635078144,0.0021940885400638273
222.45,0.0033759732529450963,0.0028949592520338273,0.0016074430088555273,0.002270052868030267,0.005191318662428161,0.002474916675882158,0.0018747009547061164,0.001758992045517686
224.0,0.0024574899789266864,0.002625358236958447,0.0010774061879908108,0.001859558143363876,0.004198752470565283,0.002362960922885339,0.0012052212444807209,0.0013878848179693483
225.55,0.004071428473848342,0.002959416429795499,0.0022856487380811157,0.0025869137210456517,0.004236959080067365,0.002081779395433439,0.0012179680366095683,0.0012233484540281113
227.1,0.002887564481436059,0.002571758101716979,0.0014040733547541968,0.0019105367518628973,0.00271007614804635,0.0019153692338025653,0.0003321189409669852,0.0007523231691402351
228.65,0.002105812190793576,0.002375685033933166,0.0009150257176877613,0.0016798049419473298,0.001377114887064715,0.0017267470782670255,7.129449404871593e-05,0.00028852209546565056
230.2,0.002811857394067593,0.0030394812124826883,0.0015325311045320089,0.0025655307509709277,0.0009224339098481173,0.0014190762247601096,7.234461095931465e-06,6.860587081053682e-05
231.75,0.0032702169882900915,0.0029169477566327834,0.0018264260266643787,0.002543468767044515,0.00030387903386360637,0.0011617403621679066,2.896379491746451e-07,2.896379491746448e-06
233.3,0.0037348467053223856,0.0030107818382237358,0.002378001186407021,0.002576147644377622,0.00022654035522851455,0.001047958183172287,0.0,0.0
234.85,0.003685985112529936,0.0034297499500003004,0.002493804257765558,0.003112411419803095,0.00036450092162044925,0.0010578708088802673,1.473436324702446e-05,0.0001473436324702444
236.4,0.0031827351727764393,0.002600333576448837,0.0018249136238312666,0.0023011141041728296,0.00011692871952696994,0.0007760680177712916,0.0,0.0
237.95,0.0020436895467872067,0.0024243053309154143,0.0010517406508028417,0.001985721220030253,9.891708000248359e-05,0.0007433782301527208,0.0,0.0
239.5,0.0009888949423570987,0.0020464082569336753,0.0005608770076805621,0.0016119099686320941,0.0002404966451918825,0.0009425764445728241,7.787122182441468e-06,7.787122182441477e-05
241.05,0.00023174397697785958,0.0008384961706594431,0.00010759285992890496,0.0004933215608811386,0.00015298357609613592,0.0007624060285282628,0.0,0.0
242.6,0.000353770750785221,0.000971383373303737,0.00014256270153885071,0.0005989505971922944,0.00016732935944686124,0.0007797941495592468,0.0,0.0
244.15,0.002114195332336465,0.00265409791219351,0.0013131530103887012,0.0023916388025673504,0.0003659723995889355,0.001044030636569021,3.844718667041352e-06,2.7069103002252508e-05
245.7,0.0004974237663623507,0.0011749897882399572,0.00020848952558846206,0.0007263381092005458,0.0003606660831091143,0.0010631008934757116,2.4277961159364164e-06,2.4277961159364167e-05
247.25,0.00034826692189546775,0.0008329113580074838,8.947204821252069e-05,0.0003529608391146776,0.000428462316790244,0.0011964678028205335,2.3856821273223317e-05,0.000122093609122251
248.8,0.0009252842912782812,0.0016745094613681221,0.0004555815963851487,0.0012264949881099242,0.0005662896860646489,0.001401630022984136,9.285665056315384e-05,0.00034650039589532056
250.35,5.676725767067344e-06,5.676725767067332e-05,0.0,0.0,0.0011596255466866908,0.0018800451020021607,0.00041051784361576514,0.0009342543147117033
251.9,4.810113031591341e-05,0.00035850728691288043,1.600684731576128e-05,0.00016006847315761246,0.0019925653680841677,0.0021126150675485258,0.0009495762195710296,0.0013748907062932636
253.45,0.000991202982294408,0.0016290419938152206,0.0005284491691627442,0.0012044108669591158,0.0029488075255219583,0.0023390310585545094,0.0017824925002836078,0.0018542233097719222
255.0,0.0009695332522379305,0.0015664021214165443,0.0004661067872194364,0.0010832558644846648,0.003974227214632397,0.0022913072524085253,0.0027529528389252937,0.0020272851100105456
256.55,0.0014974878916492003,0.00198368265663284,0.0008479886319392236,0.0015243253203424216,0.005759497261366339,0.0025884349395020236,0.004736302342921018,0.002428736744851559
258.1,0.0026882349579199715,0.002673467853367919,0.0018443097668286706,0.0024297068355057455,0.00783466173499622,0.003044315948162525,0.007064325159717546,0.0029839698379369828
259.65,0.004018024833990157,0.003312323320797802,0.0031050259294510755,0.0032676065274475715,0.009574957224628556,0.0029252406856626447,0.009031188482804615,0.002867460999537892
261.2,0.004333998396151934,0.002963428598533151,0.003382442669012361,0.002999899831303426,0.01125509252966927,0.0029677235650396186,0.010929778688381308,0.002909728156108839
262.75,0.005289389303069936,0.0035144925087186776,0.00443660472059934,0.0036982055166280255,0.011986197745289752,0.0031051449860938505,0.011792847345651954,0.0030730788052947774
264.3,0.008698207388704781,0.004146612615111161,0.008081320532120413,0.004504558329601409,0.010900130769529011,0.003200364894759015,0.010675968873648972,0.0031763278699452786
265.85,0.004946113850557031,0.003530728710097486,0.004034575259492467,0.0036439392292849657,0.011529112312796708,0.0030222291159032917,0.0114234119015022,0.0030077690236286416
267.4,0.0032643534359458786,0.00325413635786378,0.0024655329046158305,0.003101695655828304,0.012717907275821214,0.0029356251873367575,0.012776576180939308,0.0029652110533214013
268.95,0.007111485007133449,0.003748161143799639,0.006363666493867402,0.0038924870425410467,0.013678682915226646,0.0030692390258110812,0.013878986843982062,0.00317519042759675
270.5,0.006217472813521204,0.003478538739827489,0.0053796448265175266,0.0035390668965778445,0.01430326707944998,0.0029574339297792933,0.014613927834360536,0.0030571619343338716
272.05,0.006015581053214556,0.00376449402816663,0.005148415714849874,0.003906901666373016,0.014681500178341253,0.0029710608006330175,0.015078056606614168,0.003075396826043322
273.6,0.0075966428865253946,0.004538439696279248,0.006931227295813407,0.00477398663277377,0.015040941878316484,0.0028959986221385936,0.015518702065432856,0.0029733964764967363
275.15,0.010121186463110226,0.004262613749927083,0.009622869007044609,0.004608263098091587,0.016674728362547873,0.002971128424521627,0.017344453027063434,0.0031000573680682697
276.7,0.011273554044098579,0.004448540410227928,0.010888418116520053,0.004775724883240004,0.016806576804788528,0.0030839094729530787,0.017532575663888373,0.0032348137221491005
278.25,0.010918943756739036,0.005490934692252759,0.010517328785850752,0.005816224821614124,0.015664477633456783,0.0030529537770368825,0.016332601965696813,0.0032240897519097513
279.8,0.011459944078486035,0.004759397830016204,0.011061772541386522,0.00503091707209868,0.015198810612475099,0.0028723931852911166,0.015867975724548865,0.0030292920378156506
281.35,0.011325150360378504,0.00448911665714995,0.010878182802003304,0.004741886689022436,0.014621796784227615,0.0028535343816614447,0.01528006262826614,0.0030086216163542376
282.9,0.011052072634939111,0.0048479864539181005,0.010561421335824848,0.005149306361321304,0.013941146941771008,0.0030388016558737137,0.0145776121757705,0.0032206677338867894
284.45,0.014452048198993945,0.00500191320133931,0.014335013459362354,0.005288370715259201,0.012827716296249993,0.0028587925170109737,0.013401416600130407,0.0030638459019474147
286.0,0.01397868075958345,0.004753833832343341,0.013771548790589434,0.0050023452218046875,0.01310649152847861,0.0030306874002586485,0.013737268613998089,0.0032379059897653124
287.55,0.01222163945452235,0.005113607526390796,0.01176518206268187,0.005466360900410379,0.013851222727534552,0.0033289251754082426,0.014576832835293147,0.0035503669149347496
289.1,0.015137935146005012,0.005247020186543928,0.015005292018387016,0.005576223754224563,0.01332609830160703,0.003407432639417528,0.014033943909998759,0.0036355764055364496
290.65,0.017184446586774583,0.005142461108268565,0.017266434573542398,0.005403948066795583,0.012433828137738778,0.0035160908383549566,0.013089835326562684,0.0037269620151560196
292.2,0.016718215006576477,0.005425552497052753,0.01670762230475534,0.0057476700242893265,0.011652677322991651,0.003640164076563011,0.012264972938797629,0.0038355101151263033
293.75,0.009802061733298686,0.005039341212901421,0.008949148634054447,0.005417210149199854,0.011565191533180674,0.003548701322401865,0.012193236391873117,0.0037618958985905036
295.3,0.012232228459525745,0.005131325021026852,0.01161857245308001,0.005504981722426165,0.011935944956412727,0.0035281734202952312,0.012617618903796009,0.003725702719625248
296.85,0.014885465713243173,0.005578826586064214,0.014553486742197535,0.005949404713600183,0.012428850067217168,0.003521872122390324,0.013172607504925818,0.0037041516895866267
298.4,0.012566599219801062,0.005580728577516871,0.011958650014381334,0.005814819191692371,0.012607273830141938,0.0034551079119918976,0.01338362896427357,0.003637107708033841
299.95,0.013020274728993378,0.005432855844171404,0.0123930180158162,0.0058114178550173114,0.013688957445220957,0.003469355354053874,0.014577047667666532,0.0036790638319080626
301.5,0.014586930329283414,0.00544383586801048,0.01409114347955656,0.005903202202925453,0.014289791954199865,0.0034882197020037176,0.015245401207675282,0.003723197431552087
303.05,0.01712256164816697,0.00519091223692199,0.01688539617456465,0.005534502461205159,0.013688312050853323,0.0034425652748812127,0.014603624666274772,0.0036843390592339745
304.6,0.0147116724521261,0.004676761291847779,0.01413498311708477,0.005001435551995365,0.01280176924130142,0.003208626710100667,0.013650686141213543,0.003432373096639767
306.15,0.014228780225425302,0.005060680635401745,0.013548882672495622,0.005447058404640979,0.011560948677274205,0.0029890731662257472,0.012310135140208806,0.003197959829983318
307.7,0.015974837652670403,0.005919701883138008,0.015465090693530645,0.006369365379537458,0.010148667410324568,0.0028300484822573924,0.010781096264974508,0.003042632314908157
309.25,0.011686539003220718,0.0052371965462119745,0.010610823039967602,0.00564243862466403,0.009323404135819295,0.002585960047811303,0.009890297010882431,0.0028058894021431046
310.8,0.011354667575162236,0.005160162679246195,0.010193667867220462,0.005522242191241064,0.007465879367183312,0.002357748553255642,0.007876220298401284,0.0025775087758002297
312.35,0.013640657758431382,0.0051871768443879866,0.012712449868662315,0.005448166929408616,0.005081074708784589,0.002269091565489957,0.00529074977101828,0.0024846243701333154
313.9,0.012512728209324663,0.004686073084773455,0.011402537595249522,0.004874800004051129,0.005017727796552517,0.002060869297443807,0.005220684143484282,0.0022741365008985682
315.45,0.012744880140927214,0.004329396859141892,0.011617992380230528,0.004431138069585638,0.004705873775803326,0.0020157404427696562,0.00488928642474283,0.0022276747260911002
317.0,0.013308734197542067,0.0047049554764489404,0.012205039257686985,0.004866934076036999,0.004149377628639903,0.0021274973011242114,0.004300114457249555,0.0023268576023500517
318.55,0.012210888106623049,0.004629843099399752,0.010926644097055993,0.004795768212408411,0.0033837878667693677,0.0019714111916407664,0.0034746230837943027,0.002147445955658987
320.1,0.011718383149597238,0.004583799984663941,0.010325554727033073,0.004664991945660185,0.001723843757020246,0.0014887774873212551,0.0017153604494665135,0.0015783190854593463
321.65,0.01069530938034616,0.00496720677707448,0.009165479968175091,0.005023727208152781,0.0006752616930205356,0.0011710155862013239,0.000641461136587862,0.0012175607145648527
323.2,0.007739096700564218,0.00418236847637569,0.005875109782104352,0.004050138038445875,0.0006217328156834607,0.00115036725529883,0.0005976457550227102,0.001161384512951968
324.75,0.010535066383411824,0.004325056995130798,0.00887579585671033,0.0043213589287102215,0.0001251576736145036,0.0003775880719610694,9.7651630014991e-05,0.00034409164869756104
326.3,0.013116221105236813,0.004933270649559503,0.011718564780596906,0.005043193439135047,3.1347819312892585e-05,0.00016291817713102509,2.1161008896264906e-05,0.00013027829679547557
327.85,0.013199477345726504,0.005110455807479102,0.011769197448146721,0.005236574680450932,0.00013986445989451948,0.00041065339921143016,0.00011906159636952789,0.00038291819933635704
329.4,0.007818001475029849,0.004031889360803489,0.00575246672906003,0.003979019831586179,3.135267797532766e-05,0.00017244214292061274,2.25341128651633e-05,0.00014800957920237462
330.95,0.00895967274042463,0.0041958125608431585,0.006954244149003406,0.004246365645535166,3.2575460140680196e-05,0.0002437465939869448,2.5443245567593858e-05,0.00022777760680041224
332.5,0.017577135828987747,0.005912526840038117,0.016547041369888514,0.006112661809432014,0.00019101601207873774,0.00046089056943845335,0.00015008494753959345,0.0004072490598072195
334.05,0.016066138092986435,0.005243561999201601,0.014808641405280425,0.005416836291300804,0.00033707040280801115,0.0005884323661014531,0.0002507859400444826,0.0005151415235309919
335.6,0.014356796389365718,0.004949191977037572,0.012851853260812068,0.005112151581240922,0.000686286860456944,0.0008657404527129505,0.0005539406317666143,0.0008097172455030538
337.15,0.01316484339392168,0.005049859382325094,0.011479481444762801,0.0052165050120238175,0.0008177701197805172,0.0012755762069820873,0.0006919741806742075,0.001251209656122364
338.7,0.015593854677708255,0.005110218621600139,0.014162874846039104,0.005202729649582394,0.00041317763527228484,0.0008776369152357602,0.00032095139395294176,0.000794708423926475
340.25,0.015407857171961518,0.004825197610685808,0.013917230644760406,0.00488135201594928,0.0004967662263758548,0.0010595302975231818,0.0004027455872157296,0.0009836383404119835
341.8,0.014686754023048506,0.0050299171078263625,0.013073949487828447,0.005194674780227341,0.0012086109815674891,0.0015354776719540548,0.0010624263074228806,0.0014884500014931152
343.35,0.017731152659048514,0.005232065589662362,0.016456609134337972,0.005363409707304039,0.0015275300930590466,0.0016949820521410894,0.001318825314255195,0.0017150355181873489
344.9,0.01759427565248311,0.005042553738210382,0.016264067355306645,0.005145209809934327,0.001543869859644153,0.0015502735284246012,0.0013109996980285774,0.0015508203707456881
346.45,0.018217033588030947,0.004997273774516728,0.01692482866908481,0.005127271431252501,0.00228234741515279,0.0017081316592736074,0.002067627321698072,0.0017378004891843363
348.0,0.023188698067825027,0.005082971060350215,0.022471458348418995,0.005241082298838792,0.004365031978848647,0.0020162025968773266,0.004259927965457363,0.0021523994347808573
349.55,0.02349143216846719,0.005288327308014178,0.02278094207628737,0.005444869356278128,0.006688089713755219,0.0018532318989246239,0.006753242509744961,0.0019987619969973293
351.1,0.025617437052163156,0.005743804598170141,0.02513226399142568,0.005887983196998653,0.008060707539317391,0.0017873634769417775,0.008221964847525725,0.0019273791502213272
352.65,0.031046312965805543,0.00678432775855344,0.031190407624805516,0.00701139988749922,0.008145794320745539,0.0019121505883630656,0.008290657371051365,0.0020649611819491083
354.2,0.025622373032194393,0.0052066633918738964,0.025074378276071688,0.005291530507484488,0.007832429434870374,0.0019432841721758291,0.007925380564103269,0.0021098278079424524
355.75,0.021654457460723652,0.0048749375943864855,0.020600282002716623,0.005054582501161705,0.007245072017126516,0.0018015680443603745,0.007261641058561101,0.001958165224608168
357.3,0.02075918092536665,0.0054569373704276,0.019573398395181362,0.005752450701951533,0.006836560410868486,0.001734219957218617,0.00679158932423792,0.0018779193482947223
358.85,0.023010691222603973,0.005207833765135927,0.02207606699877791,0.0053756203769627555,0.00781378881630934,0.0018229027120874903,0.007829666083822844,0.0019618285437850995
360.4,0.022867804229091977,0.005100251273893389,0.02189150677874859,0.005218311081270817,0.008305598066655755,0.0018326943352786373,0.008338450874754055,0.0019610367155241683
361.95,0.02174436389700209,0.005341899121934095,0.020608027727206463,0.005535167312957983,0.0082753414673579,0.002050460413502771,0.008278681011000209,0.0021876828050237836
363.5,0.023813943389687,0.004884671062441588,0.02291513045095659,0.0050792364264440224,0.008204160250876991,0.002237577790205011,0.008177260458809595,0.00238766914879641
365.05,0.02588825438753035,0.005089917084882333,0.025221632482307754,0.005198559443157511,0.008308685497198149,0.0023195989339376572,0.00826496503131433,0.0024641487798092907
366.6,0.02673102795158168,0.0057701417658856035,0.026147599839604897,0.005933163984371984,0.00839885988785702,0.0025912052336377342,0.008337390565417723,0.002752636603042238
368.15,0.024126747103461976,0.0053880778602595795,0.02321518671662952,0.0056818550252263214,0.008450130590515595,0.0027756890523513954,0.008366849264269397,0.002946189719849601
369.7,0.02386216227361306,0.004931265996344026,0.022902509198766387,0.0050700029407645345,0.008746925441711075,0.0028927619558334772,0.008664259619605345,0.0030738654743365595
371.25,0.024988525004284046,0.005273372486660346,0.02415352250615152,0.005406780086787508,0.008443387048473673,0.002915138030605431,0.00830903828674083,0.0031006796978946998
372.8,0.02757485031202239,0.005991854978024216,0.027049255691897665,0.006279042896679624,0.007489309697231061,0.0028545893468667027,0.0072457556706944995,0.003028447559236024
374.35,0.02719587019343839,0.005634025262553955,0.02660982006290115,0.005766131158803417,0.008329824825780567,0.0025825100289647573,0.008134278568567785,0.0027168927676357586
375.9,0.02659525925744894,0.005727318567375344,0.025925683507618733,0.005826993226447563,0.009027367883841593,0.002566888597758401,0.008867050734698604,0.0026848258046969393
377.45,0.02587462632147987,0.006127533301040427,0.025111830127009016,0.006310922504886778,0.009045587891515341,0.0027061086193393108,0.00886115302398021,0.002838066167461088
379.0,0.022307553346066756,0.005252794068332287,0.021106960576270886,0.005425590175065528,0.008853979455704326,0.0021728867395983537,0.008629035783599618,0.0022495805395576795
380.55,0.021366350051779157,0.005013577660849826,0.02005032428231319,0.0052036849506298406,0.009224996759990039,0.001991212585037634,0.009009045462194163,0.0020369749063624387
382.1,0.021881729450450048,0.005585149411597758,0.020629312209313504,0.005875547762517173,0.010189349880293408,0.0022060990635033076,0.010034114903583519,0.002274536800423341
383.65,0.02077774265360745,0.005153374666081353,0.019390090371472105,0.005346354544634241,0.012033925114418895,0.0023398622409592762,0.012015451095550134,0.002411362827351127
385.2,0.019130545832401518,0.004212226296077264,0.017548828761257122,0.004373649800070243,0.012517425078545861,0.0022869505428200145,0.012517299462701687,0.002365728355475997
386.75,0.01784611199303053,0.004258433371972528,0.016115313121112692,0.004576324995655582,0.012813887880555175,0.0024426965587819554,0.012817133467933063,0.0025429045998652863
388.3,0.018089662395851244,0.005141084128651401,0.01638932199852011,0.005485238022300564,0.01426011622097641,0.0027951421776129318,0.014367537089825431,0.0029012195832359335
389.85,0.020201320031898527,0.004992419814844994,0.01876687065890548,0.005172983100476585,0.015030167398203209,0.0029321891543750652,0.015182759357946073,0.003055067456535394
391.4,0.01953902658704441,0.0048607403829055585,0.018033771238681672,0.005019548813527525,0.015106041910700679,0.002994970384062992,0.01524378474693865,0.003133746726445081
392.95,0.014100519720852987,0.004389875691071389,0.011959128724649883,0.004692562611337459,0.014712064541543142,0.003049017050468006,0.01479502181251574,0.0031928981167435922
394.5,0.016530229860516246,0.004392598879567258,0.014679215104291982,0.00462095977479847,0.015130725794369922,0.003034834770492696,0.015230082091544804,0.00316856241532722
396.05,0.018900738531605617,0.00458169496482538,0.017352926606468574,0.004836924580904139,0.01521298200476581,0.0031674212501139024,0.015300128598233662,0.0033101977521754608
397.6,0.02062056794407271,0.00508908030132189,0.019299843503521305,0.005497294571687476,0.014870334397746482,0.0032066874356568866,0.014908723251372595,0.003340969335137443
399.15,0.019177266443560964,0.005214906023345256,0.017695246421059605,0.005498476374551578,0.014800969247167029,0.0032954657422223695,0.01481512679051888,0.0034286158619033797
400.7,0.018524546439127695,0.004819578151860116,0.016984952064484825,0.005089143461793468,0.013356507491911994,0.0028726816041680057,0.013227515963909349,0.002977625478239484
402.25,0.017801243684134965,0.004644306927899207,0.016197724076096355,0.0050209298237057125,0.012012619640342188,0.002531197230581064,0.011749990817696447,0.0026287689479661306
403.8,0.015223157913497829,0.0046233324051784845,0.013323118676301416,0.004990197206595335,0.012919112364234436,0.002562996279817832,0.01272075814337286,0.0026534537373689225
405.35,0.012240517041543329,0.003989765881685656,0.010002329868521558,0.0043412386514244065,0.011999757335288382,0.0023617742102828333,0.011705575157079864,0.0024260348039028684
406.9,0.011760281534829862,0.004023037194908914,0.009511103225935246,0.004383961086691691,0.010908539073286204,0.0023152215295765494,0.01050423100266355,0.002382581176537336
408.45,0.016406012223190783,0.004896587613135258,0.014719831481342234,0.005263930865296467,0.010744374909539136,0.002353570111036385,0.010312312511528855,0.0024352500883514264
410.0,0.016189783549391275,0.0045070253482158125,0.014502235866506058,0.004606567569793539,0.009297593921337763,0.002199296458207701,0.008725852564396463,0.002261782346328633
411.55,0.016427355546179027,0.004500544736147904,0.014794778044613124,0.004529007736123752,0.008332399782261614,0.002108004741128437,0.007664282891567929,0.0021676814918682183
413.1,0.01779671474240514,0.004733136747372751,0.0163574511481699,0.004913582658845087,0.008375916575561235,0.0020720304314245756,0.007699950264430589,0.002144144234104967
414.65,0.015464316210844258,0.004582111889524123,0.013771500009269362,0.0046316594629070285,0.008529446821974238,0.0019397422049059463,0.007856668176309823,0.0019999538256022715
416.2,0.011434791112683503,0.004587383083069732,0.009318401581058669,0.004625560890265952,0.009291826652258597,0.0018647114022143213,0.008676402710278565,0.0019147591578948962
417.75,0.008296102979072557,0.004534307174175523,0.0060358158093149076,0.004452821300617765,0.010184135111886296,0.0019646394626400615,0.009638508570170507,0.0020216374480931123
419.3,0.013287423016926831,0.00458965350718483,0.011433171689702917,0.004841963511103683,0.009911139056842214,0.002018417492109751,0.009334423696416285,0.0020795084314530494
420.85,0.014580754401092846,0.0044211164225989984,0.012920281565044807,0.004584061765283306,0.010720700347940138,0.0019773472603036744,0.010207870423053478,0.0020194656729508533
422.4,0.014136530276213468,0.0046587124575138686,0.0124571222267886,0.00482017861334461,0.012290465185067023,0.0020031182596143386,0.011908485421322036,0.0020480120106590605
423.95,0.01325509360518489,0.004955356131625005,0.01150078410687992,0.005169306645474155,0.014386823568525267,0.002033631751905559,0.01418212614199666,0.002079881369009252
425.5,0.014087698030527689,0.004489546020297527,0.012471152112323119,0.00459310313289501,0.01583695239340968,0.0020037989421883844,0.015755103659212982,0.002047104927592663
427.05,0.012899724810565123,0.004682703658835404,0.011193160026899572,0.00488083676629756,0.017971006929376688,0.0021562051388910094,0.018072687889139814,0.0022134499903880746
428.6,0.009195292496066543,0.005078187329234707,0.007228889352474085,0.00522061061776669,0.021098610258076134,0.0025472263584816915,0.021470727542892244,0.002643485433788547
430.15,0.011370904693715014,0.003963821130481205,0.00955720734345322,0.004193559975745885,0.024413069971554905,0.0026252346638018917,0.025072477484852897,0.002726643448860125
431.7,0.012204802200281504,0.004069974291812861,0.010518778381135716,0.004357711372759777,0.02693079522415547,0.002876437436992061,0.02780857344792188,0.0029901586391168945
433.25,0.011917797901882852,0.004881360327332187,0.010267293700508797,0.005273924169509837,0.028804705591571292,0.003230813600870627,0.02984546719568769,0.00336239745258954
434.8,0.013327278165665608,0.004391395752002995,0.011863259884926609,0.004787328935347627,0.030411140912021985,0.0032790441939926384,0.03159316191884155,0.0033923761228140357
436.35,0.014252091623183643,0.004339370327727386,0.0129367182753838,0.0045875657268610506,0.03185459108371634,0.0030305412666198706,0.033165559040947624,0.0031298533861497555
437.9,0.015507654815217375,0.005156926729103881,0.014383879688633828,0.005419648004237133,0.032843902844598524,0.003074314107629953,0.03424468477877287,0.003193741163132117
439.45,0.018078619866822507,0.0050126304934637825,0.017317789388460247,0.0052376181989300516,0.0330155203604143,0.0031881430503962476,0.03443526739295402,0.0033056809096308052
441.0,0.013894051998105587,0.004354925388228401,0.012670454174991286,0.004585099006711751,0.03095153064881528,0.0028596625721742587,0.032194665275556464,0.002953934436929739
442.55,0.010323708546255812,0.004125791025060318,0.008733834340444897,0.0043483310356555475,0.02848958473184774,0.002539579220315001,0.029522483398538083,0.002596189244877898
444.1,0.009113507769794468,0.0044527571112465475,0.007477647600941916,0.004621386748123995,0.026706700103405364,0.0024647446385361,0.02758993000701512,0.002533600378811197
445.65,0.008259836085431986,0.004143908317832297,0.006552051387451271,0.004218477029975617,0.023100107351425016,0.0021841072685823996,0.023676771133583147,0.0022335287904991473
447.2,0.008944215813174325,0.004184832376653879,0.007325816063806765,0.004302340491300529,0.02028514486449954,0.0021649370552260364,0.02062361918538747,0.002226541586531996
448.75,0.010418782633532861,0.004718961594639282,0.008982247639242878,0.005004615231930801,0.018385404360534346,0.0022468085679153028,0.01856497474717352,0.002327645059669199
450.3,0.010578483867496442,0.004992903031985852,0.009210778885195758,0.005243397169812258,0.018105995267735084,0.002312463704709354,0.018269650479166663,0.002387044193307708
451.85,0.009275416119377213,0.004416409809671599,0.007796866810543088,0.004609524166971754,0.016046666229960368,0.0022136528163858808,0.016040715682438884,0.0022846645860604056
453.4,0.007275963653312128,0.003953502608565021,0.005655558711886676,0.004068418643474539,0.014105370680902743,0.002286450277252132,0.013941152495390064,0.0023758675187530113
454.95,0.005005623563451025,0.004057571709210694,0.0034856125336338688,0.0038739994726936936,0.013859349597141923,0.002279348763342262,0.013684899083212321,0.0023481637708903493
456.5,0.007288574637405978,0.003918662985839589,0.0057406432840697765,0.003966049350032803,0.011523572438382274,0.0020260133298379227,0.011157140163361091,0.0021076673039169638
458.05,0.009291214013617422,0.004023586607135986,0.007988154275985477,0.00408643482454513,0.009050390660238323,0.0019448193770817122,0.008479915304888156,0.00205293675442425
459.6,0.009602900898711459,0.004847403828964902,0.008377450890703875,0.005031024606548045,0.007305610229538653,0.0019423372763776043,0.006593842164695865,0.002038696023555162
461.15,0.006764559136557027,0.004049146807069622,0.00538704478533265,0.0038613481967723832,0.008242685652347273,0.0018948359565851565,0.007626740596265005,0.002000900027500617
462.7,0.005267102141914921,0.0035332920768199483,0.0037982676512375714,0.003282508308190394,0.007154751512123338,0.0016109625279219775,0.006455438876856611,0.0016651206924733367
464.25,0.005828382907186665,0.004188876378832989,0.004560082213070356,0.004015597242439759,0.0050026308661905204,0.0016877946592761038,0.004126699470391032,0.001712481643115405
465.8,0.01036296088059636,0.005133530182202875,0.009432764692535763,0.005267544406133597,0.003977205727936463,0.0018914176459221427,0.003062435126001675,0.001913858210197263
467.35,0.009117158231505653,0.004423639845779162,0.008042862615116868,0.004515012041156754,0.0039440439523048655,0.0015245164762978563,0.0030042563507104414,0.0015763247650942926
468.9,0.006629184863619677,0.0038547959143210315,0.00540316245303264,0.003795194088240107,0.00356804621413469,0.0014269909379224699,0.002609695404637145,0.0014738480015838143
470.45,0.004968043042635566,0.0036625103765710733,0.003785639251706443,0.00353030905429646,0.002673908700958025,0.0015517438642430627,0.0017706411267694475,0.0014653333923052157
472.0,0.0043246328813325305,0.0032761571286384046,0.0030917051900596648,0.0031486152515833097,0.0031740577268240338,0.001524899940829325,0.0022305538959549705,0.0015597653074073275
473.55,0.0059173608400027835,0.0035885753112028414,0.0047671251403985804,0.0035945114267353297,0.004045618497008999,0.001625178480707122,0.0031846789393250247,0.0016528937244936221
475.1,0.008793691112971678,0.0044394901316571036,0.007928978089746677,0.0046622426225865375,0.004642271965153276,0.001910268794394033,0.003831881974146681,0.001979281355434194
476.65,0.00616998964041029,0.003997774811390712,0.005101159783466262,0.004021590342229637,0.004736644576606893,0.002010622308826392,0.003946349098566787,0.002104584927749321
478.2,0.006228664290720753,0.003770655734006463,0.005155659522677356,0.0038103500646288714,0.004587036310462299,0.0019634906010944104,0.003795814318792661,0.0020660134791644223
479.75,0.007571183826971351,0.004042172303858205,0.006671492864460345,0.0041402291533757865,0.0038505022831059965,0.001939794701874071,0.0030252063059044865,0.0020107360102422575
481.3,0.008898276729471619,0.004339198036556655,0.008135304373949269,0.004532938748109041,0.002226587424248267,0.002113330369377658,0.0014394179281876905,0.002065404200752787
482.85,0.00459695365739421,0.0030270450328153836,0.003518090191400984,0.00289492726994014,0.0016349321383190892,0.0018226929431843042,0.0008750799531950475,0.00174628791650827
484.4,0.002620271218664533,0.0027024281023111745,0.001770686590367363,0.002339064265510003,0.001462827729883597,0.0017166069970423416,0.0007805832208015038,0.0015899176528261316
485.95,0.0039794021561880225,0.003716338849551503,0.0031016751491397456,0.0035975609195793468,0.0017032084333251903,0.0015984399719994524,0.0009882270542782368,0.0014453256268317056
487.5,0.0014891153573174973,0.0021189253464662067,0.0008581141985169656,0.0016484491494488153,0.0023022283638863923,0.0014145297223514084,0.0014618145218493106,0.0013606041897538262
489.05,0.000684517692489555,0.001332412624529119,0.00027029004687812564,0.000892677771296722,0.00194229552509373,0.0012571196348846988,0.0011104858387249417,0.0011505185196537362
490.6,0.0012117634932775963,0.0018204545823907842,0.000683761223533256,0.0013420421525326726,0.0013060108534165313,0.0012351840309104377,0.0006424820292054074,0.0009923590205579182
492.15,0.004368252291765889,0.0036552243280556676,0.0035424764847493185,0.0036793452934604895,0.0016898509179768704,0.0013139113386397277,0.0009378015587449124,0.0011292961517760168
493.7,0.00408509586171068,0.002903044290070894,0.0031439440098510628,0.0028971080245268005,0.001535431050931359,0.0012615500186975766,0.0008032234096620343,0.0010735098925973117
495.25,0.0045326636620967135,0.003179093174099443,0.0037193338622940673,0.00310771031887606,0.0014925357700728299,0.0012862148377685335,0.0007779025369445369,0.0011049319335856408
496.8,0.008166594393839443,0.004401878447733221,0.007646128455155082,0.004651343336336571,0.0018435930208762258,0.0014915271653149788,0.0011228024446819124,0.0013941624918730386
498.35,0.0038677275141145878,0.0028268721059011206,0.0029812390668116,0.0027743506178213003,0.0012234910203527182,0.0011881121494611686,0.0006053864760364254,0.0009476229102511316
499.9,0.0020032293219172702,0.0019330382099380175,0.0012418593142217152,0.0016448724593115954,0.0007473643073556665,0.0009445223904577832,0.00027323533879991893,0.0006972367074333945
501.45,0.0023461898218730664,0.0025605316398467468,0.0017137154711673469,0.0023799519116546714,0.0005725306871910685,0.0009243039258343073,0.00025121486240130427,0.0006751117237765927
503.0,0.0036695688334859784,0.0035242424546960997,0.003015477493002722,0.003494414060224679,9.660748412061831e-05,0.00039982896973419656,2.8689316020632984e-05,0.00028689316020632973
504.55,0.004532522381673601,0.0032689638264853716,0.003750210685597921,0.003418626872882805,6.0313718743841364e-05,0.0003190501127315069,2.230208114025095e-05,0.0001922584528733841
506.1,0.004355701898632402,0.003097031833122069,0.0036109820553024037,0.0032193379150714796,8.655284126098749e-05,0.0002731925949363107,1.5153993059181206e-05,8.664458568400331e-05
507.65,0.0023207873787945664,0.002654451292079377,0.0017925803975754142,0.002492524208115271,0.00010262769146380163,0.0003525026815546769,3.1245052189319174e-05,0.0001756471081526084
509.2,0.0019177501884160312,0.002422747285538423,0.0013505694007380793,0.002255602116710948,0.000409499310776401,0.0007487206663085662,0.00013947631973982774,0.0004963040376395526
510.75,0.0026997977309751813,0.0027805167700642535,0.0020347796183623245,0.0026863654432973446,0.0006832527667671927,0.0008606874823245027,0.00023554609826642118,0.0005538725210402184
512.3,0.004089904321784495,0.0033572734651726587,0.0034519727709764764,0.0033743235754963336,0.000700425900272189,0.0008191745535553117,0.000231532390906958,0.00048780643342212634
513.85,0.0017897888870275535,0.0026607633439557476,0.0012684595800568851,0.00249750484393363,0.0014224951608239693,0.0012238552579165926,0.0007579957784199354,0.0010191837670694725
515.4,0.0026482975550985595,0.0031069761747502833,0.0021071034654183414,0.0029821640221279646,0.0016348367361157976,0.0011481799781908263,0.0008793459020304526,0.0010086604428025771
516.95,0.005999852477652314,0.00405131381131313,0.005471191401753243,0.004288170047185486,0.0015470008093737566,0.0012612309351924746,0.0008681128260049724,0.0010785661927336988
518.5,0.009996776628328515,0.0048225704398167845,0.009862133396058832,0.00523331824641151,0.0015366045603269409,0.0013421515922054622,0.0008627742167814917,0.0011480790964086037
520.05,0.008151208140075843,0.00362840314554743,0.007781092578619571,0.003944139470284064,0.0019202307713910493,0.0013680634726807076,0.0011704803493156261,0.0012041600323344029
521.6,0.006540957585751802,0.003027401430209531,0.006004672886899603,0.0032703826055515643,0.0023595793177300806,0.0014544686582592958,0.001612399485652793,0.0012861200041590114
523.15,0.0063377724957105605,0.0038991968104037018,0.00588106351538657,0.004148892743016585,0.0029159774712887846,0.001742731322306722,0.002173783061414202,0.0016510647176790952
524.7,0.00810435096163375,0.0034904799147713224,0.0077726191121584975,0.0037925249780110825,0.005530876931774012,0.0016256383527400273,0.0049234436523052354,0.0016631539161020468
526.25,0.009240729414770242,0.003624196367805876,0.009039609069218796,0.0039309920973830655,0.0067935685515542864,0.0016386103475856425,0.0062896224083995355,0.001687407321336382
527.8,0.010061716424781951,0.003928197792702291,0.009965829855773187,0.004267395282130561,0.008121111956520323,0.0019095818115108178,0.007725922932253607,0.0019975446264341745
529.35,0.010964246890646321,0.003365619052188557,0.01096561735150401,0.0037152199229020092,0.011698442351445631,0.001971275184652154,0.011608354490181143,0.002051965813389332
530.9,0.011812512166860205,0.003174845331486324,0.011922658353757436,0.00349401553274624,0.014039571701012141,0.0021035314745078896,0.014146228464301629,0.002164382061273855
532.45,0.013332622947941375,0.00371946918061135,0.013630878505988174,0.004076302239078785,0.015316953864264746,0.002477834330929095,0.015527854300211388,0.002565527711502405
534.0,0.015562163388017492,0.004722061622782858,0.016130703374970724,0.005177740416597495,0.0157117141164492,0.0030115685680591926,0.01595026996229878,0.003154112045175521
535.55,0.016945199785335322,0.00480262995255783,0.0176786225581697,0.005216422271303191,0.018200246785950433,0.003191621752019381,0.01864926931989964,0.003322539858532904
537.1,0.018110069719459908,0.00466733811651295,0.01898229826519322,0.005061796609281645,0.019187908285037667,0.0038982928936539705,0.019714967050453558,0.00407348637446159
538.65,0.018514955365185413,0.004439844065094031,0.01943521777076161,0.0048290787382673514,0.020241939093692908,0.00470613100681988,0.020852905832849582,0.004946452074434708
540.2,0.01715938194567869,0.004702559220755927,0.017917555075803105,0.005174137546625763,0.023415318771291663,0.005344126000801831,0.024296960347710384,0.005652697436040964
541.75,0.017616227868376792,0.004347538944176177,0.018421084171580848,0.0047451610362888984,0.02618799135309169,0.006204524095749641,0.0273041170558494,0.006579576296527886
543.3,0.018523014643030012,0.004762596650392462,0.01943482291145695,0.005193705478675635,0.028763479292031463,0.006955721364261494,0.03009707231317269,0.007391079559785264
544.85,0.019594784776440687,0.005119702013217781,0.020640915364458362,0.005592624343961687,0.031160033353960864,0.007522909727449033,0.032696011379841836,0.008005576689945877
546.4,0.020202788165427615,0.004925757774956792,0.02131748920087364,0.005347902576506715,0.03318300684344848,0.008145817973799756,0.034889965168710325,0.008671960791249782
547.95,0.01924491285029432,0.004774716027270005,0.020237779000343382,0.005200810390936972,0.03436439524546747,0.008510130777514047,0.03616853729436895,0.009062761459590486
549.5,0.01864256506218713,0.005084886584969349,0.019558934003695107,0.005577422936601387,0.03482042778570864,0.008505536973729754,0.03665925319559538,0.00905911205857657
551.05,0.02078271811995191,0.005141830888563823,0.021961406201448975,0.005611924360794481,0.03451666280727881,0.008586303301600996,0.036324205974903954,0.00914321934592882
552.6,0.014902191115701851,0.004238427834416236,0.015361396260937486,0.004605983197077064,0.03348302197279696,0.008516233697780274,0.03519601724786922,0.009066991029011618
554.15,0.013889015073626727,0.004476917846820837,0.014217665122632719,0.004863344017402898,0.031475015793072124,0.008269239909954295,0.03300964876602993,0.008801193356041088
555.7,0.017789652035889038,0.005479993220036279,0.018585001168644765,0.0059605480658498945,0.028959826363978376,0.008045589209667475,0.030273152540269712,0.008570302785400753
557.25,0.012200241164379365,0.004134167908663087,0.012325204491742044,0.004519512862558002,0.024826083714518506,0.007818071005142311,0.02577624353311128,0.008336418072704148
558.8,0.012225181586949215,0.0037636985966176557,0.01235106845239127,0.004118145270731273,0.023201201579533603,0.006950564422854954,0.024008292028177933,0.00738991901566526
560.35,0.012581169468805024,0.0039460038559587015,0.012747740964078153,0.004338526670833185,0.02203520696002701,0.0060481766436195706,0.022740226579035558,0.006405720637551376
561.9,0.009185228177025353,0.004478347305808478,0.008960195038536357,0.004907111531128593,0.019619531779535043,0.005540586310882408,0.020114323139661744,0.005870201283101972
563.45,0.005168612369451319,0.0035997496868131387,0.004606797651235168,0.003740886440914342,0.017296084442987938,0.004937391692802287,0.0175880597806592,0.0052131943141153336
565.0,0.0076886823855398904,0.0037916256647264413,0.007303959947824496,0.004099393084768365,0.01597699847860156,0.004377699457220806,0.016154165141942536,0.004609151247739054
566.55,0.01467138032316564,0.004347388827524868,0.015083987280276984,0.004779617017371036,0.015261285607271692,0.0038462624848422445,0.015376827368064859,0.004043304667283045
568.1,0.01110111423483546,0.004342130182488201,0.01107280267608178,0.004808498455126434,0.012920671679200371,0.0032668166629918247,0.01283371846358958,0.00340646759589638
569.65,0.010251057705882196,0.004121971024855436,0.010114687657897971,0.004533451823501394,0.0125152918048688,0.002937791695725458,0.012395302892328692,0.0030407385806601496
571.2,0.01006315112268215,0.0038829639492837433,0.009902002840296603,0.004240316082651749,0.012123368803552366,0.0026697114941742774,0.011971680251065481,0.002747108138993692
572.75,0.009491021823759183,0.004001427700689794,0.009276785361359959,0.004366178650553508,0.010565284205888365,0.002579874313258854,0.01028001127142578,0.002664687942817358
574.3,0.0048699867977264125,0.003083205540522997,0.004179399890660374,0.003241357359095934,0.008618765423019467,0.0022540020697145746,0.008166473430129339,0.002320652856223827
575.85,0.005128689762702956,0.00285218869408563,0.004463467564745449,0.0029437650050063557,0.007669297289576332,0.0019907683876050006,0.007137642349913775,0.0020366735316970364
577.4,0.0074746870074849925,0.0033828183648865057,0.007015855440680694,0.003624362901607002,0.007150066009908292,0.001865819986797402,0.006576958858852475,0.0019082390307647
578.95,0.004164046516819184,0.003200745445529733,0.0034589330640387135,0.003333513602914791,0.0054618800476553256,0.001850661338685502,0.0047448661355069584,0.0019256671890709011
580.5,0.002578942584760015,0.002445200677019668,0.0018733103839384067,0.0022846434361776797,0.003495883902583353,0.0016655676538738513,0.002627688539549809,0.0016766787928496512
582.05,0.0032258659784535305,0.0028629951195327215,0.002532090921615085,0.002781172327180242,0.00270713639882153,0.00161202606522668,0.0018035879349566186,0.0015766660617073376
583.6,0.006123333034114961,0.0036511086820337057,0.005561376186222299,0.003861556044947773,0.0033789577840912743,0.0017383573413976262,0.0025020372763892964,0.0018036096100231384
585.15,0.002429557945166266,0.0024301474161555273,0.0017169601120557768,0.0023236512550670186,0.002813288752060503,0.00139894744245841,0.001915223532357653,0.0013777115873183808
586.7,0.0020131285600103145,0.002319343486232713,0.001430025201917066,0.0020645445181856404,0.0019627716610032633,0.0012279071227827983,0.0010776693260624603,0.0010818626726697524
588.25,0.003782747867173859,0.0030766285372613865,0.003109546110140838,0.0030744352602717477,0.0017367168610362663,0.001411014701985369,0.0009292635350853502,0.0012172608169181555
589.8,0.007282334214266365,0.003568580308842873,0.006804932730730515,0.0038658984397639214,0.0026791882503006703,0.001911250048720827,0.0018475071847096549,0.001834152013707451
591.35,0.012102065419732001,0.0037301126215385787,0.012150397766888697,0.004067564789364589,0.002714810489193778,0.0017779134453066517,0.001889599852166284,0.0016869633996918142
592.9,0.012150575078467347,0.0041433942233407,0.012201232418843556,0.004524727095071761,0.00241400774657301,0.0015161143563128569,0.001585780269972148,0.0013828354303961343
594.45,0.00803065293496618,0.004210056729305721,0.007617027782936479,0.004571394265384337,0.002112964790526286,0.0014484829677767794,0.0013021147830118971,0.0013137837461884908
596.0,0.00861485984535503,0.0033798845037963836,0.008252230311840036,0.0036369767100095283,0.001893992528735501,0.0016141059742864005,0.0011611643717244172,0.0014352695375839703
597.55,0.008244539261166525,0.0035314491417054662,0.007823420625050356,0.0038463718371032863,0.00267937206251337,0.0015715511021498804,0.0018489636698477445,0.001515464587822679
599.1,0.008423388638663513,0.00396483827282059,0.008035695749301977,0.004326003164448623,0.003717300878047958,0.0018193602045795088,0.002965910988300576,0.00182935628797906
600.65,0.010117302627723514,0.004294729982364225,0.009936472287593553,0.004725398247853412,0.0038277004134504872,0.001773870383190473,0.0030958320372394973,0.0017798579699012486
602.2,0.012499469660553921,0.0038804755366201424,0.012601291191063051,0.00424915556898609,0.0029216287850946047,0.0017905099375627185,0.0021548284035861234,0.0017828279313564187
603.75,0.01171635298932329,0.003948398708366832,0.01171929650113218,0.004294690443064307,0.0032542902629893473,0.0018073699007972199,0.002495381943733875,0.0018460474115109269
605.3,0.010022414024387982,0.004589816284929022,0.009826950363499466,0.004990146372776473,0.0045458990129587235,0.0019778605075044388,0.0038846379882868636,0.0020632605003205397
606.85,0.012409627638795537,0.0048349618463709694,0.012494254289985726,0.005315424988138075,0.004913605150379964,0.0020377428017604436,0.004299249460609058,0.002109858277547007
608.4,0.011670750867277792,0.004161102510231375,0.011675523526856904,0.004575206694153374,0.005271923768311276,0.002040361217180659,0.004679567310569342,0.0021566707734188926
609.95,0.012310040829692406,0.004097078499772651,0.012408681024927393,0.004470461555977831,0.005486161132400049,0.002092268789640074,0.004923436797980908,0.0022130714329743244
611.5,0.01488800934910483,0.004800022335623553,0.015289324929791775,0.005276876598038496,0.005716360939881235,0.0020844381693391574,0.00518025977608291,0.002212863167952532
613.05,0.015696385468014117,0.003951528695583053,0.016197552407972566,0.004330484182829275,0.006187101847263307,0.0020213174684659933,0.005703746438303038,0.0021753428225707565
614.6,0.01803201392805809,0.003551633858022163,0.01882449169872463,0.0038787815299928872,0.006654841893446677,0.0017775746396416566,0.0062205377513631635,0.0019168885006894873
616.15,0.01925337400480833,0.0040069118030433065,0.020201625813700986,0.0044017919812577464,0.0071869357245125986,0.0017774027612247527,0.006809474885926818,0.0019043685923409118
617.7,0.017153485435223926,0.004832508474060519,0.01784909442757761,0.005330994915996518,0.007852752020471638,0.0021487104948193017,0.007544740479464549,0.0022972582162732133
619.25,0.018931829137682595,0.0037606265670953667,0.019844958223214536,0.00409990222629121,0.0073023425768936725,0.001971420400036278,0.006957244646348409,0.0021199259210708857
620.8,0.018199395126555856,0.0031527758118965253,0.019029692531077214,0.0034297648557118977,0.007563754360109856,0.0018026477856607933,0.007252725050702462,0.0019354948358514213
622.35,0.016945194428847406,0.003849089057388195,0.01763197949376263,0.004258650185168642,0.008469615939234464,0.001813565640147623,0.008249034435063963,0.001931022861154723
623.9,0.02032979780237505,0.004586812003107388,0.021434620215694433,0.005048307677733719,0.009390254416146568,0.0017738739689846395,0.00926067340336521,0.001917740980869028
625.45,0.019484796855176477,0.003862685327964193,0.02049021466118517,0.004234053034147505,0.009740981301014482,0.001792740227674276,0.009654306923495752,0.001928816063879748
627.0,0.01888255514352953,0.0037882545135142615,0.019821225459128698,0.004162656338459292,0.008996372038766081,0.0016815452813701557,0.008856382593460084,0.0017981527250363369
628.55,0.019446191493116417,0.005029324217271261,0.020463646175480868,0.005577742013142814,0.008428689085106671,0.0018391332570740287,0.008250413037939443,0.0019788221228705565
630.1,0.020395651634645386,0.004103704807802748,0.02153589637894534,0.0045303615600385625,0.009184823239919237,0.0018292619861618245,0.00908410903265407,0.0019595398022590376
631.65,0.01958972251437174,0.0037261150964681164,0.02064146060630264,0.004091977614166769,0.009736955292273638,0.0016862241776291536,0.009696342851269728,0.0018220351642515835
633.2,0.01901735765059003,0.0038352345413870215,0.020010317640242442,0.004204497939872083,0.009819274379130957,0.0015537266547067088,0.009797640664022453,0.0016876080386123212
634.75,0.019867637060456026,0.004682554052277224,0.020976668270558538,0.005169575123595175,0.00983581452161574,0.001610768623324341,0.009827451400303095,0.0017253498598449003
636.3,0.021860504324386146,0.003700395865672936,0.023222976685306197,0.0040733883742352815,0.009261286938105533,0.0013766504483221091,0.009215217073034274,0.0014676772705517638
637.85,0.022341316008512187,0.0036350598181963314,0.02376932887666562,0.004005031946874703,0.009247594182745346,0.0013289001297667998,0.009213031062553313,0.0014176321983019786
639.4,0.021559401600693896,0.004032106315167941,0.022898567308842422,0.004467256688099531,0.00924917553378538,0.0015170001606753093,0.00922689444749112,0.001635994554288332
640.95,0.019555517964191964,0.004004806805908052,0.020663523506616786,0.00444513108487341,0.00835548425294394,0.00165456337964012,0.008266379479214157,0.00181093117158825
642.5,0.017552538294782417,0.0034817760157368214,0.018432140263605044,0.0038933405458386004,0.008156968654763872,0.0015140481749683985,0.008063257905966056,0.0016628508711991799
644.05,0.01720014674592587,0.0035098934157524915,0.018048075530409474,0.00390643299221424,0.008529251804338826,0.0014369753114610035,0.008480297276759733,0.0015640202375108827
645.6,0.017855818654081746,0.004092865342976701,0.01879146593638614,0.004520692435451663,0.009174355595725636,0.0014709696822326672,0.009193937974956174,0.0015707169394142512
647.15,0.015777470411065246,0.0034637641743836623,0.016472584038682982,0.003886617314953842,0.00963799804076238,0.0016038473281931918,0.00970923516673024,0.0017121675075556651
648.7,0.016999397756646637,0.0032762161353821007,0.017852224494086272,0.003599742542999317,0.009270247883881352,0.0017284728635841174,0.009320990139806943,0.00184736806234534
650.25,0.018938046247455348,0.003775699705959323,0.020036575754758635,0.004092484400004621,0.007492259541265783,0.0018023683511371414,0.007399438563790886,0.0019333928796386286
651.8,0.020165486160180948,0.004320009202312978,0.02142534948450117,0.004680066930030527,0.005764988863375341,0.0018445906714648205,0.005531231505557331,0.0019925196589635143
653.35,0.013814117941599842,0.0037142341323100478,0.014312437211367587,0.004074241320257497,0.006591678539197146,0.0016956803251125287,0.006442959522326198,0.001801528908467938
654.9,0.011851381102979997,0.003362541892944569,0.012124269201026567,0.0037108883796247343,0.00611122060752201,0.002127155109139183,0.00593186898426485,0.0022629701045229255
656.45,0.011972695454992016,0.0036578450995168772,0.012274981098134958,0.004055816580500211,0.004828877152173701,0.002539603590728892,0.004551705234350045,0.002717107248999665
658.0,0.012465063974042213,0.003928778454529978,0.012842548943972623,0.004380797612242097,0.0040642239459412755,0.0027710644161042237,0.003738344424709231,0.0029758821024519115
659.55,0.013670554672861062,0.004115055838069809,0.014200152988795407,0.004497362839963741,0.0025852453273928324,0.0028703231216829573,0.0021811028925974043,0.0030562905678376243
661.1,0.012168307375260114,0.0036730146683010955,0.01252338257948064,0.0039748058521761305,0.0025913891248489484,0.003121014336232023,0.002173413338727477,0.003343557975082712
662.65,0.008842520308981099,0.003451398701813894,0.008811475813264559,0.00375319894709637,0.003085490062031216,0.003162418402271221,0.0027111418094917196,0.0033864136240404916
664.2,0.005443324704387674,0.003433330697075162,0.005097160616521344,0.0036144566954048273,0.002062143929680465,0.0031341637259265204,0.0016795281940011756,0.0033181137915904153
665.75,0.008344408006152262,0.0036243161015962217,0.008280314597005232,0.003931875345126354,0.0016462856831029186,0.002926527838399357,0.001263615187291941,0.0030943726009957126
667.3,0.008556443040848419,0.0036328668783792576,0.008531169425231099,0.003967060858437419,0.0008869396135313674,0.0027141302052586065,0.0006628296787645345,0.0028355425564524374
668.85,0.005900989356992089,0.0034979818827720593,0.005604879755153903,0.0037956585736247054,0.0005211578720058261,0.0024522699941432213,0.00041228751945520254,0.0025535040962560065
670.4,0.004914922052994835,0.003263094590593585,0.004574252691926008,0.0034064495061403538,0.0007710154357622739,0.0023217734497033727,0.0006058381938628899,0.0023839712288040976
671.95,0.002501701950822324,0.002694892539639679,0.002121964647648476,0.002614393520731268,0.0004228316020790018,0.0019195540864315823,0.0003519259157091087,0.001963778992609294
673.5,0.003701803367027941,0.0029400616535688573,0.0032927205118245284,0.002987033684324958,0.00045365669093196814,0.0017272223234182974,0.0003516458938093088,0.0017518442183661262
675.05,0.009679027389145745,0.003976874529861887,0.009826334461453649,0.00433683257012997,0.0010519280830964808,0.0017987657165499072,0.0008002396997843934,0.0017934707610550397
676.6,0.007609978008926422,0.004070097968714135,0.007531736621772541,0.004377825069293067,0.0014794658414557225,0.0015761653376892527,0.0011574560644667172,0.0015443639066486552
678.15,0.0056577487956181016,0.003429847284387677,0.00537830073039357,0.00362180810571659,0.001660654867627038,0.0015193341431115918,0.0013043578653071644,0.0015135378839741056
679.7,0.004137605930461268,0.0031642992899696214,0.003739133341607139,0.0033110589474859052,0.0010111411027164691,0.0012710581407446438,0.0007146090052033891,0.0011957139083376262
681.25,0.0029891864126320904,0.003328583039796152,0.00265041977278069,0.0034200160174197632,0.00035049459096375246,0.0007550835684807929,0.0002100860344146892,0.0006183638935061317
682.8,0.0003233490679676251,0.0008431283140959968,0.00019151550819813192,0.000690258834872646,0.0008596642901108025,0.0012021468467366256,0.000585317783495697,0.001104407303927264
684.35,0.0003055753442199858,0.0007070017258551137,0.000176823295603395,0.0004972455416961976,0.00047558306330667627,0.0008323800093613119,0.00029185264148502867,0.0006870696838237327
685.9,0.001507530418776305,0.0019648739495148537,0.0011917432772174219,0.0018571948372346886,0.0001320139770127258,0.0004374371433648929,6.976282107588399e-05,0.0003243798302201529
687.45,0.0035050395269146145,0.0031521692130158457,0.0031506880923041357,0.003216190211875558,0.0002641710358258537,0.0005987136963643105,0.00015217823876464954,0.00044307003995960203
689.0,0.0024700582865254876,0.002874264658758305,0.0020856533048940313,0.0028632457668847635,0.0005886544453320434,0.0008145567931799609,0.00034874720002845376,0.0006420061406113339
690.55,0.0027758289585946535,0.0028932088950432964,0.00237393493962407,0.002899855581118288,0.001032662305447725,0.0010154827155549363,0.0006930078451125373,0.0008947830642431889
692.1,0.004390021740422662,0.003356868779230954,0.0040674529728498615,0.0034817857444301888,0.0016126569272830378,0.0013204371122831084,0.0012540830816370834,0.0012710749286375374
693.65,0.006439570283259547,0.0038802428707648165,0.006262852366563568,0.004171316677090857,0.003092419888684536,0.0017954771263657527,0.0027887966063502518,0.0018428491936660083
695.2,0.0007800700836346581,0.0013460229464749254,0.0005035073467937646,0.0011604838941312097,0.002381763911259177,0.0016942382541494346,0.0020318331121141047,0.0017151290957079179
696.75,0.00045476593447803026,0.0010645713471436214,0.00031973990663052747,0.0009003470991474526,0.0021991332684176226,0.0015680677787053786,0.0018356615992410447,0.0015623647290038413
698.3,0.0028765270807789554,0.002787353101795755,0.002523733112289582,0.002804506027524756,0.002518450343556693,0.001639501023625626,0.0021714285074467213,0.0016475681838885295
699.85,0.005010958192889352,0.003442812443423122,0.004702405152661986,0.0036239696136597653,0.0019793175618451277,0.0016567018509236913,0.001644421093111605,0.001618044763622301
701.4,0.0038465912583594605,0.0024652583626067516,0.0033879036385083515,0.0025707973879525426,0.0037742047575419825,0.0017891254290592349,0.003507374697419983,0.0018241591876136337
702.95,0.0036044076789493893,0.0024239856223003922,0.0031177709629119626,0.0025490579624901557,0.004843951559655586,0.0019060354080380172,0.004665906576331747,0.0019489139394857323
704.5,0.003809152232059543,0.0026778228913946133,0.003351344440354661,0.002824002178571939,0.004688734895360228,0.0019906522832489034,0.004502975125470661,0.0020332484559969816
706.05,0.000920116128825717,0.0017486800580696256,0.0006836525416538061,0.0016023817058051257,0.0050479921401732995,0.0020103694979150756,0.004889252103569804,0.0020418998897614713
707.6,0.0020338272110867186,0.0021424917364916882,0.001565754549708824,0.0020759724208159577,0.005293350647137234,0.001944169086965879,0.005134689947462212,0.002013686021046848
709.15,0.003769711694013449,0.002774117015618148,0.003299844924478972,0.00283816949560625,0.005932745149865605,0.002031452100097938,0.005825024137018295,0.0021085554411931235
710.7,0.00397803711997512,0.0038314073288754965,0.0035960573231105307,0.00399771780217285,0.006384024664389721,0.0021615909086508487,0.006311591184953317,0.0022485499821853216
712.25,0.0034866351194170766,0.0029305469906305455,0.0030730295530634133,0.0030058939677792746,0.005516863365474816,0.0018005696045789146,0.005362385813626633,0.0018519912134108134
713.8,0.005065194376834797,0.0028592622010555815,0.004631501384942473,0.003050114784098278,0.004441125873526346,0.0017478474523770816,0.0041931528457374405,0.0017856907480603688
715.35,0.007350430368106294,0.0035292626905948804,0.007124601466541185,0.0038700000660467013,0.002783153930203483,0.001639013871035596,0.0024240872486214864,0.0016257587814937835
716.9,0.009254798974440625,0.004356182975445488,0.0092709699420571,0.004786752203055725,0.002011944045267185,0.0015570845518495108,0.00165949221885572,0.0014932445609274422
718.45,0.009411943201357676,0.0034295874782333037,0.009407146268683714,0.0037948192234536827,0.0021541700474749345,0.0015336803379482201,0.0017577813897406709,0.001505573350135692
720.0,0.007787875037267828,0.0030975676020609196,0.007571604930508917,0.0034073338893156123,0.0033949829539369997,0.0016380168856714858,0.0030320237355927694,0.0016977448521793242
721.55,0.006474745781205861,0.00343113811809483,0.006109508253124626,0.0037262492264547352,0.004296690591349177,0.0017602143804572926,0.004000407605441906,0.0018378854546810964
723.1,0.006619682383624423,0.0035378176992893256,0.006289314974401498,0.0037681470689815517,0.00433600410889014,0.0017614332427544114,0.004046397082504033,0.0018193406838568898
724.65,0.008954846285179462,0.0037784132370020044,0.00881867597363812,0.004167727364560711,0.005950643717166866,0.0019324175720505557,0.0057883595127200425,0.001996043778700843
726.2,0.007284024618620879,0.0032268665042369015,0.006929622180047374,0.003478744496073582,0.006268815803770758,0.0018038583497595698,0.0061279794981811166,0.0018518408701618768
727.75,0.005232029233725079,0.0031157625395842074,0.004673016471857663,0.003235589110357111,0.0070506995599506905,0.0020302121437380766,0.006971048142712239,0.0021037556439396526
729.3,0.005220140049930723,0.0034000760856965815,0.0046840017453077,0.0035282991463572023,0.009444914467178952,0.0025616181539050214,0.009567396422503587,0.0026671197187156
730.85,0.007119189247463151,0.004028007120664665,0.0067324654874456515,0.004321173144892694,0.013024456008364192,0.002875246191369429,0.0134551379474732,0.002977317889046197
732.4,0.008363398919950187,0.003622551512675263,0.008031917432906557,0.003927943362461197,0.01547415777685732,0.00314453505670685,0.016114139648780824,0.003267658939608443
733.95,0.005847292262168869,0.00301695084310316,0.005205449410709995,0.003209304179884106,0.016073248518597115,0.003239044684126166,0.016760305302888193,0.0033607074111658693
735.5,0.0008507071940891463,0.0017702298969670181,0.0005470653487717481,0.001512409525310451,0.014903565963023826,0.0030310632277531896,0.015481326255751502,0.003130269121994542
737.05,0.001014273809546841,0.001743422769096338,0.0006347138898724117,0.001403164890564985,0.01402575012640032,0.002637152275657608,0.0145230180097035,0.002728399695512696
738.6,0.0036447824153616713,0.0026797308953977065,0.0028445414759811997,0.002749397595789315,0.012081354868190626,0.002374119354695072,0.012404627133937805,0.0024620052381444184
740.15,0.005355410298416329,0.003286790574413971,0.004610710983319083,0.0035147414382774383,0.009824548214913187,0.00225346269477015,0.009945687487583052,0.0023452784141150566
741.7,0.0024028639417572233,0.002917069762291209,0.0017538680220668165,0.002690282493159443,0.008066326651023421,0.002408868764035137,0.008028115610049508,0.00253546499925726
743.25,0.004907027517622397,0.003375250276822008,0.004102001170994462,0.0034861346057758133,0.007981382235261453,0.0022745010252549908,0.007932428777728711,0.0023774497096127026
744.8,0.008168943053635249,0.0033875795916447544,0.007595434962444294,0.003649115959061584,0.006671693004235133,0.0018675698479854645,0.006504598420201666,0.001961623639813371
746.35,0.009445892140511707,0.003612172421811458,0.00898496559337782,0.003933224609041614,0.005384992165186992,0.0017103340451699112,0.005101364276632514,0.001829509459540825
747.9,0.007033667600593801,0.0040462559315628584,0.0062872597320870185,0.0043871310609284,0.005234328706240452,0.0016399065024586214,0.004932734158297979,0.0017627542727405516
749.45,0.006739472508058373,0.003615607002551762,0.0059331195524855015,0.0038930197075608707,0.0035462881228277214,0.0017664199280684838,0.0030931754677468344,0.0019327540635217615
751.0,0.007262415100207329,0.003281825503246724,0.006456838426849469,0.003585361012262686,0.003894089662827858,0.0015925509680437655,0.003479591598202605,0.001722371993254273
752.55,0.008331074952405227,0.0035525534124587663,0.00760125993549093,0.003940533740967806,0.0055965167028844045,0.0017444970532538692,0.005316507895983504,0.001884966900435531
754.1,0.009775340672798285,0.004243171024985999,0.009186881700265586,0.004666354042853676,0.00672546918004026,0.0021282309165170533,0.006540749224034969,0.002291091783368894
755.65,0.014328456035558112,0.004527339613724339,0.014261403191355595,0.004988744156068872,0.00881770677942739,0.002093258306514895,0.008814502273287568,0.0022455807388396453
757.2,0.014623592401147557,0.0038916503190140023,0.014559037050498946,0.004281811955992256,0.010145936484671691,0.001993184629633818,0.010257561565936166,0.002135489177027893
758.75,0.013064113027884452,0.003778112496255776,0.012776570599898953,0.004160748350717847,0.01102876233438361,0.0018933303582230364,0.011215364634619855,0.002017292822105566
760.3,0.011667921086495807,0.004441230217639052,0.011178231254553504,0.004891788321288893,0.011763280539105716,0.0020012226402376623,0.012010351659854543,0.00210924442034685
761.85,0.015442388589835212,0.004009218040337705,0.015381214274379171,0.00442130085157658,0.013784044512171688,0.0020533047720033082,0.014206464999855917,0.0021679226209112726
763.4,0.017446646744904912,0.003919126647202833,0.017594640812473524,0.004267857645761243,0.01570105935561499,0.002104914561913327,0.01629193577283304,0.002214162857941547
764.95,0.018117814931750468,0.004075190328134265,0.01831105759262775,0.0044112089109331586,0.016922302783346107,0.0021342563333142063,0.01761998037747927,0.002231998166586635
766.5,0.017908916432158,0.004194526175170558,0.018040168689232906,0.004582211838426415,0.01712629834228101,0.0022642839195798426,0.017839422221036072,0.002374126598869365
768.05,0.019637588896179923,0.004307140546979545,0.019942604303059604,0.004741958681601148,0.017889996584422127,0.0020729713002673933,0.01867047631420046,0.002147928868805212
769.6,0.02117952105314837,0.0038217879412645174,0.0216398572071832,0.004160821234787088,0.019271005520929526,0.002182566175825618,0.020172670863671027,0.0022752381379403225
771.15,0.022690309643254802,0.0039012253083727084,0.02330269691399626,0.0042274212356976605,0.020340149310122027,0.0022652422673100597,0.02133605650180239,0.002381841242671701
772.7,0.02403799137622934,0.004363780518105932,0.02478073192059841,0.004770889213925533,0.020817979865535446,0.0021821322901765215,0.021856775278929978,0.0023017676465416147
774.25,0.022585465222179583,0.004596925818037629,0.02311516345799334,0.005014761624637106,0.022967118706855146,0.002335125619909563,0.02419384628773253,0.0024392505067874336
775.8,0.023245941018717617,0.0045174227183544385,0.023824173749580888,0.0049382608603669815,0.023172862223401175,0.0023274480700838777,0.024417977086499225,0.002437995306587139
777.35,0.0233144548933648,0.004675672962656678,0.02386957586004588,0.005153104663835594,0.0237744036141195,0.0023568858809478316,0.0250739667323079,0.0024820168077979653
778.9,0.021893338041680765,0.005288497443141715,0.022242313861507105,0.005892136160835099,0.025413462325641453,0.002473744687868157,0.026858552866334307,0.002587863040070353
780.45,0.022931260943710056,0.004819423914862745,0.023368481376498367,0.005345769818610665,0.025558648095569906,0.0027499629773853314,0.02701719773363891,0.002885017242884515
782.0,0.021354714542777434,0.0047767694032142686,0.02156691773880611,0.005278875981781766,0.024722891636206414,0.0025164420654193824,0.02610976664491662,0.0026313752018015026
783.55,0.01851101291244313,0.004695727441477722,0.018342717350339807,0.005191447268104805,0.023260607692900327,0.0024337311371204567,0.024521425482548386,0.0025529746934582183
785.1,0.015725363500414317,0.004542022339748149,0.015184926283064842,0.0050367521137333286,0.021644226611686693,0.002592182889907377,0.022765069750851446,0.002740153637277916
786.65,0.015611293311956584,0.004474744523589185,0.015021665487761267,0.004906461143892345,0.02120877476500551,0.002731418628319889,0.022293695492682376,0.002883399572759464
788.2,0.014780136078764822,0.003936151770488806,0.01405234659704692,0.004273426809838142,0.01973104157789032,0.0025436565898524967,0.020689294464823718,0.0026863565171889436
789.75,0.013683431839279057,0.0037714556447998576,0.01278684588347293,0.004070428417881752,0.016901488757464965,0.0022850701770967766,0.01761441674681457,0.0024206407603568573
791.3,0.012533951111800612,0.004283773304949562,0.011463930344559099,0.004641403681646491,0.01340634104541927,0.002256078463746784,0.013815095908810087,0.0024183303431604547
792.85,0.01162341024711286,0.004424426611398475,0.010407051480360398,0.0048232954879471,0.011922765545357957,0.0020727197216128595,0.012203937121240375,0.0021984255956544107
794.4,0.011317220727150936,0.004082723959644184,0.010032396156085333,0.004480966579845449,0.008302447404495112,0.0017221346962857365,0.008270597055000507,0.0018152512430998518
795.95,0.010935907053294024,0.0038839562090927982,0.009573454048662076,0.004248009088977908,0.006944369130276122,0.001803872867646325,0.0067963609552685236,0.0018944019565631867
797.5,0.009165685316732591,0.004404426950289057,0.007581219218865943,0.00475431871631878,0.007306864529609701,0.0020934664319822143,0.00719240291902,0.0022043664668444265
799.05,0.0034917845297750168,0.0037768520013646894,0.0021612393986558892,0.0032885979636605106,0.0055407019978665475,0.0019082817163130277,0.005274303260948869,0.0020337307971795555
800.6,0.0062556024573448285,0.00400595919039168,0.004418065641099647,0.003985198004364012,0.006903617245707519,0.0020168493386913526,0.006758459173112032,0.0021121857349612506
802.15,0.0068459023212624455,0.003615923146895625,0.004997361363426399,0.0035221005432889774,0.0055264256559754395,0.001996015486983421,0.005265211055405201,0.0020819249542235884
803.7,0.00576759386128864,0.0037650081766162262,0.003925337004374184,0.0035658338489289354,0.002698940771267831,0.00176644430622309,0.002243581541824022,0.0017751552044694811
805.25,0.008171117034104624,0.004900072727822605,0.006478961160384124,0.004942916971541579,0.0013138238640555576,0.0015049389217143044,0.0009620413742457098,0.0013718394922161527
806.8,0.007751208004749496,0.004434022267986595,0.005951807828435451,0.004498361311299766,0.000869791920382167,0.0010516664395251976,0.000519303752618769,0.0008558453048922051
808.35,0.008474531590141013,0.004567423983860416,0.006659154990625553,0.004774786120338194,0.00047226269282584746,0.0008155836749638747,0.0002341665573821104,0.0005921495976676567
809.9,0.009295375543425112,0.004930581547276264,0.007510693258656037,0.005229448793918796,0.00035441674301683266,0.0008306274045222882,0.00018381021837219998,0.000671830300704729
811.45,0.00861879841760793,0.004984238268221521,0.006800943867774732,0.005157246998611149,0.00041187624690570745,0.0008226381366077636,0.00023086957432385548,0.0006120728516313308
813.0,0.005629146270646462,0.004121115067239887,0.0037121936181551255,0.003963064616766625,0.0001969876061409958,0.0005178650876328784,8.253521629589669e-05,0.0003187871221882142
814.55,0.004982015908835125,0.003829182966150226,0.003014362543283146,0.0035438247849791885,0.00033215660847168033,0.0007697935980465488,0.0001745709267374193,0.0005776840442463748
816.1,0.006599120677455518,0.004311202506169385,0.004565565648240266,0.0042300015450930815,0.00032548191329418553,0.0007506869745367468,0.0001648572004577709,0.0005509851580733853
817.65,0.009789038623079728,0.0052305774485270845,0.00790404330355815,0.005541986590530664,0.00015594990443629586,0.0005080945938052263,8.125958172030203e-05,0.0003420475273379491
819.2,0.011092771065179707,0.004668478740487104,0.009261447090139078,0.005131741920184021,0.00024795624860922687,0.0007284507230357692,0.0001438567706164835,0.0005803306149580491
820.75,0.01393481873825004,0.004406042833845417,0.01242318547232383,0.004854132515534129,0.0008682114686616127,0.0011896793803240716,0.000519016771820957,0.0010340240316187102
822.3,0.013125351487415716,0.004517513529710025,0.011488962843074097,0.004983948832774154,0.0015884447629988577,0.0014855789019307482,0.0010906765364753319,0.0014375634952867573
823.85,0.008188040754092529,0.0041139790149837705,0.006053069849988768,0.004326457862015697,0.001276707897922736,0.0015281028286321511,0.0008689947871695854,0.001413345889661438
825.4,0.009623616239182547,0.004714932078235029,0.007589690171311848,0.005130201648157339,0.001622323226687146,0.0015354048005287648,0.0011514664022645863,0.0014172067661894882
826.95,0.011870419595904897,0.004337989817660214,0.009991933972758514,0.0048282745058693954,0.0016161115131492687,0.0014767909689536527,0.0010828926658134161,0.0014278417704881993
828.5,0.012738494913756613,0.004539304877220907,0.010937386121105962,0.0050171469066331185,0.001848282922305119,0.0014491159295647003,0.0012999170392354131,0.001420244238307176
830.05,0.01304956160788382,0.004773512803484071,0.011256501883819332,0.00528404962134253,0.0023775232184161817,0.001637198796513069,0.0018304691436684362,0.0016450977507748356
831.6,0.01705119907475404,0.004943686906221512,0.01571687446031216,0.00551058865999972,0.003279983701881337,0.0018234390080495125,0.0027526387003529128,0.0019346478838899958
833.15,0.014393699148244964,0.004088972273645114,0.012711287711640406,0.004631094723530848,0.0028605428365798867,0.0015285579397378618,0.002280855777553668,0.0015844135548676434
834.7,0.01616059020965973,0.004039267227086736,0.014664349937680711,0.004669934392317467,0.0032835216027283674,0.0015861986555014025,0.002722467662132908,0.0016529065725194331
836.25,0.02031973260087635,0.004578446857696516,0.019301152949071903,0.005317556705806424,0.004105839615372284,0.001708428321853033,0.0036056780195608483,0.0018091408905723052
837.8,0.021222376922169984,0.0048089586584477775,0.020294362212532356,0.005535639033673587,0.0037265537203199617,0.0017702102880256536,0.0032059551366970655,0.001836825411465391
839.35,0.016698592462055926,0.00422919898645023,0.015189105659750946,0.0047870729461741545,0.004850020669188968,0.0016366153818007474,0.004377738863125954,0.0017456888948134367
840.9,0.01852858930693434,0.0042149867042519905,0.017214808141389627,0.004725041890646527,0.005833093789274225,0.0014600902388849557,0.005430906809156628,0.0015781812582093663
842.45,0.02090056845612103,0.004446706118947647,0.019850443367132046,0.005007359649967809,0.006408857437033955,0.001475900633524178,0.006042698825068887,0.0016148377565753456
844.0,0.018790489423005742,0.004620010540841292,0.017458380934659182,0.0052513897808744055,0.006386424274175704,0.0018261893204561748,0.006008229553380098,0.001948333406776994
845.55,0.018958577421260617,0.004623943015612098,0.017621350159539452,0.005269384000840086,0.009087252743080027,0.0018029372988524533,0.008924559919448053,0.0019754639931212495
847.1,0.01881068013423164,0.00453244570973027,0.017436827169340145,0.00513191239211002,0.010183791200527741,0.0018519835482705936,0.010102202227582933,0.002035129584566572
848.65,0.019617500689715964,0.004654175565575562,0.018318339051690596,0.005286200150997753,0.010163690962342098,0.001887079923908963,0.010064925676447168,0.002100994824343501
850.2,0.021736132966737064,0.004963480258909125,0.020663604453182906,0.005709395556853233,0.009282266714018597,0.001990760029590771,0.009089186157145025,0.002227078973427407
851.75,0.024111254691878484,0.005048792288997408,0.023301001243936355,0.005780870786697634,0.008007899968234825,0.001793051063383909,0.007685135207519313,0.0019654937633178065
853.3,0.020720431922579722,0.004796218729659048,0.01948040492627814,0.0054504058637663355,0.00687819216130088,0.0017163566179121124,0.006439454896601431,0.0018496741426552315
854.85,0.01764653507119839,0.004730598877300279,0.01600873037975874,0.005385308885208787,0.007296162331862214,0.0016926432386425538,0.006876581725718319,0.0018126387025324824
856.4,0.016426348999922662,0.004843419680259257,0.014611824300540971,0.0055452362488250286,0.008717015508991942,0.0018926183860996663,0.008404960757697158,0.0020654271779487906
857.95,0.017424986460343166,0.004981087557329952,0.015712120137572668,0.005612302522933338,0.009467532805556851,0.0018830198228838258,0.009201978090090396,0.0020083726471447775
859.5,0.01715825978153689,0.004319352681611654,0.015389837584499133,0.004962646451371643,0.009450765535022521,0.0016627070950167749,0.009165325122076422,0.0017901605741290573
861.05,0.01640260330075256,0.004348073522713957,0.014517738965036988,0.0049370484539792685,0.007889965830941467,0.001740170000139879,0.0074476791195617195,0.001810053155605938
862.6,0.017035093638118236,0.004845732867626623,0.01520438757155495,0.005437123932417386,0.006752287930351867,0.001937272599814148,0.006190907364347132,0.0019527975690286049
864.15,0.02006405939278557,0.005085370515577994,0.01858522657878661,0.005766906867934602,0.007198314360454496,0.001857870209795706,0.006656696055798761,0.0018252260502534463
865.7,0.015045751763964006,0.004197131783331131,0.012939118640859414,0.004613454384890887,0.007936613066430656,0.0019521664498100971,0.0074395443447883335,0.001961980789282072
867.25,0.011384289396439904,0.004329641183911923,0.008844310576121648,0.0045903702064894695,0.007546546033518889,0.0019328651318904588,0.006994131966547542,0.0019000362200600703
868.8,0.010100568482623837,0.00422271115299076,0.007445160991161428,0.004347122745513307,0.006744707436778938,0.0019661046845697344,0.006101187629281769,0.0019519494551201114
870.35,0.010618106179278582,0.004611064347475276,0.008018188465786353,0.00485453906076695,0.006020988095087866,0.00202571068392159,0.005294426876647302,0.002046514670287061
871.9,0.009071890846912185,0.004712743673510325,0.006292384025697124,0.004903370570301432,0.0050746158210230805,0.0018768214108759252,0.004245945317028671,0.0018644145018462985
873.45,0.010728349129416045,0.003908269768255048,0.008007608101481123,0.004141593221969483,0.0049976616706707425,0.0017883357368169946,0.004148489064612781,0.0017349440789812722
875.0,0.012417092093593913,0.004164752769369221,0.009864933924663657,0.004443003157145701,0.005216392490126169,0.0017550688409945399,0.004355782650841864,0.0017319290068915066
876.55,0.01370540804491015,0.004882128232908218,0.01129315274169481,0.005257435283368002,0.005267897630492192,0.001817021269704999,0.004395136913985029,0.0018276531192400179
878.1,0.01474811004217788,0.005118019727042094,0.012435000603809965,0.005642004012214925,0.00479625837438448,0.0018089167278893068,0.003855544668750412,0.0018565511209537252
879.65,0.006130761604827777,0.003992460530878414,0.0032131570763172844,0.0034399277907493867,0.002977659602448366,0.0017338040724629413,0.0019551125487460405,0.0016223865278199069
881.2,0.00498179758785779,0.003873093045342238,0.00215916631229848,0.0031274518880767066,0.003134754802685335,0.001710791313412384,0.0020877754702759983,0.0016782915238358048
882.75,0.0058892400848978834,0.004192017881963321,0.002985440106695488,0.003624632881074944,0.0032076507551420013,0.0015207682273189731,0.0020909411388555037,0.0015568605549448646
884.3,0.005545627216997005,0.004542430565488036,0.002985374944978372,0.0037180855785966917,0.002190900447588739,0.001480513128794546,0.0011348229367216377,0.001288800822389918
885.85,0.007037040285727283,0.004959964019966766,0.004191479307537123,0.004596148486803153,0.0033653331916240425,0.0017906112559245193,0.002250248034678265,0.0017948354553191078
887.4,0.008579847942865404,0.00431909347718652,0.005450060756402475,0.004277855342680067,0.003640885262520224,0.0015899346780888807,0.002486778696495126,0.0016487608795601953
888.95,0.007725117708857111,0.004305491641203701,0.004546581618066137,0.004085149582966354,0.0037100834189892056,0.0015781611072403247,0.0025406360359749762,0.0015748381106629014
890.5,0.0061412369211232935,0.004557352014907783,0.003225765007321133,0.003922216309201624,0.0037352538783933164,0.0018030448399965746,0.0025347188272603145,0.0017904761983671149
892.05,0.008465790849674991,0.0048749121266710715,0.005446580628138773,0.004662774959825447,0.0032491170347411003,0.0016709742572039515,0.002012988961152514,0.0015670351507802278
893.6,0.010013625054963225,0.004698457304821751,0.006964843943483836,0.0046790298226967566,0.002292388083414093,0.0016159185249089352,0.0011109929495780498,0.0013237027557286458
895.15,0.011742029068591226,0.0048533379155564155,0.008879425170576799,0.004931944366439162,0.0017718993167513694,0.0014538850708613834,0.0006812942611251717,0.0010347042552747547
896.7,0.011751905517573845,0.004950850382260488,0.00885327727049302,0.005123178071844541,0.0016909048221432146,0.0014439350974477573,0.0006129056205574306,0.0009628537152301134
898.25,0.008838886221349889,0.0045627637256197085,0.005796982747840642,0.004179068527809428,0.001827136225083344,0.0018896944985637993,0.0007734073172492957,0.0013704325088140967
899.8,0.007881946458929614,0.004829424488187906,0.004813647452814422,0.0042541140115453235,0.0023653839760826812,0.0018647856059720155,0.0011242721914581704,0.0013656832317377274
901.35,0.006646092916424846,0.004606929339551065,0.0035684138663668245,0.0038657636599978016,0.002559254889813517,0.0018130092219343446,0.001227166024125531,0.001278169582551338
902.9,0.00677934273839985,0.004452280483686565,0.0035884512638552214,0.0037969174062328437,0.002878056343195734,0.0019279221056702944,0.0014856780493289784,0.0014615677954039202
904.45,0.0068425968773925365,0.004494310199272844,0.00368883056853382,0.0038146521535363785,0.0031576321721473997,0.0020628113776400996,0.0017393997228462785,0.0016190617428081112
906.0,0.002517761394178405,0.003730969934685911,0.0007441341875940906,0.002334328781472295,0.0025398913516903954,0.0022001018486471234,0.001242245099807266,0.0015870030670572467
907.55,0.0044433779143643075,0.004277857895001506,0.0017923053152592414,0.0032440890983094447,0.003387479384916578,0.002175358768251446,0.001950824640238463,0.001735225279370742
909.1,0.007989559337073142,0.004982188763443086,0.00469822250629979,0.004835844412182636,0.002466549890217369,0.0022255929303645738,0.0010940243444893367,0.0016495726280380519
910.65,0.009391610185121961,0.005112789121931601,0.006160778449592414,0.00508993703859815,0.0016867697085113087,0.002363959582667553,0.0007329156051325322,0.0016414041752882225
912.2,0.007418278975123519,0.005049281659719539,0.0044080163900428555,0.004625860643898084,0.002154801043023077,0.002583338639589051,0.0010228250644674778,0.0019850194402205104
913.75,0.014730246152781052,0.004755376694395136,0.011979603685015012,0.0050939997595805826,0.0028509338571575966,0.0030070518564084326,0.0015268246564472863,0.002538505975594062
915.3,0.013678859161799546,0.004694890094257527,0.010810580816233201,0.004775611091723036,0.0047650672060735085,0.003512646213614704,0.0032890415565400783,0.003235790303112901
916.85,0.013164178122031885,0.004825298902812456,0.010225670333638179,0.004850106360370065,0.0057310824138678,0.003900145777832266,0.004258778824033688,0.0037149786086744033
918.4,0.015159231979542855,0.004955591897023596,0.012416148318659621,0.005216366892863371,0.006116583869694972,0.004357036556131081,0.004659415315039194,0.0042101309066277
919.95,0.017416704515764225,0.005036769837480218,0.014929849287587817,0.005524045021974982,0.00866394653313994,0.004998959812636197,0.00735784230046533,0.004941053686320962
921.5,0.01693682017350785,0.004557690368735043,0.014372542015787616,0.005051860698554291,0.009065687900790124,0.005666098257450222,0.007766684846940496,0.0056786082039297515
923.05,0.01778857898819126,0.004535372370349269,0.01531047735105154,0.004964562120071242,0.009811137890271146,0.006083012452844914,0.00855069460757104,0.006150613930433149
924.6,0.01908494513505019,0.005032653415518169,0.016748296357473113,0.005500490540602408,0.011543564328876479,0.006427401918376618,0.010407620543459459,0.006543263682203871
926.15,0.019542610687305874,0.005228152654270367,0.017247292213118954,0.005802284994061748,0.014019494797170861,0.006868067434918037,0.013073517522452576,0.007019373470343296
927.7,0.01651624416611309,0.005380222393383137,0.013847691197201006,0.005951908920559815,0.015014160216132983,0.007195533888302848,0.014129481420203583,0.007367888489515669
929.25,0.018438330362657775,0.004707105671292888,0.015990704525620677,0.005170907676963422,0.015101307286938138,0.007654329188191932,0.014199286896331553,0.00786128594357445
930.8,0.018457072381223974,0.004481971826326187,0.01599692908104124,0.00493503061323013,0.015305868435232739,0.007726408305210362,0.014397123502213607,0.007931376335270414
932.35,0.01744733251715111,0.0047709476837531845,0.014852262621844126,0.005296989671843707,0.015356304552416575,0.007611652046034648,0.014428356100840313,0.007806287835061704
933.9,0.019432626739013307,0.005540982578751621,0.01707458310266879,0.006139667369192614,0.014353061501861487,0.007614177296952951,0.013314608983558782,0.007838294277191685
935.45,0.016641972250414826,0.004952649364407249,0.013926587936166308,0.005424883362643337,0.013476965774595449,0.007282700271489424,0.012338803159427774,0.007486466876071156
937.0,0.01638735447209223,0.005131455293455817,0.01364181340443996,0.005631545371867557,0.013668205001562399,0.006767058363231178,0.012525768924860117,0.006916705577336596
938.55,0.014922679634285565,0.005590116634952673,0.011998005905305649,0.00611115578268213,0.013425436690146189,0.006169756905002152,0.012240929935132176,0.006258042873029207
940.1,0.013761927719081888,0.006022348758320391,0.01073238482759767,0.006476298326524224,0.01202638323774658,0.005725415757607734,0.010699811980013255,0.0057863106389222565
941.65,0.022826382775728637,0.006791286294218187,0.020853515089838712,0.0076305104144496205,0.010517342938030765,0.005503573906079707,0.009040157695707712,0.005582307503872795
943.2,0.019958133905033502,0.0057455593793380695,0.017631132065515566,0.006353415296286986,0.008819536176637426,0.005029303956073214,0.007176486834624161,0.005082888683829312
944.75,0.01441639486546776,0.005683292025192292,0.011452304717022079,0.006190591873704782,0.008310541669658656,0.004629936925858933,0.006606067869231009,0.0046817151653727644
946.3,0.014636912866561696,0.005727805030382109,0.011689028526059518,0.006296195431176318,0.008024368133290294,0.004360147803430266,0.006279833222097938,0.0044136475510693565
947.85,0.022686048014847568,0.006292451808894069,0.020696860002959946,0.007014015008392955,0.007127806553844303,0.004151900596707796,0.00528622096032152,0.00418069440374712
949.4,0.02107604096460907,0.006171845383621904,0.018897605299608145,0.006835843913461414,0.007988153941855335,0.0036341933888008873,0.006206831077004437,0.003671881542045922
950.95,0.021112789095233887,0.0055776345803947355,0.01894589467288515,0.0062266971199119656,0.007499916506015285,0.0030978664166183894,0.005661560663062463,0.0031160348890787513
952.5,0.020492272878524696,0.005497850435224801,0.018258743265609695,0.006156786300841196,0.0065638800871893775,0.0028274559292536536,0.004630437074717946,0.002840566069919882
954.05,0.02027118981488036,0.005514782889650555,0.018018955900804108,0.006183427371820741,0.006248703174487141,0.0027590155309855533,0.004274976578451497,0.0028133046177158056
955.6,0.023401149954738062,0.005627819844211652,0.021532569709126207,0.0064711041898676165,0.0072547755719277116,0.0027462532134296465,0.005360521600733911,0.002851933810901183
957.15,0.02130557096661021,0.005146988429602651,0.0192031215308926,0.0058122378947399,0.008138335380726374,0.002853832919723115,0.006309935437627466,0.0030210979013826134
958.7,0.021823378892058907,0.004560426522724428,0.01979945089699568,0.005200243961906624,0.008907684946227588,0.0027373964500745068,0.0071367624855274495,0.0029234113301684936
960.25,0.02276821082012207,0.004708017455928202,0.020874838879135008,0.005391598801253367,0.009742225077196194,0.002583975520215051,0.008035490226754472,0.002798232100253389
961.8,0.02368301567828335,0.0054295213669618885,0.021919885333213165,0.0061381282022079965,0.010473515766679119,0.0025817682387144682,0.008823516473533249,0.0028451990817270727
963.35,0.02763118588265894,0.005623047329009464,0.026370235565398737,0.0063341742376487875,0.010619348801526622,0.0028472731757625664,0.008978160258416308,0.003158715021109656
964.9,0.022763567295792562,0.005139374984386932,0.020929570180373412,0.005724793666025798,0.010096568464068457,0.0026138396392558307,0.008404256241196069,0.002862568569659207
966.45,0.021966999861583805,0.0048825391857270535,0.020061732191350847,0.005427828175551635,0.011180352868392801,0.0027406026480549695,0.009579706517396824,0.00307537316524313
968.0,0.024745558858342922,0.004836601289812541,0.023206117016823832,0.005459588276905152,0.01213327747946885,0.003019229258445134,0.010613455526133526,0.0034245944509211272
969.55,0.027840064090169068,0.0055055308323792886,0.02670465961654844,0.0062684538249763114,0.011565977239389893,0.002741854017069908,0.009995125757579652,0.0030842270099895497
971.1,0.02389594245466411,0.005593754839061008,0.02231307311114661,0.006305240111855706,0.012798273482870272,0.0030131327937734844,0.011335571615800757,0.003421772860867075
972.65,0.026250021342472927,0.004849598764628592,0.02498538037630777,0.005484929478224012,0.014221245975038783,0.003115142472291222,0.012884989885491478,0.0035086537060588403
974.2,0.028553529246511233,0.004834918924943763,0.027599472515448108,0.005470033197807676,0.014829715597446802,0.003012516401606074,0.01354956772104773,0.0034117099674330713
975.75,0.028795402264493238,0.004883566699493296,0.027902837302015523,0.0055259910320971505,0.015314340324904623,0.0030611204860051004,0.014080077468084349,0.0034848080984839413
977.3,0.027250418110348375,0.005369262692442448,0.026206788299951902,0.006117356014690077,0.016577069160065336,0.003455454782408158,0.015457621321934838,0.0039039085051606865
978.85,0.03308245125397392,0.004592904448356125,0.032789326201637825,0.005266376483271484,0.017446986449891934,0.003413993395340975,0.016409864245252336,0.0038706996565608474
980.4,0.033948663111721296,0.004794113028092722,0.03379990894401377,0.005388367303764372,0.018411101273761978,0.003500312901488124,0.017465744132433826,0.003953937985738262
981.95,0.03499451834282139,0.004621189141115746,0.035017986811096774,0.005163500664808534,0.01930691715405737,0.003666720665183029,0.018449891559791123,0.004113029984410441
983.5,0.03637644669203749,0.004178587678904217,0.03661907882750914,0.004700622052653556,0.02032661016650344,0.003983984512378609,0.019569675466974017,0.0044401915198302375
985.05,0.03596063026578583,0.005379240090339723,0.03620165994296676,0.006019902993740517,0.02220487432093562,0.00395221420081516,0.021624401515514317,0.0044372274886681435
986.6,0.041715950210352855,0.005594313392692284,0.04270407600577373,0.00627179681221533,0.02672860254691243,0.004194938722160303,0.026558642286486932,0.004708627446665522
988.15,0.04970124899615816,0.005267160121428184,0.0517155684130497,0.005891149126829346,0.027618524864172166,0.004392216443599835,0.02754027954963083,0.004906237343320683
989.7,0.05640221895043118,0.005106953825858096,0.059287768510287525,0.0056880327517284685,0.030423222498781394,0.004565334695642945,0.030606464128205047,0.005110332721243724
991.25,0.06162973177556005,0.005154417999972016,0.0652056578327943,0.00570272040893237,0.03614668809966782,0.0047552585701594536,0.03684987434805635,0.005357793624742641
992.8,0.06911076206296769,0.006115932781433546,0.07365076490013817,0.006732183697314363,0.03978992963538026,0.005184574178845115,0.04083072327577221,0.005794381906671605
994.35,0.06674649319146346,0.005674547820597862,0.07105988932208927,0.006261941818711628,0.04259131510100382,0.0050301417625826985,0.043896590780528995,0.005628812406254704
995.9,0.06329348883377366,0.005355298728485902,0.06724723067007445,0.005913910904567564,0.04309096094921313,0.005023530531186901,0.044460715596606276,0.005611295846317572
997.45,0.06311706289288148,0.005596840205331986,0.06710649752099802,0.006144651671960708,0.0437307006583385,0.004983327121141552,0.045179203827870336,0.00555438686431584
999.0,0.06481041578232881,0.006018780058673032,0.0690620115657715,0.00655124859682209,0.04502184009111358,0.004663247261108328,0.04660754142555757,0.005182947347576783
1000.55,0.05579745989259935,0.006137260524472982,0.05902116102914598,0.006812953739470983,0.04490236547001846,0.004714088730518876,0.046503472227242416,0.005223867342295333
1002.1,0.05235292853143995,0.005213617270923206,0.055223359366980675,0.005786400024001252,0.044209974982709524,0.004326943423941351,0.04577731729332496,0.004792002439495394
1003.65,0.04889600084737269,0.005538947885198285,0.05141039504988349,0.006136704654560197,0.04368825107716647,0.004195214943280927,0.045237212447321096,0.0046267856259616874
1005.2,0.04553817567621671,0.00603607614499968,0.0477057325425016,0.006681311880170168,0.04251780412896705,0.004200324185389243,0.0439934137909147,0.004600119824544894
1006.75,0.042614474399141795,0.005934920102327852,0.044486699561054464,0.00655525413040039,0.04106881499805939,0.00414958964394946,0.0424494739847823,0.004526666859225593
1008.3,0.03944100610847161,0.006098893860156702,0.04099865879721177,0.006778725412372554,0.041360601227546,0.00432063206316059,0.042797680599426444,0.004718580372233268
1009.85,0.03834709207830475,0.005053494836156729,0.039837500224063474,0.005623783654203097,0.04097192921605419,0.0042814368327963055,0.04240808975722186,0.004647987394363441
1011.4,0.034923700141429974,0.004983276026514422,0.03606656789954934,0.005543762574557145,0.04072882595723227,0.004208632361241804,0.04217694001381017,0.004567213804601323
1012.95,0.03557687721037954,0.005103612141389523,0.03686768631840448,0.00563422192844462,0.04022524664485328,0.004241755841360521,0.04166308792341348,0.0046058254643674724
1014.5,0.04113115376944918,0.005429405821444031,0.04316160472109347,0.00593003584945166,0.038885114729424596,0.004317826398798891,0.040240535047264485,0.004680278425282444
1016.05,0.03248797221881416,0.005866919619635274,0.033535548034564,0.006461962148193991,0.03499788418770451,0.0039860580105031355,0.03605005324788124,0.0043194329695623625
1017.6,0.028130996852754463,0.005153857632294764,0.02871715482300492,0.0056571106680652185,0.03164596179932007,0.003611016542609249,0.032442400925807274,0.003908798786528036
1019.15,0.024695955304244024,0.004665656888919554,0.02493772229448454,0.005113061971494877,0.02814050390886083,0.0031690571385617856,0.028667410391813468,0.0034128506583938336
1020.7,0.021141722094237845,0.004628455073835709,0.021023760906370703,0.005070431767657832,0.024481029740256725,0.002869497156114623,0.02472590060841759,0.0030759948635293148
1022.25,0.017609753458148202,0.004944456670089961,0.017128963718617492,0.005413798639219147,0.02097419423720183,0.0028714195534264185,0.020952270914543377,0.003077787152864673
1023.8,0.01690584121119326,0.004309620793772234,0.0164081943516249,0.004718402803186657,0.018492128268905155,0.0023597130347280696,0.018293201995711886,0.0024923238663536475
1025.35,0.015582911070505016,0.0038651135557746102,0.014994193797671801,0.004239655408883461,0.017270463386663267,0.0021171802438304664,0.017004593836414107,0.0022427044399145513
1026.9,0.014014820198361855,0.003890567894869025,0.013303428063171781,0.004258930927854782,0.015300944023308389,0.0022746200349856006,0.014903122369091287,0.0023912221827447817
1028.45,0.012023034276814353,0.003831834072278202,0.011134744408738241,0.004194311077151926,0.013186597204357792,0.0023788556987927403,0.012644230410628144,0.002472853504107588
1030.0,0.00928067203112396,0.0039225917258892224,0.008160734340871842,0.004280787380658756,0.011598882818878173,0.0024199137621395196,0.01095798526035202,0.0025104108733085546
1031.55,0.005303590558275092,0.003543039491765423,0.004046866997107437,0.003552035401938174,0.008756005798126834,0.0028574663642385984,0.007906835371994617,0.0029858761429777483
1033.1,0.005773103716467451,0.0029093800674134126,0.004429617169714944,0.003012859562627927,0.00742295014235067,0.0030265650715190534,0.006495892078088502,0.0031482455867273477
1034.65,0.005604657396310649,0.0029290260529865443,0.004333044998018089,0.0029522806486802903,0.005594750830711952,0.0032516124963889548,0.004546900484925568,0.003378400487539476
1036.2,0.003666905276802216,0.0028778437011359424,0.0024718009277657784,0.002694216990059145,0.0037062600266273833,0.0035122166062025216,0.002602835435955059,0.0035897177475867326
1037.75,0.0013354432494411322,0.002051711658533627,0.0007617762305122314,0.0014883874701767021,0.0024728203232079657,0.0035794157875783873,0.0014918946744300627,0.0035724306992511146
1039.3,0.000941161245861131,0.001671918270484005,0.0004358205390159729,0.0012615553025907874,0.001362626253366506,0.0035064230232286575,0.0007115080826399707,0.0034637018689304085
1040.85,3.859007045312905e-05,0.0002416792326403184,3.192367794840224e-06,3.1923677948402263e-05,0.0006950653677306033,0.0034596454980224396,0.000411616294232083,0.003443158857116699
1042.4,7.177088463393505e-05,0.00030227335806220357,9.595980741729526e-07,9.595980741729558e-06,0.00037667776976254294,0.0032434976794655217,0.0003289812632302162,0.0032357010376260673
1043.95,0.0007751278484216879,0.0015201889094845677,0.00040816706219136515,0.0010540669357887327,0.0003203630038961724,0.0030464965148503153,0.0003029569596700305,0.003029569596700305
1045.5,0.0009082600523847707,0.0017942988653059696,0.0005123113119317076,0.0013929775488485333,0.0004230872152824672,0.0027825586636478754,0.00029325861561920906,0.002734682598188589
1047.05,0.0011596487874968187,0.0022278187637559785,0.0007374111376808941,0.0019360504693247038,0.0005091886799681024,0.002747247354365974,0.0003376809125914277,0.002677342383416152
1048.6,0.0012730972100986062,0.0022266945313493282,0.0008460027719564917,0.0019632087312220657,0.0004518469974106787,0.0024542443723857593,0.00031078630562467283,0.0023535657533938666
1050.15,0.0008989813760939999,0.0017434731684985976,0.0005347266516394119,0.0014379960307182146,0.0011381955789467838,0.0023983266704781206,0.0006380294908686461,0.0022378582689816756
1051.7,0.0002759529176957718,0.0008125645821870854,0.00013166348807821485,0.0005057223492681092,0.0021020359895367194,0.0022144259669757355,0.0013833276920650138,0.0020809118747706994
1053.25,0.00014874913338998427,0.0007177985087715273,8.539503791883075e-05,0.0005367776071919101,0.0018264842450268748,0.001773613252592215,0.0011572149824844865,0.0015780814708021653
1054.8,0.001989384546426918,0.002437604572268676,0.001431639371342778,0.00226894675522791,0.003335208583709577,0.002028445588144657,0.0025891200308437064,0.0020351961841220253
1056.35,0.0014960102344118934,0.0021920496184751723,0.0010572230328842174,0.0019200954990251464,0.004295660091877256,0.0019518053915728829,0.003636512119048937,0.0019849299027019456
1057.9,0.0011385414183803443,0.0016855047425388446,0.0006703635012776928,0.0013896282388986287,0.005240801392064254,0.001957017225421151,0.004654758791683859,0.002092462041355115
1059.45,0.0022035330799754834,0.0023311605314040207,0.001591701966085622,0.0021805382555073628,0.00613745544152856,0.0021705120120021726,0.005653489119222626,0.002339074654708011
1061.0,0.004884481837753306,0.0036598516328468066,0.004364763194483012,0.003832230026371258,0.0071262422733322514,0.002529972414028461,0.006752049009859001,0.0027256446282114748
1062.55,0.0038236548716280854,0.003412926976871334,0.0033550732500100796,0.0034373323175199704,0.009042912988257962,0.00272296349803567,0.00885876473543832,0.002947010661063465
1064.1,0.0037518771142924408,0.003152840944504991,0.003256544096695659,0.0031889843812063444,0.011585788569910875,0.0028902410034889587,0.011644300210748817,0.0031293221389672153
1065.65,0.010129625321128368,0.004261007742607026,0.010166352793057215,0.0046967539500319105,0.014095757945370914,0.0033208165797090072,0.014393538164618027,0.0036159661819753154
1067.2,0.01233990780029926,0.004486534941751825,0.012662253129126,0.004959474162737113,0.014603826916842786,0.003350242360362534,0.014964623831239303,0.003654516812500907
1068.75,0.00901197974979149,0.0038815819052459306,0.008959728172281727,0.0043356396464534356,0.014669894013725515,0.003391805526241184,0.015054079149601475,0.003697865655994885
1070.3,0.0073709740293085345,0.00411522169487321,0.007188336231821703,0.004513951944028759,0.014293838559593305,0.0034695807217158896,0.014661419597281369,0.003789487432648967
1071.85,0.008124320205665973,0.004038746503455662,0.008017156755594905,0.0044290191202840164,0.014704094624843256,0.0034581169076105716,0.015128324426350506,0.0037481351724385297
1073.4,0.011852212272877923,0.00401629762581723,0.012178963401737138,0.004434336935560956,0.01569797411544396,0.0036984489587671442,0.016224362965616204,0.003991579863018427
1074.95,0.012855992499930169,0.004383509740924633,0.01331494126371999,0.004844049470011898,0.015116410007804542,0.003619738990332165,0.01560818782435282,0.0038968113194362193
1076.5,0.01156173976924772,0.005353959584405648,0.011909453062314784,0.005864910169117043,0.016553314385813363,0.0037392195182196705,0.017170001138989387,0.004070549026524799
1078.05,0.015986034792395732,0.006912639248208966,0.01685819861252555,0.007648845546959426,0.01599279685915457,0.0034830401570403757,0.016569772567120965,0.0037905657871437665
1079.6,0.012633075329838062,0.00498845424582672,0.013096968238388828,0.005489765147564782,0.01619756088049422,0.0036447801209136895,0.016800997787869032,0.003958837742580647
1081.15,0.015630412702970158,0.005094703127037333,0.01644606105543169,0.005605073845879913,0.01198460285644666,0.00286385199041329,0.012243070864851999,0.0030547874578447207
1082.7,0.018869980562267043,0.005480035576871787,0.02008096044207377,0.006019866570098495,0.011283664183907091,0.0027096800075047376,0.011486701219010085,0.002890678254167703
1084.25,0.020143130795143717,0.005743870925564763,0.021511436201281722,0.00631565643633435,0.011185191702156655,0.0028841884602855547,0.01138330296766115,0.0030774060483614693
1085.8,0.01876331603050752,0.006224743984819075,0.01996077042192623,0.006872320418690961,0.009281229576958407,0.0029186680128055037,0.00931427540818866,0.0031160609112911458
1087.35,0.02023704154144382,0.007699125479203838,0.021608459892757618,0.00848380291526949,0.008880443848959049,0.0026039975321438262,0.008880023063705292,0.002768332329658073
1088.9,0.020858035144001273,0.007552870295185906,0.02230028856797322,0.008345155219899746,0.007627528302246051,0.0025071965554017,0.007515883600644229,0.002669837164370971
1090.45,0.015813153403025436,0.006258089171120837,0.016635740982916453,0.006913557739320707,0.0050036985082978404,0.0020997769169468577,0.004666348754234719,0.0022293724865795903
1092.0,0.01170104752456163,0.005342494029644128,0.012014150880202334,0.005898075335167738,0.00252326638620039,0.00178101400884193,0.0020484698901820004,0.0017977565942126534
1093.55,0.013022975189965149,0.005654216592262301,0.013484029770120289,0.006264704490780733,0.0014574813153551327,0.001512794104870526,0.0010537616566616132,0.0014024495032391566
1095.1,0.011572048627078469,0.00584906026577895,0.011851489824946571,0.006448034117176695,0.0007192937877420123,0.001030902999178188,0.0004462353651076333,0.000820731262052633
1096.65,0.006017490855799735,0.0048428432059249085,0.005679628389735596,0.005234349606276397,0.000417444743188837,0.0008972791659856679,0.0002459706732681304,0.00072324536669762
1098.2,0.005751586779646699,0.0045538863417009115,0.0054093208521754236,0.004863857926684038,0.00026915171266043476,0.0006960240581159588,0.00012994948991173116,0.0005204643765437844
1099.75,0.0062599254843227654,0.004569926752806504,0.005946137486458194,0.004910431373743886,0.00022665604120902425,0.0005989705087903409,0.00010779793862463983,0.0003652115118923976
1101.3,0.004705479558940605,0.004203478840262572,0.00432893902012583,0.004376269152341617,7.750588339507841e-05,0.0005142329185379382,4.053524521121448e-05,0.00040535245211214475
1102.85,0.0021417239795588523,0.003154951765916847,0.0018072741557606904,0.003081973938114308,9.342303450325003e-05,0.0008763590096074833,8.093673618413752e-05,0.0008093673618413749
1104.4,0.006514555419313304,0.0048347772901739545,0.006206888298990061,0.005199056265350144,0.00015644678762383215,0.001508883299864238,0.00015000133716979458,0.0015000133716979458
1105.95,0.003119649328259126,0.0035678371839361783,0.0027010273272699936,0.0035642864852470884,0.0002246834894448565,0.0019667436775595137,0.0002056407076938005,0.0019925291981519487
1107.5,0.001350908645784825,0.002906595228690838,0.0010766578012273008,0.002754727236348414,0.0003127455100506727,0.002332411625531771,0.00027287289366479143,0.002381462325731113
1109.05,0.002238496216989726,0.003556546090552873,0.0018445863871873747,0.003462540820400025,0.000428859291539987,0.0028423735897888202,0.00036383308363025543,0.0029278527077445608
1110.6,0.005913650368578741,0.00414903104572345,0.005375666057791066,0.00443547319706815,0.0005533856527292168,0.003698620815519796,0.0004950356394315937,0.0038591763774264427
1112.15,0.005214297599066608,0.004311684126334967,0.004628377819725415,0.00446756148569921,0.0006444222929460152,0.0041577315612149135,0.0005824413778205654,0.004351909847313512
1113.7,0.005924340446241723,0.0041933554273479645,0.005288110602293016,0.0044565956171062635,0.001054638220432056,0.004219467458191757,0.0008185918290837005,0.004399139857262321
1115.25,0.005251980884906701,0.003927996723459067,0.004538608590019991,0.004040068910132873,0.001990587603447805,0.004409113139789029,0.0015564749352850998,0.00457701778489089
1116.8,0.0038514008368543485,0.0037387729368238303,0.00310581142498544,0.003607189984887615,0.0026534980925729647,0.0044471252435347094,0.0020369290160075714,0.004668139410844756
1118.35,0.00310818427953707,0.003659161480797437,0.0023965914334469905,0.003471630183936135,0.0025715894919150243,0.004198834254837439,0.002006715693940871,0.004338891194165584
1119.9,0.004155508380523354,0.004663288486352023,0.0035610564286027513,0.004673204819647329,0.0028160770920360595,0.004273333988280502,0.002244286349731431,0.004424538615247191
1121.45,0.005606123241224175,0.004854330189857493,0.004882009554564185,0.004927549785368175,0.004288603450876129,0.004231987406576824,0.00356944046325548,0.004486150207031263
1123.0,0.00502304057024966,0.005024676484218166,0.004259899394106854,0.005054392936629069,0.0040370459206772145,0.0042668021084653444,0.0033539578962303723,0.0044559050935587775
1124.55,0.004655399319255005,0.0050871179193344345,0.003859312575202001,0.005088491578826209,0.004011002099035109,0.004537912614065346,0.0033832096521030125,0.004689887836421427
1126.1,0.0058562004340270805,0.00564700444981521,0.005099473796535097,0.005717918755185537,0.0051893734407460115,0.004971200805914536,0.004477888309483271,0.005272060066735436
1127.65,0.009081309358806577,0.006523371514180656,0.00853590035545798,0.006792050400515118,0.007431488582036311,0.005529686490527822,0.006766004658402614,0.0059629811266965265
1129.2,0.005966259202166978,0.005989262736951505,0.0051912947213283486,0.006146902904482148,0.01059089376908158,0.005694923796248365,0.010112828336201782,0.006206395612491394
1130.75,0.0075853646653127,0.0063417464635406534,0.006796546065528633,0.006600400681774093,0.011177161663745777,0.006411365511564895,0.010709150073197867,0.006990369535854534
1132.3,0.01072143123481847,0.006837592792446736,0.010151168623045121,0.007261294785236864,0.012325786776042645,0.0070277691970760765,0.011914424470409253,0.007676272552486365
1133.85,0.015070759345477571,0.00713056784781082,0.014970296724557136,0.007640866134892615,0.015433662407335824,0.00747728755153313,0.015249335699358988,0.008174582859167803
1135.4,0.01876514999128941,0.007054964945679662,0.019064581660941625,0.0075475381996786585,0.019635557343476575,0.00777230772215497,0.019773603596824237,0.008490254514993871
1136.95,0.015976753796813445,0.007233742743574139,0.015887097534389126,0.007800596429375434,0.020210833330514752,0.008236488730786374,0.02035490305779835,0.009000740215940627
1138.5,0.011188472254714971,0.007678735756014803,0.010531559146570996,0.008162334037619002,0.022026019708455403,0.008375239987180896,0.022284953097517417,0.009159562076252672
1140.05,0.013111457802020898,0.008075191286411121,0.012598839612581689,0.00866022770891743,0.02372865826913449,0.008604190527558576,0.024091467223848927,0.00941957544683355
1141.6,0.015832002643282966,0.008042598928971289,0.015584689883965597,0.008671739589347673,0.025927263063822075,0.008673703943162376,0.02643701561401087,0.009503058618050206
1143.15,0.016078898882064402,0.008192031623558764,0.01580240616230158,0.008892107154705725,0.02725359086095556,0.008569018506705077,0.02783507477892918,0.009389386777081015
1144.7,0.015243595114898909,0.007823047648619406,0.014809183082401168,0.008479052505606337,0.02654921678529021,0.008721010929519369,0.02702528413532682,0.009561366749802631
1146.25,0.020444743164046774,0.008380602119128276,0.020599145530396906,0.009096316557461199,0.027086500903945848,0.008515456465218053,0.02756394125906426,0.009337490558451886
1147.8,0.02117459848900151,0.008003599080157416,0.021362911552577853,0.008668437389826757,0.026863933427060047,0.008105821436804952,0.027278290163346038,0.008890782368582569
1149.35,0.02166034248767964,0.007882530660013857,0.021852407604194157,0.008501475672551403,0.025258315175503004,0.0078693442156714,0.025488134572677824,0.008640518995090442
1150.9,0.021983050020185368,0.008071865897910688,0.02215964487526013,0.008696533501222342,0.023427519439927522,0.007699486384936841,0.023453014216895253,0.008448239756546056
1152.45,0.020857422331656928,0.008105518299898582,0.02084048741488385,0.008739867890037098,0.022682376607590104,0.007290441986246308,0.02259967777291959,0.007994279545063522
1154.0,0.016438013418163536,0.008542454321400328,0.0158215635301371,0.009252473029802864,0.02215613931406624,0.006510041861898663,0.021983315659732976,0.007146398117410606
1155.55,0.01661601928478774,0.0078521458290031,0.015968406747124644,0.00843521317062748,0.02060250056139556,0.00593379837293298,0.02025115220528191,0.006515262957437781
1157.1,0.020200846504247055,0.0072337558532940055,0.01993395628150827,0.007791285396965426,0.019718485512705,0.005549849018772605,0.019247499794640455,0.006074394006256087
1158.65,0.019288520982810628,0.007156725659157111,0.018852142397398214,0.007702698309517122,0.02028050824260893,0.005006950662892149,0.01981549154531157,0.00545869347636335
1160.2,0.016391587275177817,0.007219548736580543,0.015545672415205457,0.007717380640549004,0.021811571349558752,0.004543885975594171,0.02143855807805795,0.004897041018552218
1161.75,0.01790554625509506,0.007506897573924736,0.017200078892015132,0.00801725683585796,0.022977463513271026,0.004358680368873214,0.02266655022295477,0.004612892817570786
1163.3,0.016265264642814147,0.007340589372378173,0.015302839383023046,0.0077607271162043485,0.022926789876427104,0.004355520591564583,0.02257075420313219,0.004599543508093617
1164.85,0.020263787697095127,0.007579381255991646,0.019714966761892425,0.008126730143970029,0.025756407279205515,0.003993884959552074,0.025607291169654323,0.004126166649906125
1166.4,0.023898020836992582,0.006959212832372981,0.023737039448521093,0.007470766720320576,0.028077640644443767,0.003994412394216868,0.02809125813436835,0.004053064158577399
1167.95,0.02463978844784585,0.006817500916035822,0.0245121919031783,0.007335197315403641,0.02998590135495373,0.003914397102488832,0.030126223486431437,0.003889662894183761
1169.5,0.02373086371317385,0.006699568761126026,0.023430076844908568,0.007157636546542386,0.03186860403268882,0.003950799030676474,0.03213393256322622,0.003872468298331293
1171.05,0.02562614650365394,0.006555125162846663,0.025493326930750047,0.006929779987785829,0.03351312848688515,0.004267470540563832,0.033884676112783875,0.0041446937826070925
1172.6,0.028600655410747168,0.005983405566583946,0.028775389300965553,0.0063980088374510444,0.036262599503686335,0.004550571647610777,0.03683651365839213,0.004413559398754405
1174.15,0.028492775700727203,0.005559548313403027,0.02859115215628256,0.005976615707428364,0.03859731759408314,0.004995679059004787,0.03933881118593783,0.004914644857579253
1175.7,0.026377764101608223,0.005291599325274191,0.026159998191857325,0.005603505185926823,0.0396708680058839,0.005483438873645798,0.04047047480379939,0.005440296882331241
1177.25,0.02260795424966121,0.005450140688586471,0.021870347931513313,0.005720651141305905,0.03886688518512143,0.005509282827491376,0.03956052855844877,0.005468846798767448
1178.8,0.018901338933119717,0.0057136412404335465,0.017647588594242928,0.006049819498804386,0.036456124667035364,0.005438562082523694,0.03690304969359678,0.005387107952983335
1180.35,0.01959215849631516,0.00646145781007094,0.018372144483510624,0.006864804983664055,0.03402918379627956,0.005286547915770378,0.03422912523544317,0.005223274440237572
1181.9,0.015930012599324365,0.0047004771638813805,0.014198598103259361,0.004833786957551972,0.029787284318936798,0.004996612883256766,0.02958408102409124,0.004932905827094755
1183.45,0.015981572421682227,0.005081151836805051,0.014210348409789028,0.005298191679958465,0.027848237078869107,0.004718467612994434,0.02744279449293129,0.004635657039212352
1185.0,0.013899686919037748,0.0052352813517696885,0.011825300035369468,0.005426327912950819,0.025829979976511416,0.004554572679738013,0.025216706995911,0.0044662660035270025
1186.55,0.010692572226040342,0.004800619696671404,0.008157241612995036,0.004880988420377337,0.02297566512482552,0.004401231605926466,0.022082059032769906,0.00432505669649953
1188.1,0.009645152613436165,0.004686947238981746,0.007088696782907471,0.00446324800822239,0.01991065651059439,0.004362684240391593,0.0187184614294391,0.004311417139224063
1189.65,0.009913761496035851,0.005070832263005631,0.007337737304922216,0.005049318209032829,0.018346334557021532,0.004513193573509964,0.01698922293463919,0.004417456179092581
1191.2,0.008582218929261132,0.004669079798942602,0.005882596169727467,0.004212519036980321,0.0160765895920792,0.004273633124384505,0.014494335607766029,0.004180274367693252
1192.75,0.009075965837074046,0.004378343843234525,0.006195604422936254,0.0041073580640684825,0.014715239893178291,0.004101257360473148,0.012986079089197517,0.0039868963273961494
1194.3,0.0038058993422173705,0.0036909501439620095,0.0015125835455757207,0.0023377906376742855,0.012348437277804533,0.00392324656669263,0.010385071208510883,0.003792340464876117
1195.85,0.0010878882097843092,0.0024597480444265725,0.0002022700029010813,0.0008528756727541891,0.009970824227008384,0.0035687151021204107,0.007774056062098918,0.0033716981061981464
1197.4,0.0049490639454607245,0.004286676514804386,0.002281106998750003,0.0034343305865961104,0.009239265593756919,0.0033795290933256693,0.006955177295347979,0.0030828411723466216
1198.95,0.00564825350284735,0.004415504223837306,0.002815306241811883,0.0035420441019203006,0.006742805027241104,0.0029840049622077594,0.004227826056682026,0.0025940171458881567
1200.5,0.006353585778515393,0.00444989259713531,0.0032945786954540336,0.0037251060602546174,0.0057856014590097,0.0029869312801341294,0.0032053041049450916,0.0024275648057843014
1202.05,0.0043143383878432974,0.004069127308823663,0.0016660460840289106,0.0028891152072074693,0.0034130298861958725,0.002543567230497548,0.0009163344825866417,0.0016596788117751032
1203.6,0.00697588603661953,0.004502302008877302,0.0037769737904193397,0.003870048715437017,0.0018332033917960843,0.002134731916887619,0.00018579998469778474,0.0009871342195345307
1205.15,0.010928037334251272,0.0046091635195943306,0.00778300815585467,0.00449507187034112,0.001771391647858487,0.0021198458670493676,0.00019302580051343897,0.000882666835489814
1206.7,0.005214967380458336,0.004330278321302275,0.0024426461876476996,0.0030355553802715366,0.00222649918385094,0.0021299142483300524,0.00028182668115282235,0.0007565235234364227
1208.25,0.007415911901129899,0.004881907004092694,0.004283490570439461,0.004196667551738343,0.003092655123701105,0.0024234256265377565,0.0007430268066295875,0.0012154966997397873
1209.8,0.012261621663062454,0.004465489058056705,0.00908758487553631,0.004507195730476557,0.0035807267574155103,0.0023794714499990304,0.00097739079272676,0.0013969968449133133
1211.35,0.009636725779143379,0.005171523830226553,0.006280095046347927,0.004831158027988689,0.004647119477315991,0.0025071490117087774,0.0018696637194383133,0.001761857262051573
1212.9,0.010800841141958116,0.005820070394481137,0.007484374082156977,0.005605073218726819,0.006408938233067675,0.0025294327436915596,0.0036753551322217092,0.0019039058178761043
1214.45,0.016941162975094824,0.005386264720902585,0.014178954137709032,0.005403537126989751,0.008473252678323603,0.002543840380143713,0.005893903876248413,0.0020232190376416386
1216.0,0.018173006624267407,0.005391188293528259,0.01551146353115643,0.005429727512061941,0.01040578862438162,0.002678116743812473,0.007971173099267204,0.00232635331743154
1217.55,0.024272973538816224,0.005104167982535473,0.02230858242271876,0.005307213328259305,0.01236171878682562,0.0029600860213715606,0.010084159669113166,0.0025223806652544603
1219.1,0.025576762156535517,0.005574397767001775,0.023724623538485586,0.005807547107720989,0.015203462891639674,0.002681551451343745,0.013157512927975245,0.0021922790882490267
1220.65,0.028481593737559895,0.0055367584281208445,0.02693596542763673,0.005807159346718907,0.018368364564749072,0.0027094326777502976,0.016585226729520185,0.0022294128830935484
1222.2,0.03201028829989585,0.005060969137298206,0.03084351556378289,0.005365638086536573,0.02032000938004153,0.002813211905878142,0.018693477306449578,0.002384581856897505
1223.75,0.03467787243487674,0.004942411823709742,0.03378696631960793,0.0053008579063148036,0.021628245256457835,0.0029349194633911144,0.02010197921411026,0.0025393800855607732
1225.3,0.03630364638786799,0.006198368802842981,0.03557418670326004,0.006678134937963108,0.02465930583640753,0.0031791048467285214,0.023387720956832135,0.0027182929782292448
1226.85,0.039673886782007874,0.00641817226926864,0.039313190790740804,0.00700520511735122,0.02767027426704061,0.003410509064939587,0.026651441773706135,0.0029622382355488745
1228.4,0.04077566050243057,0.005546541340782248,0.04050581777802434,0.006037476508166098,0.028274369474613224,0.0034310120288838673,0.027297607337666126,0.002977496351750909
1229.95,0.044743436708899464,0.005403220741500551,0.044924644787768336,0.005920834700284064,0.030000135446627368,0.0035820885966199863,0.02916579249940735,0.003115910792612791
1231.5,0.04487911767956722,0.005415986017244886,0.045045245085343744,0.005954172610988503,0.030241799651478347,0.003712942068048304,0.029421236954669173,0.0032024146758084784
1233.05,0.04044708079316657,0.005345391205730899,0.0400391831319078,0.005879498935482527,0.028689783435848368,0.003676626653338827,0.02772552030162221,0.0031708025061039343
1234.6,0.03840636835582327,0.00601073665170528,0.037717622429849475,0.006607243414069967,0.028472070742410066,0.003908149849983226,0.027483468571247296,0.0034132582979433095
1236.15,0.0375398898191489,0.00577270499111069,0.03670734192427047,0.006327345002896378,0.024054235001755842,0.003763602822859146,0.02267594206186182,0.0032662043257155274
1237.7,0.042379116953745875,0.005379316886385555,0.04211375847281942,0.0059290224154875445,0.023032027988356036,0.0036757876116456025,0.021561518204283026,0.0030981466829359296
1239.25,0.042432953616880396,0.005456702400137269,0.04214831836562298,0.0060476405198761655,0.020935196965731137,0.0036094214984968894,0.01927733209253717,0.0030227665774786986
1240.8,0.040537904831375204,0.005487233647373735,0.039995545277401165,0.006140681903350813,0.018907116718609177,0.0034792626627945652,0.017070092889635884,0.002925919425709606
1242.35,0.0414673448151277,0.005657820335870616,0.04101753865364773,0.006362294485621306,0.01654734786484592,0.00330238321256701,0.01450475956878303,0.002809986387882055
1243.9,0.044765316312371566,0.006888469192615025,0.044706805774689856,0.007639442476731352,0.012916283748620656,0.0032122298183162503,0.010556282174067113,0.0028607655661930195
1245.45,0.035294937691648126,0.00563806148388916,0.03405898334057017,0.006399808993224199,0.012112294776036248,0.003139881087089381,0.009684523829307744,0.0026512411544999215
1247.0,0.03422741612533343,0.005033254394359317,0.03284973373711531,0.005797216805511591,0.009702531673196436,0.002945418572046803,0.007065680417021838,0.00251719153322667
1248.55,0.033852356437365574,0.005150451508869873,0.0324118215986209,0.0058930772635416824,0.009286316511834264,0.002910732525886533,0.00661739471779115,0.00249698523313272
1250.1,0.03321337418953776,0.00503522804833712,0.03168602411580239,0.005730587676868237,0.00769073869750002,0.0027515599103037354,0.004893734072541048,0.002311992322921319
1251.65,0.032957407730200235,0.004975381143675522,0.031396676519585644,0.005663271193030975,0.0060558570699625084,0.0027935222982306256,0.003196754397535249,0.002235388176176148
1253.2,0.034104037263699365,0.005264860734887709,0.03267746392076201,0.006001285840355741,0.006234640452898745,0.002907681743739172,0.0033799628732809443,0.0023594419347844936
1254.75,0.0367612595824794,0.0056793198470624865,0.03565526969880429,0.006440585587028162,0.006738494882899619,0.0030593758793688664,0.003920971307112537,0.002620126275651495
1256.3,0.03904117462349744,0.005561075399753108,0.038220319627554324,0.006291676407004991,0.008031744102519181,0.0031150921681280855,0.0052862709979193505,0.0027204624018119018
1257.85,0.03611252802724551,0.0049886619735017,0.03493802715790656,0.005673273338070151,0.007852376503456942,0.002956061795130817,0.005102850959142003,0.002554418985788655
1259.4,0.036485454795975,0.005161828284402756,0.03536024199095315,0.005805845427314911,0.008162749544032495,0.0027764591659477453,0.005450266476559312,0.0023895392635069753
1260.95,0.03745864276313817,0.0053000745642201,0.036461916034817306,0.005907105051810277,0.00892003176582585,0.0028198551821411477,0.0062850089382353435,0.0024809850686089673
1262.5,0.035964282373224805,0.005391811147014898,0.03480119648789511,0.0060540485973576644,0.009982530421895836,0.003084625739283049,0.007458899803625969,0.0027440694246737745
1264.05,0.04248373953594784,0.005616680673422237,0.04212471389924983,0.006258489570239311,0.01279854405939344,0.0034778102983362355,0.010529960173966664,0.00317702548139702
1265.6,0.0394290955297074,0.005297290712411859,0.03871914644808349,0.005935985557344667,0.012589383031072663,0.003192426605949059,0.010315017081791625,0.002916611090330856
1267.15,0.04091914112044606,0.0053832298222361765,0.04040389235864073,0.005927276279455166,0.014302705220591799,0.0032831294251111855,0.012195356342919057,0.003061824114776333
1268.7,0.04069273408651298,0.0059776071830622965,0.040169963219141736,0.0066415650692916006,0.015049868661328292,0.00327185431562601,0.013025427291822886,0.003083549727195585
1270.25,0.03961838831252214,0.0054646258299242,0.03899428817051993,0.006136857604521389,0.01637915224781924,0.00336033345775326,0.014488896725166282,0.0031780131139350406
1271.8,0.038824280780731676,0.004904208529547884,0.03813513065990043,0.005437538701561409,0.01794277043208832,0.003622158952881025,0.01620757108613929,0.003437532207229426
1273.35,0.036249094566653886,0.005951192568997066,0.035268285148920116,0.006429403992516655,0.01754910424082157,0.0034998872861755565,0.015797856315182775,0.0032730172399484383
1274.9,0.036241716232193605,0.005272872266066858,0.035292625529095595,0.005884836707240248,0.016971443674341745,0.0032833185053869865,0.01518771531644706,0.003147514234523074
1276.45,0.03312609377084983,0.005241103427446616,0.03182680258442316,0.005742975403985955,0.01734434555938119,0.003328053652005847,0.015615187433114394,0.0031435814132825123
1278.0,0.03085025595121141,0.0053756183846541275,0.029308079468669937,0.005869059977208004,0.016880129381670935,0.0031772751289486085,0.015133023278221509,0.0028829474799059646
1279.55,0.029552987603580726,0.004991545181590922,0.027885731453046864,0.005461057997129943,0.015846584631877107,0.0030063452780361146,0.014030921463423272,0.0026574516606657525
1281.1,0.028911223280770882,0.0046640739320059086,0.027199981070921576,0.005067033901909903,0.014758884873285588,0.002977906253853058,0.01287063959572099,0.0026249000621226233
1282.65,0.02844289801650514,0.005549429082791686,0.02672048037824432,0.005962602390804958,0.013478795248496331,0.0031650036007319607,0.011502023922816613,0.00280502576642194
1284.2,0.025483177280485245,0.005217565919830732,0.023454659994913696,0.005624459308462422,0.012233816230900389,0.003131530526052145,0.010173213107046797,0.002751614574980396
1285.75,0.019968165212426756,0.005457808780374712,0.01730831983896252,0.005858307121176118,0.010000664898662337,0.003019637837228538,0.007771190961901125,0.002606081901583604
1287.3,0.02201266957774856,0.00502170882038975,0.01964376173077844,0.0053890180186279835,0.009980877253499556,0.0030424295999309245,0.007775790587578531,0.00258871686545336
1288.85,0.020925833001648134,0.005063818497000985,0.018471003530589836,0.005495153942380279,0.008614490060211257,0.0028270014950467566,0.006316465101448653,0.0023681576785056736
1290.4,0.01836817003456707,0.005058777364682555,0.015653514348287677,0.005549641842359497,0.006000053822479458,0.0027038692299630996,0.0035233629515257366,0.002224411675285017
1291.95,0.018977471725594906,0.005138731282231442,0.016392857682777758,0.005689248566269035,0.004432794404886479,0.0027187743386220442,0.002025292215981701,0.002082055385833417
1293.5,0.016897299124263864,0.004646175252627946,0.014118188400501401,0.005141738630063909,0.003862092330703723,0.0024455962065228873,0.0014723925292219652,0.001662402478417934
1295.05,0.020732973354722656,0.004544994874680636,0.018473574050664847,0.004950568255213993,0.003801066092690456,0.0025454644539497653,0.0014956063196982677,0.001789491253413204
1296.6,0.015557199435344839,0.004144088811988985,0.012726804793335888,0.004558666193558245,0.00443739652233324,0.0025325321786691464,0.0020608297950143865,0.0017876578335474936
1298.15,0.01635048458579627,0.004081040543550162,0.013674369830390469,0.004373391727869784,0.0049287100965580135,0.0027401589634972546,0.002598467338301852,0.0020779371076424867
1299.7,0.016850648763082447,0.004116288219558253,0.01429899547916564,0.004364493684658699,0.00455462670399634,0.002733911419897951,0.00225719796939223,0.0020613639893689753
1301.25,0.013764437627863812,0.004350440656376079,0.010901567985661638,0.00470052151858246,0.0036985456205908466,0.0026316874747751707,0.0015041837874153782,0.0018902856991274706
1302.8,0.013284346852118448,0.004793637081225697,0.01045916551564647,0.004997577213896846,0.003726832099147475,0.0025461497543223673,0.0015715953508069294,0.0017846935210397356
1304.35,0.013705602811860815,0.004561787082173531,0.010957494865938002,0.004890192034091507,0.00496368185262633,0.0030188530566672253,0.002800773050901763,0.002334831201736528
1305.9,0.015292431319102042,0.004316133821068188,0.012811840282841628,0.004446946201572279,0.005825146948907403,0.003117059423031867,0.0037071680571708595,0.0025112559656113387
1307.45,0.016174813617538208,0.00438477319789806,0.013859432495905268,0.004472180365052922,0.00671765140620436,0.0032754081736380398,0.004654400136548113,0.0027761860348662305
1309.0,0.01673694188759615,0.0045882303179190275,0.014552017825848265,0.004583946676925303,0.00898825698474164,0.0036202863857867254,0.007121812532023915,0.0032147130395133766
1310.55,0.014897678932015102,0.004616921699636392,0.012556259668925762,0.004604967158905033,0.010970749605626147,0.004037858055385722,0.009300632859146441,0.0037182127526088206
1312.1,0.0104034552378012,0.004513528702208547,0.007683512376474257,0.004499483327940731,0.011525569815134416,0.0040385901199929105,0.009931188480651233,0.0037441119550475984
1313.65,0.009479643338316098,0.005127005526315381,0.006872628223351211,0.005016543595329807,0.011094994150236596,0.003892317188204531,0.009501190615003879,0.0035603723646461267
1315.2,0.012815342465199983,0.004702203816989843,0.010434132786590316,0.004835122259668704,0.012177136151792299,0.004024271589926632,0.010711887805644313,0.0037272583475574926
1316.75,0.016036591962626905,0.004853084031214477,0.014115905504158761,0.00480499462509269,0.01217049550277202,0.0038654578760264797,0.010730128058210166,0.00359714765070148
1318.3,0.01386984237826566,0.004397355851416518,0.011760462407775684,0.004388707090682781,0.01167216030055755,0.0037454575186576544,0.010223401500984018,0.003461600262329993
1319.85,0.012375160202164743,0.004059344093459082,0.010153632456398134,0.004040365036035335,0.01191667729215396,0.0037777205029066816,0.010528523460456107,0.0035262023804330006
1321.4,0.01198933630759843,0.004752281859699848,0.00978774613989006,0.0047733454871533255,0.011432967593537006,0.003755418228885023,0.010037038224778073,0.003554341479880507
1322.95,0.0074427832339709656,0.004514969753053057,0.005013562926902516,0.004205360814661713,0.009417331068824355,0.003203178093356263,0.007878132368254583,0.0029716929385613443
1324.5,0.0032698318566721295,0.0044325593498784075,0.0019225812722942872,0.003461667826008618,0.009874431666343317,0.003470978395392774,0.008403490671567086,0.003319381325341929
1326.05,0.006247896882744805,0.004347538346520002,0.0039262513472983745,0.0038793098823534143,0.008830694583931374,0.003122320263213757,0.007301366858794749,0.0029297038173631902
1327.6,0.0030784918252767836,0.0033614910274933235,0.001312281485485434,0.002279564176946398,0.0075258848766645205,0.002806907042024593,0.005915444649753358,0.002635793590440816
1329.15,0.0037794363055809414,0.003275146755056554,0.0017271793444600721,0.0023116906012155937,0.006581083385831104,0.0024880082167424698,0.004928449749680815,0.0023102322594888113
1330.7,0.007816963044321336,0.004361118660851509,0.0056140441006166004,0.00424515127398517,0.00541598193577494,0.002235333762224354,0.003725323385402405,0.002010443161580281
1332.25,0.008340878025434272,0.004937212286986708,0.0062938921035443915,0.004932254418545049,0.00394185780622313,0.002098931443936064,0.002219943339544206,0.001836973122085082
1333.8,0.0033675932113719554,0.0036926659550677115,0.0017573859966286303,0.002863978536132088,0.0036410607345837465,0.0020202522324588574,0.0019308337227021857,0.0017695186894467437
1335.35,0.0067346456721656765,0.004749707739559024,0.0048458972064829055,0.004479026504503947,0.004017132752273783,0.0020114715651146416,0.0023451102951252923,0.0017253994818873394
1336.9,0.007967648571102428,0.004644154316498753,0.006125079817627216,0.004636230758791808,0.0017070040438799123,0.0015713004919168474,0.00043595044832944377,0.0009376985879552431
1338.45,0.0054842058348357715,0.003707210432811534,0.003538178170728405,0.003405363496222249,0.001144347650896335,0.0013724715211957776,0.0002670490939654365,0.0007040710592979074
1340.0,0.008659801416279372,0.004044413273089018,0.006944814134144486,0.004048374297172963,0.001085283948775192,0.0012626167897662175,0.00024535544348575615,0.0007685461597391471
1341.55,0.012262943604727856,0.004010845823115673,0.011043567886319805,0.004078166445163965,0.0014732295964720724,0.0015959918652124086,0.0005034594238147437,0.0012169341455777604
1343.1,0.010831616200563311,0.00406121162362177,0.009519155084795453,0.0041672079274808335,0.0027752242729523068,0.001996400715549882,0.0014011957950703518,0.0019474147874503447
1344.65,0.014269305118982747,0.0049929447303123445,0.013426470128093438,0.005165623317775474,0.0037988649554708655,0.0020989645477026216,0.0023362122767447697,0.0022496466733851546
1346.2,0.014799556999658197,0.004827861972826757,0.014092776899771843,0.004886181466129992,0.0047435202466268,0.00267121222707591,0.0033692310558259718,0.002947192468873906
1347.75,0.013369121196012577,0.004287755227316513,0.01256118506257363,0.004582650860548709,0.0054963813981841235,0.0031583431366212734,0.004222589001949693,0.0034181765499876108
1349.3,0.017966782545120387,0.004598512398785256,0.017787227097141364,0.004889726285001051,0.008671368438000666,0.003429266910501267,0.007629779872311365,0.0038461638288876865
1350.85,0.017888474643866895,0.0045370231199931875,0.01776568133037747,0.004717516202799311,0.010524780626419674,0.003955017421514453,0.009677675521070395,0.0044246279790745606
1352.4,0.016490568306057125,0.0043367730763321675,0.016264765367357,0.0045010214519633435,0.01241220818008404,0.004663002051540602,0.01176191203563884,0.005182496049656842
1353.95,0.019362436625432463,0.0051624774872736584,0.0195544003562348,0.005526523665491986,0.01653763952932843,0.005339143145228875,0.01627947509320167,0.005915616468834892
1355.5,0.013895993337493133,0.0061167063826219744,0.013498687582032027,0.006626596851140611,0.018118724485989997,0.006422929645600279,0.018029220997399845,0.007081747136133353
1357.05,0.018366317359112136,0.005823705932372797,0.018563932178135574,0.006243071937229403,0.021870500956190878,0.007358064492852919,0.022141685100939282,0.008097756146563617
1358.6,0.019146132731052597,0.005766217551161748,0.01950683317297218,0.006193500914650473,0.02433064780778377,0.008477149142315876,0.02484745294878729,0.00929272901216588
1360.15,0.02322096674518021,0.005951915441619416,0.024140538948756878,0.006399482286361289,0.028884783529426736,0.009605865222064455,0.029830265830001753,0.010494816612557223
1361.7,0.02319230285224882,0.005708206028003688,0.02417064422960324,0.0061588332119184895,0.033812983385317456,0.011048209666387853,0.03521965592804538,0.012033047867559711
1363.25,0.02339711979693844,0.005738293401823525,0.024461350040866244,0.0062183536734842695,0.03810624134283806,0.012791851137175441,0.03991790191144777,0.013894835202189893
1364.8,0.030103816644092892,0.006879497593980503,0.03203903144878251,0.007433352074530521,0.04259824771968103,0.014470904651157473,0.04483151663408716,0.015686640626314127
1366.35,0.030478510673494687,0.006801983816806677,0.032507941717141386,0.007267574404587315,0.04887543176208168,0.016025723058338784,0.05168630143115524,0.017351438469124184
1367.9,0.033259418304939045,0.007344165717183487,0.03568702497317145,0.007944612419542639,0.0533881154930021,0.017985975126079565,0.05662312154233343,0.019458398322006732
1369.45,0.030590002163922745,0.0065969779082050714,0.032755569230060504,0.007205259595287787,0.05970269206056444,0.019523638893304406,0.0635201422330699,0.0210939735076315
1371.0,0.029934899687393223,0.006616176016371187,0.03207337852388205,0.00720528702685781,0.06571044476798671,0.020441147250576837,0.07008397627258617,0.022062533842715823
1372.55,0.028476304328862608,0.006710805703473831,0.030486301162375575,0.007269854209862055,0.0710751856622933,0.021069064491739238,0.07594829109888357,0.022716985321594312
1374.1,0.027737108772257546,0.006770530626667242,0.029710465459661252,0.007365855248647624,0.07557086735068563,0.021390093980501478,0.08086871414517821,0.0230445311370606
1375.65,0.02916257186976011,0.007148840568661582,0.03136384481098593,0.007863949776821083,0.07806937657370783,0.02081147498396224,0.08361939561538156,0.0223953721003475
1377.2,0.02445487055629934,0.006539367977165612,0.026125789215839343,0.007169756802512866,0.07865050486750547,0.02056590831327035,0.08428440548688475,0.022111986831521577
1378.75,0.024127076876550673,0.006607089113579171,0.025811614201992114,0.007251475468915247,0.07782399233218236,0.020019087511857343,0.08342028573694109,0.021519807452006916
1380.3,0.021992455051442886,0.005707382210660611,0.02346197713058491,0.006173618609908055,0.07589008572571455,0.018345058919962198,0.08135239787960655,0.019692316676485577
1381.85,0.021017348073141772,0.004971480540344264,0.02241551083113745,0.005377421463036226,0.07196145734097181,0.01640369979139992,0.07711518409286228,0.01757447226322934
1383.4,0.021905260720378367,0.004709358586443342,0.023451824258772628,0.005018186245562327,0.06386968223999935,0.014789289202950051,0.06835247518940248,0.01583358456483296
1384.95,0.023074240526263612,0.004728694636794144,0.02479949347734924,0.004952985370017036,0.05486705772523068,0.01309969326460539,0.058600332507562684,0.014017985785838509
1386.5,0.021525112611382596,0.004481765859960637,0.023102632349904523,0.004726580928853881,0.04816240626767293,0.011094411097690497,0.05134568199505281,0.01184962944791514
1388.05,0.015235628143402484,0.004656718820164665,0.016088274914753863,0.005059661604436131,0.04075813414431519,0.009469172202695357,0.04332845864382326,0.010097446718727539
1389.6,0.012977928319116434,0.0046968515507057945,0.013576894976847807,0.005110168473908156,0.03514389732564129,0.008152618099808582,0.03725595371293405,0.008673983813083801
1391.15,0.012743426542813553,0.0043527841739474955,0.013351710457393244,0.004814479402732509,0.02592419619859009,0.007084126784382371,0.027262839847742932,0.0075327931509151696
1392.7,0.013878295255505062,0.004035005737573925,0.01465657739425373,0.004430197570098631,0.022627529199454606,0.0057733823261441695,0.02370823956670116,0.006114005422862041
1394.25,0.010114191920249586,0.003500968971155013,0.010461915088736656,0.00385634360270821,0.019173838267992613,0.004762259287837712,0.019982211202057794,0.00502369517299149
1395.8,0.007186662097327621,0.0035647401532525793,0.007239634791614939,0.0039047830415030863,0.01502699018682271,0.004118821950831655,0.015500200451852304,0.004329249727823187
1397.35,0.008844088556623074,0.0038901912930393245,0.009091980826090508,0.004290925627844946,0.011937850497639242,0.003622531485646951,0.012164908538827212,0.003786631134289123
1398.9,0.006919605049882656,0.004206264200079835,0.0069605644057863,0.004613098169482021,0.008759905473465343,0.0033024725790326602,0.008740623700122237,0.00341819955901989
1400.45,0.0029017667197767834,0.0033200024375895252,0.0027355257508348513,0.003414047353535996,0.005970835324785101,0.003128985222812289,0.005728141287092504,0.003253202864099348
1402.0,0.004618452667382252,0.0032020577972376586,0.004494416780217971,0.0034086046943977255,0.004513499398047122,0.002584770545695122,0.004167568537998151,0.002663227649274276
1403.55,0.0011770963114758489,0.0022006399697008755,0.0009996805735284237,0.0021690240487970015,0.003062380006371126,0.002445964402007194,0.0026622987144444515,0.002453870098851054
1405.1,0.0024461286233479207,0.0029663968118592045,0.00219586403909113,0.0030204128798551853,0.0018271579170590628,0.0019815595911950377,0.0014513234226020944,0.0018782948771734799
1406.65,0.005421674971380128,0.0031420129989510603,0.005328938141776561,0.0033503325201164422,0.0009693124350152689,0.001394090254492566,0.0006361766745495121,0.0012458201817307606
1408.2,0.004310221713198442,0.0028008369199780366,0.004125157228112191,0.0029886510774662606,0.0009627660257961673,0.001269287802234442,0.0006291777698982572,0.0011644547262578883
1409.75,0.0029492852197552754,0.00286836821440328,0.002717274413695232,0.002997929521614095,0.0013663082342769705,0.0014778594510773625,0.000987109053447867,0.001408702463561815
1411.3,0.0017787562334376228,0.0027241332217004784,0.0015832312778976038,0.0028299368355207987,0.0002704744303130974,0.0008471058450651321,0.0001627942623095168,0.0007689652657371642
1412.85,0.003171705930610473,0.002848648805889685,0.002903214268368997,0.003050319083858476,0.00023856981085653662,0.0008398994155028899,0.0001725190821441764,0.000782044505364406
1414.4,0.0019177023288684397,0.0023225615122445978,0.001681823811539093,0.002346658172426052,0.00012923966356725107,0.0008865853545547788,9.854346550026553e-05,0.0009023458903257114
1415.95,0.001331931678879248,0.002037313782457448,0.0010918713304137067,0.0020012962001538016,0.0003021181373226676,0.0012836625996713337,0.00024038195636328388,0.0012873639421951979
1417.5,0.0014699868482105061,0.0020715847985057875,0.0012583443118415786,0.002029596419592696,0.0003611556688967866,0.0012858701096236666,0.000256973363543063,0.001297295852837836
1419.05,0.0012354269463401705,0.0019097914622457444,0.0010502286342742976,0.0018644854953552426,0.00021063361335401412,0.00104658803343303,0.0001556753189432356,0.0010581269270440437
1420.6,0.0007974220796187477,0.0016833059185257045,0.0006844967210554848,0.0015750444052182195,0.00022323862343010122,0.0009641223734492144,0.00017737986513961023,0.0009628571482958269
1422.15,0.0009095069824857609,0.0019977034245544163,0.000769448914698891,0.002005676575194052,0.0004450029108853425,0.0011205369021797858,0.0003251920708102301,0.0010974339901476538
1423.7,0.0020592846869828697,0.0030614988513263364,0.0018495710224997115,0.0031758995634893826,0.00021123877394711659,0.0008671531656165573,0.00016618448413615157,0.0008447689712085127
1425.25,0.0011215294298136064,0.0020338855623057593,0.0009450523610420507,0.001990142843783853,0.00014694376592558526,0.0008897605174062582,0.00011442245890064502,0.0008742466176599647
1426.8,0.0007871199530529211,0.0016975923360206277,0.0006389865552077798,0.001608763374556452,0.00026540810719977625,0.0009069261521023119,0.00016491202633109867,0.0008594062134850672
1428.35,0.0011126334001200799,0.0022674994453190348,0.000889318102296683,0.002261269705679943,0.00016901607719980446,0.000713895759991042,0.00010665843699831023,0.00066539617420298
1429.9,0.0021715524697535475,0.0030265541671313768,0.0018004166565233415,0.0031194520481196185,6.772522920949866e-05,0.0004248510449293161,4.967000777483771e-05,0.0003636335442148375
1431.45,0.0018724273090151495,0.002565078468686907,0.0014547222227886737,0.002569291704137963,3.0318039049561954e-05,0.00021331940004042782,1.59063200462645e-05,0.00011304497197471305
1433.0,0.00043243444394895034,0.0012830126168841935,0.00031002894463447677,0.0011718837056081059,0.0,0.0,0.0,0.0
1434.55,0.003300559236079421,0.0033559910712284728,0.0028143083555169663,0.0034912679662665435,1.3780561222840033e-05,0.00011960238077464208,7.469619838264958e-07,7.469619838264944e-06
1436.1,0.0002172200225201434,0.00100595988380727,0.00016175563937343898,0.0009392874670940799,3.217148703526217e-05,0.00030542062528251277,2.048305474928178e-05,0.00020483054749281777
1437.65,0.00038166742794980643,0.0009877020445169331,0.00015582331913108856,0.0007279448665352296,0.0001240762645170614,0.0004735867561549616,3.278001643451595e-05,0.0002812998429634012
1439.2,0.00038723046129467554,0.0010443979514261072,0.00019112699573629231,0.0006485833372530959,0.00017496938823528571,0.0005115604742591698,5.121234358254966e-05,0.000244522574486392
1440.75,0.0009778429599435795,0.0017213797639270589,0.0005748382418672874,0.0013321488222297804,0.0002857023018152191,0.0007009063983587288,8.637718558795655e-05,0.00035863879591457306
1442.3,0.0023214897529785688,0.002608737977700109,0.0015673684440118286,0.002416823550759126,0.0005654060807788137,0.0009887721838063458,0.0001661235494950999,0.0005176119148679882
1443.85,0.0021818282066236646,0.0028896398633919194,0.0014429354155010665,0.0026896074878057286,0.0014644441992933258,0.0015886402968248814,0.0007434070383415672,0.0011552179507867155
1445.4,0.004084655932494559,0.0036457767211942695,0.003031256152108867,0.003462536649992568,0.002939553761672241,0.001871113590560617,0.0019203726304905895,0.0017634702226686704
1446.95,0.0054476886539355455,0.004537999371066578,0.0043637643698935975,0.0045680659038071034,0.0024991327325914127,0.0018953251136051208,0.0014727023930431503,0.0015952456232566099
1448.5,0.0037937064553720534,0.0037748857657885077,0.0027186434297209448,0.003533252964104511,0.003631264816765323,0.0019977786338704613,0.0024798670336079296,0.001804385969230473
1450.05,0.002501724763047223,0.003235984002376748,0.0014264834643908685,0.0026212201321281783,0.003625531166634346,0.0018818146291389368,0.002371561725862408,0.0015715695889192867
1451.6,0.003945207197648337,0.0035499414273418893,0.0024615136379916676,0.0031078652967973935,0.0037754987870347086,0.0018513504644882028,0.0024439059944680206,0.0015300990834470297
1453.15,0.006623774552472975,0.00414105773292824,0.004962031201766921,0.004195756135482665,0.0037680548177011623,0.0018249412437243194,0.002355970494465822,0.0015072574442086346
1454.7,0.007098747238811296,0.004622540483854284,0.005407246707863352,0.004687983376370983,0.0033042100319656985,0.0019859885506929944,0.0018159532416001218,0.00153773432325009
1456.25,0.006799650949001114,0.00432674306181994,0.004974648717824712,0.0042332146334585485,0.002694531535564611,0.002187883412332833,0.001266893286298182,0.0014920951053609645
1457.8,0.011406020277410486,0.005129303567342582,0.009776429505352277,0.0055617067369899045,0.002408337825529631,0.001992348247679351,0.0009280852823307173,0.0012314573508148351
1459.35,0.010235638886058948,0.005097698325850065,0.008402182717506639,0.00521132573623186,0.0027765281356512996,0.0020772780050321523,0.0011087270399902063,0.0014057821930783436
1460.9,0.008211591379479473,0.005276387576686172,0.0060727303746397135,0.005223890984259054,0.001878682643402796,0.0020582066622491487,0.0005286058318087884,0.0011583679368038563
1462.45,0.003753158531225359,0.004484487528445914,0.0019285803229378703,0.0035329741304077223,0.001699999476166575,0.002093789843912987,0.00045619834322325597,0.001130846179735687
1464.0,0.003700701437460232,0.004449669740780737,0.0017702017741403652,0.003360026244978015,0.00216055132113192,0.002173258227460061,0.000588055452682152,0.0012617757594195192
1465.55,0.0062538312996714505,0.005071009383193434,0.003643441394036148,0.0044509292844101,0.002411408477121532,0.0024021354834103067,0.0006921047918247797,0.001500818913771313
1467.1,0.008128403301058042,0.005514177652288229,0.00536655829276722,0.005216054123373921,0.00222025949421238,0.002559957223507402,0.0006095412421121255,0.0015561067049337258
1468.65,0.009314259061197804,0.005969470760994806,0.006559437711141476,0.005752448819120125,0.0022541025261348653,0.002769884371659185,0.0006437054416513478,0.0017508976646360486
1470.2,0.00843807296911953,0.0066988510635683516,0.005608336065895589,0.006232542430672559,0.001767272857822606,0.0026952501811514035,0.00048221437985516524,0.0015219744474372456
1471.75,0.007917992434559016,0.00693882297591468,0.005109060921157108,0.006238068101902892,0.002585238562598105,0.002964587296131814,0.0007511832142373093,0.0019051558051838705
1473.3,0.006041231680917054,0.0071202956570029395,0.0033625498994624453,0.00609338344911479,0.002729836605592672,0.0031494886570775735,0.000781816682800104,0.0020515395164675126
1474.85,0.005672880278458078,0.006723692722677018,0.002798078360975638,0.005709629407420362,0.0029573620579660615,0.0032265276049079574,0.0008482653721519381,0.0021461620264310436
1476.4,0.005913137079439259,0.006684183716663587,0.0027644779353756476,0.005776444794137027,0.003390553342043864,0.0033812793893017294,0.0010725636269725046,0.0022976329688870227
1477.95,0.006620784243143496,0.0068885942241980365,0.003228581834139934,0.0060014631742674115,0.0035851830216026147,0.0035772605597937804,0.0012316234605515446,0.0024127446645753523
1479.5,0.007075498943066301,0.006996510179102478,0.003563819935623295,0.006022197276506129,0.0034649991828181494,0.0037789855084496508,0.0012294971150554877,0.00248279637109108
1481.05,0.006146042439525062,0.00698350094630773,0.0028963668092178286,0.005725049790353995,0.003971714978654749,0.004023702342125204,0.0015100551391000535,0.002734967130596389
1482.6,0.005018040391062623,0.00705808211065078,0.0023238824208315087,0.005469315018730366,0.006525936832668649,0.004676662645363565,0.003434724923821175,0.0038692244794214853
1484.15,0.008948621079619941,0.007071283445722465,0.0049989760908469415,0.005869350262889953,0.006917131284633619,0.00475812757883434,0.003658557505048304,0.0040437708424597195
1485.7,0.01103977748060677,0.0068980694440853915,0.006765174813217628,0.006065213073098325,0.008517576043903708,0.005090879935150517,0.005049721006155598,0.004647835640877495
1487.25,0.013420024561730842,0.006579028995340419,0.008976368846142294,0.006026711166110317,0.009158119522274862,0.00525182993996167,0.00558554754481067,0.004890359822038566
1488.8,0.014629438516110316,0.007248225462412878,0.010160004703313474,0.006810754594289677,0.010460272843109077,0.0056648047846282815,0.006832124310234567,0.005377320674901191
1490.35,0.016041361368365377,0.007428923816420709,0.011538286402328884,0.007044914558955074,0.012678085712204835,0.0060444122377206555,0.009098061671016884,0.0057743569676580835
1491.9,0.01773366628466826,0.00712092543740456,0.013251164359032752,0.006727430972530544,0.013760832319342211,0.006367679243470956,0.010133255193013635,0.006153768770405121
1493.45,0.017400419256149338,0.007402314180204727,0.012695769212327903,0.007152008235394925,0.012860659734107036,0.0067403165293226505,0.00901106218080131,0.006604690093908595
1495.0,0.015115939543747068,0.00790946251063403,0.010121977861743433,0.007445015891572093,0.015202106187964684,0.007053735580795268,0.011416255946768792,0.006952738172709437
1496.55,0.016379440150310762,0.00839554371747923,0.011299835971688488,0.007920447513647066,0.016905583801781313,0.007143331129419062,0.013125801951277773,0.007095890769347798
1498.1,0.01619512767558501,0.009191616675640576,0.011088525485442733,0.008605053721605777,0.01748131491542414,0.007178317898262215,0.013611101517228965,0.007154249386930077
1499.65,0.020049722426028392,0.009006782175363394,0.014992831978144005,0.008829734969020937,0.019627418998666723,0.007077747811758475,0.015804675229654112,0.00704641016614004
1501.2,0.023107282338299874,0.008992080926821206,0.018222105425931997,0.008909920072771027,0.02087017469017708,0.007103686166883998,0.01701703383822509,0.007095080385652281
1502.75,0.023418822035583462,0.008935996380732239,0.018401300882901053,0.00880241518027351,0.02133780945265188,0.007144151958072381,0.01738634875426548,0.007180921042571819
1504.3,0.024676147628595633,0.008983170525807957,0.019627721746685284,0.00889730671552504,0.02203039182343112,0.0070156636914102295,0.018001645741687597,0.007067924177633709
1505.85,0.028473837079730994,0.009277626665106663,0.02371708297756008,0.00932076823437041,0.023551703620211598,0.0067379567320084086,0.019521674919580335,0.006758325533756873
1507.4,0.02859355324326216,0.009474009520142568,0.023682427915539893,0.009544246337744804,0.02531323353319754,0.0063481595725774454,0.021303610901200937,0.006355074008128773
1508.95,0.03443579123880234,0.008823682692304019,0.030068594731420116,0.008894467502286202,0.02492057309631051,0.00606914969713393,0.020743741250085282,0.006126829021656392
1510.5,0.034285277474736725,0.008228834147480837,0.02973032812527538,0.008186458518670827,0.026647966480722336,0.00560701919661105,0.022492327474297535,0.0056099111518027305
1512.05,0.033327237378905535,0.00833831420884058,0.028496278350995125,0.008204506795233109,0.027077281201067765,0.0052085489870583885,0.022831124456433777,0.005222632117174116
1513.6,0.034021106880764866,0.008661450374220855,0.02911854252464101,0.008554897295079014,0.028060959030195388,0.004826860921758398,0.023776045758774445,0.004832515696795322
1515.15,0.03892935486903208,0.008518582364063398,0.03446969168533256,0.008501624030750986,0.029667428701179645,0.004417546530367525,0.025400250945710145,0.004460497034640408
1516.7,0.04131602352477379,0.008739425854667564,0.036994323941192724,0.008783850475357697,0.03162275497844416,0.003895020847325241,0.02740580874607056,0.003981728027497207
1518.25,0.039725655387771994,0.009230061683891838,0.035062297263418224,0.009258778986327789,0.033933682238320974,0.0032968569122406553,0.029800971161831516,0.003394402992552495
1519.8,0.0436240162522483,0.008984497526692954,0.039294498313536236,0.009056264584295584,0.036479619993661824,0.003068071414206366,0.032454955946093,0.0032280316071919973
1521.35,0.04690571149993631,0.009633011979393515,0.04283871425144687,0.009828464163419884,0.03851874809620029,0.003138772961198007,0.034561398413047624,0.0034309145591796104
1522.9,0.044552148905099946,0.009811924960441525,0.040060491620311944,0.010004871724670811,0.04160388990058683,0.0033531261419307555,0.03780947487047211,0.0037033733266456526
1524.45,0.05169421983905033,0.009202965586098304,0.047939993554755,0.009382782842385425,0.04285253599834567,0.0034512120795843117,0.03906204741663788,0.003918975498663407
1526.0,0.054133906758883514,0.008994154051934674,0.05055255307418535,0.00915147663749864,0.0441538177355898,0.0037623307855540605,0.040376477676385074,0.004267808874957378
1527.55,0.05666611942242766,0.009202204860470499,0.053270428201596956,0.009478446950043316,0.044096253883994546,0.0038057092814999063,0.040216368640839356,0.004278965865002848
1529.1,0.05986337036190432,0.009028915390039773,0.05673439355403822,0.009430454892998713,0.04311554054138874,0.003944573599430743,0.0390571476900721,0.004389019586705388
1530.65,0.06166430968544805,0.008940729763593658,0.058636053460192405,0.00948569451287214,0.04255742070530705,0.004032228243138867,0.03836086808465743,0.004403992361237868
1532.2,0.06342949554377907,0.008933738911708167,0.060508668809513215,0.009525484997445873,0.04279765730821073,0.004145810072147361,0.03853626049620012,0.004515551493102511
1533.75,0.07044276088034683,0.008998203699754823,0.06828208376697582,0.009588852382187882,0.04488823832184026,0.004542416699718206,0.040728976459772276,0.004900782622516044
1535.3,0.07733294471182829,0.008088887285225676,0.0759092321059275,0.008752868900634668,0.045395531376912546,0.004718937603770315,0.0412050007715144,0.00503738824591669
1536.85,0.07946433138966921,0.007754964720794402,0.07821588542901411,0.008302728760281033,0.048053609717012155,0.005023467549736895,0.04402310852073434,0.005364202724519622
1538.4,0.07571010172300467,0.008137282920612096,0.07392336108272021,0.00855482964149262,0.04962158610588043,0.004912477508005579,0.04565835849859446,0.005293411140144164
1539.95,0.08027739355823944,0.008072672399399636,0.0789737832028202,0.008456964751192685,0.05243664584094019,0.005085567995332548,0.04865481816164294,0.005526575544107988
1541.5,0.08826717719337913,0.007383114968980946,0.08786154921409413,0.007859124917123202,0.05497677083929425,0.005251775564147259,0.051357681091672304,0.005686373609748727
1543.05,0.09008054985818223,0.007265718309992743,0.08983420090394295,0.007747520072797473,0.057037673801472843,0.005304877744972119,0.05354418383765253,0.005742455353269438
1544.6,0.08823761613031539,0.007797731335315816,0.08772037183914141,0.008190653703432558,0.05903423759993573,0.005463224924715796,0.05566654810164184,0.005930596132152268
1546.15,0.09185977584803673,0.007764250143246964,0.09173078098763732,0.008214345349637688,0.06075483597470703,0.005689620010755783,0.05749487911350307,0.006138028438579465
1547.7,0.09315592021201119,0.0075924162296553115,0.09313533609825454,0.0081510199258531,0.06196965441968457,0.0059699924355666074,0.05877658208492322,0.006468891686718672
1549.25,0.09225043488896775,0.008176451993887135,0.09208369181389359,0.008752948209915408,0.06271566442864698,0.006180963106567287,0.05955445173304477,0.006697059349959004
1550.8,0.09510457068237126,0.007253510127941143,0.09525335884768144,0.007762075961077805,0.06400700983250021,0.0063986192754879705,0.06092979801559402,0.006939463159934756
1552.35,0.09710838980254094,0.007510001524694774,0.09747854488212195,0.008107952048350135,0.06425857269585236,0.00629461229973202,0.06118051597409638,0.0068318195748209055
1553.9,0.0936583612803782,0.007198384954444939,0.09359380704476203,0.007760357827528697,0.0663451379589406,0.006726202152424735,0.06343381218756307,0.0072755145868298975
1555.45,0.09106086043861136,0.007145521633464106,0.09067046591160326,0.007647629702105145,0.06869274203854092,0.006990844511186784,0.06597442916417083,0.007567895837555981
1557.0,0.09231140914884817,0.007458724872163523,0.09207028989511729,0.007961543038337886,0.07092767689483416,0.007166100790698559,0.06839763047294481,0.007777968545064897
1558.55,0.09380193032471741,0.007127975959052057,0.09374971573238643,0.007511043770915109,0.07450036730990715,0.007464471624277647,0.07228300440291557,0.008105373483692396
1560.1,0.0928007608943255,0.006892829816185984,0.0926445341686935,0.0071234965653786215,0.07927310139747616,0.007971942460696158,0.07747796140807374,0.00866283488152915
1561.65,0.09646102631214103,0.007189940606150292,0.09677098579534615,0.0076116013486335395,0.08354493258822149,0.008549166299783424,0.0821326792300158,0.009297949281644187
1563.2,0.1046143900293053,0.007446065684028596,0.105933516200281,0.00807113493470278,0.09062694153074564,0.009058486117256992,0.08985085563218152,0.009877157368253356
1564.75,0.10156691056175018,0.007265126223235636,0.10255203152061929,0.007786504678673043,0.0952924681028137,0.009657176474040035,0.09494599245698884,0.010527858437445635
1566.3,0.10251541134369926,0.006783063629111531,0.10365725143203561,0.007240031167135218,0.10122217599751815,0.01031475076464096,0.1014201889834446,0.011253566020110487
1567.85,0.10382035836643035,0.006660338882512226,0.10516968654953734,0.007085922479136295,0.10731761822046183,0.011040925198136438,0.10808190676659966,0.012035344579721939
1569.4,0.10439289716080646,0.006708297370069405,0.10586443047809972,0.007094201430798457,0.11314472094762079,0.0116117550270193,0.11445761744574445,0.012653868101233458
1570.95,0.1048710759439665,0.006599991134509138,0.10646185944451776,0.006956492492545902,0.11634786786793164,0.011964289217744955,0.11798502315246993,0.013040453823000165
1572.5,0.10522849879921146,0.006674775899172104,0.10693243780301687,0.0070728471108746525,0.11778452488110996,0.012300347967082145,0.1195960989618417,0.013403022381235584
1574.05,0.10375565093467758,0.007223214900539257,0.10534990797764536,0.007687230650918117,0.11861643756779217,0.012153971509696848,0.12055792794078435,0.013235454034872977
1575.6,0.09802762713558055,0.007504870356062629,0.09899855276946176,0.007970319267179496,0.11612328117879275,0.012127168857667273,0.11790753583779058,0.013196763799261506
1577.15,0.09552023065868134,0.007921862135577861,0.09627584429404339,0.00851614466385762,0.11303659958354582,0.011595585602073603,0.11461966562350433,0.012607648174881577
1578.7,0.09566564415484102,0.00722259477251778,0.09653051789381245,0.007776400373273819,0.10628078862690434,0.010596403105778276,0.10734928999199438,0.011497194235027092
1580.25,0.0931226398673146,0.007035910538827956,0.09377340125746376,0.00758619173260005,0.09623024098852703,0.00928268000835502,0.09649664395741066,0.010048523519349572
1581.8,0.08931217205530187,0.007255084743597542,0.08960209036796289,0.00783161574733157,0.08828488820719707,0.008221459160387645,0.0879406050283019,0.008862566905027217
1583.35,0.08814207828074333,0.007058587138075737,0.08840514785569974,0.007589599696588809,0.08156649553873944,0.007247570031054867,0.0807248930690976,0.007775008374235705
1584.9,0.08688172204630418,0.007046686988589144,0.08710922091105519,0.007602550523562836,0.07493936524635894,0.006402720856173935,0.07361294643520316,0.006815491191693261
1586.45,0.08285742103963996,0.007485629657412608,0.08271424824444203,0.00813759101056628,0.06917108245444492,0.005750115316760582,0.06743931540070731,0.00605952083842343
1588.0,0.0780187980489837,0.007770754348151934,0.07741584306712493,0.008450847883774345,0.06550042319420495,0.005344008753809721,0.06355129431745406,0.005601863666831691
1589.55,0.07541228831120675,0.007926791323742785,0.07462448654623542,0.008616150151675075,0.06305828453322757,0.005191445715504579,0.061003399464944534,0.005427970783231004
1591.1,0.07627089878814433,0.0072413173083579595,0.07571920546609222,0.007882314784956015,0.058730613139901404,0.004633183898448285,0.056408186921146734,0.004810699933723025
1592.65,0.07207616290128617,0.0073257034862911794,0.07116058180177709,0.007972375148599536,0.05613161438049578,0.00459356478304422,0.053698530442680914,0.004768636361641532
1594.2,0.0698568601252745,0.0065002562955698805,0.06881439512973678,0.007102139342302647,0.05420575710977786,0.004248836110075026,0.05172325100954765,0.004409134519332667
1595.75,0.06337052852741507,0.006552901209187333,0.06169147537204618,0.00710656375782764,0.05160584128800514,0.00412217408718326,0.04902080070689028,0.004271705697803287
1597.3,0.06150955793737615,0.0064885074296934814,0.05975903723865088,0.007011013562179121,0.05168189227828388,0.004054403019682283,0.04923188018492956,0.004194799430489036
1598.85,0.05992083488404,0.006338262710850985,0.058133107177673844,0.006923970512593657,0.04883897392886014,0.0038559597061432315,0.046270974359190954,0.003992472876821451
1600.4,0.05689960922710622,0.005954895791111921,0.05490794419146,0.006566418575830459,0.04420478713659893,0.0037656180786287893,0.04136632629768291,0.0038966562274945506
1601.95,0.05582462825513226,0.005904501853891137,0.05387173299040584,0.006515761085676068,0.04182452068561088,0.003758726776975452,0.038917192266589504,0.003870325554531411
1603.5,0.054602896636839426,0.00632748428444645,0.05266901806929,0.006998285013241562,0.03951640827464506,0.0036453752746328978,0.036547801058401254,0.003775049293755443
1605.05,0.04486339967671435,0.006526380563132465,0.04192490476468727,0.007182922516879503,0.036934127174401435,0.0033978558505798925,0.0338823205129812,0.003521306909799907
1606.6,0.04538710476658401,0.006011733464475765,0.04268918356809393,0.006681334489212921,0.034045219779613355,0.0032617266988874257,0.030887654205108223,0.0033600747125205337
1608.15,0.04164427970276623,0.005305734793623469,0.03867561830986628,0.005900149506664063,0.03225554561706473,0.0032894990211500856,0.02908917473648357,0.003381470362394133
1609.7,0.03576230066435769,0.004868828260026409,0.03226908253373934,0.005302743028793779,0.02834299426692341,0.002904806774768632,0.02498431524643629,0.0030001043233050485
1611.25,0.031426113747356724,0.004655055499836396,0.027586034534808488,0.005060454884261561,0.027541100671411013,0.002858067336832507,0.024265137818855628,0.0029562784087119377
1612.8,0.03028199148747473,0.004176411393006813,0.02648730147015921,0.004544714659336422,0.02576971132102789,0.0026973667515937053,0.02249488063049832,0.0027486529615748678
1614.35,0.031244619012921197,0.0043028801861976105,0.027757895534164575,0.004735820120360249,0.022897180312181464,0.0025732470198016276,0.01952798940879524,0.0026017435016597247
1615.9,0.028293455814030373,0.004498327126527588,0.024642964139489524,0.004951097808657034,0.021097097539634384,0.0025976819922837115,0.017727213831261496,0.002664185009736218
1617.45,0.02293078114440064,0.004292830735306001,0.01882389124447377,0.004683797802671991,0.020204444735216938,0.0023929380513965036,0.016914143440263797,0.002464870618235359
1619.0,0.0258311027864615,0.004694910518089507,0.022266456086861525,0.0052520797735068755,0.018351720821803075,0.002125831821538311,0.015057826132598134,0.002180064960542436
1620.55,0.021300687483586947,0.0037459899249744546,0.017380153195116682,0.004166096955535178,0.017015724078624977,0.002290460651269482,0.013763371292066976,0.0024308326685453423
1622.1,0.013766492248889449,0.004353430079270583,0.00916157814047783,0.004701682571404417,0.01413332481675409,0.0020740868958119855,0.01079045931203782,0.00213926143440675
1623.65,0.011445341438906647,0.004434896930737444,0.00688028933051776,0.004519300150293384,0.013817906391576039,0.0023017476234111936,0.010609279373492179,0.0023677133680429993
1625.2,0.013483788129208935,0.003648779840779905,0.009241347660140932,0.0038896012374253766,0.013266057979055102,0.002008174238400126,0.010169847260737946,0.0020532214863708013
1626.75,0.015444516005866847,0.003584891767188936,0.011599741085364742,0.003911775808504277,0.010056116699730307,0.0017569922102499966,0.006839396533400238,0.0018168435333033527
1628.3,0.013414031859888733,0.0030526494182514016,0.009518562238934051,0.003311896240068361,0.008884313508772038,0.00169729656232097,0.0057280513799442745,0.0017507145602541371
1629.85,0.012303571464552734,0.0032693384052916888,0.008476051709405227,0.0035603147474759524,0.008148785722613737,0.001645591590009384,0.0050845882185008824,0.0016902956055087296
1631.4,0.012042174787015166,0.0033435524958282986,0.008377663260265485,0.0036381742417864976,0.006697874931297885,0.0014638443805997225,0.0036684270047233915,0.00148129711119606
1632.95,0.009475152386606994,0.003353828267995336,0.005744152682850811,0.0035701422838209746,0.005828111890267632,0.0014862201857700115,0.002878568382115714,0.001546196577957067
1634.5,0.007459252322612665,0.0034439527550720692,0.003919123803179665,0.003326601135002916,0.004757869198765108,0.001640269893461954,0.0019367610844176326,0.0016452457455387386
1636.05,0.002273857463413559,0.0029167996666589376,0.0006421354711094066,0.0016897663410932234,0.004886937728570942,0.0016491662486672707,0.002217621873217451,0.0016094549940597563
1637.6,0.009012146785449645,0.0042042939231068535,0.005822049855680339,0.004469238987974959,0.003909701257408902,0.0014466435778925544,0.0013717684715857986,0.0013484200236719718
1639.15,0.00739661630274955,0.0032958127869049027,0.004283545678369778,0.0033677030929015013,0.0015089162624350619,0.0012500417112975542,0.00015072534947885307,0.00044188228168195597
1640.7,0.003143524593932293,0.002756718511480396,0.0009620644779988048,0.0019305877822832973,0.0010012333666285012,0.0009858768255754735,3.969371569097946e-05,0.00019550018017451426
1642.25,0.001834088344124189,0.002234016714216969,0.0004009435192488203,0.001027701098672497,3.577450124216913e-05,0.0002151634457926442,0.0,0.0
1643.8,0.0020534579531326065,0.002441011151842521,0.0005903008754523561,0.0013427887588355785,1.4229668867526389e-05,7.610503050222884e-05,0.0,0.0
1645.35,0.0007874245492558402,0.001598974240024785,0.00017365252924940228,0.0006419445577284735,2.3491752560330102e-05,0.00023491752560330116,3.802409115595438e-06,3.8024091155954394e-05
1646.9,0.00017728636071056062,0.0007494363125017442,2.74362419509716e-05,0.00019353965582335412,2.824832021737149e-06,2.824832021737149e-05,0.0,0.0
1648.45,0.000626738161507778,0.0014231372721997633,0.00017005318782180532,0.0007016076245967053,0.0,0.0,0.0,0.0
1650.0,0.0018895232597252068,0.002410063825676058,0.0007944378782977682,0.0015405779454084933,3.6495336146379125e-06,3.6495336146379194e-05,0.0,0.0
1651.55,0.00029563656194505337,0.0010546142425813569,7.916166504964102e-05,0.0005926561785456219,8.412007463068719e-06,5.949115388808303e-05,0.0,0.0
1653.1,0.00011607062143486708,0.0007119258914905131,4.651893720097229e-05,0.0003667496255056631,1.3165550988496528e-05,7.299937644903144e-05,0.0,0.0
1654.65,0.004841093162402941,0.003496685311388598,0.0033021844718172312,0.003313900713863281,1.2600212784439485e-05,7.805066963645905e-05,0.0,0.0
1656.2,0.0002509979542524508,0.0007348830671894445,3.357746552088063e-05,0.0003012689620442404,3.457765267737756e-05,0.00024096054536928906,5.953357877448322e-06,4.274720177048196e-05
1657.75,0.001843658429688585,0.002143807367466667,0.0008747720569617267,0.001600227625902022,0.00014223890260939179,0.00048447310660370885,2.8496628472071988e-05,0.0002431825531731561
1659.3,0.0016977325867807884,0.0020516878839925484,0.0008057302661857307,0.0014724249297311837,0.0005765528833966816,0.0007336719464426431,0.00014633091955297423,0.0003210668916028514
1660.85,0.0029949089395599833,0.002807291095831616,0.0018701742881190168,0.0025297687918699597,0.0001291414753023895,0.00034798266795418214,1.3495858840455974e-05,0.00010174738653665288
1662.4,0.0019740137070009293,0.0024088971669023436,0.0011670637132951745,0.001985229287878898,1.738109332949127e-06,1.738109332949128e-05,0.0,0.0
1663.95,0.0008206255899510077,0.001539595131426742,0.0003931984436713016,0.0010625594851473592,0.00015976860735096877,0.00039719617656325696,4.058623441964325e-05,0.00017237697068823573
1665.5,0.003506111561363519,0.0028415809464016444,0.0026127547193731853,0.0027020736324002287,0.0003606370570033784,0.0006692224471912942,0.00016499952350181323,0.0004523476600348848
1667.05,0.0015091699465106534,0.002320684695249776,0.000989926490549796,0.002048029994201294,0.00028530431731787126,0.0005381855094547149,0.00012009360625559818,0.00032951477121615777
1668.6,0.0013844755471753684,0.0023046458311018567,0.0009644971955544425,0.0021327502778783303,0.00036108517594468024,0.00067211221620618,0.00018662998408503674,0.0005078095949299627
1670.15,0.0008834519617329546,0.0016282793295718434,0.0005126039649563633,0.0013467251150561608,0.0011866970577405947,0.0013096083882166542,0.0009357636389143349,0.0012532832731907539
1671.7,0.00281690082382928,0.002676817923514088,0.002297340606581344,0.002591253091557033,0.000310728708677485,0.0006726499317712644,0.00019450391873582527,0.0005721856923058736
1673.25,0.00513512578125388,0.003423218458050888,0.004740948133003644,0.003585768631512779,0.0004588094989920124,0.0006866420954718002,0.0003171679060209691,0.0006326327146216831
1674.8,0.006219000573665887,0.0032592109315482697,0.006011487581129533,0.003442278215571253,0.0017990549073461668,0.001160026704158445,0.0016919602711683468,0.001201178739621344
1676.35,0.0014322363589723264,0.0019374094921474317,0.001126652614170368,0.001782696906607216,0.0020625317563666636,0.001133865079324301,0.002039850074853097,0.0011916244289746393
1677.9,0.0025179910767376156,0.002486334736156019,0.002196622080395667,0.0024503031152365022,0.0016565574041212902,0.0009636324013870306,0.0016699904173675428,0.0010248552571409573
1679.45,0.005933690127580323,0.0029481558935779343,0.005916219321549677,0.0031167853102612194,0.0013985816655932468,0.0009006924340124672,0.0014552428248936075,0.0009566334211583245
1681.0,0.004129809048075091,0.002881846076381874,0.0040533238165354245,0.002996267476935494,0.0013899540535585223,0.0009606938615449239,0.0015047902368290314,0.001025066452544358
1682.55,0.0036641682089900048,0.0029439745924185897,0.0035926679741639404,0.0030779920704917946,0.001433449849251601,0.0009610015240828837,0.0016099867492681186,0.0010491893637410055
1684.1,0.006221928441982585,0.0035875831727087207,0.006491834841061783,0.003816967424167353,0.0009792009429323253,0.0009394333229634667,0.0011683839525497976,0.0010524972421619345
1685.65,0.006949252409151084,0.0034872341984706077,0.007348386073512604,0.003777027568839434,0.002555664137498214,0.00125293124006008,0.0029325593240229013,0.001354666264611749
1687.2,0.0059487682007616435,0.0036706809875248153,0.006292280200064001,0.0039732631631509965,0.0024969138388014718,0.001291277401249592,0.0029195679727169505,0.0014198466613604959
1688.75,0.0036822028347368364,0.0031833625555101456,0.003881986427116739,0.0033329542704991005,0.0012346442046495,0.0010920611283477212,0.0015934798245044043,0.0012198484807737031
1690.3,0.003822365780742013,0.0028533881272161214,0.004055125042575889,0.0030541893282493406,0.000851379362033712,0.0010299802325742973,0.0012222492197848584,0.0011445505073576668
1691.85,0.0030018738809251067,0.002735151351910781,0.0032302476321351263,0.0029428540546797906,0.0014966027987038499,0.0010665987609384594,0.001963796675075358,0.0011886907092419632
1693.4,0.0006865408349753694,0.0011964212912577291,0.0007906021395660138,0.0012613714548863069,0.0016612743806913674,0.0010792868719980031,0.0021824890650763333,0.0011852877805273673
1694.95,0.001375959736131248,0.0014034167840087336,0.0015481776519004889,0.0015335446526797275,0.002388983023917339,0.0010495736460570898,0.0030113166744708004,0.001151068650626452
1696.5,0.0027062611219782757,0.0018724096198080113,0.0029982053970055854,0.00205329320728443,0.002684504273487275,0.0010227376453253079,0.003367415783537991,0.0011292987252669328
1698.05,0.0026248111805420317,0.0022229785543147976,0.0029460947848978956,0.0024235950001560824,0.0018591198617782462,0.0010479549122101469,0.0025015890532995556,0.001154477149407538
1699.6,0.004335427435312233,0.002892994896362215,0.004890772911021301,0.0030961248565811723,0.001462607023369429,0.0009591759940074445,0.0020994848820119994,0.001078727698686019
1701.15,0.003750758919276988,0.003007230165397043,0.004284764037226019,0.0032362495978944155,0.0017942705845508796,0.0011008152458951608,0.002487181729336241,0.0012265157062406166
1702.7,0.0005578740428315197,0.0011035181484687006,0.000839377782448158,0.0012300767161861508,0.0025254187778029676,0.0010567091951813538,0.0033080774780382795,0.001127291712640068
1704.25,0.0007558674080308571,0.0012662824871523353,0.0010554309222150352,0.0014744613983910494,0.001716369564233025,0.0009524777950768489,0.002450099742343025,0.0010282133032530002
1705.8,0.0015345265830709251,0.002545253528465422,0.0019020521616141639,0.002683484146749012,0.0009619732581270222,0.0008486586767680285,0.0016493567141470558,0.0009554905758029424
1707.35,0.006955776440231062,0.0035568614517189523,0.007958256056879403,0.003787726368904318,0.0018529634117579522,0.0010492333685449265,0.002637709012679727,0.00113606230692826
1708.9,0.009567738502257452,0.003292734207655763,0.010915328903436234,0.003478556341989969,0.001466056051890603,0.0009503420105581358,0.0022327828549953774,0.0010550253775408417
1710.45,0.009368261009645922,0.0033286189838162895,0.010711196377347293,0.0035201627540741723,0.0016975163144443178,0.0009450236184238,0.002498872397364231,0.0010434929866414305
1712.0,0.0074059276918118045,0.002891827235828563,0.008528763926212489,0.003068431006363429,0.002097689920925005,0.0009239911293752002,0.0029468913590254093,0.0009945295205088301
1713.55,0.004595275620749808,0.002476016160121065,0.005390896854966538,0.0026733930251620283,0.0021478007858980767,0.0008780385907761333,0.003012005313366264,0.0009417097670619048
1715.1,0.004811340573310302,0.00271613055890149,0.005647851588589744,0.002859562796432961,0.002569540351684101,0.0010268310576854245,0.003479620354782819,0.0011048285258174505
1716.65,0.004846275299621003,0.0026522322924856187,0.0056918983986285485,0.0028053374170241905,0.002715244323795778,0.0011013233808957743,0.0036456640818200827,0.0011866585276431429
1718.2,0.0019746068270437,0.0018974779182583082,0.0024996955090030052,0.0021454680347264945,0.0018862126076601047,0.0009887474943061439,0.002749557374031471,0.0011075638501799525
1719.75,0.004729964999465978,0.0034392149192786162,0.0055838173586396115,0.0037104043040078797,0.0018585160816964282,0.0011748608331706102,0.002722722218493813,0.001330834353987364
1721.3,0.003337392043326409,0.002519009284099418,0.004023093636062524,0.0027651907307420062,0.0011589122018670684,0.0009358612133028134,0.001963553442844751,0.0010941929143320744
1722.85,0.004181787239011673,0.00314191884956655,0.00497370679006424,0.0033931959303590232,0.0009738643863000772,0.0009312413893631149,0.001762769273798597,0.0011038877290146438
1724.4,0.0028596745013116567,0.002807454858950025,0.003495105775193205,0.003098531426607679,0.001593120213047888,0.0009627168647748401,0.0024346144023843826,0.0011163183362970217
1725.95,0.004183601200782951,0.0029342986418958586,0.004980420013868055,0.0032873213049976176,0.0024808693353938777,0.001113990612493193,0.0033961832599808616,0.0012259136513664102
1727.5,0.0071804915913271025,0.003157649268716271,0.008322083223540652,0.0034382145320066802,0.0037310337399017322,0.001117998065500521,0.004751582465821182,0.001202324714248513
1729.05,0.0072534221653548945,0.002897377861873794,0.008403633334010662,0.0031356667662767596,0.004031458726461483,0.001012355993003185,0.005073236790006994,0.0011301033580031928
1730.6,0.006097179098980221,0.0027198632107157043,0.007095480677974401,0.002913972289974425,0.0039203454980764555,0.0010077431661612783,0.004945517053920445,0.001106473128856127
1732.15,0.007807286601061767,0.0030081973659438865,0.009003856912395655,0.003148170925953013,0.004261526402262492,0.0009326574623138045,0.0053078929320183625,0.0010207641136062745
1733.7,0.006029110290759454,0.0022566450630852304,0.006999163679322812,0.002328831716750102,0.004622368039975919,0.0009790652518031477,0.0056903796126784,0.0010521598347828685
1735.25,0.004515745990600859,0.0024004594951797516,0.005291715551729195,0.002582745839950033,0.0035029395222468318,0.0011027102125381995,0.004461666741651486,0.0011673571092482165
1736.8,0.00811224207354439,0.0027650691416831446,0.009309465380900002,0.002899741372275757,0.002938928427698493,0.0010614988730495193,0.0038367698007789313,0.0011428408175146335
1738.35,0.005058466198096722,0.0025471555184393324,0.005878927668973969,0.002773085426362338,0.004849911284430562,0.0011895552388352822,0.005902663355618102,0.001268991473312632
1739.9,0.006344871308859883,0.0028681240643388694,0.007297637083200773,0.003114556169348603,0.0034959272625216015,0.001052885234470958,0.004416306760631793,0.0011737579731973514
1741.45,0.0058993406219769165,0.0027582174231528577,0.006781758280630822,0.0030495112313664603,0.004995368738646623,0.001294422485298499,0.006031823369345317,0.0014057262006059916
1743.0,0.006409496427243267,0.0034899180428030244,0.0073337134418815795,0.0037559499596552387,0.004049232979456927,0.001261943821522222,0.004986701504453726,0.0013976242275169004
1744.55,0.0067749411821289175,0.0028078203172178626,0.007724214571189183,0.0030145622450125087,0.0039396852690296675,0.0009929627189566913,0.004849535442113395,0.0010908431690189464
1746.1,0.006809992030042987,0.002649967358228764,0.007744313026400594,0.0028531420618827046,0.00399874255450122,0.0011217216696743897,0.00489543127088617,0.001245969311126554
1747.65,0.007965989221648331,0.0027976569264402365,0.009017997048631227,0.0029528985209046218,0.005133516580738681,0.0011650124583080339,0.006112218514769055,0.0012729398095166194
1749.2,0.006992309664711244,0.0026174370212982256,0.007902741919109963,0.0027832132393639185,0.005211757595323758,0.001065170258018679,0.006177936060548637,0.001185857191814641
1750.75,0.007453080514744261,0.002900842440336254,0.00839826533026973,0.0030759356735646404,0.004598323275372919,0.0010162935974794938,0.0054897329690096665,0.0011443415276209412
1752.3,0.007482304824711317,0.002701179280341782,0.008409293670196272,0.002876619021159037,0.005334246513906692,0.0010658083558998692,0.0062689625491801374,0.0011770923542526335
1753.85,0.007885796626532646,0.0027962374393176812,0.008835467056720439,0.0030041653629660245,0.005803177222147348,0.0010092439846373015,0.006757652674068558,0.0011369833395231549
1755.4,0.008916187912847293,0.0028522025614153667,0.009963308765477321,0.003003448910266658,0.005335067022632775,0.0010033327846841788,0.006225867235582054,0.0011258398299424939
1756.95,0.00730657623430552,0.0028588942363526816,0.00813382330833916,0.0031118784487163278,0.005818877826801295,0.0012738096251913916,0.0067291352780612206,0.0013856625286352532
1758.5,0.0063348816600242545,0.002626259652647007,0.007019040245579405,0.002967113346731794,0.005714096587439671,0.0011526793483980242,0.006590905700206321,0.0012514031760855837
1760.05,0.009244308371461426,0.003144289458426069,0.010255065323325955,0.003530101612231933,0.006152329828504534,0.0013398914987708668,0.00704313889330786,0.0014599716824710452
1761.6,0.004453724869446354,0.00259638826867309,0.004904245938816743,0.002865341873481778,0.006252128849203858,0.0010984315690537258,0.007127048231410586,0.0012255852473726586
1763.15,0.011498409201678727,0.003258349030173927,0.012721382949038445,0.003527577417696886,0.006628868292084453,0.0012812325975750328,0.007511040864056609,0.001405696374370109
1764.7,0.008587793830719576,0.003750241898713469,0.00943756922637767,0.0041433357897264185,0.006825035681537575,0.0013501257492343057,0.007700460155098729,0.0014855940922855935
1766.25,0.014588250142362766,0.0035470832100736207,0.01612609943494831,0.003767841996489254,0.005441126386152957,0.0012480087777556996,0.006167474706198588,0.0013783069752126187
1767.8,0.013736809408441054,0.003124711620443695,0.015142636391126802,0.003314258974886202,0.005539988563049943,0.0011253693183652885,0.0062476366532385206,0.0012064755273594688
1769.35,0.011819559899298743,0.0032042916076811556,0.012955585817619212,0.003439651010630796,0.0060762163491230835,0.0010975744693268255,0.006804867214498518,0.001187027887528491
1770.9,0.012388979591718568,0.0032898612220717176,0.013565944909018312,0.003467621303715306,0.006146552220456862,0.000987122134747384,0.006854835889587677,0.001075829300836356
1772.45,0.011827234198292036,0.0028687152315357116,0.012904120324600907,0.0029642164230508665,0.006304232412393978,0.0009009836091808369,0.0069991092432732495,0.0009937716213456265
1774.0,0.010135184926214397,0.0025547419926600446,0.010973184882675575,0.002671612080163898,0.007147856113798007,0.0009812530333214665,0.00788946451811984,0.0010883678787559027
1775.55,0.011439753165249571,0.0027362933451214096,0.012408201420438511,0.0028956695965973614,0.007455385152492482,0.001008034011407885,0.008196156285351948,0.0011001697353337006
1777.1,0.011746005801881216,0.00270344510772276,0.012723629359128897,0.0029153595159382285,0.006551134748930276,0.0010257582184629841,0.0071842044969876,0.001106579537512281
1778.65,0.007659778116697973,0.0028521854821368284,0.008118991822500981,0.003218055463382941,0.00640064674441568,0.000954935189387154,0.006993189252816354,0.00107586064372273
1780.2,0.012588056641228449,0.0033634210932850014,0.013604226831196727,0.003613719160838905,0.007454124277453006,0.0012460679379352733,0.008111037923975188,0.001385166629106891
1781.75,0.010758463790949963,0.0033412506939362874,0.011516877888764982,0.003666090868574344,0.006373601809400637,0.0011081384726121476,0.0069062776135955595,0.0012175034692502632
1783.3,0.007459975129655228,0.002982144546289561,0.007794333151944247,0.003347279106053962,0.006482914602506828,0.0012138367876610363,0.006998164540776116,0.0013220728845731264
1784.85,0.01104119235316604,0.003721228448516683,0.011781366543540677,0.004002543883906464,0.006408704578226938,0.0012483215136703855,0.006889198813619727,0.0013574487046947258
1786.4,0.01318886655353664,0.003540744998266154,0.014152282353808839,0.003890643390650754,0.007831486909231534,0.0011969438452792672,0.008408165756844457,0.0013016575701716507
1787.95,0.013128539973337218,0.0028848164497836362,0.014054156493093035,0.003124934740678405,0.007495808437935126,0.001278639540060685,0.008014684369930527,0.0013883821075898251
1789.5,0.011700098413651723,0.0026622608422682227,0.012418318463238851,0.002888364983328215,0.007547539583705317,0.0013144613665509817,0.008043393072503386,0.0014206120275501353
1791.05,0.00917149155312854,0.0025287869248303467,0.00955014388211563,0.002895583502330383,0.006371759998893897,0.001000386592993666,0.006736013599048898,0.0010749366313724117
1792.6,0.009709611803367203,0.0027341309226671397,0.010123397176602232,0.0031138540321005975,0.006503913173489409,0.0010840568193968576,0.006852329609256535,0.0011423604188651611
1794.15,0.00918408435696099,0.0024216066261920984,0.009498944208930384,0.002697763074367902,0.007661672077404414,0.0012099501749276223,0.008084487850804538,0.001293978014774428
1795.7,0.010566444608114671,0.002443586751939366,0.011017134370499752,0.002628113632956043,0.00701449723306527,0.0010473393979990085,0.00735267782302665,0.0011543028057556975
1797.25,0.011847479938114873,0.002487876624732204,0.01242436128678276,0.0026679690883605047,0.0055685652202000155,0.0008492270725872647,0.005751650481266342,0.0009350366111781917
1798.8,0.009428692339770964,0.0025373660579361803,0.009678647273888962,0.00277600784238311,0.005676650752649889,0.000990991401778996,0.005841585553604233,0.0010686412022799054
1800.35,0.010406877202783403,0.0030092489949025522,0.0107441642539237,0.0032413843760080415,0.006286410634289609,0.001001664221458739,0.006477086426333474,0.0010946939449890509
1801.9,0.013481247408544917,0.003466014249974472,0.01416073154015722,0.003704435063927248,0.006612741570140737,0.0010138978805904171,0.006805580949814966,0.0011119745774738562
1803.45,0.009929524340107031,0.003058812998446425,0.010149342113898532,0.0032724435333302358,0.0056440356803112,0.0010639705583815218,0.005724808025717667,0.0011378265236231064
1805.0,0.004108469031102555,0.0027185792934050095,0.0036945595483194875,0.0029136869132812705,0.00656625576488315,0.001297238798411607,0.006702302330665841,0.0014253549571305291
1806.55,0.010124702024023512,0.0035144372267006253,0.010299161257217262,0.003818829243924164,0.007281800099541276,0.0013722035383233122,0.007454300891534637,0.0014824680335877442
1808.1,0.004768928160038332,0.003093096744422112,0.0043659952365793595,0.0033509341578864395,0.007511565153363551,0.001334636284929147,0.007678489393251591,0.0014674171132630855
1809.65,0.008363459640063069,0.0028230458716301744,0.008269148321583911,0.003128357834639375,0.007341588862390244,0.0012911217060508377,0.007467889161681429,0.0013987057394796265
1811.2,0.00861127733780109,0.002932492408877956,0.008514301711590988,0.003141546715293199,0.007909739278813997,0.0012043370689850917,0.008059932748986144,0.0013398325961286458
1812.75,0.006812790601189389,0.002762750731141531,0.00649269356094731,0.0029469096697561877,0.0056072034329121235,0.00110669428365689,0.005530430318149443,0.0012139202960302943
1814.3,0.005580140638670974,0.0023230621905633254,0.0050837842130380005,0.002463148882469668,0.004041309696897719,0.0010638845411419203,0.003803089099838092,0.0011590206816370675
1815.85,0.004316578625989862,0.0021866219635216433,0.0036664741871829825,0.0023302015678117204,0.004060570056655675,0.0011304974040637103,0.0037995683416797705,0.001209132522174526
1817.4,0.005702283361363213,0.002321334584395136,0.005170135237510294,0.002469141817595154,0.004278039159158197,0.0009644501530094727,0.0040116661267676264,0.001033365137030264
1818.95,0.009104455824644496,0.002501472131206532,0.008928373545133012,0.00260080097196083,0.004245075812946032,0.0009324349337103739,0.003951451168530447,0.0010080310902832192
1820.5,0.010709466869380267,0.00283681261229007,0.010697236357553484,0.002978477946501454,0.004930399335172025,0.0010630181137928551,0.0046743574712725935,0.0011561682709121993
1822.05,0.011118600910215149,0.0029159639037503703,0.01113349146978083,0.003112136381016517,0.005727149995292192,0.0011716297033017057,0.005519429532922052,0.0012782223757072436
1823.6,0.010623649710734007,0.003118222557442269,0.010555048021101132,0.003345097920551529,0.0053964358633526695,0.0012287072047215998,0.0051379317934164845,0.0013296330920626895
1825.15,0.006379071872919324,0.0023722789502328375,0.005775374187519634,0.002555228906776713,0.004557433257293188,0.0012140230108250078,0.0042030545882308906,0.0012939895575988757
1826.7,0.005184449585722121,0.0027666963446652156,0.004445267776559118,0.002932680507000674,0.0038235171402564772,0.001137452193407543,0.0033833009921325954,0.0012611590569290342
1828.25,0.001251183633308943,0.001824416251799138,0.000716833903028035,0.0015740767970267833,0.003143567954114719,0.0011706150927024825,0.0026227551792023245,0.0012639502225511522
1829.8,0.005381100281768954,0.0028143837165176735,0.004644353789114078,0.002988721008598386,0.003460841865905127,0.0011675728370008234,0.0029497241072447777,0.001242214175161108
1831.35,0.007144679872101497,0.0034760086068345007,0.006561087800783302,0.003766979915663074,0.002837895362667225,0.0012032847627979357,0.0022546695967898996,0.001254408956836328
1832.9,0.008380777330502217,0.003217787011163674,0.007892088588649397,0.0035213970652951047,0.002622007017998585,0.001232909377115252,0.0020288030506517177,0.001275793332915605
1834.45,0.009063997772420231,0.0031562328904831388,0.008632492945860881,0.0033910131586399085,0.003438606600799234,0.001097321527784782,0.0028634487655339125,0.0011724043858132554
1836.0,0.006274679617572196,0.0023875424549195125,0.005487715858819861,0.002642336737311693,0.00392389204408098,0.001090091447829712,0.0033713862582734444,0.0011856599745676496
1837.55,0.009030047824571463,0.002836215251697704,0.008555301174479099,0.003067318591386339,0.00316985112663337,0.001012217519453753,0.0025331202880414733,0.0010928392293846712
1839.1,0.003919184942668304,0.0022980168235036762,0.002971556240245849,0.0023004564308718284,0.0035834427054133454,0.0009082369741904351,0.0029649026349228076,0.0009893452958362376
1840.65,0.005815455714684876,0.0025023480550490627,0.004912982150026041,0.0027090907145089172,0.003612629749436948,0.0010306295684420139,0.002979185556152249,0.0011048868516262483
1842.2,0.00924240940710384,0.0028787758971646348,0.008726698361125664,0.0030964793894512244,0.0032722479649520708,0.0008359252326138438,0.0025914783556188386,0.0008742657407597628
1843.75,0.006615392914682194,0.002513135873089736,0.005772110756410696,0.002692043957341105,0.004254363570030018,0.0009200725399100091,0.003644480663906492,0.000992171326009398
1845.3,0.005551982600377503,0.0021399132795422607,0.0045613353942103455,0.002275229571964859,0.0047501711215042755,0.0011160424118883663,0.004168484606239132,0.0012296989948437143
1846.85,0.007936795887690277,0.0025103643758246906,0.007204418037320792,0.0027037897916037026,0.0045537330779880985,0.0010167631857192752,0.0039388950031728,0.0011168847105574133
1848.4,0.007363071330410637,0.0025985133910956075,0.006562865698832486,0.002788588441290376,0.00478392068453845,0.0010921633600933162,0.004174974768470157,0.001184900333983328
1849.95,0.0055686567172299264,0.00214402487241799,0.004522417819451065,0.002359064123028337,0.003956900973049246,0.0010013941266470644,0.0032620144530026503,0.0011136922551204735
1851.5,0.006244014060631229,0.0023486619264487326,0.005285766395607753,0.002505823155707574,0.004249003483477558,0.0010994167107638076,0.0035657902158625176,0.0012319621858291388
1853.05,0.009774079390303782,0.0028367233263694165,0.00920315066598747,0.003077130057621104,0.005039771201777526,0.0010869825163808053,0.00441194230919344,0.0012007172996972757
1854.6,0.007084248575473791,0.0028023016999321783,0.006197553873440744,0.0030598860370962167,0.0048960466309040645,0.001095404481549401,0.004243757567952191,0.0011840601624279498
1856.15,0.006727393134625536,0.0032388016155368814,0.005810647382376022,0.0035109440712529265,0.00477237023115707,0.0010114286978217867,0.004097297413803609,0.001100659348059521
1857.7,0.009199982083028337,0.0035411435871921626,0.008524183146991106,0.0038490588693858995,0.0033874827420111602,0.0014326522185757673,0.0026165054900744223,0.0014830018213010559
1859.25,0.005931490270115506,0.002767955554408748,0.00487635421160794,0.002969881719098255,0.0037464856563050337,0.0010725519184539335,0.00295825338756788,0.001178050993438909
1860.8,0.007903843437220363,0.002828799570671777,0.007030124125308636,0.0031547021441661886,0.004460530835850875,0.0010121376440453498,0.0037241305091079546,0.0010682364185556016
1862.35,0.011206029235708547,0.0029431604818042152,0.010716583355449257,0.003207139857182425,0.005202828553152329,0.001138548171785581,0.0045229550943997245,0.001226970436227777
1863.9,0.009277422869869174,0.0027943650049018433,0.008545190815906226,0.003110811435653032,0.004966302537245913,0.0011411317952574455,0.004255973081676806,0.001262536774803284
1865.45,0.008364886729862771,0.002368898312992544,0.007511898393833186,0.002638503317096411,0.004993217458165087,0.000991046292351149,0.004276207075821257,0.0010762499032855755
1867.0,0.009198768313750043,0.0025282490204539695,0.008438378437805602,0.002774734348340952,0.005346303168036617,0.0010116424214206873,0.00465251626294333,0.0011214525781559463
1868.55,0.008442776441546077,0.002822494027135249,0.007584037258238182,0.003083904062126321,0.0061356727397897486,0.0009792470502870923,0.005502752979336664,0.0010904371567813879
1870.1,0.00902873893170346,0.002443246634460476,0.00822501762223891,0.002648611027635923,0.005332371327655723,0.0008177142178858868,0.0046213255773109915,0.0009011907281211228
1871.65,0.008734079791416117,0.0026688951611485642,0.007886051478226984,0.002859085300979224,0.00487198389318092,0.0008872317505040831,0.004114366415984474,0.0009505146910020364
1873.2,0.0071307958260869,0.0025943714302861225,0.006101945600237928,0.002796565199535426,0.00517023084381411,0.000896516182695915,0.004433607673275965,0.0009744669604935805
1874.75,0.009530860737808783,0.0026721104061508743,0.008782681648900021,0.00295421893336951,0.0057716855053278095,0.0010361370339095116,0.00508292610592375,0.0011359571942842685
1876.3,0.012976408142436634,0.002798672585946651,0.012625378779395117,0.0030510380738380787,0.005779062698614914,0.001004387146502872,0.005085723402739371,0.0011024400508461139
1877.85,0.010882683456652643,0.002888797460447726,0.010274253261721595,0.003175756255361214,0.004366175798992691,0.0009431133189976041,0.0035440225144164434,0.0010687861909053679
1879.4,0.009225923133241533,0.0025481224859051272,0.008410795177037588,0.0028256637027556882,0.005084698155825732,0.0009526007102944671,0.004321609215898022,0.001051902775898615
1880.95,0.00991741173712438,0.003037278361234349,0.0091809291346831,0.0034288547416197347,0.004591808378423072,0.0009938266402006017,0.0037820242273795724,0.0010870956901463508
1882.5,0.007056446258895277,0.0030938469928747975,0.006035207053616326,0.003322645387331075,0.005104720952643768,0.0011152239793223598,0.0043379889710730285,0.0011916454431762846
1884.05,0.006710114650086214,0.002884015470787711,0.005630641183557419,0.003118320424291087,0.006012277701694587,0.0012577349979265857,0.005322511892678896,0.0013916558335367068
1885.6,0.010937089678583584,0.003545585486491328,0.010317459154049993,0.003879473796275921,0.006562896094713797,0.001372139124396101,0.005920297318386483,0.0014916968018113094
1887.15,0.013767621314274921,0.0037945471472721377,0.013489117586035744,0.004252879778964742,0.004457398921343919,0.0012082408338229252,0.003629174783734436,0.0012950747021403166
1888.7,0.009475713238728253,0.003342784315768342,0.008675251884442223,0.0036331682353169404,0.0053298206629018175,0.0013629678577665358,0.00457927455633712,0.0014873576752797938
1890.25,0.00768500353533553,0.003430445191993426,0.006735546290835852,0.0036577541026051696,0.004154104288068881,0.001039242189064521,0.0032995905195106288,0.0011515362559628031
1891.8,0.010636686443077034,0.0028288406653463063,0.009974383766002775,0.0031211469193406986,0.004974691986214674,0.001135226670850384,0.004193214438523599,0.0011989743146061803
1893.35,0.010447721440903718,0.002481388022939648,0.009767997171090545,0.002770305196822928,0.004354526283625815,0.0008835293336406694,0.0035203214289790774,0.0009292262604664723
1894.9,0.012648800426310431,0.0030528682000232677,0.012236438715453567,0.0033770531438624624,0.004082035662988422,0.0012474202294452622,0.003233205581317219,0.0013358276834074133
1896.45,0.011334591385534037,0.002578505300463651,0.010761611083855175,0.002891253315891281,0.0037431488398327055,0.0010084729744749322,0.0028639412083041192,0.0010690565618029434
1898.0,0.005538907145535009,0.00203782855833223,0.004295094334526363,0.0022408664727862878,0.004792495105430573,0.0009771982234079175,0.004003221839375062,0.0010635154829312515
1899.55,0.005216169829056422,0.0025106835379133134,0.004001612531419158,0.0025746643659185007,0.005860400134815921,0.0010310486570523903,0.0051676876179391415,0.0011264543215140435
1901.1,0.007379093038962468,0.0028252262060995503,0.0064206168879164735,0.0029522931835472984,0.006113790927982882,0.0011328081790525897,0.005447178001881865,0.0012634596229206495
1902.65,0.00830418691860776,0.002234894775099212,0.007385398272203345,0.002526374980245589,0.004696382425913763,0.0009528484361530925,0.0039100935026887725,0.0010872363988992343
1904.2,0.007960204032297741,0.002222727740777605,0.0070009877028506355,0.0024792717858608247,0.0028382130327280404,0.0008657146640098232,0.001894132770945903,0.0009432335272888808
1905.75,0.006570175113937546,0.0020291765062450656,0.005442862785682142,0.0022269692248872036,0.002941404037574104,0.0008439792872302171,0.002018372952652146,0.0008676871297148558
1907.3,0.00540843889824193,0.0022629041276700733,0.004197277801846383,0.0023760235847888967,0.003909065317474433,0.0008639803664830474,0.003069546658084135,0.0009439923313661582
1908.85,0.007289464952011123,0.0025179765713249673,0.006261078607104922,0.0027778492078859335,0.003324671577169867,0.0009325560598631515,0.002443685578444505,0.0010160956437480168
1910.4,0.009208297406721494,0.002890457201756927,0.008423517970176353,0.0031839496860704662,0.003288658423101133,0.0008517045452796536,0.002406980001256556,0.0009547261195097125
1911.95,0.00525738919209971,0.0025597915448067414,0.004067579753586503,0.0027277281062044003,0.003898473573933012,0.0007928087148660953,0.00307636709097591,0.000871221852712621
1913.5,0.007542871625573361,0.0026458297672275126,0.006570549302872656,0.0028863312943432787,0.003605360673078703,0.0009500307056084217,0.0027641904661919376,0.0010163275483191896
1915.05,0.006595289183188244,0.0029297617474676376,0.005560135003292741,0.003154245837359806,0.004569765471414936,0.0011354003937402491,0.003821343894896309,0.00126895580222806
1916.6,0.00466807829313886,0.002739033986359428,0.0035120399129324915,0.0028960618352261644,0.003832572513880145,0.001121058242646496,0.0030285320958859546,0.001189115263618689
1918.15,0.009682147193606445,0.003315117329999965,0.008992830465560602,0.0036596515980326727,0.0030537818167680956,0.001299104652481888,0.002193302999098688,0.0013826428840099294
1919.7,0.004594110908701351,0.0030719677632714765,0.0034907449362375697,0.0031517260834047246,0.003873146626672424,0.0014903933019332117,0.0030901323398289595,0.0016160436834080519
1921.25,0.010456959670106443,0.003221945142702104,0.009880290880384491,0.003597222894672114,0.0030707108774969973,0.0011084080488264617,0.002243530252319336,0.001211734221958572
1922.8,0.010466457305802212,0.003917987234446178,0.00991560737643468,0.004232428265130515,0.0028444622803105372,0.0012320690958966638,0.002004327323811451,0.0013095017125148451
1924.35,0.008904243919278665,0.006208975492323098,0.008326675322596564,0.0066408866596103224,0.003070459429067989,0.0012215073956153447,0.0022442154605412296,0.0013302913031003468
1925.9,0.0034702992881201337,0.0032151217885089322,0.0026032185696099846,0.0029761545693240015,0.0027909296788712033,0.001338899231987357,0.0019939229480364982,0.0013636398558334727
1927.45,0.003548473302829432,0.0026015822137906946,0.002498107554262107,0.00248630346958967,0.0033091937721319393,0.0010846100145093659,0.0025248904277764923,0.0011382955447881203
1929.0,0.006776604634708623,0.002758608844585179,0.005821215163950107,0.002990962334652703,0.0027058385400496295,0.0009496706651034753,0.0018888392362388787,0.0009924371424047224
1930.55,0.007424934301193173,0.003068388521494383,0.006551301092453055,0.003385289264872416,0.0027235345820664203,0.0008657361587686463,0.001911495451165827,0.0009176029974312565
1932.1,0.007498038621100948,0.002859105949213989,0.006651101130422299,0.003085324653749968,0.0037714506666702624,0.0011562861772733538,0.0030594868105619636,0.0012579387064337118
1933.65,0.006106361918868053,0.00248178951024158,0.005113351538863327,0.0026572527276378364,0.002757241554142438,0.000959366071819864,0.0019707564831086435,0.0010168742190792847
1935.2,0.00479964063868056,0.002487956901008868,0.0037141745177410924,0.0025463275500898185,0.0015505495641080361,0.0008091062140384833,0.0007531518368799532,0.0006953095093702789
1936.75,0.008533442097782883,0.003036374589751382,0.007835542896549044,0.0032859072507475666,0.0017663218426476992,0.000896827611625168,0.0009728855513566179,0.0008111985435690621
1938.3,0.007145151627078847,0.0028330992115495482,0.006293726417634697,0.0030676168058944198,0.002879048275684938,0.0009321826629533474,0.0021347122918030535,0.0010022626456163372
1939.85,0.005280394611746402,0.00242306598687607,0.004250479339102097,0.002583078140851695,0.0027278067440074994,0.000968279214252541,0.0019981049546942947,0.0010549550105256075
1941.4,0.0076049988033567726,0.0023719778604242544,0.006840278908714034,0.002593266887082904,0.003070131849958694,0.0007653492315784291,0.00236719899408965,0.0008650713892125948
1942.95,0.008031277230331601,0.0028722690869649138,0.007330863900968656,0.00316446962663296,0.00270078821729081,0.0009130023485669704,0.0019817736119019744,0.000970971389172236
1944.5,0.00696779560706546,0.002968160373865337,0.006156215353737271,0.0032305947728348662,0.001388822049737833,0.0008555985435082245,0.0006901603557980379,0.0007282980492618585
1946.05,0.007886369102237665,0.0035915390637451727,0.007187770007058587,0.003907938456406161,0.001749120121064552,0.0007785399977738621,0.0010017397366536228,0.0007558025328895008
1947.6,0.00903671229797508,0.0034352901527574435,0.008492215561002431,0.003735311582299346,0.002231845511752455,0.0008648497228818624,0.001522873803343586,0.0009090215158055561
1949.15,0.007984698107069694,0.0029277942945197728,0.00733030818313427,0.0032170058122437846,0.0024094262977709057,0.0009227136672869664,0.001714549079926667,0.0010059136805338658
1950.7,0.006027153405990531,0.0024810129513822246,0.005155051536135645,0.0027100101121687197,0.0022827260028119674,0.000965963459880692,0.0015982968322798097,0.0009915436871036532
1952.25,0.004375288282300799,0.00266334316372665,0.003426851321852936,0.002746637654255754,0.0027318395955974336,0.001022573398160344,0.002095655148529774,0.0010959567446094808
1953.8,0.005776168736335059,0.0027454703887480245,0.00492923592492148,0.003000665215997946,0.0035197207642922424,0.0012739479874776963,0.002961091561829031,0.0014062072113371006
1955.35,0.0063660802263392205,0.0029278075454479526,0.0056032565646416685,0.003144860973908052,0.0035834880178236073,0.0011929098951130887,0.003043588618160665,0.001299668060690879
1956.9,0.004556238135831252,0.0024019629677947724,0.003644240148446593,0.002507252547618415,0.0019843107743052093,0.0009671029918466362,0.0013482932961313711,0.000950632951433578
1958.45,0.008540389640373625,0.0038303611707294965,0.008039072730927289,0.004255842150530344,0.0011684398933447498,0.0010034609758691698,0.0006511145296661607,0.0008515373362453655
1960.0,0.009810736775046354,0.003589014053833585,0.00948301512751893,0.003976605769448858,0.0023794255323115548,0.0010049749571100994,0.001798735253393624,0.001040758797191481
1961.55,0.00943291013231009,0.0035287076340077125,0.009071165817841498,0.0038698072564251865,0.002233770929587242,0.0011194120368348212,0.001653172439487842,0.0011607080693402786
1963.1,0.007878678656186884,0.003347703117745096,0.007369396955480862,0.0036048905881791407,0.0025174647641999816,0.00109458287920621,0.001953820011992781,0.0011822707351922459
1964.65,0.010185065821602647,0.003541811546094182,0.009948589718193642,0.003873969653630345,0.0017553333642770128,0.0010134021402018695,0.0012008361335101273,0.0010230927705655534
1966.2,0.004682336124793677,0.003190449260643072,0.003944616625426855,0.0032945654071338906,0.003071469387492402,0.0014579673349873596,0.002580596675408456,0.0015720668678582085
1967.75,0.00803814863122971,0.003262735826304958,0.007584554896282108,0.0035886641941416087,0.0017679940799924488,0.0010755685274492176,0.001232674288043667,0.0010839694645148326
1969.3,0.0041970338687480424,0.0025348788214197954,0.0033985142585534226,0.002599022276294848,0.002941725772089486,0.0011824192503812844,0.0024690469184672935,0.0012900818001595111
1970.85,0.006937443963147217,0.0028530392386563372,0.006380019174935073,0.0031221256161547244,0.0017241582719741957,0.0009259799574520094,0.0011839299261607256,0.0009655228433917135
1972.4,0.005094235047145984,0.0029760363353463137,0.004405021137919638,0.003139814070327386,0.00400451217419594,0.0012546679956546133,0.003650023883822658,0.0013780147665283292
1973.95,0.005653178858254736,0.0024205170705246886,0.004968392141196002,0.002586215853123275,0.003993627463007844,0.0011374132781743782,0.0036521895864344168,0.0012468869576155684
1975.5,0.005326776010864303,0.0025619446839435936,0.004646622255184772,0.002736550714690345,0.003085247408004299,0.0011727776927984925,0.0026768493564594638,0.001250099084753442
1977.05,0.009029035477753333,0.003140423513095159,0.00876873318861594,0.0033931728891781056,0.002802354673990235,0.00101714711184009,0.0023878546550034105,0.0010731587972267254
1978.6,0.006216079267429796,0.002763836407102429,0.0056443198211183375,0.0029858252482485256,0.0023252525724063253,0.0009830068753176053,0.0018876894872256003,0.0010228814413520675
1980.15,0.007819569725652332,0.002942046820747052,0.0074426870956750225,0.0032175276959093895,0.0022249879742500273,0.0009480806192978853,0.0017855616592359668,0.0009975375630975863
1981.7,0.0063440096379832455,0.0024761423848315965,0.005816875668330577,0.0026882758273515162,0.003613462788301884,0.0011982632996485256,0.0033040337618568077,0.0012899922765026925
1983.25,0.005222274401255267,0.0023733054464880757,0.004609628086859111,0.0025363889822800066,0.0025016142099163153,0.0009276238097073112,0.0021110538168128633,0.0010050670485151558
1984.8,0.008166613606278019,0.003027577881064357,0.007878233830507888,0.0033242191415549646,0.002275017510842435,0.0009293938859221378,0.0018811539290209457,0.0009797827612750066
1986.35,0.008125309894266856,0.0030883277777345717,0.007843996456411949,0.0034052967590515923,0.002752538826160438,0.0010136408762841018,0.002407421634476654,0.0011218102100324886
1987.9,0.0070073009686319986,0.0024975401789073884,0.006601226054525491,0.002722924360034905,0.0017901552794634943,0.0009106221804904646,0.0013988291185926937,0.0009547000593433787
1989.45,0.006384763396831838,0.0025616383700329537,0.005915529663679192,0.0027926760108706113,0.0016093174098860618,0.0007605796127067434,0.0012052879743021051,0.0007387333795726744
1991.0,0.0031901208342302706,0.0022055873612808227,0.0024842769765934425,0.0022288414613680354,0.0012416015648218162,0.0007658999118010737,0.0008598194235887268,0.0006870446427663734
1992.55,0.0010231722550010783,0.0015712498725183883,0.0006308852162169474,0.0013046101285769842,0.0014773482137793003,0.0009001945135702611,0.0011190173439480603,0.0008668994156992768
1994.1,0.0023363054427030317,0.0019807062394556537,0.0016743621262147567,0.0018905496015367276,0.0018007765780901916,0.0009335938341356875,0.0014461039815897336,0.000956881945182101
1995.65,0.008519978759244644,0.0029129574875236554,0.008359241807786825,0.0031514704791824953,0.0007707847224683085,0.0007136904272900914,0.00045613124274065416,0.0006187244088646923
1997.2,0.010832166594807078,0.003167892928857498,0.010962352403031807,0.0034170975947187226,0.0008792818278102708,0.0007910377083619139,0.0005678165485658647,0.0007358774390872593
1998.75,0.006132967284653196,0.0024259379823849676,0.005703791131901951,0.002661023714172014,0.0014736616610390967,0.0008746416569800636,0.0011450918522444178,0.0009007743983666693
2000.3,0.0036295175220998764,0.0022803504739885845,0.003008672396393674,0.002393527130554871,0.0016906383633106424,0.0007908037360102967,0.0013702342289626322,0.0008407697533538273
2001.85,0.0045667297925008135,0.0025592054269679256,0.0040242830142801075,0.002703220188360793,0.0021182245420641563,0.0009547711499514028,0.0018370365005601589,0.0010319976769425458
2003.4,0.00732206505928361,0.0028948624728091306,0.007073551559927147,0.003100171520972025,0.002547212548997745,0.0011533158742702415,0.002311954468017108,0.0012365888788158621
2004.95,0.006023006879316922,0.0025857916878592475,0.005622715372347847,0.0028066335637032744,0.002096287058562255,0.0010049065487468486,0.0018393980041654812,0.001052541677017125
2006.5,0.0007792622547669773,0.0013102850237500273,0.00047887907597860907,0.001045940853554345,0.001312721049584402,0.0009062255835348607,0.001032111013692966,0.0009185332362439802
2008.05,0.0034392280344674427,0.00267991377499022,0.0028403635856780567,0.002796116268133465,0.0017810456182870186,0.0009691980373128915,0.0015220711695998073,0.0010047233832563719
2009.6,0.009163770523289842,0.0030381596500209137,0.009169775979244114,0.003281237843467167,0.002064270944853549,0.0009570090007966426,0.0018318419870321661,0.001020213218533411
2011.15,0.0056380985734997115,0.0029455416688091833,0.005263085107272703,0.0031671917808212347,0.0018558227657448298,0.0009207450281634585,0.0016212272949914829,0.0009613631204788334
2012.7,0.009277780790254183,0.003411104969331175,0.009316080425751602,0.003664459346339815,0.002709170675232164,0.0011587147981991165,0.002544380228080398,0.0012358065650683475
2014.25,0.00737520200930172,0.0031461426359679166,0.007193077293579779,0.0033846929123826502,0.002052224655563811,0.0010061039954987266,0.001846211473555152,0.001048335463596897
2015.8,0.0064582954374394095,0.0027676960905523686,0.006165161679516585,0.0029701664518844433,0.001589546819196135,0.001017143198637666,0.0013725766140517822,0.0010551109227452218
2017.35,0.0031133492378420963,0.002843087105870743,0.0026016054347129253,0.0029365241656302077,0.001982534429421967,0.001005908197303971,0.0017855205159885961,0.001052136587933793
2018.9,0.009649631019550348,0.0033401823874339284,0.009751404029473389,0.0036206529626213978,0.0020773524511155834,0.0011016282415727203,0.0018939631036798469,0.0011691070613104328
2020.45,0.0052197379046858335,0.0028726230506209956,0.004858342282800845,0.0030427322163786583,0.0023511682208159908,0.0010907959158990602,0.002201670394550245,0.0011549691281702644
2022.0,0.004795344317515419,0.0029371933439364868,0.0043847485368419675,0.003111331454825909,0.002226683933863652,0.0011285891833452142,0.002070157336783631,0.001200908296357086
2023.55,0.00878045726179742,0.0032914234947989864,0.008790122311278589,0.003589062333337146,0.0022255093683072784,0.0010362497451737783,0.0020762869729038483,0.0010813157017260154
2025.1,0.005426341058680445,0.002682107370487495,0.005077560168864138,0.0028711649479098733,0.0011168053285519394,0.0009560593253234909,0.0009371200109050757,0.0009583495974597753
2026.65,0.005195220991550208,0.0035869012518296595,0.0048321245632309325,0.0038381409626871304,0.0022332260399041772,0.0011520367940948638,0.002090361035733155,0.0012418065854534546
2028.2,0.00789519096995072,0.0036020219205616317,0.0078051990994126704,0.003880749048278263,0.001273567365088333,0.0008826032258920982,0.0010910856632631017,0.000887319295086574
2029.75,0.002974666209080023,0.0028479630463221235,0.0025343204333257443,0.0028057193002577877,0.0009152811709463534,0.0009586873246518729,0.0007503963366287734,0.0009601997170471355
2031.3,0.009095922230448892,0.004068811627567333,0.009146978623450331,0.004411159052174029,0.0007920574218771803,0.0009571676081478042,0.0006662362345225695,0.000924719559459677
2032.85,0.0033486275268274027,0.0031336655411405463,0.002915184240755885,0.0032003336996451366,0.0008568202992204388,0.0008471518120928297,0.0007006894324343889,0.0008132644149512138
2034.4,0.006439136037326335,0.0035817769266513395,0.0061965860474939224,0.0038385212766108155,0.0008077967015705189,0.0009484246806731198,0.0006870784559772451,0.0009295463310844671
2035.95,0.0025104955889169033,0.00253872125072704,0.0020622283190103122,0.0024968994606841583,0.0010707786327295728,0.0010076350642933172,0.0009269817420626175,0.0010034959097042935
2037.5,0.008422830912031795,0.0037796292082588716,0.008388667715901233,0.004065181183253379,0.0006819551427971146,0.0007413244023516477,0.000544319728991045,0.0006932383047557504
2039.05,0.001702800120953085,0.0022068896676498573,0.0013468618065817129,0.00203565242153874,0.0006474088976404129,0.0007832125490365923,0.0005147121210481151,0.0007449404494998562
2040.6,0.007246988367729006,0.0038917927196422137,0.007071875343772837,0.004182607946736231,0.0006552333382056633,0.0007776871393621316,0.000518012382198576,0.0007642760360792653
2042.15,0.007475045200800274,0.003531125809626246,0.0073295545364910385,0.003808002747964522,0.0006542052055531603,0.0007636949228915953,0.0005186396691836424,0.0007251465221345876
2043.7,0.004660056704289876,0.0032388492118010973,0.004259076986519124,0.0033437466111421437,0.0018287512536944528,0.0011544957743731621,0.0016953408600718692,0.0012071638289971058
2045.25,0.0058128543917446715,0.0034158768174138623,0.005474799296207009,0.003650879600133578,0.0013489874295528205,0.0009512450987830349,0.0011954324594843138,0.0009719666431393082
2046.8,0.003781098256786605,0.003007615207536037,0.0033054514693823577,0.0031052542922827974,0.0014052358778638102,0.0010400810013107265,0.0012528745531130356,0.001073987182076308
2048.35,0.0021423042685712232,0.002669915102621137,0.001691863494955135,0.0026412228177331064,0.0012039599292521074,0.0010671982785712842,0.00105823513767618,0.0010817350981282775
2049.9,0.002933042778514754,0.002457972937507602,0.0023722445961771106,0.002464251005817612,0.0011246622050346633,0.001011673657229968,0.0009825613477297572,0.0010218909631817532
2051.45,0.0006286211762714443,0.0014852961019697645,0.00045296959676141487,0.001293168218922967,0.0011389884224840114,0.0008847534596587162,0.0009897847724985034,0.0008762536078588051
2053.0,0.004547107081934843,0.0030554371237192486,0.004038854473617096,0.003240464995814975,0.0006619841426741245,0.000674038852646799,0.0005129255266354246,0.0006465661579868548
2054.55,0.002822513284793571,0.002544344673794779,0.002261987888516849,0.002499531216543707,0.0003048906366507405,0.0004657261735604081,0.00020954190577372126,0.00039378775269252955
2056.1,0.006298667434359272,0.0031049483710359673,0.005936903763557886,0.003359554810437928,0.0009017820920848697,0.0009114271550406365,0.0007358419145325453,0.00090722326597608
2057.65,0.005968135519938363,0.0028442713410353647,0.00556490250584473,0.003035741003373578,0.0009035335989938674,0.0009069955307991275,0.0007458839026932681,0.0008842157856664514
2059.2,0.0019194271707474433,0.0020452386447050858,0.0013941713732270827,0.0019026316946494138,0.0005332882486065912,0.000681395523939712,0.0004187283544773103,0.000613273639753321
2060.75,0.0034183574802755905,0.002537219713590391,0.0028008771133911374,0.002600408012928868,0.0006964060147720568,0.0007265929908523862,0.000534150490692617,0.0006868273409757944
2062.3,0.004703114972677406,0.0029619557503010327,0.0041644037624580885,0.0030743506556119094,0.0013600128172736876,0.0010052935283217659,0.0011881341642147841,0.0010286728441681037
2063.85,0.001967583642603112,0.0020324638149935067,0.0013719334998823212,0.0018555235453424199,0.0007771698666378837,0.0008463982074573055,0.0006215077242330954,0.000788725574208451
2065.4,0.003382838553414647,0.0024924938061000536,0.002717666539062049,0.0024753298199317957,0.0010326123009112074,0.000815975336284948,0.000848032415447319,0.00080506545301566
2066.95,0.00047015679090411705,0.0012173044486899337,0.0002628677338621928,0.0009802327600893562,0.0015947444194400443,0.0010520732626791288,0.0014174991595339386,0.001067886452868307
2068.5,0.00218687100951154,0.0023271803552489807,0.0015720012678351433,0.0022085307595009493,0.0005221176558147866,0.0005909864006682681,0.0003633740323985274,0.0005100565482592526
2070.05,0.005777187035142092,0.0032235114042662963,0.005256838442817579,0.003409844724182886,0.001131931181218284,0.001047240607454865,0.0009454778256130106,0.0010276181595987618
2071.6,0.0018255018654025682,0.001844210031944171,0.001245679605920522,0.001592191613799162,0.0017025232291077211,0.0010911866186564538,0.0015109373463454898,0.0011326728645924022
2073.15,0.0010395831881954039,0.0014453702649107954,0.0005828525079874526,0.0011098267408141045,0.001697325728266684,0.0010076978989282778,0.0015033644576654336,0.0010088352560941127
2074.7,0.006300367475940929,0.002639538647928882,0.005755432528710311,0.00281884481961639,0.002084747884350947,0.0010884555751604235,0.00189938845208401,0.001127918071649008
2076.25,0.005488312687227282,0.0027307699453470065,0.004873146168553884,0.0028040207893626247,0.0018240103757876922,0.0009942135826978226,0.0016176458122810417,0.0010210925330597996
2077.8,0.00499985044840166,0.0031463434273352915,0.0043668650403620585,0.0032051402438555052,0.00030413104192620894,0.0005617477700510501,0.00020356988938423842,0.00046708049987072883
2079.35,0.004787235338300963,0.002690934358590855,0.004054821954882298,0.0027965720129922494,0.00021388578816967826,0.00037711268488191515,0.00010457718810557164,0.00025446366403173196
2080.9,0.005504753138716937,0.0028779357924493053,0.00483428016719341,0.0030316193265597,0.0007968369500645001,0.0007787979080129937,0.000585516593420761,0.000705223338037525
2082.45,0.007400071124278084,0.0031196832791650113,0.006901292492790928,0.0033515461280004305,0.0008088606475983382,0.0007949303532771817,0.0005819936753329563,0.0007160535503555843
2084.0,0.005305835086674705,0.0027301138404617247,0.004556980505599747,0.0028976505566065893,0.0007331337835794398,0.0007400198164589421,0.0005191244328706604,0.0006658523921239842
2085.55,0.0043858330241179945,0.002609395670770209,0.0035736420927033226,0.00267643811752278,0.0016239154679744197,0.000954518646453373,0.0013611736440748451,0.000986437867832906
2087.1,0.005724289382449626,0.002905686723780522,0.004995507947952255,0.0030552444897008362,0.002050828329918501,0.0011682509814014293,0.001811447881374371,0.0012004113737140488
2088.65,0.005346630244107075,0.002544904274885269,0.004561565383678149,0.0027395312673104914,0.0006675808159492551,0.0008376732285847675,0.000459551464269417,0.0007379181559845539
2090.2,0.004793819469658221,0.0025550569212212442,0.003959500807672254,0.002566191273664253,0.0005013206700357252,0.0006768997730376505,0.00030989890023720506,0.0005733292153834274
2091.75,0.006774991459120836,0.002799310076555999,0.006125750107148882,0.0029579592929395286,0.001157802382304286,0.0009266391276865084,0.0008604304383975056,0.0008948660160026462
2093.3,0.005556269292601324,0.002936875197676901,0.0047585090616177935,0.003109562266738498,0.001160098588492433,0.0009918560409390063,0.0008739561934524709,0.000940000415025003
2094.85,0.00860296811478655,0.0033067616827179456,0.008115974680307099,0.003535240147680378,0.001789779106267261,0.0010715331501240889,0.0014823982420250465,0.001089138882914859
2096.4,0.008786775166612658,0.003292650085924573,0.008302189057198737,0.003556489040157422,0.000953777199109191,0.0007830381381821692,0.0006503259423028556,0.0007091566790697452
2097.95,0.010532580752967551,0.003340554799314152,0.010240748793518122,0.0035340183005685647,0.001727136391155733,0.0009546095687033994,0.0014012252902049316,0.0009554964000676768
2099.5,0.0095812702165252,0.0033130340109871963,0.009165262473789071,0.003579999194649941,0.0020164664658031874,0.001018331004154927,0.001692759304505037,0.001046888886876367
2101.05,0.011590691806467988,0.003378725877765515,0.011398007698851395,0.0036133918520727523,0.0018800598770158737,0.0009942417601686785,0.0015431596897627043,0.0010135695333668704
2102.6,0.010174490991711395,0.002848450686173774,0.009801484556019723,0.003096033551943995,0.003227853953566206,0.0012268884696935488,0.0029784398284149693,0.0012862976958871817
2104.15,0.012650726268132191,0.0033244589713197544,0.012562153562731899,0.00361321200358295,0.003580539044696801,0.00106568763500644,0.003352799343878673,0.0011178515048246385
2105.7,0.011325072560213994,0.003180060636547778,0.01106296403212333,0.0034689471133887225,0.0030197322726097852,0.001126920913012152,0.0027363025623632574,0.0011728757668036393
2107.25,0.012457436866634594,0.003073102535668611,0.01231912406272216,0.0033115461258376487,0.003109265866340267,0.001008499044132152,0.0028289655474564783,0.0010467216583810942
2108.8,0.017669992830586113,0.0031601697341664538,0.01815377857598227,0.0034083765845749105,0.003603018017510576,0.001097642985815267,0.0033480908364547004,0.0011645512178670796
2110.35,0.01870394696088197,0.0033325833408751394,0.01930409536005181,0.003611845246009844,0.004221643277571282,0.0010876331909199166,0.004012533948608468,0.0011592302248668882
2111.9,0.021380711979176265,0.003796117472379867,0.022295070452081366,0.00403791864184387,0.005332543190659814,0.0012232893925707468,0.005210982263803423,0.0012812274428399106
2113.45,0.02088922072379775,0.0034617798196318384,0.021731204425046675,0.003650657949373319,0.006260947057045206,0.0011635184920726965,0.0062137085238305086,0.0012249973853316603
2115.0,0.01632494718621576,0.003438855581425829,0.016607901652977562,0.0037569902630486466,0.007229123013840508,0.0010805541346744936,0.007256769358403768,0.0011338610136735457
2116.55,0.023880336144571062,0.003500591943881288,0.0250727588110332,0.003736785486131698,0.008605837617088236,0.0012938343723131324,0.008746869025498545,0.0013720624272015693
2118.1,0.02251099086963738,0.003663952318794701,0.023532954735888185,0.004034639928708552,0.009418847673649691,0.0013774454716476722,0.009623587374453815,0.001475023789745155
2119.65,0.021051295080156383,0.0034929471258051924,0.021888300962396662,0.0038617096935933833,0.010630845892233254,0.0014006784018387054,0.010934024244526486,0.0014973145530691563
2121.2,0.025061783567886145,0.0033499702427371024,0.026377515449002634,0.0036566869692790387,0.010887531483240058,0.0014791928912517341,0.01120464932132167,0.0015934599975795112
2122.75,0.0240626908051786,0.003519304753557546,0.02525538237907797,0.0038442754784761917,0.013423702923319639,0.0013820254415963585,0.013957416175419724,0.0014669334500565733
2124.3,0.026385083581601344,0.0035960916161923936,0.02785472138516516,0.003927836555173593,0.01304917555377908,0.001508476770573379,0.013542920328999009,0.0016219310346038177
2125.85,0.032039376358776996,0.0037718876659233935,0.034194751371910914,0.004057739835657262,0.015178426904593782,0.0013391408496802831,0.015853629019681344,0.0014513843147397909
2127.4,0.03215733649086988,0.00360622620553745,0.034322806414526764,0.003908279807329898,0.015842574190373132,0.0013870902482141232,0.016568423212358362,0.0014902210401655375
2128.95,0.030304991552720727,0.003680085420238131,0.03224456571783098,0.003976644458585419,0.01627252699488723,0.0014679687229295635,0.017031505555352225,0.0015823433474677067
2130.5,0.031267471839628413,0.0037238510603165033,0.033326650406315404,0.004033531663151862,0.01742259369645781,0.0015539183278454672,0.018278609204631553,0.001688493500271395
2132.05,0.02630545059844586,0.004044757470201565,0.027765610535775438,0.004532270836290709,0.018151539459249095,0.001589935095233195,0.01906584233600657,0.0016925464432764453
2133.6,0.02770054843161726,0.0042067361215048,0.029327069372364654,0.00468631915341614,0.016705251359892256,0.0017994882733051434,0.01748922387361066,0.0019738388461733765
2135.15,0.03090922431339347,0.003711491076068591,0.03292330248761491,0.004059286162079716,0.017103001641786665,0.001594563846821047,0.017917871150257104,0.0017205876373043631
2136.7,0.029999463401270826,0.004250780903688582,0.03190407599631038,0.004601252649644438,0.01777190140620517,0.001582954148889789,0.018643756245630003,0.0016928595914232725
2138.25,0.033916861161365205,0.004120886305997293,0.03630071744261778,0.004396022427601796,0.017377557658007275,0.0016655587019510074,0.01821293737595879,0.0018142591486380924
2139.8,0.024292743772146706,0.003749468348359873,0.025521508557733844,0.00419548979020408,0.016707684906035945,0.0013427954714578141,0.017481835533102535,0.0014363689621699014
2141.35,0.027811683097406822,0.0037108540193787243,0.02947178262015716,0.004036470546445217,0.01552086966343004,0.0015146428995824613,0.016189925197164688,0.0016258422271959944
2142.9,0.024779650227684188,0.0036804501962867846,0.026081945913952045,0.0040672146453502415,0.014932626197675958,0.0015384554851603932,0.015550643703901577,0.0016434215557003787
2144.45,0.027506522484535,0.0035354192337180524,0.02914175294723503,0.003764063341238903,0.014840786796476286,0.0015575862981331695,0.015451007562473742,0.001656501349302972
2146.0,0.02342169895408607,0.003376460516304611,0.02456828813709278,0.003627986727377169,0.013427478752698759,0.0013466237917152842,0.013914754700004637,0.0014553050900337414
2147.55,0.025904390553242944,0.0037792295974791346,0.02736086502157832,0.004053645545710106,0.014042914793975783,0.001314926356400816,0.014584750848980336,0.0014101383196303474
2149.1,0.017917720316422206,0.003114878589442633,0.018419093232235326,0.003478172251415065,0.01295244633153009,0.001381947802622197,0.013399986961216406,0.001481115440544285
2150.65,0.013876289990228543,0.0033124252598801737,0.01389180480633702,0.003682351290492355,0.012998771857408007,0.001485949159963805,0.01345173351485303,0.0015762844580110642
2152.2,0.014274587177271864,0.002780721610596115,0.01435120875928541,0.0030430970659464118,0.011109315062674669,0.0013417955227067965,0.011399255397839427,0.001425121824222555
2153.75,0.018055413492006272,0.0031013352165414677,0.018601679966312484,0.0032848712358986946,0.010331114458909189,0.0011732502591699579,0.010555941921360237,0.0012482978392298909
2155.3,0.016520894407705947,0.0026976346805920037,0.016894687308251343,0.0028738876942788335,0.009781894949295,0.0013240591071564257,0.009961728672198356,0.0013845165613084389
2156.85,0.012215414707026109,0.0026505538602667675,0.012079943645309565,0.0028637069096942576,0.00868188878019539,0.0012023210525341239,0.008767900972387825,0.0012528783638248837
2158.4,0.011897382459006345,0.0028559668492726072,0.011735679062267952,0.003110324143449509,0.007106990438054999,0.0010380530312134838,0.007060620394032487,0.0011041245356902983
2159.95,0.008884837185726361,0.0027421028460921613,0.008373755055190958,0.002983034227202472,0.007105802727865322,0.0012665555833733626,0.007063587431265855,0.00133785994061781
2161.5,0.007438384870951261,0.0024458492098330285,0.006762799946940237,0.002690322667950782,0.007640646704833206,0.001225450149684746,0.007650131515289918,0.0012737197316272418
2163.05,0.008622635519961206,0.0024153683950420765,0.008109605621963705,0.0026422654020071957,0.006964632985067662,0.001180702176090594,0.00692041819662137,0.0012344772111190162
2164.6,0.01148118316566587,0.0029807766541781115,0.011331987193237874,0.0031915964597146397,0.0063221233040924195,0.0012319677101558743,0.006227379595733154,0.0012932974237079113
2166.15,0.006940823034081848,0.0022538289519454355,0.006255359346835874,0.0024250277004527567,0.005252216564914413,0.0012881744263331747,0.005069835226180458,0.001371965498675077
2167.7,0.007155360453978491,0.0023836901033923333,0.006512794772628739,0.002581998357729624,0.003984846558900687,0.0010229326771746597,0.0036966520596080133,0.0010806988056849766
2169.25,0.005831096492678336,0.0025100393193220037,0.005047267190260358,0.0027318435468998204,0.0040923676459824546,0.0009180220600123939,0.0038196061580049205,0.0009509790882577751
2170.8,0.0035373569453938246,0.0023391970112330344,0.0026207072087342763,0.0023666650003741204,0.0030061752904652623,0.0008892777904054792,0.0026454927877282,0.0009373308405644557
2172.35,0.004311747209949899,0.002245789748749192,0.003422234732451003,0.0023347987669135157,0.0022352612058991615,0.0008799381827467703,0.001814321827527141,0.0009290951253894922
2173.9,0.004928387670010665,0.002564214593892737,0.004133458171326328,0.002661138921062084,0.0013733748929286305,0.0008823116049884946,0.0009604516008544922,0.0008335037816339242
2175.45,0.006524455442990669,0.003042947784335949,0.005894179353842281,0.003270385614209694,0.002086173390069153,0.0009295765990850977,0.0016800685699816986,0.0009291757343117165
2177.0,0.0041771628631706624,0.0027216497998817494,0.003406427920704151,0.0027536049814104128,0.0021695376422332362,0.0009619428555105341,0.0017727289104481196,0.0009809291208017425
2178.55,0.002011310452524284,0.0020310134524196685,0.001284230296486811,0.0018238035462162922,0.0011102037475310953,0.000811050291823648,0.0007226950046176658,0.0007214447604586895
2180.1,0.002557650003002358,0.002329646770756564,0.0018335603324432694,0.0022098813277397116,0.0006818267245953184,0.0006401058265320179,0.0003374321323002047,0.0005017195773118076
2181.65,0.003482079673797105,0.00204157941102431,0.002659015427741106,0.0020303643290884095,0.0010628231100192887,0.0007911799870368972,0.0006797464850860595,0.0006962818770884409
2183.2,0.0011385731839402276,0.001429264586117687,0.0006137104017927739,0.001089808156115405,0.001467239320907022,0.0009882840958451715,0.0010597967313280493,0.0009634257223173742
2184.75,0.0024835921316062742,0.002128287992075387,0.0017260778881355288,0.0020231431554575724,0.0018717568254359885,0.0009821243955578983,0.0014957929275170453,0.0010040496914574947
2186.3,0.001768924860005357,0.002075360447247743,0.0012266301466685467,0.00189878238280202,0.001524524530205799,0.0009757629114604033,0.001141555837739325,0.000984742482045054
2187.85,0.005445926478205101,0.0029452842433719028,0.00488048453424463,0.003141884017559306,0.0007309920156432815,0.0008495801243988759,0.0004578984003199637,0.0007196371204755203
2189.4,0.007974492931976038,0.00335913415559565,0.007694868268257041,0.0035943396275169735,0.001681798767355829,0.001168111988037122,0.0013485916580806665,0.0011536354811990158
2190.95,0.003214137513088788,0.0025181150182137027,0.0025525119187229063,0.0024793610048984083,0.0006340580007660758,0.0007642961543915875,0.00041347115729720434,0.0006065547114518557
2192.5,0.00245243175809146,0.0024730857212872646,0.001892037765939467,0.002432635978098792,0.0010863610373716991,0.0008486973765990871,0.0007766209683423723,0.0007727516394646629
2194.05,0.003229171120387104,0.002879693379780109,0.0026507062170478646,0.0028712513435344956,0.0017960220850422887,0.0012395998632377986,0.001495817565584893,0.0012348147701680536
2195.6,0.001926855403615738,0.002102667063544448,0.0013840057650093157,0.0019660048040300118,0.0026571737895742637,0.0014311296673001433,0.00239458757671469,0.0014876239365634002
2197.15,0.00637209461990981,0.0037938181079911404,0.006011600496832642,0.004042135005961294,0.0011761169075902302,0.0010048602438534413,0.0009484007117603666,0.0009411901367154231
2198.7,0.0012283090447855291,0.001861296624722275,0.0009025075759842899,0.001678034451442712,0.0023812325370057064,0.0012076192595629357,0.0021173688844775525,0.0012484182117623436
2200.25,0.005708420922647352,0.0029057615105286864,0.005296398286537872,0.0031013445639761334,0.0016577597740624792,0.001065223183115643,0.0013496484963848882,0.0010863454240480652
2201.8,0.002430313642763544,0.0022242788342828916,0.0019021110951026312,0.002133279740869288,0.0029507962263131465,0.0013755014855979149,0.0027428910199454814,0.001444340120324678
2203.35,0.0009321694279317763,0.001669171988095517,0.0006345717727377492,0.0014098295380176097,0.002127869857478196,0.0011190339996590387,0.0018637798306966465,0.0011655281227569497
2204.9,0.0014876622947708126,0.001713181856558294,0.0010051404343780774,0.0015335757707388962,0.002396682650075142,0.00111454911940497,0.00215765333889582,0.0011436446925568503
2206.45,0.0036390317191469317,0.0026362526508757773,0.0031415042340000926,0.0027657390570019046,0.0008082388119413969,0.0009028134126362648,0.0005918924192508657,0.0008345272407743648
2208.0,0.006862093877186321,0.0029119173782734824,0.0066307548528283765,0.00313314664064341,0.0013781763519635918,0.0009883687513585731,0.0010972574959144464,0.0009885369675297331
2209.55,0.004078038142698145,0.002478837106103718,0.0035714255565815534,0.00256646914569807,0.002033998819728715,0.001204439018776069,0.0018041442226152452,0.0012436668428685031
2211.1,0.00639687910817963,0.0030150384422336983,0.0061319287438302665,0.003190536193765466,0.0006476960762275304,0.000661419415590653,0.00042401111318693673,0.0006038740033275735
2212.65,0.007168285168852996,0.0031366309004299286,0.0070128594562048644,0.0033498910999861776,0.0012235491594798718,0.0009082348153204672,0.0009786994048761868,0.0008768731558590347
2214.2,0.005540037082874283,0.0026434247624202278,0.005209079498158654,0.0028205800573351102,0.000859547773394192,0.0008815694218098119,0.0006329280077702467,0.0008076424873566644
2215.75,0.002911244218421638,0.0020451242142525885,0.0023617706426401533,0.0020836567232748165,0.0010351342147482435,0.0008273057413618142,0.0007949110742614105,0.0007764169468430914
2217.3,0.003711048457175467,0.002315394281899023,0.0032185075863204694,0.0024232932083388305,0.0016512205026594981,0.0009590059749390753,0.0014267222355643123,0.0009740100814022303
2218.85,0.005292776440343333,0.002510355446096117,0.004980635406797629,0.0026171392083903706,0.0015382358126879013,0.0009999670581159364,0.0013189127221860523,0.0009979163574856302
2220.4,0.006104943030583404,0.0024556490335766253,0.005875349268497864,0.002610517851932645,0.0007506628446393049,0.0007645103349444733,0.0005437373093606213,0.0006923220073693145
2221.95,0.0064821089232121685,0.002612901658541543,0.0063065682206973036,0.0027997677963428275,0.001505037545844665,0.0009755570381792068,0.0012852893983387903,0.0009730297132620069
2223.5,0.005143485280780221,0.00280552756724308,0.00482120267081729,0.003032605808300279,0.001647131447174113,0.0009816659769155763,0.0014403265428088773,0.0010080085628305488
2225.05,0.002850945118543718,0.002479418702895029,0.002427801550628534,0.0025036683545638164,0.0010144887759115757,0.0009029137559736151,0.0008146830761289109,0.0008556463130747311
2226.6,0.0028509840529771877,0.00212827772189107,0.0023881065221536698,0.00212933438951561,0.00210160696688531,0.0010841226706360064,0.001940910275027616,0.0011063524838871351
2228.15,0.005987126853414713,0.002728238271887536,0.005795634167628907,0.0029752752843023207,0.0017648697610319133,0.0011319317430560963,0.0015906607367917088,0.001160701888308719
2229.7,0.005832544692452293,0.002684472669936248,0.005625820872622105,0.002899687364367192,0.0029975807523044025,0.0012782793036172873,0.002921945766523267,0.0013387385024571654
2231.25,0.0014558370988398746,0.0021025938640724076,0.0011902346890033796,0.0020251589051526473,0.00132210477467865,0.0009535293220831878,0.0011456762104417705,0.0009461904269927586
2232.8,0.007471250311448615,0.003188573297223864,0.007490198155765939,0.003432377076788865,0.0017559510160322935,0.0009962339133164084,0.0015895072332193863,0.0010209661284990169
2234.35,0.004517552923252772,0.00310327702677919,0.004255625960074948,0.003298901838301124,0.001804419402378481,0.001194394218485857,0.0016565617195623947,0.001228590964713283
2235.9,0.003593344202018309,0.0025072382792412896,0.0032580784221206377,0.0026373138016243997,0.0015957634171460521,0.0011622574946819376,0.0014594008368741022,0.0011755491907397913
2237.45,0.003829572105699474,0.002697347662173734,0.003487544671190148,0.002852831435741956,0.001434628269985641,0.0011151941888176901,0.0012920384090417435,0.0011308886503572381
2239.0,0.0053759368932262165,0.0030119309061728094,0.005180005169892936,0.0032070908586240396,0.0019092689540183164,0.0010058667966987482,0.0017785856371968325,0.0010447566365937712
2240.55,0.009825558877800024,0.0037899383582516008,0.010152622563098668,0.004080085754188875,0.0019690033623132623,0.001058446395903148,0.001841649655221855,0.001110939836251548
2242.1,0.007037764943509479,0.003420604272840802,0.0070449480252928265,0.003693395017138047,0.0009389462144918988,0.0008980035340278499,0.0007786389384662611,0.0008853079436931803
2243.65,0.006985269372671185,0.002733525570550691,0.0069824275322614635,0.002987318137625395,0.001423883726776254,0.0008665646734452685,0.0012679527625016223,0.0008813624432261936
2245.2,0.003519425352889438,0.002147972744078759,0.0031487786604654246,0.0022329112842805776,0.0005328566182883435,0.0006309570160425575,0.00040168450384756455,0.0005556100658062551
2246.75,0.008987440566651113,0.003306431589653569,0.009237239796923941,0.0035173492504762156,0.0010301236943503472,0.0007298694935447145,0.0008644899180576947,0.0007137052598060256
2248.3,0.006543334649253156,0.0026782791557596664,0.006508490193806794,0.0028179764106670445,0.0014825976992461757,0.0008542032064251988,0.0013515618106045347,0.0008559996653360004
2249.85,0.0077524287116441945,0.002775734038815072,0.00786285567050547,0.002924970491048903,0.0019405074231182023,0.0009530943924022608,0.0018384570673941067,0.0009805518219579723
2251.4,0.006825215254626954,0.0028989051495266695,0.006828585102613568,0.003056899643590991,0.0014302587232511313,0.0009040227317730848,0.0012965055269264967,0.0009220596001299565
2252.95,0.004709585476391314,0.002293701410449045,0.004468481415710505,0.002442838933931343,0.0009818587346172964,0.0007989099411978292,0.0008347708582742462,0.0007930126334473324
2254.5,0.003225221638153381,0.0022258292038329817,0.0028517418856175564,0.002324210834084907,0.00021674843883632774,0.0004196848591134923,0.00014908798256065808,0.00037290452709914153
2256.05,0.00561957764397347,0.002795973044320266,0.0054861550573861275,0.0029835247845037397,0.00034730709126772855,0.0005320496517384898,0.00025877489849967156,0.0004765007156784213
2257.6,0.006273825293783111,0.002698901269277301,0.006236406123449727,0.002901415860728814,0.00178655048630365,0.0010946473858962184,0.0016927323549562384,0.001133427203942908
2259.15,0.0069895662703292295,0.0030995734263909633,0.007029484538259912,0.0033776249731049626,0.0018589825604122554,0.0010642392333879136,0.001778641082479339,0.00109255304745442
2260.7,0.00490098806888073,0.0028867129430669523,0.004727087787970048,0.003078228192726869,0.001081448506542369,0.0008502070424394668,0.0009608738786416913,0.0008651056316281537
2262.25,0.004548677807595361,0.0024996554370415127,0.004314975167785779,0.0026966108787514873,0.0011265304453728952,0.0008857801643140139,0.0010180178428139937,0.0008803144520095679
2263.8,0.005588788189811325,0.0034802867519836364,0.005508925432704845,0.003698670313444409,0.0008823807396677601,0.0010195982308344067,0.0007773619371421324,0.0010057850371458473
2265.35,0.004261244726198181,0.002974936695957391,0.004054936366047503,0.0031120555674870555,0.0016257194846618958,0.0012357280511370496,0.0015419716607678242,0.00126550267679255
2266.9,0.00834237083293489,0.0035018005425211172,0.008561403333026327,0.003766959594346847,0.0021603432908149194,0.0014136746834622156,0.002110495638160936,0.0014752287036836835
2268.45,0.006688103122741689,0.0032125994385949715,0.00671134143002158,0.0034558890789942176,0.0015253117139054683,0.00114286686266351,0.0014384307462958071,0.0011733886279568318
2270.0,0.005448229107883936,0.0027940078928174604,0.005331011278019699,0.002996321637110673,0.0004661295807614592,0.0006431845616992958,0.0003813302384906909,0.0006077075593482156
2271.55,0.008557786251879664,0.003214001673412849,0.00880496100083632,0.0034151575924543593,0.0012548099158004025,0.0009004234712718495,0.0011477313960739375,0.0009197958297876731
2273.1,0.0025307035916118646,0.001980570215158234,0.002187555905298177,0.002019417013103016,0.0014229731238224116,0.0008789277841933539,0.0013221637279771943,0.0009084376150805425
2274.65,0.004459588562395312,0.0026392099751931827,0.004240253217698136,0.002801349406586436,0.0011691123309569757,0.0007192432947309437,0.0010533510042205032,0.0007341939471813302
2276.2,0.003917176572901231,0.002222385039255776,0.0036248270017855333,0.002354722627398827,0.0008701210976222707,0.0008247584068017946,0.0007801926018600845,0.0008086202236366111
2277.75,0.0032170459310617273,0.0022045799184211667,0.00290831504152998,0.002272917618604997,0.001254388427115933,0.0009107860103237399,0.0011561950797713129,0.0009190403840044126
2279.3,0.004649949405610722,0.0019625793743243596,0.004431971612872822,0.0021090618162373205,0.0017536154019749729,0.0010572825993480038,0.0016811189915799476,0.0010955856010330237
2280.85,0.0011554129427417965,0.001434705999561578,0.0008838209492510263,0.001344485073278836,0.002089397944437546,0.0010187445386173573,0.0020434143658355033,0.0010443515285932863
2282.4,0.002210554834151634,0.0019257262608259637,0.0018638918095280352,0.0019281310204594538,0.0015868941023558997,0.0009855634419367676,0.0015095925302056811,0.001020043159016998
2283.95,0.005071090851177554,0.0028092821126080277,0.004912259660337848,0.002978328196056417,0.0014678566407627094,0.0008651513316687883,0.001374150464152061,0.0009034236481915378
2285.5,0.006984795280594439,0.0030694018076996153,0.0070464210366633214,0.0033089206524098513,0.0022233777989860252,0.0009913308359425859,0.002187152819661749,0.001032727518122653
2287.05,0.00971740033099346,0.003582649396012652,0.010110617019649538,0.0038712157674644985,0.0015696155445250486,0.0010091710921898318,0.001490976928142896,0.0010476099382335186
2288.6,0.005735485419996803,0.003027278449074017,0.005691630898982264,0.0032957344813139243,0.0012052255392675764,0.0009582364062679533,0.0011170276999971842,0.000973390988298712
2290.15,0.0030887521073996588,0.0024225828809406238,0.002812721173034086,0.002490260613630335,0.0022644857476814928,0.0011264192165432786,0.002233879782386817,0.0011830690099940914
2291.7,0.003155974743148398,0.0027385310945706415,0.0029050468749682733,0.00284575049309379,0.0011838949916520437,0.0009270102382822596,0.0010823436902299582,0.0009530530340408036
2293.25,0.008217830204920859,0.0031556570891551833,0.008429442121275386,0.003416154650529741,0.002333489971465184,0.0011583923075095992,0.002311780442222628,0.001205359292565317
2294.8,0.006560063675578143,0.00285356242202127,0.006579042280241225,0.003076091230015001,0.00238551002734705,0.0011465490824743526,0.0023651771574708523,0.001196498357519357
2296.35,0.0044565499394455255,0.0024759372151598263,0.004222776402398031,0.002674432191679853,0.0016216092031772686,0.0009098399394246473,0.0015380625313728227,0.0009409946106439295
2297.9,0.002326119658904123,0.0018860638993222463,0.001930930740917721,0.0019388935666214476,0.0013126740143615374,0.0008368106668417604,0.001207965760632532,0.0008581790303008608
2299.45,0.004092382449915243,0.002319176831580816,0.0038245899562855566,0.002437365611852,0.002648512792785295,0.0011337973534055689,0.0026488595209912353,0.0011880768755058735
2301.0,0.006886114152943731,0.0023167601462252673,0.006926514782884371,0.002460591829841776,0.0029547912977025974,0.0011906310178034982,0.0029813471886491914,0.0012405013178115785
2302.55,0.005483449199899405,0.002283662340513817,0.005358212052412777,0.0024570797304778627,0.0022881827917061565,0.0011551153020558456,0.0022558659837691357,0.0011999328063202082
2304.1,0.005260860179487638,0.002434430570824332,0.0051014825494579644,0.002601464501763765,0.0014617902324337445,0.0009508169987813884,0.0013674736335454582,0.0009772236947808864
2305.65,0.008295944395389056,0.0037699003861505413,0.008503953799872191,0.004038426780090706,0.0018113858229174343,0.0009952468492572019,0.0017439042763229904,0.0010600609681660554
2307.2,0.0051698423809924,0.002895947104945906,0.00500827329474164,0.0030756120289716043,0.0030531239915015684,0.0012191976252119117,0.003084936191085818,0.001287021510707694
2308.75,0.005722523034646336,0.0028115910818859034,0.0056336382979660544,0.002987750052072421,0.0032909760292135996,0.0015077100744647677,0.0033438366571066826,0.0015955163464973
2310.3,0.0022532848687417005,0.0023254195041448682,0.001918569641219701,0.002326973001427546,0.002222604275772314,0.001157170894491174,0.002180123149819786,0.0012266149086551396
2311.85,0.0055104691764691635,0.002748005979929444,0.005375931628503471,0.002996007757735812,0.0013109050786471322,0.0008885906021987313,0.0012093294966344973,0.0009227933529607833
2313.4,0.0034603893620273026,0.0029772548589088077,0.0032127658215222376,0.0031461411066104825,0.002092625052684388,0.0010124208256307534,0.002041841939588489,0.0010533561283708086
2314.95,0.001583692530733393,0.0021034222376721755,0.0013242603377013754,0.002087484653683931,0.0019457765506657606,0.0011491620492933736,0.0018858203155140757,0.0011836571790772032
2316.5,0.0032967752869744555,0.002452925970185566,0.0029477059482499453,0.002591373546506464,0.0015936129283536681,0.0009116708049229997,0.0014956380780248057,0.0009395489092812756
2318.05,0.004402848397591053,0.002453903476627201,0.004131686341485174,0.0025899915091892878,0.0017732415578842955,0.0008900985189556091,0.0016942358064148014,0.0009198062850245849
2319.6,0.004925899155524649,0.0021021327596877078,0.004693119244577496,0.002237851878859492,0.0018696339066700044,0.0009338259158930893,0.0017935703640995942,0.0009570844132881713
2321.15,0.008754815592772911,0.0029949758757676494,0.008981475095278373,0.003164345328799488,0.0013273257080260506,0.0008897114545432844,0.0012164939338710314,0.0008985731975469722
2322.7,0.005483794226520248,0.0025146185550667024,0.005319816106938908,0.002676997668988857,0.001090831114581887,0.0008510155117868213,0.000973629466682328,0.0008610187935454098
2324.25,0.004679103357713304,0.0026479151178712508,0.004410695339856758,0.0028568838287617786,0.0010209275215908044,0.0008419524063506426,0.0008941929802116401,0.0008471270580358172
2325.8,0.0029775978871579363,0.0023072842265656614,0.0025971988061805795,0.0023980841186015366,0.0015781569305410542,0.0008601679895484006,0.0014757593278396722,0.0008767767689501473
2327.35,0.0026594085898112197,0.0022566976580628262,0.0023048935610157717,0.002272831491324945,0.0013371916607925563,0.000903603856521403,0.0012259311110717145,0.0009216427358840633
2328.9,0.005877617444398876,0.0028569889327437334,0.005757937190582532,0.0030598232309710298,0.001262664467847679,0.00092973475265894,0.0011536418316766936,0.0009265153293807623
2330.45,0.0065825672187058435,0.003125216117579366,0.006528075199608006,0.0033682086175123886,0.0016542346824213719,0.0011734111366910832,0.001563466378445796,0.0012162197481139247
2332.0,0.0039749295586439,0.0029239110134897505,0.0037414347419354238,0.003020171383967196,0.002355125804294668,0.0012204118910899963,0.002313880665765817,0.0012809430353181558
2333.55,0.0032096827284270363,0.002471914832334882,0.00284135781353565,0.0025381774841583367,0.002903156526188476,0.0013467069981016383,0.0029077263838619277,0.001405941141312394
2335.1,0.0060604266928676485,0.0027082271252742924,0.005937813229482879,0.002909202704800818,0.0016301106476318498,0.0010215244848216045,0.0015375621875851275,0.001047046775148736
2336.65,0.003787193800551901,0.002526447179518773,0.0034192559665540984,0.002606648986853081,0.0016238279755458795,0.0009962740230667292,0.0015308960358210693,0.0010329564239848182
2338.2,0.004833454262451368,0.002528683177680035,0.004555961523862898,0.002651106656645785,0.0027376777722636454,0.0009670038859813516,0.0027255867163397296,0.0009938976863280377
2339.75,0.005313869984812975,0.0023248214881130625,0.005079532154005948,0.0024724337398169607,0.0016136508692757,0.0007931434123315854,0.001506754915511465,0.0008175034530049707
2341.3,0.0048190541035263565,0.002353856511226771,0.004526983163889681,0.0025193355594605358,0.002495364870406264,0.000976900319630898,0.002459976566557195,0.00102270776149982
2342.85,0.005757666703788934,0.0024516243354847016,0.0055646350367043905,0.002618097186742225,0.002350625824587525,0.000978260608119783,0.0023030926462689065,0.001016186691272457
2344.4,0.006033996139412909,0.002747874417161161,0.005881114114879001,0.0029055066630930167,0.001516667704817763,0.0008011877345102742,0.0014047873986077386,0.000828224764983955
2345.95,0.008239882213949744,0.0031975357442572015,0.008340436540030615,0.0034788661741642518,0.0018296663941247402,0.000926518841436448,0.0017379195655618362,0.0009846927239278126
2347.5,0.007197592791384168,0.0029087563835581013,0.0071725530386481115,0.00309831050093781,0.0029903019206338126,0.0016515474232677342,0.0029952194056253457,0.0017433548347856344
2349.05,0.006521517889631079,0.0033189695721609503,0.006414042969650948,0.003578046391772608,0.0021840108905365908,0.0011105883012885998,0.0021205516337118543,0.0011622795425541034
2350.6,0.007180220102849522,0.003418388100573447,0.0071439053151078945,0.003724813660731195,0.0015449920331874994,0.0009029966512241835,0.001432531292643151,0.0009500581134227092
2352.15,0.006163702417146179,0.0029384536411966346,0.00599108813585838,0.003186391647256449,0.0017304403362032273,0.0009623274153074497,0.0016249450588054462,0.0010133728889201163
2353.7,0.0032480258404216527,0.0023737058500866467,0.002818172882903661,0.0024890470742268012,0.002216032341923216,0.0011036991171280669,0.002152659428623771,0.0011501037333201385
2355.25,0.006096762967011984,0.002558152435031785,0.00590867451131632,0.0027358986204924526,0.002292858558036084,0.0010562950349244538,0.0022343441649187957,0.0010933135641264379
2356.8,0.005664555185303041,0.0025679815139885284,0.005434956256615011,0.002705220643919003,0.0020556395459985577,0.0009781003882619978,0.0019758788786939045,0.001008912271872979
2358.35,0.007514187866608025,0.0028494019784264597,0.007489923266006414,0.0030148832962755374,0.0013329573987999265,0.0007535806358060796,0.0011998367727296616,0.0007626689042728736
2359.9,0.006257731726885252,0.002637926258960768,0.006099815085439623,0.0027750557690336243,0.0019887047771573823,0.0009724095638939117,0.0019018757076928413,0.0010112557515952077
2361.45,0.0072594288675069014,0.0026257859082738557,0.007202612409181355,0.002771428329129314,0.0027002945449363268,0.0011382388564747357,0.002672821321778639,0.001179551926985152
2363.0,0.002316299092554573,0.002084903245705476,0.0018378975206152623,0.0020671274375718223,0.00197931544117128,0.000874238926686332,0.0018896943556497765,0.0009022290504197148
2364.55,0.00646206100725077,0.003231750098250578,0.006311588981327347,0.0034588704580052177,0.0013952346613804564,0.0008591075047304268,0.001276542077707594,0.0008753165155848935
2366.1,0.005882506787845538,0.0032266137121817395,0.005660034059293245,0.0034822391481956184,0.001691737629371302,0.0009682534355131585,0.0015864241693667675,0.0010192515620056828
2367.65,0.004782095844944396,0.0028544904689272043,0.004471883072321151,0.0029783772416668067,0.0007253687877790106,0.0007110211519568979,0.0006164890749304282,0.0007067487635749654
2369.2,0.0038564367402082263,0.0025317931227591558,0.003428213432430995,0.002636502023884135,0.0023506917975674013,0.0011103298359446273,0.002293247695106904,0.0011440461460551126
2370.75,0.004626226002660046,0.002533741885825198,0.0042577105369457505,0.0026808749594158833,0.0018398543926453359,0.0008281980442204594,0.0017372069686037766,0.0008395877776940176
2372.3,0.004241981267574594,0.0025141268301932785,0.0038432537921091713,0.0026537570565348615,0.001049531082354022,0.0007524526838712863,0.0009089357279085333,0.0007531878067455008
2373.85,0.003958648403687937,0.002116454784747863,0.003476967562092394,0.0022579267747582375,0.0023141762663977544,0.0008522087001982589,0.0022486263456043573,0.0008925590900844304
2375.4,0.004188969080592979,0.0024534000183592747,0.003754135918806856,0.0025811384409680344,0.0028071952270219895,0.0009798015129944917,0.0027835557522079856,0.00101039454896867
2376.95,0.003500235836311996,0.0023193196513746177,0.0030394159266372406,0.002344340648545421,0.0017666169618542943,0.0007852709145170204,0.0016544459399549889,0.0008180903469306114
2378.5,0.00535563632577635,0.002972094787822859,0.005077292362987226,0.0031416893435897235,0.0015831395804307927,0.0009216234931315187,0.0014536330445712791,0.0009718014064866427
2380.05,0.008977552208863919,0.00292960898415425,0.009081690819550185,0.003101200911932041,0.0014446399292128318,0.0009130110481062505,0.001316259208128765,0.0009426413887849073
2381.6,0.005141536982562335,0.003352623596698355,0.00483551032173592,0.0035508566014010702,0.002228380104564248,0.0010613827226143187,0.0021544322595840057,0.001096678586011295
2383.15,0.00864731595426737,0.003449560501283447,0.008707067830900153,0.003732563471551435,0.001061316071067451,0.001026343741328582,0.0009406195477975833,0.0010321090565661496
2384.7,0.007434489855633077,0.002803917518682164,0.007351181287670305,0.002983139988967198,0.0016134608206479473,0.0010584933457484028,0.0015017818409054815,0.0010818732437814465
2386.25,0.0070158937602534995,0.0026959168352925517,0.0068706551478011635,0.0028576614631726405,0.002281522195065841,0.0010282181963744744,0.0022100701025498633,0.001075413883846803
2387.8,0.007339466616668658,0.00297746832493983,0.007232549775727095,0.0031832374475377514,0.002745004922036581,0.0009894650061118859,0.002713770722439824,0.0010438587178133074
2389.35,0.007651154125150749,0.0025331504509657353,0.007577442038999511,0.0026419171819017213,0.0022184772252758227,0.0010739386078514749,0.0021405522449162648,0.0011235374586893525
2390.9,0.005507641401275254,0.0025661296637843637,0.005175278368073305,0.002719143240942046,0.002294186952758055,0.0010354197027982316,0.002224850289772689,0.0010719722908830666
2392.45,0.0037828054338207018,0.0022387942261006084,0.0032836457207361942,0.00232022107271132,0.0014958721966006837,0.0007904577360088478,0.0013622355472747427,0.0008124501306821329
2394.0,0.010052417419952194,0.003020951546922976,0.010262320032177828,0.003289177893728996,0.0009711022221170784,0.0008812584824642206,0.00082849791982889,0.0008890618929382277
2395.55,0.0027028531826845336,0.0023705919305265213,0.002230717298022139,0.0023350131934588027,0.0012675696012906525,0.0009751900417496138,0.0011367591167353761,0.001001309819557838
2397.1,0.004535919088911902,0.0029016945351226287,0.004152892295830198,0.0030132886485164175,0.002214520592427706,0.0010343265771660434,0.0021365120464394614,0.0010874970623475082
2398.65,0.006755078911685245,0.002863812899503701,0.006563654145155006,0.00307070779411667,0.002644755264548672,0.001181322898660889,0.0026035094114255975,0.0012299103587891708
2400.2,0.005132243032132587,0.0025472704714572785,0.004750754133512878,0.0026229500369635284,0.0016670247365855714,0.0009260778372159057,0.001542557135237568,0.0009605925049322665
2401.75,0.007081879167952009,0.003015610430990369,0.0069164901958125025,0.0031998590689530917,0.001672781642711735,0.0008935268399862535,0.0015473080972619431,0.0009203015606034254
2403.3,0.004718752752706304,0.002360173426481636,0.0042769564381657625,0.0024401043593211586,0.0017841520283609599,0.0008324312045270963,0.0016697557874630609,0.0008722737301627112
2404.85,0.0048280702537549834,0.0021717009988024547,0.004395703088233599,0.0022482421703917395,0.0024146636820739902,0.0008181978696247394,0.0023515735278637306,0.0008648539807765966
2406.4,0.005358648872236543,0.0023992100050383544,0.004990818201763175,0.0025681385797297206,0.0022729497277762913,0.0009050521065513271,0.0021970623436226846,0.0009475601011349675
2407.95,0.0055515281122564515,0.0026834107162471074,0.005207289336712586,0.0028745510200167725,0.0016329030482152708,0.0009234767159999269,0.0015090462070006306,0.0009524268419307114
2409.5,0.0005390408777070991,0.0012154827498576323,0.00034819412847609193,0.0010463908610444839,0.003069258411512919,0.0011808798437986721,0.003063043092144518,0.001245879296461572
2411.05,0.0022636754496977627,0.0020986268214340047,0.0017858068372615043,0.0019968062773460496,0.0027876371479521227,0.0012518653092059497,0.002756343296316589,0.0013143560749253977
2412.6,0.005821864238528075,0.0025617401392916943,0.005508372111644743,0.0027230111818781788,0.002358851549378862,0.0011343149239869863,0.0022916986122416667,0.0011928433803457198
2414.15,0.007138234894177428,0.00271540208436286,0.006973662855015712,0.002891440264372999,0.00182721528289525,0.0008999107173403791,0.0017128794089066868,0.0009452011506150084
2415.7,0.005734574524616159,0.0024380689737825427,0.005400485330440673,0.0025007837727898112,0.0008364865641123848,0.0007711769633925383,0.000689607572018423,0.0007452060506575723
2417.25,0.007842168964486015,0.002872544607693476,0.007755637918956651,0.0029855075472104437,0.001573662012073576,0.0009947804117340548,0.0014435548408922106,0.0010132837801251889
2418.8,0.00876765909845635,0.0030150590596239413,0.00879909253026996,0.003179882325415278,0.0011947468605723259,0.0008503345145248507,0.001040950884544573,0.0008612712992546146
2420.35,0.005159751172425332,0.0027165338137264726,0.004774108772637387,0.0028344479765457426,0.0008279491128954129,0.000717120996993388,0.0006794894690224021,0.0006962812363638016
2421.9,0.01142609265942248,0.004049566734734737,0.011770969098506938,0.004348732129356457,0.0021698482551516973,0.0011806558908530411,0.002083742974888193,0.0012348536557205423
2423.45,0.007974070132810998,0.003654843537175401,0.007898433437847064,0.003914154734476972,0.0024147375858718976,0.001155083889847445,0.0023534977629295403,0.0012121625054215264
2425.0,0.0035267160893123328,0.002915372646445374,0.0030713604475389815,0.0029504925969924315,0.001852093100904376,0.0011702351231552336,0.0017506714054398437,0.0012176820451246036
2426.55,0.005509347550240633,0.003226017202082066,0.0051504910677053,0.0034090701530530257,0.0020891961135174335,0.0011161256008619695,0.0019975416338457617,0.0011580932270956283
2428.1,0.007274529857902667,0.0032432495095396307,0.007109337846905845,0.0034292910463347877,0.0002872812190213915,0.0005100919415967437,0.00022052117621805734,0.00046642183337299514
2429.65,0.006305213937317331,0.0025925189274769553,0.006025370691757035,0.002789329963573066,0.0005447328953982062,0.0006584532417221931,0.00041384066057403065,0.000612433285673661
2431.2,0.005787373041311967,0.0026019964800140425,0.005462503921881104,0.002773361958669823,0.0012949156150018498,0.0007996138642221494,0.0011448950140523955,0.0007980353183619416
2432.75,0.006354781963190294,0.0025061541525907877,0.006083001076379545,0.002668463941871738,0.0020794775863875715,0.0008659001603843633,0.00198342016498987,0.0008972008050852655
2434.3,0.004673703049157682,0.0026745311186994088,0.004229362776285484,0.002842617993989947,0.0022379472178147234,0.0008679348155519558,0.0021553148958931507,0.0009181684103845478
2435.85,0.003178231601594312,0.002856184539554115,0.0027415871280294735,0.002858446309018423,0.0010797649685562545,0.0008640774491895735,0.0009445901986046305,0.0008740183783811087
2437.4,0.005656594460176664,0.0030968436634761717,0.005323134112978903,0.00327333201509169,0.002124742864229739,0.0011747806786768984,0.002044210478381373,0.0012164304696795183
2438.95,0.006952728184096479,0.0030623131070743256,0.006757303048091213,0.0032328358831639546,0.0021271327346378977,0.0012155423125333156,0.002037132028924027,0.0012609628423196646
2440.5,0.003925392045939834,0.002213182755960857,0.0034009871271444246,0.0022591205129465597,0.0011203176796701498,0.0007820150501332106,0.000964435639612177,0.0007790054660955784
2442.05,0.00368909658187841,0.0019921250155705227,0.003126560565345622,0.002038214632754339,0.0008786726084265125,0.0007981933358885027,0.0007148851165589705,0.0007879439325956813
2443.6,0.003916885262259775,0.0022981041057007516,0.0033679487964764125,0.002323992612301262,0.0012707709641297826,0.0007860668835387517,0.0011205551091395339,0.0007921153560593954
2445.15,0.005565143415624181,0.0026181017477627457,0.005205402347311673,0.002762693226715107,0.0014775003822362067,0.0008125391834514686,0.0013340110284812989,0.0008471270196519012
2446.7,0.006186999983924131,0.0029068394641390354,0.005903959386728202,0.0031066100856243757,0.002508428197520719,0.0012716803564925667,0.0024465183537389352,0.0013232301761589187
2448.25,0.003946505851541029,0.002635037785143989,0.00347348645418766,0.0027363742405354737,0.00170884699024555,0.0010127644586241718,0.0015878844391303798,0.0010469427553895733
2449.8,0.008013530762674099,0.003294506584582029,0.007948725820387997,0.003502903433062301,0.0007439917705956016,0.0008943805189629087,0.0006434756469929086,0.0008750331114508466
2451.35,0.005176338187101503,0.0030195882085157916,0.0047745488581979675,0.0031913909923029934,0.002025543767592696,0.0009706528009119996,0.0019189164418626987,0.00101180160599896
2452.9,0.005794208531428776,0.0028659032916572443,0.0054567085384949685,0.003024796472572976,0.0012681986408000791,0.0007830373779083778,0.0011088592832542781,0.0008033853254664485
2454.45,0.0037396401420400384,0.0024309669744498304,0.0031790335313988823,0.0025001321462697038,0.0007437679339892564,0.0007807873807580377,0.0005990943945149692,0.0007486124878515171
2456.0,0.00800449455282818,0.0028501738189284282,0.007931123887932077,0.0029496935545511903,0.0007988245547843737,0.0007039978803078574,0.0006298095764266754,0.0006924711909431989
2457.55,0.006573639107717103,0.002454202593107467,0.006327857681032037,0.0026067617836294126,0.0018201364775098528,0.0008734273378041087,0.001697157571819338,0.000896530117762172
2459.1,0.006189086529757355,0.002827745588061321,0.005902743598700442,0.003023819799000906,0.0017730089984985412,0.0010527485223651208,0.0016549074927276958,0.0010710923128228547
2460.65,0.009612567493683685,0.0038367993571155417,0.009746147489916061,0.004133898860223372,0.0028369783690314703,0.0012961785381330072,0.0027972124080650174,0.001358044600815142
2462.2,0.008333532615559795,0.0030142863909097917,0.008321167615305413,0.0031794851634218595,0.002392893413757447,0.0009914979346205344,0.0023148539520737735,0.0010385050672171163
2463.75,0.007192121927194781,0.003021453755643807,0.007020154934753311,0.0031796108919859073,0.001476409213710424,0.0008267752095066343,0.0013313377078568783,0.0008507077769476738
2465.3,0.005801648007542651,0.0027328306900563345,0.005487013624855479,0.0028417298864929995,0.0019918577914378546,0.0008354234681121057,0.0018774763725978177,0.0008632981515727147
2466.85,0.005099624096436442,0.0022931103168830277,0.004692360582462756,0.0024083047870338743,0.002424440717200873,0.0009985414701112558,0.0023472409016612773,0.00103801515613233
2468.4,0.0049942272754218845,0.002305977863634622,0.004582175146176608,0.0024094167199345544,0.002352553414228991,0.0010673835275467783,0.002269496841690713,0.001113109921595424
2469.95,0.003483033855698272,0.0024518912712804776,0.002973318016885454,0.002488016690500224,0.0010962323282844488,0.0008989747234873156,0.000949702930603478,0.0008916740075550503
2471.5,0.004636180599035161,0.0032472405975255206,0.004232404911135025,0.0034107677227417773,0.001608537198836391,0.0011301564548996746,0.0014721037021588235,0.001167722670225745
2473.05,0.003731701130427688,0.0025798260566046896,0.003249219040778073,0.0026319009771297473,0.0020318288337062055,0.0011202642259425719,0.0019224122011878468,0.0011665395443759153
2474.6,0.006033847388243451,0.002898416841752011,0.005744128121201635,0.0030764459350448156,0.0022568369832497047,0.0009867792175994423,0.002159222970674933,0.001028835992592501
2476.15,0.005945266831230231,0.0026573927909627447,0.005649307724617299,0.002841314652138494,0.0022635826424511956,0.0010234581396008796,0.002165546640098166,0.0010651926203322142
2477.7,0.0063305553467358985,0.0026339344602151205,0.006070418913774027,0.002806274863031686,0.0029463359223965905,0.0011659029205512027,0.002907283404820102,0.001220094463040616
2479.25,0.005459431506992501,0.002702750963715648,0.005103382677756552,0.002868853942558605,0.0014984572152037517,0.000826543260159661,0.0013431352309544397,0.0008411372121670968
2480.8,0.004250879551300742,0.0028399767500149747,0.003831143112319664,0.0029154459467872398,0.0015007982665048464,0.0009583750867648436,0.0013598204946452589,0.0009854013455396153
2482.35,0.006519135783077728,0.0033031346348315845,0.0062956477610256354,0.0034987596324896446,0.0017782003207772624,0.0010441445582350772,0.0016451698252042879,0.001069828529251075
2483.9,0.00602448612137501,0.0028270143398988925,0.005739773299146148,0.0029907479798232267,0.00227494447313501,0.0013734741803187065,0.002174699937520445,0.001435969284638841
2485.45,0.0016517938951241939,0.0017519455191301711,0.0011612134777893648,0.0016042324929832813,0.0017347233245032802,0.000840896334018734,0.0015896471849325686,0.0008633310628329451
2487.0,0.004077298765449559,0.002135125814488842,0.003583012700121466,0.0022373491989564637,0.001028092793544413,0.0007448715309567363,0.0008489676786818213,0.0007535021274456885
2488.55,0.0024459310919854866,0.0019300121191958603,0.0018828640550525362,0.0018848683474236598,0.001399141331401765,0.0007341985422607375,0.0012275665488940594,0.0007382098478137309
2490.1,0.00847072184950657,0.0027005118557338875,0.008483114796838352,0.0028113875245690378,0.001881913659175167,0.0008433943016725879,0.0017446167654470363,0.0008871497630345121
2491.65,0.006923964259559677,0.0026022796058181915,0.006750744787712754,0.002750857887195058,0.0009507229161462307,0.0007329955562482105,0.0007812921934508905,0.000721119458892703
2493.2,0.0053930901436714555,0.003210075614139901,0.00504855108959888,0.00338861164233246,0.0007727784015082589,0.0008587340956713989,0.0006682939084339143,0.0008286848529561988
2494.75,0.007369343165724951,0.0029395252923594345,0.007248594368939855,0.00313334216095403,0.0021486921273054507,0.001034902682530744,0.0020346770028723806,0.001076166593646459
2496.3,0.007557422755564763,0.002608097175433036,0.00746352778387222,0.0027329632832213645,0.0026142049485383552,0.0009492821013469907,0.0025371924739297654,0.0010082663284929467
2497.85,0.0049961363666600495,0.0025213845241487598,0.004600325401019832,0.0026879214769607363,0.0020979184739622816,0.000945726393107186,0.0019746508222199003,0.0009851782856953523
2499.4,0.007195572039391269,0.0030014575376763677,0.007056953220778458,0.003145107326360535,0.0013371972758573548,0.0008675294717380006,0.0011667764400630834,0.000872065515898176
2500.95,0.006471749292489548,0.0028425695784961035,0.006254200838970083,0.003021301627543875,0.001325391301788729,0.000983499615435408,0.0011588016843300476,0.0009889450891642148
2502.5,0.0017071010482449277,0.0020543259518394606,0.0013099228159360145,0.0018860689199609682,0.0008831544241778847,0.0007720347955734817,0.0007307942771450203,0.0007256074670631367
2504.05,0.0020306839582557587,0.0022276764880901005,0.0016517179398601518,0.002100118488774315,0.002570227126232769,0.0011912069825655378,0.0024890580405519604,0.001244425767785684
2505.6,0.005324536581350295,0.002858963894777963,0.004966247752248821,0.003069505410695291,0.0030257197183546965,0.0012633912310250905,0.002980495208439104,0.001322604174434554
2507.15,0.004891952086485529,0.0026273268930993685,0.004513156433479535,0.002717063961495444,0.0030821261774298314,0.001202879263281963,0.0030405272813005878,0.0012541454226670176
2508.7,0.005192074647777628,0.0025242039357188514,0.004826545837141843,0.002643182955085071,0.0022044040452022973,0.0009074305929782251,0.002086073462184888,0.0009475295329723965
2510.25,0.0037743613177184817,0.0024160271452265706,0.0033159953327838647,0.0024559236998096777,0.0021431762277650023,0.0009267029453547621,0.0020208975665255723,0.000958821616778198
2511.8,0.0016160147423751187,0.0018750931379066453,0.0011676577890322624,0.0017014586913540303,0.0024075062880549968,0.0011276896905450177,0.002308731927901064,0.0011798618959848722
2513.35,0.003552162042288636,0.0026876399763103988,0.0031392286813578247,0.0027250558693786985,0.0029902122363962198,0.0011297963925169497,0.0029396269386068345,0.001190632139068688
2514.9,0.003380509299537496,0.002314143416783754,0.002879715669089019,0.0023480483201664716,0.0014532471694482954,0.0008979015314007322,0.0012987051348491666,0.0009266125229191989
2516.45,0.008106220523013083,0.0029494816508203706,0.008087584516252145,0.003136486821506065,0.001999377171430687,0.0008759341505424371,0.0018605369871582704,0.000931146207516785
2518.0,0.0057239303114556064,0.002437465081062309,0.005413681330132924,0.002606134769459655,0.003159682014176011,0.0011769115008345647,0.0031212374430082523,0.0012263539165108192
2519.55,0.005618187335507714,0.0026311188116529692,0.005305857541718666,0.0027838699560076684,0.0021763832276918914,0.0007972307958999974,0.0020508740777678185,0.0008311591701801464
2521.1,0.006947402910219337,0.002552097467730334,0.006789302036137916,0.0026944368290751615,0.001769049331686917,0.0009225529696303351,0.0016088083769785263,0.0009751322460412784
2522.65,0.0011427708880351014,0.0021238955952125114,0.0008973002711746038,0.0020281111916845406,0.0017093496682780561,0.0009948440605459707,0.0015522365906390529,0.0010262513021047231
2524.2,0.004659617831798923,0.002775138006392511,0.004270143756180258,0.002900473408364386,0.0026597476941125024,0.0010683467005347443,0.002576493197156302,0.001130490336927665
2525.75,0.0062524645668657185,0.002856700958610425,0.006011943890600277,0.0030329295242904055,0.0014290516624195825,0.0008438473342071685,0.001257862371808983,0.0008855155454152653
2527.3,0.00505821857485306,0.00241881278631846,0.00468791804089039,0.0024885969081506203,0.0019445978167594675,0.0007385965961382245,0.0017984640482196592,0.0007660957643885159
2528.85,0.0025876608559458718,0.0019601184897262,0.002037798858172989,0.0018503469539163538,0.001858082076473492,0.0008562810881265184,0.0017065790233229006,0.0008798493985698262
2530.4,0.006554836632194846,0.0023502122101756685,0.006346303278571624,0.002490727923772326,0.002648110309237342,0.0012317381294465644,0.0025652541520747936,0.0012876278321690222
2531.95,0.004517793023835671,0.0026788683438484376,0.00413287693501848,0.0027876903287213715,0.001155282695150536,0.0008628122684131679,0.0009767833503747155,0.0008798585494430582
2533.5,0.006667290243790551,0.003085442043487469,0.006475136829843039,0.0033148320592672883,0.0014798932894122601,0.00101674744001824,0.0013248192542935047,0.0010405811406966315
2535.05,0.009053010119687612,0.0032478494937660937,0.009145631647856773,0.0034297921701245,0.002605198999436437,0.0014295205769481044,0.0025205067298964155,0.0014954698122112686
2536.6,0.004513094756756156,0.002284555004920931,0.004069160252539597,0.0024493169196010633,0.001550270809320962,0.0008575009858069891,0.0013722867163941529,0.0008925306607425444
2538.15,0.0034458133465155223,0.0021460827418179227,0.002967872115557834,0.002129228999235356,0.000990140689223916,0.0007841227529808358,0.0008030445776212454,0.0007678268767433304
2539.7,0.005199806287348362,0.0026006840688045266,0.0048436008741578815,0.002729602818067481,0.0007202884003378318,0.0006547364916269236,0.0005464057184504061,0.0006060583343063808
2541.25,0.005440576740928851,0.0028159622801446752,0.0051202679043808545,0.0029859797691295705,0.001359502803237616,0.0008868464555081044,0.0011778851459603918,0.0009029537300030167
2542.8,0.009737353432468912,0.003955019849580837,0.009908568041044617,0.004256915019224631,0.001474273651733374,0.001014463861605184,0.0013070950757974853,0.0010313826285820718
2544.35,0.002927645989582543,0.0020852476033863324,0.0023991453786745354,0.0020619636393106005,0.0023994741885804568,0.0011980699384092847,0.002294185135720417,0.0012388936535371795
2545.9,0.004378197698821627,0.002413317014978018,0.003917131444822849,0.0025516940326984388,0.0021793440245770983,0.0009678093259784306,0.0020526371718161567,0.0010133625002697363
2547.45,0.005169654410964581,0.0025747851677318133,0.004791893418508091,0.0027462025400801,0.0016481569959587022,0.0008849019196323857,0.0014860305763818827,0.0009011584523204066
2549.0,0.007031774276483812,0.003082972781087727,0.006875151297651963,0.0033155326982546554,0.0015485694685527826,0.0008997322528720292,0.0013781219067861158,0.0009232502546253959
2550.55,0.00716072856228612,0.003034338546377179,0.007033829386695674,0.0032506985082458566,0.0012634125837196564,0.0009630650105008044,0.0011049755763951124,0.0009531139994022008
2552.1,0.005625111267007782,0.003101430574923869,0.005315406386179706,0.003307457990665928,0.002342913232015101,0.0010993261966897048,0.0022359044955253867,0.0011420298823818064
2553.65,0.002718219755979612,0.002089709621064443,0.0021920162926177445,0.002062026675119548,0.002027993056661737,0.0010216719592464852,0.0018930159236621546,0.0010695987288285873
2555.2,0.005518298939360439,0.0025962713637424305,0.005194528534319138,0.0027180080745583513,0.0020361921081723505,0.0008497750412039415,0.001899265165702603,0.0008747728031930469
2556.75,0.005288912966405308,0.0027149049800759602,0.004947162367105762,0.0028918976347867944,0.0019299635512233717,0.0008230795987422861,0.0017822999967166723,0.0008536218383599572
2558.3,0.0050500220371595276,0.0023723345361913177,0.004677910060865254,0.002508276962859237,0.0021807243803841996,0.0010555619023685377,0.0020587062031812496,0.0011124437563404597
2559.85,0.006082550108803581,0.0029807113141356724,0.005824544765641893,0.003221569234389027,0.0020415374437083534,0.001138097695136116,0.0019116508476789953,0.0012098398804761086
2561.4,0.008171544888702718,0.002817077417133023,0.00815927142223804,0.0029935339553201603,0.0008313438412773155,0.0007645219554412623,0.0006742573741145911,0.0007337510193241153
2562.95,0.004032145779483763,0.002061324925576334,0.003550131515894743,0.0021406318794592433,0.0017517113062875457,0.0008859500360217482,0.0015972619462412616,0.0009137368099682799
2564.5,0.005853700470209594,0.002298831553036703,0.005563007856655282,0.0024720799678329005,0.0022931591266386643,0.0008884781684838545,0.0021799938727199595,0.000937670043224062
2566.05,0.006244631083402968,0.0029432252674625333,0.006000335137667592,0.0031560365753083974,0.0017699734255013052,0.0008460907354540127,0.0016195524975526304,0.0008986513600506165
2567.6,0.004103398437365927,0.0024334868932224716,0.003654270432594144,0.0025642516565114763,0.002540536390312574,0.0010121616209806997,0.002454965428473896,0.001051628820597384
2569.15,0.00585032000460913,0.0032554541125275047,0.005594684150145816,0.0034349905827695103,0.0034281399206592734,0.001386602790181704,0.003416443531278084,0.0014596780463218596
2570.7,0.007976120659863768,0.0031113025068385757,0.0079402095837339,0.003295972909568772,0.00286146731254912,0.0010582593331836788,0.002799934444349386,0.0011029593934169203
2572.25,0.007777297620179631,0.0028244209783398937,0.007719753332251362,0.0029699862362103716,0.0020053394959099347,0.000981371876301076,0.0018726907742338608,0.0010232462597903693
2573.8,0.00473837387207841,0.002623332355322266,0.004332583996772398,0.0027170482639062464,0.0013600825749774182,0.0007658761708635681,0.0011830080586755411,0.000780960721378944
2575.35,0.006887861315272154,0.002899829146841634,0.006731517003579759,0.0030881674239628338,0.0007264017368335135,0.0006546638728309164,0.0005653882079169905,0.0005918552317675864
2576.9,0.006947067369716864,0.00312893944661378,0.006788801948491149,0.0033224211291204607,0.0012627310425471154,0.0010512027395785067,0.001124217241775967,0.0010528821037867635
2578.45,0.006941238139055437,0.0023951985357295834,0.006790046310977148,0.002572112235751066,0.0021973269595329317,0.0009186964237571211,0.0020819319330314516,0.0009573478799781331
2580.0,0.0056988682538336366,0.002689423091719814,0.005407189899874745,0.0028444944705496387,0.0027184825546900672,0.0010162963141720368,0.0026490334595577676,0.0010714159794616778
2581.55,0.0052716603964432255,0.0021537918596339664,0.004927161398791163,0.0022940894509170355,0.0025891295316062064,0.000826240234862735,0.002509797581283704,0.0008638429553502325
2583.1,0.004398395570526948,0.0024632997358508706,0.0039843075899712145,0.002614031440749351,0.001271377086027903,0.0009016336998251084,0.0010981484341277457,0.0009385449553959107
2584.65,0.005660307933721187,0.002886352856745639,0.005364859111766374,0.0030044994640997446,0.002384942802959502,0.0013111410925689116,0.0022921360469702577,0.001368868406877365
2586.2,0.0034031147265846766,0.0024042996391204267,0.0029402041894898727,0.0024896653979764294,0.002460997470189152,0.0010612160597261182,0.0023728339931534965,0.001120186170935565
2587.75,0.00833270530790813,0.0029005287527483353,0.008357371106344989,0.0030604380950796824,0.001562090793330651,0.0008948259548383092,0.0014079075365898233,0.0009247954351312
2589.3,0.003850218080694656,0.0021568542085190112,0.003368945096183047,0.0022443570572170113,0.001443530713835643,0.0008314446474139066,0.0012776702720244167,0.0008559593873112485
2590.85,0.002697962903162688,0.002346779015142019,0.0022081743707431547,0.002316220898895464,0.0019741383884069558,0.0009846417268423112,0.0018511512285147246,0.0010379802730793117
2592.4,0.0026790446955331617,0.002668877830478381,0.0022735090816441593,0.00263563516955878,0.0013832144676431874,0.0008130239271831162,0.0012292420862436558,0.0008367975067184504
2593.95,0.0033627358736565876,0.003106643215238177,0.002912410044902428,0.003227999948573798,0.0006018136905387893,0.000682197087856262,0.0004892613257901102,0.0006354178549359322
2595.5,0.005327795222790842,0.0028060406885878613,0.0050147472400916705,0.0029698456575284276,0.002047004411078308,0.0009878810825259816,0.0019320859742952513,0.001023547846577895
2597.05,0.005090545879763063,0.0026214530189590753,0.004759621792807671,0.00276130214768798,0.0014638904289346125,0.0008665294962594576,0.0013031337478087834,0.0008931424576785445
2598.6,0.0047540544846939314,0.0022252511464924884,0.004376472413338987,0.0023440692960931485,0.001051367368200661,0.0008149622644493899,0.0008833955180321298,0.0008285494352225934
2600.15,0.009819412683421867,0.0031623621722470367,0.010045702334630001,0.003361576541978563,0.001027533880923977,0.0009345680959081748,0.0008690740327872184,0.0009328273749481078
2601.7,0.007751664140339576,0.003323235481196275,0.007729653213975942,0.003587421600408006,0.001740927185662313,0.001041240374493313,0.0016128750862517403,0.0010718093603798128
2603.25,0.007528555891033513,0.0030367801521574865,0.007481656308261028,0.0032564976777411042,0.002663983921333829,0.0010472252699521276,0.0026053445452497493,0.0010993709673860117
2604.8,0.004225581968639211,0.0023630102099010393,0.0038023493355895718,0.0024494812134009023,0.0018842518846334255,0.0008141248045002579,0.0017644382696793992,0.00087025656166998
2606.35,0.007838713153946526,0.002727202126024426,0.00783797227112657,0.0028451714508723465,0.0018309035843328907,0.000794054975226578,0.0017050362509224452,0.0008368573371578479
2607.9,0.010341995669696909,0.0034765469018048223,0.01064794524477327,0.0037067524926387117,0.0019167318282325282,0.000949009930993232,0.001799279479132686,0.0009916160469592772
2609.45,0.003445766977669252,0.0025932058224695316,0.0030615775770371258,0.0026334151332675694,0.0015498903567110704,0.0009812046487546152,0.0014217093091147932,0.0010045861245019428
2611.0,0.0067793029946338415,0.003003987086625235,0.006656912017554619,0.003170943261830864,0.0019730650447996375,0.0008865039962930453,0.001863798079489084,0.0009215284790403795
2612.55,0.0021294762245444095,0.0018172766190128293,0.001660939224342943,0.001716399999299379,0.0024705622958832592,0.00100681492208354,0.002403407673568904,0.0010566037984519549
2614.1,0.00471710935097445,0.0023601254632210334,0.004402236459513603,0.0024434040824895405,0.0010098582497362384,0.0008130080670606377,0.000855131695808339,0.0008199509247111571
2615.65,0.005719062532581694,0.0025840096777763723,0.005486432233957517,0.0027340913259228713,0.00106193332109272,0.0010643457492162548,0.0009637420918219692,0.0010594134441771288
2617.2,0.004367909603717981,0.0028527596064995336,0.004013579481720164,0.0029798613812355504,0.0024214422774689586,0.0011085376118049732,0.0023545146974618654,0.0011620974591601023
2618.75,0.007602840573378589,0.0028656848312104636,0.0075961964735108516,0.00306058787635351,0.0024733289407480276,0.0012049083033577846,0.0024118370927307137,0.001273651926613927
2620.3,0.007709909349168546,0.002482325843428437,0.007721671923336588,0.002620035397551755,0.0018396461945231152,0.0008528958613475637,0.00172577857156326,0.0008902319565287316
2621.85,0.004484033866749269,0.002433897562702949,0.0041207638527218675,0.0025999071679928343,0.000959022635505487,0.0007745996422801905,0.0008176903145123544,0.0007616662190945026
2623.4,0.005983846401884024,0.002973185359125306,0.005808006192052046,0.0031137157043992806,0.0017338484931119689,0.0009569113561336976,0.0016167182528433008,0.0010032021104119239
2624.95,0.007028635990968579,0.0031582283600527423,0.006972186362763169,0.0033625110267272197,0.0013489654464128875,0.0009070190371548969,0.0012092605945139886,0.000950831729495336
2626.5,0.0036568267876487554,0.0023155679770589994,0.003253143535346945,0.002394449939769947,0.0028735809921814825,0.0009566073559324422,0.0028536011353915928,0.0010129596526959653
2628.05,0.0039798639127499045,0.0023645728731555354,0.0035746252574150633,0.002414952571189293,0.0036290638137096254,0.000967338890408485,0.0036757748060425367,0.001016257776033561
2629.6,0.00812998208959006,0.0031439965739313105,0.008214163968473395,0.003275556668719472,0.0026764275699358037,0.0009340776410304955,0.002640733845943349,0.0009865990549719958
2631.15,0.003127213600355901,0.0024403652246345253,0.0027084657064012723,0.0024771064212528206,0.0031045210114108313,0.0012007046910451772,0.003109289420253936,0.0012682192505052787
2632.7,0.006663264378762318,0.0033421610137324524,0.0065896613399111514,0.003587887042554853,0.0016116582122892964,0.0010168482244099228,0.0015046238619763322,0.0010502921208692174
2634.25,0.003372851575596008,0.0020156753603324754,0.0029653407037550494,0.002016811610659801,0.0009283325841667057,0.0008500142973166294,0.0007982129670537602,0.0008600395565754361
2635.8,0.0070385068746529654,0.0026795080102543535,0.007009253180533598,0.002833420892265309,0.002015792037969341,0.0007928855487603782,0.0019298737636585814,0.0008251569607417547
2637.35,0.0020061616730403247,0.0021087255989650964,0.001669497809876401,0.0019770306642074493,0.0028125962895716463,0.0011011778456369193,0.0027992066796060856,0.0011485063816769902
2638.9,0.0012912986154989823,0.0019290599318465638,0.0009589374430572825,0.0018163675406031004,0.0013204226612763819,0.0009595536208789296,0.0012005075039434627,0.0009889927489605032
2640.45,0.006964484659332929,0.0029216404411238485,0.006938867971310106,0.003131445543129942,0.001473110145186416,0.0007764928142979441,0.0013604242559627031,0.0008086082915653937
2642.0,0.004780872349536166,0.002250095155247077,0.004499331866708806,0.002329330864772321,0.002021277740222028,0.0008663121889195819,0.0019431545188193875,0.0008957436238058291
2643.55,0.003683313232778391,0.002567658237714132,0.003324162503313384,0.0026557286237810763,0.003312969539738659,0.0011598520190808058,0.0033498071267652747,0.0012119219729070112
2645.1,0.008021311819674243,0.0033230936511750705,0.008136078034151503,0.0035264940865285498,0.0022421162466029574,0.0009665377519298824,0.0021867672732438755,0.0010132526780413185
2646.65,0.005876647207513206,0.0031782154543599315,0.005759931267122025,0.0033784504627932597,0.002372869691725064,0.0009767849704384003,0.002332368494101761,0.001044758893862081
2648.2,0.008786381539257109,0.002840021783352895,0.00900279554892413,0.0029794570771992488,0.0020635111946539515,0.0009596216553825431,0.002001033951689944,0.0010014176362831886
2649.75,0.0054902497770126,0.002730859047344991,0.005312903082975353,0.0028501926180862953,0.0019382495578754075,0.0007447085993494391,0.0018618682235754047,0.0007838799855794879
2651.3,0.005287522615339434,0.0025201905054299113,0.005086035731282677,0.002660286895903803,0.0012499651776315666,0.0008120773241045279,0.0011237705652604683,0.0008406300214063861
2652.85,0.008023457931117087,0.0028617011101331117,0.008159004760425227,0.00305087894298353,0.0011551641755287545,0.0009005791292059259,0.0010478003283359947,0.0009246423225851968
2654.4,0.003067465430688499,0.0026555306587499705,0.0027777852749457255,0.002674169326612854,0.0016951430092460246,0.0010616157556655333,0.0016070998691838487,0.0011181283123253567
2655.95,0.004243678337524683,0.0022891965239106547,0.003941354305350039,0.0024136051440631465,0.0019325783076550404,0.0009478069652048777,0.001866226251755239,0.0009907645296886077
2657.5,0.007040068900282045,0.0025903316172433887,0.007067626294036105,0.0027235081644029426,0.002153896125352613,0.0008595127749658688,0.0021069882448804932,0.0008971756351983357
2659.05,0.0035340221622644596,0.0024434107884482572,0.003203988867388374,0.002525960932709525,0.00237007937689444,0.0011618073203612238,0.0023460818410025457,0.001217677560738853
2660.6,0.01018775678751102,0.003944115046488689,0.010605693788294094,0.004201319880516353,0.0009061860788678036,0.0008723254125827511,0.0008206479314497149,0.0008809239958804815
2662.15,0.005832412998476549,0.002575194018852568,0.005723491901737243,0.002740920037400699,0.0012799602408072653,0.0007554611122764487,0.0011712606645490487,0.0007899858758507463
2663.7,0.005472169873640263,0.0025607784840282807,0.0053292453994557235,0.00267044211354601,0.001968832444143099,0.0008386392094836373,0.0019158538781124319,0.0008687132215600934
2665.25,0.0031534435725952643,0.0023838304960427173,0.002821474694040946,0.002400955704179418,0.0017032846043165514,0.0009158007007213611,0.0016283868690154064,0.0009530004437405706
2666.8,0.0040264975987591945,0.002839790105599219,0.0037550393716307075,0.003026287228012068,0.0020457974565968036,0.001014661489349973,0.0020078960588901414,0.0010490347207223487
2668.35,0.003202386567625759,0.00249943955904731,0.0028722524761818947,0.002577576088979613,0.0008475936079380091,0.0007323796249731848,0.0007417425446496939,0.000739191811762088
2669.9,0.004324025392717441,0.0023359859313921184,0.004067591198716092,0.0024489569344468914,0.002038086146488684,0.0008664797842142769,0.0019993254486770527,0.000914465132021008
2671.45,0.006405914071600476,0.002504163091966015,0.00640202558816191,0.002711142613063681,0.001581919674657131,0.0009012550252975399,0.0015107940591190243,0.000932921640764118
2673.0,0.00484743007313616,0.002500800736015785,0.0046687189557374645,0.0026569364480399185,0.0011982890296015419,0.000861108651134381,0.0011075241859017297,0.0008956352429978327
2674.55,0.009590954461004433,0.003561605799712141,0.00997828366712995,0.003817953153195122,0.0011748545394124257,0.0009799544577247339,0.0011036979541256256,0.0009986692747709195
2676.1,0.004543248598298035,0.002286281643336711,0.004337457700982168,0.0023742543472674155,0.000765128199222503,0.0006932253401618307,0.0006744145208539927,0.0006798867923551662
2677.65,0.005685450540089656,0.002195271219899314,0.005609487746097157,0.002320716801068618,0.0017794184706782683,0.0008474858289185431,0.0017279608098223793,0.0008888747314994338
2679.2,0.0020694442885577716,0.0018986981036786482,0.0017603409928087896,0.0018810514747155747,0.0011004231645476788,0.0008420336008666842,0.001008873864216349,0.0008745587703361113
2680.75,0.008829423242003292,0.0033063621823121335,0.009134455919470945,0.003539389254160058,0.002235620006126271,0.0011317209043406361,0.002231370875794577,0.0011969617154050985
2682.3,0.006655063801112678,0.003213427445166625,0.006698090732905361,0.0034317513545570927,0.0015847946572149175,0.0008669839082872795,0.0015310079844546925,0.0009182799846296279
2683.85,0.0036145354417915125,0.0024869335521417236,0.003351859112260342,0.0025450206601853116,0.002492532123243229,0.0008632737587570846,0.002511189465849109,0.0009001849699530049
2685.4,0.0046693720973946026,0.00241397977626787,0.004492102120304377,0.0025628164038275568,0.002097716852990387,0.001166319411319075,0.0020856982771805936,0.0012217753173913392
2686.95,0.004467611108830535,0.0025057727789052817,0.004301418891107243,0.002669862506851741,0.001468156417167244,0.0010263304981608355,0.0014144549829773546,0.0010752243508722352
2688.5,0.0005167979182701531,0.0011595831851702147,0.00039651957055937727,0.0010861810732840393,0.0012731499964119331,0.0008876338291340595,0.0012070368082353427,0.0009186441478329999
2690.05,0.005642345279691562,0.0028590352725598117,0.00560273937208152,0.0029759718223953493,0.0025277435571793836,0.001023357764680384,0.0025568577239395663,0.001068540443907714
2691.6,0.005748181641877119,0.0024914748214756315,0.0057094195146971975,0.002667676345806745,0.003190157974823729,0.0011242053733544711,0.0032800231079019217,0.001180081486707635
2693.15,0.00479125911007234,0.0024905021404673868,0.004638949532789024,0.0026292995422398926,0.0022129389464477993,0.0010287701313507424,0.002219101915058135,0.0010721195666629584
2694.7,0.006502305562838495,0.0031553198278937975,0.006557516563895746,0.0033836281454758046,0.002319438291216821,0.0011307831468743965,0.0023369368947514547,0.0011847415394941046
2696.25,0.0030982762712961688,0.0021323002700702385,0.002812820199112938,0.0021779532087464223,0.0012651464063727288,0.0007951772566555628,0.001196575266230136,0.0008236506779655945
2697.8,0.006558240871810929,0.0028514938405931035,0.006622519154021154,0.0029865878398742233,0.000623466808308683,0.0006222973137565709,0.0005374028013449103,0.0006102204166877579
2699.35,0.008603349352675357,0.0032332988211517394,0.008921265106118813,0.003450698172713285,0.0015326760968185007,0.0009508026285639442,0.0014928807359610857,0.0009934598073573437
2700.9,0.008385922279761175,0.003525614279785916,0.008681530462668102,0.003812956297748929,0.0014011957094567443,0.000908269477396804,0.0013565145043256625,0.0009567775870917535
2702.45,0.007324790382291679,0.002960079807115665,0.00749280872330043,0.0031197710691823846,0.001584339679211353,0.0008148691767691515,0.0015507147638520534,0.0008539459050748165
2704.0,0.006376656575959726,0.0025592667666703346,0.006437524698184324,0.0026536960502157167,0.0033278914779659476,0.001129992579424342,0.003443154774841399,0.0011774112443562526
2705.55,0.0022142362822339472,0.0021137841955126187,0.0019244540839879615,0.002147275387177422,0.0031295807900560703,0.0012137477919286113,0.003230082039265675,0.0012764854113700317
2707.1,0.009314212256207412,0.0030586871321093725,0.009731810666535251,0.003297023263730095,0.0039165048683448365,0.0012721886696353613,0.004086039485204536,0.001346127584755774
2708.65,0.005259555173973066,0.0023518149641411274,0.005184550416951071,0.0025331603259652366,0.0035975440725707756,0.0011397134341464962,0.003740792687877853,0.0012078568139241082
2710.2,0.003918157991815642,0.002123411017135051,0.003695098843539215,0.0022188837759516545,0.0014238502686364713,0.0007589420898361988,0.00137959805617747,0.000810857822112485
2711.75,0.008744745876069606,0.0034179504768741768,0.00909418642526715,0.0036464433992765997,0.0010848134652499558,0.0007068347528288927,0.0010234631815383033,0.0007248177100193451
2713.3,0.0044457838563010076,0.002962482891872531,0.004320927405976528,0.0031185120626374763,0.0013679006554584842,0.0008996496519601676,0.0013367375429906114,0.0009339374786553077
2714.85,0.005005229511866637,0.0028490135427007347,0.0049251439510314115,0.003007596664397155,0.001279489944029312,0.0008979663338690765,0.0012352712656002306,0.0009375360688609567
2716.4,0.006249241709743238,0.0027286637167180106,0.006302113681627797,0.002859823642036981,0.001848480214060452,0.0009319962557673843,0.0018451678984315067,0.0009699790768414971
2717.95,0.0040437011649287116,0.0025983110677280825,0.0038529666398639693,0.0027576083720232433,0.0024327845948210543,0.00106919406097902,0.002481939625585715,0.001115132278822089
2719.5,0.0029760135680819665,0.002783793883703588,0.002771757554486804,0.002845846475786714,0.0022961723090966805,0.0012852848954594764,0.00233586436197751,0.0013653367584801185
2721.05,0.003333584731021533,0.0026979732414499874,0.0031084906158495044,0.0027768663245855843,0.0012596265701227533,0.0008170324297970332,0.0012167096821955252,0.0008598230273872088
2722.6,0.0040354329206279535,0.0022987771898011367,0.0038386996531580993,0.0024057228353772235,0.0007815189628257664,0.0006092076535834215,0.0007187006725734519,0.0006053141091303506
2724.15,0.0013695694213174232,0.001706755222847568,0.0011238169088279473,0.0016075858307378606,0.001476862858305096,0.0008473700876429169,0.0014514888974489204,0.0008848018837143924
2725.7,0.002566137837780979,0.0022513440486212357,0.0023114614322477557,0.0023286157670326657,0.001795475322012603,0.0010770605773101048,0.0018033306081496191,0.00113054303689317
2727.25,0.004269975447173798,0.002393662642355555,0.00410657386903114,0.0025248541385176296,0.0008197819641787687,0.0007071936854107505,0.0007613171160105682,0.0007229562618725574
2728.8,0.005247255062615419,0.0026027021400367276,0.00517915022517017,0.0027328729633452494,0.0018224540673027051,0.0008249982918687239,0.0018228237972992805,0.0008621371452283745
2730.35,0.0070708724024593885,0.0032302861083351726,0.007214824438327313,0.0034312960294329794,0.0015861070952263218,0.0008569589215906409,0.0015683989435487187,0.0008992326627575222
2731.9,0.0033587463813780243,0.0029928487289811196,0.003197887490819956,0.0031189585448065634,0.0017140859780626228,0.0011056099960076542,0.00171428002478258,0.0011641470970414319
2733.45,0.004305302784940547,0.0023860512525062274,0.004134654838323415,0.0025173653624098076,0.0013871674392783061,0.0008102903249607836,0.00135348712824154,0.0008369798548345088
2735.0,0.004673531616235454,0.002347903555001462,0.004532659340338788,0.0024962712172383506,0.0011163937133611547,0.000791260716776154,0.0010631361872006082,0.0008188799634248358
2736.55,0.004990839788948904,0.0025435504569960967,0.004883954882019048,0.0027411362459928363,0.0004754111643757047,0.0005438000349805876,0.00041559940757473113,0.0005311501408277997
2738.1,0.008427902872201755,0.00381485733719728,0.008738335600064193,0.004165425358069008,0.0016127519878461193,0.0012823549850440373,0.0016015798181254425,0.0013444911844318736
2739.65,0.004015756247203265,0.002560766531894909,0.003797729367537317,0.002715503187184611,0.0006532061548165032,0.0007075258682397641,0.00058543646284546,0.0007104755347413332
2741.2,0.005383331951315219,0.002599490155496497,0.00532346901257342,0.002732696187054942,0.0005041117009497208,0.0005863164123922175,0.00044106362238712296,0.0005753620954802973
2742.75,0.00864506436671189,0.003233384896322559,0.008970268370269699,0.0034501285640269478,0.000673891497820728,0.000670686113471639,0.0006113159568295412,0.0006650660535164484
2744.3,0.006781702868656798,0.003376381148191454,0.006878718312519093,0.0036306480203534964,0.001791801168489791,0.001155589870666015,0.0017875234237079264,0.0012125018305986425
2745.85,0.006411871300154289,0.0026832117083907194,0.0064561538417961094,0.0028088143802842912,0.0007722088290486668,0.0006551010203302213,0.0007027085275250178,0.0006597771892233044
2747.4,0.003448900281840338,0.002096319720568145,0.003176536141331811,0.0021670543416645034,0.0009824853088311338,0.0007150764893045457,0.0009281467830622318,0.0007292458987261559
2748.95,0.00445864001804294,0.0024477571351862876,0.004291840204805013,0.0026260261550800955,0.0005035188525635917,0.0006661714249081847,0.00043946204109731164,0.0006684598773788616
2750.5,0.003124519169970926,0.00246881421419758,0.0028501102156751655,0.002584075390107719,0.001374183410823999,0.0009945425679979802,0.0013392133996115779,0.001030921469984811
2752.05,0.005836857236411763,0.0026895105895380425,0.00579536097313351,0.0028617072932903727,0.001618750699358775,0.0008539621228430657,0.0015934427204813515,0.0008892163614474136
2753.6,0.007075047138282319,0.002694107738633635,0.0071765956330487966,0.0028548455898125967,0.0021196609231485543,0.0010110164823976078,0.0021308474848829046,0.0010623629131136989
2755.15,0.004212707154702302,0.0024928602939340936,0.004004655467304327,0.0026396656895707952,0.002080111304794378,0.0010372768433661696,0.002085425870993637,0.001085788393759913
2756.7,0.004372123058855154,0.002501663048654277,0.004152394528973582,0.0026560327109007766,0.0019509069088942154,0.0011857851940125434,0.0019412732852906443,0.0012574385156728799
2758.25,0.002305322529729324,0.001953476146678763,0.0019142916478650071,0.0020049314785802142,0.002337518588601006,0.0008614899323966853,0.0023597519625838913,0.0009041804899495908
2759.8,0.0035171772794423727,0.002371654402577481,0.0032203549859577216,0.0024768103355792956,0.0019264212062433997,0.000931738349313451,0.0019135915350146134,0.0009816911366487835
2761.35,0.0015732295310394134,0.0019981796343682694,0.0013179002282403787,0.0019150367937853427,0.001949112134637839,0.000955562914149915,0.0019322627902579681,0.0009995945276425298
2762.9,0.006853089852526793,0.002641596644639486,0.0068937713280643065,0.002782557162646983,0.0018460077051956033,0.0008468218807000551,0.0018183875058544582,0.0008753727079484118
2764.45,0.002221169008001736,0.0018247171271109901,0.0018021707155372324,0.0017836333223458008,0.0016881706133891983,0.0009129078099615573,0.001645066227607863,0.0009413571328697624
2766.0,0.0018807548791548079,0.0020137313938711826,0.0015613333576018793,0.0019394759085664928,0.0011383629756609392,0.0007654003252011626,0.0010582599154892024,0.0007763798616466
2767.55,0.003878044777615983,0.002500589707884665,0.003581580254279149,0.002624879882563767,0.001791030382675093,0.0011403065885182944,0.0017515084489278163,0.0012069307920396385
2769.1,0.007804562033283573,0.003037625532323083,0.007930835369399368,0.003249238796277179,0.002766593646896169,0.0011815145212945622,0.0027990038595491953,0.001245327513460981
2770.65,0.007701962915689336,0.0029491324871142965,0.007804782058791213,0.003123017667961635,0.0014743515037473395,0.0009562362993822964,0.0013944466031374813,0.0010007995694170059
2772.2,0.004551182042664976,0.002677967594547144,0.004296224570842089,0.002837267461012326,0.0023105327889663798,0.0010620210876485425,0.002295101257079171,0.0011215384679017432
2773.75,0.004559903548188589,0.0024689482456996398,0.0042788059873821276,0.0026451677788812042,0.0011201431337666337,0.0009086489108789226,0.0010292020410887412,0.0009292959775247144
2775.3,0.007207801153880343,0.002711186703254382,0.007220331730591226,0.0029105328141132564,0.002417235472124846,0.0010814371447392887,0.002401446382439571,0.0011222363792689693
2776.85,0.0028390479154066723,0.0020308531179496253,0.0024269968991864786,0.0020429830518165675,0.0016855106555332456,0.0008375936499091385,0.0016007988904485082,0.0008705407398347497
2778.4,0.002096656272390894,0.001934422457282918,0.001697421205345383,0.001914995277620732,0.0011829161634349975,0.0007971214490627924,0.0010734201548203844,0.0008076897953136788
2779.95,0.0023473787261806527,0.0020428192994212026,0.0019271497133083542,0.001979343880805741,0.00038595999606794905,0.0005571181822403522,0.0003060024735966273,0.0005126231327629118
2781.5,0.001046483434073683,0.0014593407395118308,0.0007343790788995983,0.0012690539858293893,0.0020423639570407355,0.0016160119971618534,0.001974331870432214,0.0017124948847838735
2783.05,0.00505155759311402,0.0023093385699024193,0.0047455518639958625,0.0024784387848128934,0.0006016537188792502,0.0006742899720663582,0.00048500793860878426,0.000636882879236878
2784.6,0.002306305447766001,0.002357063178820457,0.0019465577017477318,0.0023430286415285708,0.0014765736291463606,0.0008608306072228357,0.0013518684497969876,0.0008982670018789176
2786.15,0.006720119114618212,0.002704008695680742,0.006595246510298759,0.002913793751171328,0.0014996932288983062,0.0009139332007357613,0.0013694379149532178,0.000943733197799325
2787.7,0.0049296821226490015,0.002209517810259431,0.004573843479118761,0.0023541775639701413,0.001012511940705873,0.0007448337522774621,0.0008502926547369008,0.0007498707602743922
2789.25,0.0069822459458832855,0.002918473170392211,0.006872949098408256,0.0031187175519458554,0.0017816482929027882,0.0009926499940782884,0.001660900941798005,0.001019750597266838
2790.8,0.0015268925441018647,0.0019184260247445796,0.001153135956229566,0.001761382425369328,0.0011846763345696263,0.000819217805962526,0.001028344662861085,0.0007986620066751759
2792.35,0.004128829549479521,0.0025960785254931784,0.003667989932644328,0.0027461294365636528,0.0006199453941560407,0.0005256153495932789,0.0004551719654382225,0.0004642858745868374
2793.9,0.005100908747685405,0.0026246829877010313,0.0047271569679651,0.002797462743023024,0.0007067031650893423,0.0006917539772523057,0.0005380697866050971,0.0006435935341994412
2795.45,0.004016239234034951,0.0026575691787507393,0.003549232073607538,0.002748051431235913,0.0010817032052380516,0.0009351566681525629,0.0009093601719051879,0.000941148683872571
2797.0,0.007227713038363173,0.0030312368146178637,0.007062307174207202,0.003249291047033907,0.002754944003839694,0.0012165234246590195,0.002664799061029861,0.0012713995034988994
2798.55,0.006329099241327275,0.002870656805161644,0.006036962148865263,0.003052862551458111,0.002052354129227392,0.0008639373676989341,0.0018897549825919375,0.000903600455219112
2800.1,0.008685718721023205,0.003031457342687476,0.008665589884264337,0.0032124517719263265,0.0017907347559548538,0.0009118152255497127,0.0016042197846938963,0.0009525780305558196
2801.65,0.003368301017194828,0.002593313378254542,0.0028660913754497155,0.002629477031034602,0.00025043697196829186,0.0005095938130909915,0.0001678560968488522,0.00044159460806938143
2803.2,0.006179003680505624,0.0024610870952947125,0.005819980828925827,0.0026373799351927345,0.00032891589498909595,0.0005884815761254001,0.00021198787197657297,0.0005322547374106754
2804.75,0.0057135108640936315,0.0028277239345155924,0.005292091796537847,0.0030143977417831313,0.000581323943427939,0.0006576598690242884,0.00038505808366292687,0.0005949573164111911
2806.3,0.002749748706843502,0.0023988886806694002,0.002177784369586233,0.0023737081416845243,0.0009595214263296601,0.0008759865902008381,0.0007441525154835324,0.0008238689063760225
2807.85,0.0059005616989964435,0.0029185172249160765,0.0054577697806406445,0.003121837934603576,0.0006358037329628828,0.0006110340885657073,0.0004075249971680704,0.0005131026376624521
2809.4,0.005053112630873986,0.002238624587920318,0.00450750363661396,0.0023911549992147833,0.0002953559094954003,0.00041324488508668206,0.00013462567468317264,0.0003021962565907654
2810.95,0.005943123922044373,0.002736015028767152,0.00548605336745831,0.002924989230487582,0.001723900531103804,0.0010873262576165982,0.0014823487995690187,0.001082610892948585
2812.5,0.004632424471036682,0.0028250656126471018,0.004036054694669112,0.0029308369061384803,0.0004705073318918622,0.000609615259850037,0.00028466544365512736,0.0005106178490714271
2814.05,0.0048265582098221205,0.0023501822842007794,0.0042199483265327985,0.002448013701429606,0.0022121566944304,0.0011660428065713875,0.0019560641357312535,0.0012165703744864617
2815.6,0.005628017064540358,0.002570711733289892,0.005062811963851224,0.002733888029601019,0.0017490660923105963,0.0009659286175682487,0.001449472544313752,0.0009793069710387161
2817.15,0.003312261245218118,0.002636207162345196,0.0026943235847025574,0.0025943896514223214,0.0016928085568462638,0.0010049763656709493,0.0013958668759600364,0.0010079567724339635
2818.7,0.003285042699828108,0.002397117063637283,0.0025253148640805184,0.0023563073138709876,0.0014548555326171803,0.0010294632450291964,0.0011354835084059958,0.001017103684635101
2820.25,0.0036855924327812276,0.0022436385943688073,0.002920553988745406,0.0022360120357889906,0.0011544511494989604,0.0007601590135751385,0.0008079854785030196,0.0007256927645918326
2821.8,0.005346177475512275,0.0027257910626174563,0.004695494011407833,0.002845346291566994,0.0007025023605882905,0.0006951819697163557,0.00043495093058229436,0.0005748758361847488
2823.35,0.0014390568533572696,0.0017801142156123188,0.0008795772223393222,0.0014892665137776313,0.000868125006499407,0.0008160556572449077,0.0005475869847824844,0.0007175616521488352
2824.9,0.003727078221165299,0.0022823295504510364,0.002912144987738315,0.002354571037652342,0.00067649640663184,0.0006767165954180116,0.00035999905251865957,0.0005433826657190958
2826.45,0.004462182637158024,0.0023191518826616957,0.0036661268235599846,0.002446978769177884,0.0012591045628259512,0.0009647893087441498,0.0008548793131860805,0.0009423688623675541
2828.0,0.002833254048859612,0.002667267742346418,0.0021634123741551274,0.0025362595346104357,0.0014671989886013612,0.0011121452244505618,0.00110394522677294,0.0010755193772357652
2829.55,0.006620114407228717,0.0026036399844025482,0.005997516847261971,0.002776280635741084,0.002597683065587446,0.0010044947845916487,0.0022333675585886753,0.0010496230949744714
2831.1,0.00610599428536869,0.00229175178201957,0.005411506492565594,0.002413887159489424,0.0018544330355075808,0.0008277170528632342,0.001420828863697123,0.0008408188140803081
2832.65,0.0031635818831300465,0.0023938443953350763,0.002338383379563433,0.0023211304153581474,0.002560037735884786,0.0010167366641416454,0.0021697442301663377,0.001048804302284049
2834.2,0.0039677470619353524,0.0023709983998619617,0.0030441593316409745,0.0024655072476545835,0.001887532109120261,0.0010510358865011883,0.0014486364781306645,0.0010673873328844099
2835.75,0.004494219547166007,0.0020993724326341516,0.0035482922069307228,0.0021984484500193404,0.0017192927974261723,0.0008972648367768997,0.0012506020036727053,0.0008714480333600886
2837.3,0.004665580010396473,0.0027206938725641916,0.0038281256088226884,0.0027305574211078,0.001348946836447179,0.0008932292180111777,0.0008862417352496535,0.000848838740133071
2838.85,0.0050336771596507235,0.0026951395911307134,0.004154035486382854,0.002848513463653565,0.0019539476035972296,0.0010080678153342622,0.0014817444246741662,0.0010213535935931011
2840.4,0.003687403990128707,0.0021422118588148723,0.002676838705766303,0.0021828581005187662,0.0015827086868901252,0.0007429413623289603,0.0010490209236445403,0.0007276050489871302
2841.95,0.00660851513166813,0.002216103652146654,0.005827134308375738,0.0023332889033841316,0.0023132074929703944,0.0010069386853517655,0.00181093133815485,0.0010579988726379511
2843.5,0.004806613256706828,0.002687324803342095,0.003918527138048749,0.0026286617844603452,0.003047121976844014,0.0011325659485182035,0.0025942513693012564,0.0011978314967054744
2845.05,0.006278723316365785,0.002639348665270078,0.005415167146815598,0.002802153010009906,0.0028759803319588534,0.0009476549617577103,0.00239056986751337,0.0009864774385251608
2846.6,0.004640932312531442,0.0022132854701338023,0.0036047666629889156,0.002261701898056861,0.0028125773100693384,0.0009896472579319123,0.0023054944068789966,0.0010411369012989888
2848.15,0.002902602011491851,0.0021988645382406058,0.0018683031978827494,0.00204284663661521,0.0029091778070083137,0.001129708007193288,0.002397804478623501,0.0011982136058184241
2849.7,0.00483165825187827,0.002689791863486482,0.0037948834488167604,0.002777917371397617,0.003018319046370468,0.0008432700331999929,0.002501197695358871,0.0008999126952905325
2851.25,0.00852476744803397,0.0024277240275990216,0.00785505126408498,0.002595630360378246,0.0035087096359403174,0.0008247943387775401,0.003019904580612887,0.0008821798804532854
2852.8,0.009141804117281245,0.003096905946232779,0.0085273443840275,0.0033093472278279156,0.004107632566113175,0.0009620202265787088,0.0036566764384147947,0.0010429077967284398
2854.35,0.011461960285276735,0.0034254837870585707,0.011111343957188357,0.0036596678066286924,0.003368250439084383,0.0010456504416662892,0.0028506422865391574,0.0010752103333647423
2855.9,0.01039765145796078,0.002713191149543058,0.009900373663513796,0.0028492986279887405,0.003993935830958151,0.0008153035370073316,0.003505393160851003,0.0008566464685502284
2857.45,0.00533364463119056,0.0022091515166455643,0.004234338832014661,0.0022874718359912165,0.0027155779882836713,0.0008674674899258489,0.0021108900435811034,0.0008791299453532103
2859.0,0.008992550286948177,0.0029828183022198953,0.008288103449226224,0.0031635188166137616,0.002309403019715323,0.0010289228931363082,0.0016720089689020408,0.0010524249943681741
2860.55,0.0059453371789320135,0.0022646870946499086,0.004874911435551046,0.002413689788385029,0.002847764459226057,0.0008919321215953321,0.002219630164572957,0.0009471162273243327
2862.1,0.006947605683287975,0.0022684072944360893,0.005964004096167791,0.0024280391454245664,0.0035978469877672647,0.0009021313487970654,0.0030217354359860843,0.000951756429731429
2863.65,0.01136899814906529,0.003603733318942602,0.010902124863203957,0.0038400592866953812,0.002420182002745961,0.0010310935274880412,0.0017437386186147006,0.0010766773161371742
2865.2,0.010979097943638917,0.002681584401580391,0.010455134467325454,0.002865589622220245,0.003447445570456934,0.0008604707501526762,0.002833772052117831,0.0009401498218818692
2866.75,0.01027385615116117,0.0025131492290221265,0.00964727467712021,0.002603609047591295,0.004635509271941505,0.00098581874436082,0.0041144190996416415,0.0010391238165309658
2868.3,0.00710663650067589,0.002574896793179698,0.006094104460120993,0.002694934103975403,0.0032557689507241947,0.0009582395228246644,0.0026013132047640426,0.001034313695259068
2869.85,0.011086357960424988,0.002705440892994497,0.010528202571913378,0.0029116609047578467,0.004020392950684668,0.0009329067729188518,0.0034215938694149633,0.0009744645216209161
2871.4,0.007917429182638516,0.002238641271858816,0.0069612509470972465,0.0023815823524273726,0.00406271339387976,0.0007895650609494735,0.0034570105836749156,0.0008423405272307259
2872.95,0.008684226802198951,0.0022744264448412667,0.007805610120414901,0.0024096309556514094,0.00556080013262427,0.0009535792013613581,0.005076234469496581,0.0010197598195330262
2874.5,0.009606422053958058,0.0031805128289423908,0.008830851132075363,0.0034503545431796585,0.005273339715638512,0.0010262812092509278,0.0047525184221365365,0.0010798340673026379
2876.05,0.004786445419274161,0.002315237674110201,0.0035237185350068183,0.0023011947432067872,0.005501788644129449,0.00090899213031839,0.004991786916563491,0.000980083393353127
2877.6,0.0073659563268493496,0.002228017591739631,0.00629145897347537,0.0023709857068317953,0.005304930392393648,0.0009743815251606032,0.004768197457981205,0.0010430961654977965
2879.15,0.0062561724456416555,0.00270487296352699,0.005077201170706904,0.002784066403835524,0.003985705158946279,0.0009617816615023202,0.003325241227458455,0.0010491005677369669
2880.7,0.007756367514437352,0.002715962498524146,0.006726823385759926,0.0029447463379644856,0.004553647198929651,0.0008588686634739275,0.003933575640646627,0.0009236582077692201
2882.25,0.0089527839069365,0.0023605806167891334,0.008043090541994749,0.0025034503134864854,0.004691561622254635,0.0008082378559240996,0.004075838076153079,0.0008517268786826463
2883.8,0.012079760067776162,0.0030838724851319902,0.011537682159031268,0.0032400463569366472,0.006134895820703944,0.0010104863116444515,0.005638299288824927,0.0010649387422360268
2885.35,0.008532294014242776,0.002407179428656148,0.007553107910462867,0.0026097818648844148,0.006040232312356013,0.001100181036303506,0.005528159064546132,0.001159805827066596
2886.9,0.01275879444351915,0.0028781663683957147,0.012285158354083607,0.003006843814914914,0.005997536003646312,0.000783572570583183,0.005474087839335272,0.0008159600219027611
2888.45,0.01168009642280402,0.0028759292166571546,0.01106870314604309,0.0030308116004890764,0.006303215273319601,0.0009006642386508316,0.005800950598989013,0.0009419806319954875
2890.0,0.011829242807659474,0.0029931168816757408,0.011227533872245682,0.0031600578917919133,0.006427446225098222,0.0009582192538896714,0.005930574730927054,0.0010056152481723736
2891.55,0.009401456308016273,0.002363121130336073,0.008502362512043086,0.002488390368497021,0.006151695442521409,0.0008597359423420705,0.005624619110407319,0.0008787740896436675
2893.1,0.00999036596536529,0.002639404944153924,0.00915799629953347,0.002809996261953947,0.006739648582042108,0.0010662336285384912,0.006260565374022071,0.0011191954938542178
2894.65,0.012121641459663816,0.0033993115571775315,0.011545332528583838,0.003651302153288331,0.007119427688104499,0.0011851307703863436,0.006668328591176256,0.0012588635414305376
2896.2,0.010032099866098342,0.0025074811404756665,0.009201070503973556,0.002656567307287374,0.006885748163817459,0.001052632668069054,0.006411526119093716,0.001112316912189472
2897.75,0.010717650191305144,0.002762738180570765,0.009962261745911345,0.0028872327855276893,0.008034635165171907,0.0010846641674664246,0.007657842245379052,0.0011249402356845288
2899.3,0.009967918566731048,0.0032337525626251486,0.00912160907349379,0.0034610937005462713,0.006884336715015916,0.0012165843946457125,0.006402804534451641,0.0012762123868121464
2900.85,0.010943956176000596,0.0027095392135704837,0.010213179923888888,0.0028502580016204655,0.007012841947239196,0.0011779426954092963,0.006541312281076262,0.0012334417362457495
2902.4,0.012743127952572333,0.0026068828464005265,0.012234090894299363,0.002702786272810852,0.008471391382555326,0.0011587838784821915,0.008125624301848154,0.0012000506484584823
2903.95,0.007586261921407461,0.002821290719657729,0.006455897471722939,0.0030822959712093804,0.00912380933417476,0.0013527533635854156,0.00883508923327004,0.001420784971816579
2905.5,0.012588113792625913,0.0033073844068056382,0.012061602361515393,0.0034817099326416657,0.007540614810989526,0.0015349039782532198,0.007112347899409969,0.0016518941081611906
2907.05,0.012179628930229343,0.002426758146668359,0.011605228451048877,0.0025040079493973953,0.008603780297202879,0.0014193562091699135,0.008268539378862039,0.0014924156620177355
2908.6,0.008857573837117019,0.00250658189927358,0.007889030943193206,0.0026394906436004333,0.00900571457884312,0.0016505580647847443,0.008707162469716936,0.0017470703100871073
2910.15,0.011083689877943613,0.0029184337082490052,0.010382889905139752,0.003076832335050531,0.009228283142966733,0.0016488164066201477,0.008949729828304512,0.0017319851586046716
2911.7,0.012227088275921085,0.002702374078419806,0.011672187039576835,0.002814608385971986,0.009617593407015889,0.0017494150607772797,0.009374803686734028,0.0018458997110738797
2913.25,0.009175023541853294,0.002930610968432472,0.008257025478970025,0.0031971438934518307,0.009173723401726381,0.0020116909684792655,0.008895698108660961,0.0021345872518600388
2914.8,0.01234743149217366,0.0029457200104759202,0.011817436622977032,0.0030823109375592286,0.009478613755537508,0.001935713931465577,0.009228984874365952,0.0020370768213010516
2916.35,0.009454789342096183,0.0021753706988225764,0.008581212030578511,0.0023500110207937603,0.009625523227217414,0.001985602671612217,0.009393230055357337,0.0021066872382609425
2917.9,0.010880871425662934,0.0027708477560479086,0.010187514671021459,0.002959671942502156,0.009446954745113183,0.0021313540531352248,0.009202360607212271,0.002263635359236944
2919.45,0.011982984980255991,0.002794047287410541,0.01143249532275496,0.0029921536363197664,0.01110744313078611,0.0020489922502917157,0.011015836755375137,0.0021722781523055325
2921.0,0.009438538829841296,0.0022327736690717615,0.008590474298141021,0.0022885855437906593,0.0104939602598956,0.0018972847906892204,0.010353251976229865,0.0019974469445880267
2922.55,0.011531692841462184,0.0024221643137623877,0.010945017068748834,0.0024843717685416296,0.009382812847653871,0.002139905878019187,0.009151209249218977,0.0022785448715069347
2924.1,0.009348371392354957,0.002816087600008897,0.00852056677279249,0.0030175139020141577,0.00918668106304549,0.002030882978210023,0.008944921755752466,0.0021644858185073585
2925.65,0.013293967492987516,0.0026787091740839604,0.012944307376467394,0.002746546158478632,0.009571880468936178,0.0018458954238984866,0.009370148409342817,0.0019499573743875693
2927.2,0.008678135812232788,0.002504352533522059,0.007777659945758881,0.002615574133213853,0.008115789943194117,0.0018631227925686312,0.0077955341483157605,0.0019871414752564314
2928.75,0.01331577706247818,0.0033308521228804346,0.012992550802815252,0.0036165340835293356,0.00835922105886084,0.0018143443043662872,0.008067097418423324,0.0019280353049780585
2930.3,0.010920507302018075,0.0029407647132214223,0.010318744356526218,0.003052107906573156,0.00858481340350108,0.0014744795395352,0.008322156394571109,0.0015550561907441123
2931.85,0.010246755978510838,0.0026418209499757326,0.009584152157698596,0.0027875260185339875,0.008563402912609423,0.001418980249364753,0.008307361356675562,0.0014961230674051804
2933.4,0.008652953073376258,0.0025632006255145185,0.007809550390167733,0.002800224380395826,0.008253566446663885,0.0013828039552862181,0.007982346890651805,0.0014404511722576486
2934.95,0.012677772327150309,0.003142884376320704,0.012336218713940729,0.003283108428983808,0.006517574085352041,0.0014523919363300288,0.006103363916020752,0.0015530362575113688
2936.5,0.009333835601868417,0.0027036106529019655,0.008598870427071236,0.0028781000504220187,0.007188624430057454,0.0012272934010990433,0.00684420830585402,0.0012820460693745701
2938.05,0.008875404399651312,0.003192336759798892,0.00811647038530859,0.0033482262596027466,0.00697831256901368,0.0014298877078706617,0.006627524255536801,0.0015268377816883105
2939.6,0.007479159692811286,0.002094386297771221,0.006558745876131336,0.00228186503604951,0.006220106091611252,0.000989851405113191,0.005813898263972053,0.001041842161198487
2941.15,0.010749076755867202,0.0027298081516106466,0.010241656270222783,0.0029292629955401527,0.005991402147104626,0.0008580764240094918,0.005577639239271078,0.0008998160793241586
2942.7,0.011013372313776162,0.003130794754867693,0.010553040241080384,0.0033468596138866357,0.005457970920125261,0.0011371646371463177,0.005010526261830105,0.0012140655692151297
2944.25,0.010868722163750495,0.0026720868063593167,0.01041249491026222,0.002783035436481079,0.006693870662550046,0.0009035020543109362,0.006367453719414054,0.0009377893824203709
2945.8,0.007730390079752578,0.0023551391603632947,0.006912083215219349,0.0025257080592360425,0.006400907415599026,0.0010888865483646446,0.006061115656282362,0.0011346472649820536
2947.35,0.009232083123342595,0.0036467681964584835,0.008675578943965314,0.003858490230128858,0.005638242689093711,0.0014936928930058423,0.005244159797201926,0.0015983748106918974
2948.9,0.008347623329731133,0.002137643652859266,0.007644776348782538,0.002313864495639639,0.004878104419630896,0.0009850550448313158,0.004432678867758448,0.0010370072450523783
2950.45,0.006399807766972686,0.002537324711103878,0.005481069560479541,0.0027713450308547603,0.0045363969000890535,0.0009428384609778999,0.0040752931286753705,0.0010061830741533982
2952.0,0.008555093385984903,0.003119154242876736,0.007918783919756416,0.003410404286682676,0.004074557100919089,0.001075758499791465,0.003586734862036825,0.0011490581047070615
2953.55,0.003148746177686429,0.002186745015817433,0.002104155128291017,0.0020525082038984153,0.0040526446817211684,0.0008848691404451321,0.0035775256542021237,0.0009282280609127443
2955.1,0.008394904301240506,0.0025341656906149417,0.007780302696161946,0.002639952416051652,0.003920171588285789,0.0009561280858663587,0.003448769625167239,0.0010103485571133798
2956.65,0.009397714054705679,0.002927113983730707,0.00892681602234261,0.003194526857292807,0.004966126004503918,0.0011496806530353336,0.004601175584013339,0.0012116731351692442
2958.2,0.005788328337899782,0.002596403365902224,0.004929409262412965,0.002725162282752398,0.003025116386105567,0.0008821119151089422,0.0025049784011425876,0.0009206743639225322
2959.75,0.007779408501980223,0.0025896051759816898,0.007155778925445323,0.0026962583041612014,0.0024690160732515217,0.0008275479452636974,0.001918535096931812,0.000871647347103792
2961.3,0.010257440096269143,0.003271769541621127,0.009960691594937851,0.003508669458269265,0.0030126104731229915,0.0009165954070792221,0.002523165954908249,0.0009805501635427954
2962.85,0.008119100595796102,0.002514927644473066,0.007581739030295048,0.002664001182824759,0.0037256981865102074,0.0011786034544653402,0.003315627637742485,0.0012470597944706173
2964.4,0.005040113281797116,0.002474385026801288,0.004170054050325126,0.0025832486029460804,0.0025490789852133182,0.0008030321397020604,0.00204984563757985,0.000863798465798969
2965.95,0.005529555145686621,0.0029330005756425474,0.004741131763120119,0.003100541147657373,0.002572471638357964,0.0008800440969414609,0.002092542371507702,0.0009182332599841006
2967.5,0.007863125932042189,0.002914199967976415,0.007363559921516677,0.00308862085884317,0.0016885199298416315,0.0008421542302541426,0.0011729004428184281,0.0008521528905801134
2969.05,0.0035899974811267436,0.002023244608964465,0.002668573518998576,0.001994573413953169,0.0013439758616002172,0.000807689878865933,0.0008442797644012708,0.0007842264875415708
2970.6,0.007134030125155316,0.0028856813790763655,0.006589232413108727,0.0030363019943164295,0.0012251668779544574,0.0008918591102599356,0.0007840509564063351,0.0008129251627187025
2972.15,0.006553457597184826,0.0031216158977830383,0.00597201424030799,0.0032938291748431862,0.0025859384018031345,0.0008577312607003038,0.0021698454517571956,0.0009006474071438357
2973.7,0.0037932478154560937,0.0020692963362096005,0.0029894363583734206,0.002063772870653594,0.0015976634042673182,0.0008099844876937499,0.0011356463789666052,0.0008172928798249714
2975.25,0.0023819187936018242,0.0022408955691466197,0.0016884976353769216,0.002069152150707988,0.0028286447228084394,0.0011988212927128254,0.0024649114311421625,0.0012678085591092548
2976.8,0.007285376574144448,0.002859037202463958,0.006851425260808011,0.0030276123274827734,0.0026476766519247536,0.0011449327594572282,0.0022856120760044504,0.0012097424959301088
2978.35,0.003033530684345833,0.002161009157085643,0.002231809238673685,0.0020993456789694716,0.0015024306815028942,0.000787813610550299,0.0010776832130003416,0.000797139997144883
2979.9,0.004450047829180212,0.002468740374480967,0.0037653053873875743,0.0025674652824013476,0.0008992952868738067,0.0008677298613575194,0.0005775705410023006,0.0007544099064791548
2981.45,0.0038843783359615754,0.0023404492438690067,0.003167923903619081,0.0023668306006418157,0.00044108938822095325,0.000546034452203973,0.00020257568776312407,0.0004057952065513883
2983.0,0.004333502220482053,0.002065842818419215,0.003651462347338143,0.0021015140479520443,0.001786617717995941,0.0009284088792919915,0.0014243019034217272,0.0009476897287768503
2984.55,0.004804073274756948,0.003091174002061064,0.004232297800904776,0.0031983149341305917,0.0015460522241296576,0.0010194163937006138,0.00120940891733424,0.0010173974546886337
2986.1,0.004349291334994379,0.0028274264246441394,0.0037500880435749305,0.0029771287392730884,0.00039713416036993976,0.0005608108181677055,0.00024503655380567137,0.00041861987793435847
2987.65,0.004422483058820204,0.0021690198920047143,0.00382070439917323,0.002248151660426632,0.0012596823478178878,0.0008224134901887268,0.0009304416567144482,0.0007814321701736521
2989.2,0.00562020086257815,0.002836602885040517,0.0051786764871745335,0.002994905065396683,0.000364490717433732,0.0006052022021528069,0.00022060466805282574,0.0004723239815412737
2990.75,0.0005405208334341554,0.0010593787136025435,0.0002791246295513019,0.0007839894971805708,0.0009563652319171404,0.0007848116473879855,0.0006525007482994398,0.000732279347879843
2992.3,0.005766887747488304,0.002960642609821438,0.005371346941306346,0.0031318096481393197,0.00013052258821054407,0.0003856931684257995,6.709966380584277e-05,0.00028351391422974746
2993.85,0.004600496400295358,0.0025704496492014194,0.004162369048734532,0.0026659590149724108,0.0009145027348123568,0.0007901896806761602,0.000664718492455348,0.0007146296549241438
2995.4,0.001357842536758676,0.0018596370248019933,0.0009349157872385043,0.0016474655683164387,0.0013742058560050948,0.0008960175128991467,0.0011135284566575346,0.0008750435845798426
2996.95,0.002017409877321876,0.0017615971770853934,0.0014688786023456116,0.0016423902146984822,0.001495983448150559,0.0008458744990554462,0.0012359889778356904,0.0008502256963464144
2998.5,0.0013126222034155622,0.001820737673640604,0.0009606237564406966,0.0016930033939285178,0.0006647869836130344,0.0007147412135053202,0.0004750001562854343,0.0006326036327271188
3000.05,0.0027683692208780807,0.0021209527216395677,0.002285760988654375,0.002042160985229357,0.0011710441805878019,0.0008582174902399334,0.0009532582874570067,0.0008244828303226769
3001.6,0.003331093516999879,0.0021743244290174297,0.0027904340565535752,0.0022707049696804875,0.0016542974030227448,0.001035289121243281,0.001447073281419129,0.0010467487442587264
3003.15,0.004243007333452721,0.0022353734828183852,0.0037969768310301692,0.0024039408766446755,0.0013610624194542625,0.0009617861130855045,0.0011542627068825506,0.0009680657020144169
3004.7,0.0058682168878748196,0.002758361817957565,0.005635679403947387,0.0029413529966599494,0.0014334880800167548,0.000832814451539702,0.0012282987867020445,0.000833842687625803
3006.25,0.0030690293078613432,0.002173523479657174,0.0025748784504981887,0.0022095826520063867,0.0018762921895185605,0.0010008412426506246,0.0017103353811484963,0.0010283903588347144
3007.8,0.0009249837384850633,0.0014364165745587333,0.0006345812775793136,0.0012886876803743252,0.0008759657796610334,0.0009094473118252659,0.0007110289822639084,0.0008870298383202148
3009.35,0.0034136552882760053,0.002492764478380784,0.0029930255250301117,0.0025166599886113057,0.0009788006283206886,0.0007904754850819371,0.0008041758616646114,0.0007743533952012145
3010.9,0.001132740230998043,0.0013304827636484698,0.0007547187219214516,0.0011488416228186578,0.001068714669570405,0.0009346334251011298,0.00089614677119929,0.000935278672673994
3012.45,0.006958848837164921,0.0033871339112353568,0.006919346286463013,0.003657140717827864,0.00035553599913497406,0.0004670970907801995,0.00023060375343355124,0.000405493618643566
3014.0,0.004162717933570625,0.0028969001900099297,0.0038398310310900287,0.0030109493352447514,0.0014139969031893602,0.0009124971406457794,0.001270095568711852,0.0009335663831600648
3015.55,0.00333919036328536,0.00192684997871802,0.0029421328333272957,0.0019331882077408091,0.0009037883195537926,0.0007352720466584898,0.000750996339537551,0.0007205479394020244
3017.1,0.0039795870840187465,0.002583784226914246,0.0036530317574006393,0.002706485565109238,0.001594666458895697,0.0009413861999636192,0.00147897488365041,0.0009883875392125328
3018.65,0.0020369001888934047,0.0017775186021776208,0.0016689879658151967,0.0017020382115622745,0.00134885346936041,0.0008938846605506718,0.0012275397563591573,0.0009138276697613314
3020.2,0.0054072674762953785,0.002438717330288255,0.005243588229896138,0.0025781357254043382,0.0010402653190336798,0.0008154061323580935,0.0009160870420780346,0.0008255130122333712
3021.75,0.007579651031194109,0.003510613367726761,0.007688741825637424,0.003857748113293598,0.0005783758078226366,0.0006931322052518693,0.00047501344785344393,0.0006727979089004119
3023.3,0.005867906463267938,0.0026736979936731477,0.005779345463737869,0.0028400635811788207,0.0012788366478781094,0.0008487917281103911,0.0011724643735315336,0.0008562215302573713
3024.85,0.0008348761103555437,0.0011223443708504909,0.0005147495199954927,0.0008803198201192978,0.0004414799369411269,0.0005003776587952589,0.0003255959428275623,0.00047177654572108966
3026.4,0.0020807138552115666,0.0022639911298897,0.0018154092070027778,0.002205688563084998,0.0016021633697559498,0.001085529641122054,0.0015364057256974713,0.0011341740435934602
3027.95,0.008204567889532121,0.003327674355227379,0.008431576309757372,0.0035230252048174316,0.002055066815817056,0.0012295262377349236,0.002031051773318832,0.0012673737272640216
3029.5,0.00662655096188505,0.0027204441542064556,0.006668792989201485,0.0028826412413142538,0.0005782251231132166,0.000585802765865002,0.00048322408104121127,0.0005633725857011011
3031.05,0.0040424400030662135,0.0026804858189751887,0.003841122943073958,0.0028217447800562654,0.0002860240703919206,0.0005019141685324982,0.00022141194610446446,0.00045776627738908004
3032.6,0.0008335790144845666,0.0012166805532729636,0.000595364218033887,0.0010912449224191004,0.0015423827320801028,0.0008638492539491012,0.0014872389212383708,0.0008917405537308971
3034.15,0.00584853085178058,0.002555857211492776,0.005819839956178372,0.002717896210592081,0.0006410057014467615,0.0006735715460793471,0.0005633732576459377,0.000651993036891445
3035.7,0.006241490205479615,0.0030575328919356455,0.006263821823446912,0.0032410358721066132,0.0016936538955865217,0.0008970940210663886,0.0016608763401366245,0.0009444840417286358
3037.25,0.0050822625996700095,0.002652263760329003,0.004991736177019598,0.002809345091428514,0.00043302896434264314,0.0005697140177240953,0.00036776057999686896,0.000543674070656359
3038.8,0.005677153422867074,0.0024791781663356153,0.005642510886550906,0.0026335472825853804,0.0012602994427581087,0.0008105273681782979,0.001205732584940218,0.0008224272209592806
3040.35,0.00738320792503222,0.003204236806211627,0.007571801164491425,0.003447281916456567,0.0019626411247111626,0.001407246843208192,0.001965897401349754,0.001476764783036732
3041.9,0.00934277586210399,0.0028057283602189948,0.00976636060842077,0.00297771039589823,0.0007436694272353134,0.000720979310908359,0.0006885099811001345,0.0007157417982352167
3043.45,0.0043008947293019855,0.002149212272194866,0.004136142298704224,0.0022414899304816016,0.0012471440688185175,0.0008840237186515618,0.0012008843620254866,0.0009040407212282036
3045.0,0.0008158133378984498,0.0015550964475512929,0.0006653343988747083,0.00153471831352835,0.002602410370860558,0.0013077934624135046,0.002669920760853565,0.0013719270035053015
3046.55,0.005745765565389586,0.0024006890081505945,0.005741064835183324,0.002514776369914177,0.0015899636935267736,0.0007834968870937682,0.0015726837562510996,0.0008173527041518101
3048.1,0.007615473817475332,0.0030692196428821383,0.007842903096446807,0.0032431409351389323,0.0027765521771384886,0.0010197365335976982,0.002866152274234892,0.0010645963073397605
3049.65,0.0016189660479744722,0.002134079338247486,0.001377559726816298,0.002072339319985557,0.001586237845146348,0.0010596916424810672,0.0015797407917843536,0.0011129492486234129
3051.2,0.0063432505930141,0.0025268913303039477,0.006420267330334698,0.0026581937555977667,0.0027376636833215105,0.0010987267047683712,0.0028285426299357653,0.001141579916385046
3052.75,0.004303235629651513,0.0023402402561556956,0.004141797355634353,0.002497852213812121,0.0019077721279486758,0.0009070475548417776,0.0019298994295535229,0.0009540975080710353
3054.3,0.005299174658206163,0.002974788607941391,0.005283780045550862,0.003192923745758293,0.0009432984145813024,0.0008828336258559947,0.0009159520022872753,0.0009097602780661409
3055.85,0.007710982318678653,0.0025949308547342006,0.007961366337900405,0.0027139746156598153,0.0016642275858152452,0.0009898807142644007,0.0016692618924261068,0.0010354627840686384
3057.4,0.004487269214587515,0.002069180638744808,0.004361422817094416,0.0021780100676593223,0.0015181124554750757,0.0008420129599500927,0.0015087870351868976,0.0008644676449111681
3058.95,0.006170196480854955,0.003053870406647469,0.006244307429276745,0.003242131352778007,0.0013177608967282362,0.0010475243126489425,0.0013067809854228486,0.0011005245629676678
3060.5,0.005940928731295041,0.002570238511675166,0.0059770805026056585,0.002753415450652905,0.0014664531628197095,0.0008188524335291056,0.0014545485267286192,0.0008454346287925089
3062.05,0.005188700898854952,0.002212242928392301,0.005136068123615222,0.0023622423641620834,0.0017914924739441118,0.0008077101358119823,0.0018115898587831207,0.0008497299773943858
3063.6,0.004142928383382988,0.0028240171507313383,0.004001874594271207,0.0029635825141991947,0.002013009159066792,0.0009844913978658278,0.0020487142931668594,0.0010339911110396269
3065.15,0.006283883352444136,0.0027204457059317663,0.006360020676998487,0.002877313171359417,0.002894037809982673,0.001263780840207507,0.0030074175445800834,0.001319187558961586
3066.7,0.004966175899701593,0.0023213663288078356,0.004894591204662056,0.0024595067139672687,0.0015911868864987718,0.0007775970097196642,0.001590089130289287,0.0008054474140275582
3068.25,0.003781280680661036,0.002439666544780456,0.0036202749282208836,0.0025903130982857783,0.0008929409143917308,0.0008634208065156711,0.000863025652404075,0.0008832169959562364
3069.8,0.0038508643590124485,0.0026184391838535476,0.003667222371732896,0.0027119981070419627,0.0016323711215376476,0.0009072968791814084,0.0016348988386441546,0.0009405455563644226
3071.35,0.004249131132625623,0.0022593103698817572,0.00408439758457826,0.0023891325403304336,0.0018564748474755388,0.0009243977194889377,0.0018786321857565957,0.0009669532526542248
3072.9,0.00542916545386263,0.0026421513740524983,0.005400309628511165,0.0028674798650736195,0.0013616253255632072,0.0008454122505585727,0.0013498306944440697,0.0008919732536392155
3074.45,0.004722411200189754,0.0023271300824539484,0.004609063035069081,0.002440318935419656,0.0015551658892041082,0.0008155609891121361,0.0015478732316776217,0.0008465498729126827
3076.0,0.002881140624073852,0.0020165620210210984,0.0026008896298366562,0.0020507612787831254,0.002579761825219963,0.000962087784366254,0.002658912410309409,0.0010027428848538775
3077.55,0.0067536632256270605,0.002953825310420579,0.0068779953781397465,0.0031482502474664957,0.0013438762663863105,0.0008603532866233198,0.001319728351660484,0.000889579743387178
3079.1,0.0050329102072632,0.002473244519280082,0.0049513233552476174,0.002615463832423834,0.0015352591878300178,0.0009412862897690887,0.0015266619106813913,0.0009723288494161622
3080.65,0.004112477669240189,0.0024771213803312982,0.003934988942414294,0.0025911741680502962,0.001288210262417056,0.0008838619989261037,0.0012544415121668762,0.0009269415619505729
3082.2,0.005914856028159257,0.003407688058048384,0.005951586860043819,0.003638965722426459,0.000841790706523174,0.0007707578133667442,0.0008013233980815168,0.0007891457928197621
3083.75,0.00536694027168495,0.0022376048389291152,0.005313375666210703,0.002342808861602069,0.002195251874295056,0.0008630105600826919,0.002228766050644102,0.0009064578212221443
3085.3,0.004900509877424196,0.0022352941328899036,0.004789170765419362,0.0023799986916508715,0.0015483573223936287,0.0007073139550011841,0.0015222222092814294,0.0007407363566319728
3086.85,0.008108163833402165,0.0036933910752296774,0.008380842606524832,0.003968130971066533,0.0007263821517071589,0.0007832545765691667,0.0006781127723246365,0.0007920479330045711
3088.4,0.009202438737670383,0.002767976655640018,0.00960738471080504,0.002949324109271086,0.0015781657128927083,0.0008909373455547515,0.0015521241445558055,0.0009210548027103824
3089.95,0.0034253785758312505,0.0019935117047561075,0.0031658881898458113,0.0020741831858308805,0.0012634835520813875,0.0008807459429399692,0.0012088420468214123,0.0009022653672084875
3091.5,0.001152714407326311,0.0018697455240602237,0.0009752035713018969,0.0018375015590027426,0.0007485433068135516,0.0007796697853081701,0.0006875975693651133,0.0007716276494825591
3093.05,0.003933432250708884,0.002077840279931592,0.0037105600436862867,0.0021934862103670386,0.0004084494872818881,0.0005117554703044266,0.0003504811465935458,0.00048462057918595593
3094.6,0.0073154115106293174,0.0026432325738324695,0.007473641880635237,0.0027656668104744753,0.0013568614344510225,0.0007995656648357781,0.0013008016379872662,0.0008265712200620723
3096.15,0.012465990442868391,0.0037863544377629175,0.0132464005581517,0.004054073374540608,0.0006880621279480294,0.0007311952365870784,0.0006134067669127527,0.0007372514458588457
3097.7,0.006622445037833956,0.0026860267195750864,0.006687457282494192,0.0028477188584305835,0.002028957799273829,0.000998481270430671,0.002013842061344867,0.0010410185049232585
3099.25,0.00715385605894914,0.002326082869034275,0.007280850929351969,0.0024202396013810893,0.002106002919781703,0.0009413561217703597,0.0020946144558890867,0.0009802890601660445
3100.8,0.005579301494585115,0.002668717761175295,0.005508934584550343,0.0028603549559549483,0.0012975380168236642,0.0008333076613184099,0.0012295040498742614,0.0008635325106125887
3102.35,0.0020409357943111106,0.0016925295324218056,0.0016719367372421072,0.0016601497853802006,0.0022919879500959937,0.0010070164663343597,0.0022848335767298084,0.0010418443244459186
3103.9,0.004494258189713033,0.00235010573452226,0.004292591780682199,0.00246945482823308,0.0021605985428873294,0.0009363541230041176,0.0021375467764753143,0.0009699620033097931
3105.45,0.011063283357799722,0.0041616986904812235,0.011645045051303055,0.004475624178112065,0.0016884803574343037,0.0011337478980958193,0.0016255626128856072,0.0011791271807993983
3107.0,0.007149747693920365,0.002519070793479915,0.0072556862538175745,0.0026575673952039906,0.002171121949294176,0.000971045245790849,0.002136948613546203,0.001004152341276694
3108.55,0.0031249964574223215,0.00197742557682523,0.002791328678316682,0.002016900793900827,0.0016265313146314958,0.000792159119037649,0.0015385717552018423,0.0008283513320882665
3110.1,0.0051448939834896745,0.0029893213073486193,0.0050349751050228295,0.0031907226536669804,0.002535380366349572,0.001114407283605472,0.0025228262892670415,0.0011697755261686701
3111.65,0.0038872548494531915,0.002124500947384069,0.0036237304935743575,0.002137066641634361,0.0021843304018680063,0.0009180663130012868,0.002132705199734849,0.0009525610293735061
3113.2,0.004877384353962069,0.0020865112926668028,0.0046835591248415125,0.0022254589422574245,0.0011755315424041457,0.0007022047310830462,0.0010454519339434495,0.0007213211455399151
3114.75,0.0045758420286045876,0.0029548937072988936,0.004392611980665913,0.003092721654316059,0.0019446492770983706,0.0010721184244695096,0.0018717590045427826,0.0011017331317280576
3116.3,0.004637417484061115,0.002441380191540467,0.004425022023405339,0.0026581939827408202,0.0017481039133300002,0.0008597456332363253,0.001640338573125349,0.000882469809011526
3117.85,0.007361163822329422,0.0028508265939746345,0.007450166325727719,0.0029775554371492072,0.0021659018892272886,0.0009357948846230976,0.002085038648357552,0.0009659577572472057
3119.4,0.010211745559801692,0.003265999144045478,0.010643360081672121,0.0034707942389959425,0.0011036511356184951,0.0009041738281471504,0.000970405222366385,0.000889152826250607
3120.95,0.0022603077197521798,0.002013821589264292,0.0019241313863960288,0.0020085881310482746,0.0005394232995953095,0.0006003158937248082,0.00041382014234522964,0.0005571402625261964
3122.5,0.006053265484205785,0.0024339071434640825,0.005968346076245163,0.0025628118955910747,0.00089864047948081,0.0006522314714134836,0.0007163037898227589,0.0006489681805041531
3124.05,0.0015124986446956835,0.0017677197438226433,0.0012003088568489418,0.0016830800501797466,0.002048613177620078,0.0011732927551666961,0.0019353228413665727,0.0012190907073664466
3125.6,0.004254924134573692,0.0024418649730976335,0.003969346383832513,0.0025664592375772744,0.0018462858251140507,0.0009687418835391845,0.0017022393265501727,0.0010032962503776128
3127.15,0.0019337615716590632,0.0017804143266183198,0.001511284212873848,0.0016933803612672366,0.0005947489690135299,0.0006900182103017165,0.0004373771802187091,0.0006457458694731666
3128.7,0.006821033175990216,0.0027900235111970747,0.006816276119263455,0.0029936849305243784,0.0014677282271005519,0.0009655364468702756,0.0012920129243540821,0.0009797032307732145
3130.25,0.005343128004787336,0.002469760872501453,0.005159735442532823,0.0025909532297300124,0.0021422774900119075,0.0009762028438972476,0.0019997670477525896,0.0010238832450520437
3131.8,0.004433438896384228,0.002141787733789616,0.004146360229933437,0.002171339482561079,0.0007413470776938452,0.0006382675777072963,0.0005350861438763957,0.0005886692118779823
3133.35,0.008289556058751398,0.0027915082051788065,0.008431242204736596,0.0029441762220815066,0.0012774630906952592,0.0007318294983506755,0.0010704209491172597,0.0007424871680816582
3134.9,0.005318361597595137,0.0028153585116822226,0.005118864063583822,0.0030190795891921612,0.0011952276604256904,0.0008785814811238628,0.0009720590390694256,0.0008816437724311102
3136.45,0.004451681781985228,0.0022328312702867047,0.004129254236247954,0.0023206564011847407,0.002554396200123396,0.0009511211576013367,0.002412589569755498,0.00097792948573098
3138.0,0.004606029813652787,0.002666990900609596,0.0043241122962285414,0.002784925835498104,0.002825293114211003,0.0011269146607683046,0.0026976907672543204,0.0011608655585545683
3139.55,0.005342220315757388,0.0026636809379774256,0.005121975505342062,0.0028394148340312197,0.0016358937191909113,0.0009363005535531659,0.0014046684517792615,0.0009631196246082424
3141.1,0.006808977808305195,0.002450342987793817,0.006740512845212578,0.002605537965284732,0.0014987698813973232,0.0008387520927255581,0.0012516508395823134,0.0008249627631853138
3142.65,0.007781716305174201,0.0030647233431534337,0.007823508581866381,0.003262194171828073,0.0015232331730814857,0.0009722912535855522,0.0012782384664742925,0.000981763508473533
3144.2,0.0035757502428621166,0.0023354588142790516,0.0032096996294737955,0.0024006140374344164,0.001612653916428731,0.0010282407602131955,0.001385603039151889,0.0010336267285521222
3145.75,0.006612176719142339,0.0024870202204045825,0.006500548266080288,0.0026205928481380374,0.0016715309878548678,0.0008433595085812675,0.0014019191431012112,0.0008706491261920687
3147.3,0.003554645091118181,0.0023063506565882803,0.0030936046156054757,0.0024221082571024588,0.0012351446315591848,0.000710168006235127,0.0009440982806074943,0.0007153372062422589
3148.85,0.004021758303535372,0.0026186326465459215,0.00365842390258354,0.0026715068110675652,0.001782777910657459,0.0010107709724356596,0.0015099665457267756,0.001024768647727474
3150.4,0.005200717666527413,0.0021804714516119486,0.004892744852060156,0.002293036469733386,0.0017856702528430987,0.0008579930815320188,0.0014948239614773048,0.0008781254034479963
3151.95,0.006037150703865478,0.002512939461504135,0.005822469722768963,0.002693533077471124,0.0019838094429434944,0.0009670266983129276,0.001702021135076133,0.0009954366817157753
3153.5,0.0066433937043658365,0.0035430943656591402,0.006507030400943532,0.00377918002599192,0.002402082114256449,0.0010923942859288255,0.0021430322054121734,0.0011185743259984
3155.05,0.007667810947986613,0.0030790344708674093,0.007646928332009706,0.0032402034417554266,0.0011666235353414145,0.0007245982571022492,0.0008365685979803813,0.0006813492740711334
3156.6,0.00572877602007686,0.002335336088407164,0.00545851101341672,0.0024376666259437497,0.0027418408599642146,0.0009049682852040093,0.0024917416222472,0.0009135146541351972
3158.15,0.005975724907112747,0.002985747812909705,0.005735634134313404,0.003142739405874803,0.001183410874832542,0.0007604697603040608,0.0008487996332462627,0.000712772822315037
3159.7,0.004285973726940652,0.002358572604685125,0.0038874004200622763,0.0024418921117049523,0.0021791325892829556,0.0010392897238370993,0.0018653281500001786,0.0010779134937875165
3161.25,0.0047107123223037485,0.002077180044608168,0.004301565136702017,0.002173887072223945,0.002908609618751735,0.0009190358149847595,0.002642416768097753,0.0009545661903903492
3162.8,0.005018245074449098,0.0025139854760471985,0.004664123988157034,0.002622529240599491,0.0027632527928879813,0.0011067944717931529,0.0024741896449878165,0.001154788019381666
3164.35,0.004479300492164979,0.0026846688759085487,0.004052386660574378,0.0027871406968815213,0.002131242716293024,0.0010868556302240716,0.001783754140478762,0.0010988317458338881
3165.9,0.0022380424933961347,0.0017875374327347494,0.0016520376112552219,0.0016680043146618656,0.0021394486849684274,0.0007786451435412064,0.001774728867358895,0.0007971803462201382
3167.45,0.002333950872923372,0.0019454349563744302,0.001766724055039165,0.0018508912087989648,0.00232466816553897,0.0008990970903578577,0.0019690714025538112,0.000957873062451224
3169.0,0.0015356320548382653,0.0018183412481842548,0.0011250249348794337,0.0016949029732696924,0.0032945275387999207,0.0010935074060824765,0.003009715638203893,0.0011448305295546854
3170.55,0.002951965001771139,0.0019786224210582085,0.0023525318712724072,0.001921720715419464,0.002248520917104173,0.0007752201549534078,0.00186118349907432,0.0008033337500436402
3172.1,0.008407524507405307,0.003045378381140627,0.008380770355824019,0.0031830615658152896,0.002431857875651852,0.0007716704053938422,0.0020508837329229323,0.0007936194627391668
3173.65,0.0076137407814858594,0.0030387714377751577,0.007481422245030615,0.003280256889616788,0.0027400440938264423,0.0011357772067842572,0.002375798712918488,0.0011720921536216553
3175.2,0.004780708193656214,0.002373208782908803,0.004306380546577552,0.0024407435204395218,0.0012979402037418175,0.0008392302951666872,0.0008337667615074423,0.0008038009053575564
3176.75,0.006891184993412172,0.002623382130871066,0.006657093090695835,0.002735115000678194,0.0021508071957125844,0.0007693611327755502,0.0017160562539850516,0.0007541898184628862
3178.3,0.009028543020899117,0.003450970925432838,0.00904348058993799,0.0037507235566421296,0.002615240894932565,0.0011075124060760928,0.0022060732445817756,0.001119507539950656
3179.85,0.0029224857322851477,0.0023263714796289987,0.002372500294180692,0.002274404033665034,0.0030428814942622924,0.001068244970394623,0.0026624305352405935,0.0010987319899767773
3181.4,0.006908057418569063,0.002674371141374612,0.006650029183447512,0.0027603845410066274,0.002916971276416124,0.001002361688576046,0.0025139505077513362,0.0010082382131541457
3182.95,0.0028241520636649213,0.002096954106764965,0.002207086811644152,0.0020707166992503024,0.0025771137316644354,0.0009008874635920073,0.0021339739980262076,0.0009368550864699805
3184.5,0.004208970730165481,0.002422177720185296,0.0036630553108682323,0.002499589064750552,0.002098337878656827,0.0009659759892423067,0.0016043978329751787,0.0010149179926221765
3186.05,0.00690309838747467,0.002445371683229597,0.006619759200415143,0.002591969697913352,0.0019567129420718673,0.0007960893591136964,0.0014439156353293237,0.0008082301523199375
3187.6,0.007860591761827164,0.0034342812481851777,0.007690846127548543,0.0036492235995668836,0.00276952751011628,0.0008495401320210744,0.0023088957888216743,0.0008524002428231773
3189.15,0.004747889543996657,0.0024222647868085657,0.004234337290887363,0.002441740101640436,0.0030209455117028955,0.0009602794050983226,0.002572404974276616,0.0010034147472374588
3190.7,0.003372797379429084,0.0020255552704339613,0.002727017211970089,0.001999142778826576,0.0031658892455370376,0.0010170648742239244,0.0027181437286810063,0.0010560112206779732
3192.25,0.006013333472641789,0.0024710264891512753,0.005584049547569732,0.002549955742232979,0.002170607131275251,0.0007042318411883806,0.0016250822798322612,0.000710650118381111
3193.8,0.008173426677981675,0.0036539292453875508,0.007996691073192235,0.003918884198081639,0.0021706116098025433,0.0009432108357060491,0.0016278485701822693,0.0009629791637937105
3195.35,0.00590675301966494,0.002586638420532082,0.005453156934446181,0.0026711107232710854,0.0031982325920128256,0.0010516614817813656,0.0027211131864499755,0.001086815720386965
3196.9,0.0075537030137333904,0.0026976808115499952,0.007289475407991799,0.002773781589122158,0.002492345628958406,0.0007386621949640733,0.0019431839527527417,0.0007624848673217329
3198.45,0.007007072677346554,0.0025349200351702395,0.006669165117938246,0.0025971810874486434,0.002170245309126001,0.0007793120063340492,0.0015817338741595727,0.0008114577469038834
3200.0,0.005826947591574323,0.0029860798666237628,0.005345786280480276,0.0031212695381038005,0.002918280272439297,0.001335885416059357,0.002384355361823704,0.001404693875345775
