raman_shift_cm-1,DQ12_TBZ3_THI3_raw_sg11_mean,DQ12_TBZ3_THI3_raw_sg11_std,DQ12_TBZ3_THI3_preprocessed_sg11_mean,DQ12_TBZ3_THI3_preprocessed_sg11_std,DQ6_TBZ24_THI6_raw_sg11_mean,DQ6_TBZ24_THI6_raw_sg11_std,DQ6_TBZ24_THI6_preprocessed_sg11_mean,DQ6_TBZ24_THI6_preprocessed_sg11_std
100.0,0.0009700160751016544,0.0007393111816407634,0.0015023692406245029,0.0006527242352071511,0.00034807183547207714,0.00032448215712437727,0.0011217305394944112,0.000301583179070491
101.55,-0.0007935373799491315,0.0007147055939625638,-0.0012471736276408992,0.0005838911311180608,-0.0010081001125382086,0.0002911636037453491,-0.0013392476182947472,0.00019976568601190236
103.1,-0.0005312731423275496,0.00127585247492155,-0.0017950062014862652,0.0008502419515435424,6.381840960871204e-05,0.0006114089394910099,-0.001384393132752764,0.0004201491995976073
104.65,0.001397252273842329,0.0016918319772862816,-0.0004925228994694691,0.0009325062168279687,0.0030704477311015183,0.000825403372073162,0.0005596879905611453,0.0006418646658080759
106.2,0.0046324823544364345,0.0023878724625677654,0.0023088818598516166,0.0016634790499615284,0.007518408181128891,0.0010450780631466514,0.004066389746087764,0.0009744508965905104
107.75,0.008814860585330741,0.003392765589510546,0.006257813657919165,0.0028571897252102634,0.012914320088879572,0.001312086546711578,0.008709106128267932,0.001385989437099297
109.3,0.013159686885819293,0.004369125248738415,0.010533146369683562,0.003927022706055154,0.018440141541315187,0.0015776196220396376,0.01375777392056183,0.0017466212272271233
110.85,0.017938806513780558,0.005224737105311799,0.015574959854476942,0.0049285248257146235,0.02402326043330586,0.001791538414188779,0.019256243499970654,0.002051005164332928
112.4,0.02318085267704496,0.005695843910833625,0.02143562747706955,0.0056261170640613655,0.02898440813991771,0.0019149079280629216,0.0246117172938638,0.002248507682343495
113.95,0.028071873920120612,0.0059676513870549775,0.026888134137982172,0.0060980142546371,0.0331483296912624,0.0019626020888496624,0.029440372990245125,0.002312709232644108
115.5,0.03202710950742263,0.006263720068288305,0.03135237251051037,0.006441147964730431,0.03724687883557264,0.002056164803028057,0.03381597113824089,0.00246540105986898
117.05,0.035175958040875394,0.006796744568642854,0.034895600244723754,0.007006796753046208,0.04140929225511694,0.002169782212400419,0.038260738904184355,0.002656591646796031
118.6,0.03896852068609616,0.007180563461621536,0.03913175269242939,0.0074366599859164205,0.0453018096434754,0.002306828755115537,0.042407167704305575,0.0028761696261230337
120.15,0.043348329141144754,0.007257782314516544,0.04402847195403157,0.007519190138111843,0.049120013781654,0.0024414423746025957,0.04647388207307919,0.0030949096052611423
121.7,0.04725398466274267,0.00736794541195703,0.048391144876314456,0.007638676111124858,0.05274304550519702,0.0025537808786853257,0.050326810722129675,0.003282808088110709
123.25,0.05081980222281518,0.00744618107969684,0.05237310486661386,0.007714702359437696,0.05618839971842493,0.0026867444338479177,0.05398465390879621,0.003496163659403033
124.8,0.05353283119656207,0.0076086802693203824,0.05539374289162874,0.007880867285563913,0.05939877925360875,0.002809904919073169,0.0573840160695047,0.00367070226920649
126.35,0.055554445944544256,0.007839746356596433,0.0576338847556275,0.008133459848456146,0.06217296855531859,0.0029087519718409074,0.06030218559857156,0.003795791563752258
127.9,0.057898127553287375,0.007915889938708755,0.06023908952508998,0.008206348381281418,0.06453370639320104,0.002976577637441199,0.0627638641410978,0.0038740309819473412
129.45,0.05970328954840472,0.00806826705657268,0.06224037303106037,0.00836723916718259,0.06662325857354658,0.0030552328369391197,0.0649273056452926,0.003943259429358598
131.0,0.06123504756657175,0.00825744309881713,0.06393546244442627,0.008583471688692808,0.0684919402491032,0.0031918220960842143,0.06684841382971621,0.004066436309760896
132.55,0.06319301020546972,0.008347003718307404,0.06611312942496073,0.008683237394357052,0.06999559771319275,0.0033903983831567956,0.06836692601811926,0.004254711376641586
134.1,0.06624320265828693,0.008099765854703215,0.06952524671686451,0.008393633363327168,0.07084243193790128,0.0035299427892298814,0.06916003215341132,0.004398728796275585
135.65,0.06902128824709357,0.007875315536489392,0.07263121377785031,0.008127020029990996,0.07117607315705379,0.003596771566846583,0.06938734772894592,0.0044734040271030544
137.2,0.07137563704274913,0.0076982430426077554,0.0752611390097101,0.007904803639200673,0.07110284452310958,0.0036327653048346398,0.06916632114526665,0.004508272391512265
138.75,0.07296465861110916,0.007556993916938289,0.07703146375961129,0.0077337034937189535,0.07066951712390349,0.0036890861965393467,0.06854866337041642,0.00458632982606239
140.3,0.07294943416583521,0.007548222850831959,0.07699430500684261,0.007727949924426759,0.06977494548196893,0.003730743580924032,0.06742313216892237,0.004661879091420562
141.85,0.07207044762994944,0.007542129046029899,0.0759840960247551,0.007717535740221519,0.06828817082232858,0.003764406329969629,0.06564453101366896,0.004726848437305241
143.4,0.07081943793178945,0.007474620904346971,0.07455767497423595,0.007648507147992029,0.06625032559155013,0.0037729925345205114,0.06325757654522578,0.004785148074176567
144.95,0.06886749238205901,0.00729112829985062,0.07234358553411718,0.00747045598785477,0.06370255853555676,0.0037268779590800415,0.06030852255488213,0.004808981982283506
146.5,0.06747861421348156,0.006837754902601969,0.07076784391792437,0.006991126252963256,0.06094751039089228,0.003659817117228811,0.057134164473013206,0.004818998094194009
148.05,0.06576603513409764,0.006524452718426446,0.06882919063353046,0.0066717097639334205,0.05805166918348771,0.0035467822602564605,0.05380860259690943,0.004778342262015393
149.6,0.0634091508190918,0.006480440988793059,0.06616557680013958,0.006662824004381925,0.05534864492016084,0.003447922691738654,0.050702930778504934,0.004764777848421196
151.15,0.06128435879570672,0.006495616893745931,0.06376662359758711,0.006701281725034484,0.053052344130168586,0.0033980111739249914,0.04805492087814206,0.004821479166295523
152.7,0.05915497575988813,0.006553911471679585,0.061367346887602814,0.006766054182123886,0.05142543353479576,0.00338305148533806,0.04615569701466278,0.004932260369296595
154.25,0.056550733147118934,0.006696581794057716,0.058437157025855765,0.0069240368556154905,0.0506306692957868,0.00340628343140677,0.04518630469907902,0.005106336086791877
155.8,0.05429650983655199,0.006957289248154159,0.05590543120893637,0.007227842497226929,0.050760784295919424,0.0035438814132217325,0.04524965453699304,0.005402072928703185
157.35,0.05254991788199568,0.00723581103593615,0.05394855375083602,0.007535218314537632,0.05138628420445901,0.003754411278756408,0.04586834025611621,0.005749953365850622
158.9,0.050914884160523505,0.0075444266757320215,0.052121103437257794,0.007881702668416268,0.05266898046485093,0.0040725659265431445,0.047221754528046125,0.0062015526371838395
160.45,0.05008339659197565,0.007787363163664272,0.05120542250260373,0.008165417698040614,0.05511091827941997,0.004534860942953515,0.04986791832823538,0.006801214678894029
162.0,0.05078202766718091,0.007923411997980346,0.052019844094172624,0.008330250924143382,0.0582239069027629,0.004979138379929511,0.05326566086415128,0.007327197026006689
163.55,0.05144136045333934,0.00833720023169116,0.05279287457103755,0.00880934932052216,0.06180807578009821,0.0053905471563560495,0.057193140859442104,0.00777656961284628
165.1,0.05225618725391388,0.00896431568971099,0.05374433946722573,0.00951834104062535,0.06612706555736284,0.005901382609467853,0.06194292686000317,0.008320300403139733
166.65,0.053488082829999374,0.009568416065266781,0.055170671096398956,0.0101905997402358,0.07086664086066245,0.006471789670857555,0.06716630025212571,0.008919446181318205
168.2,0.05501951012959065,0.010201815292751592,0.0569395964516871,0.010904199843209523,0.0759432322507987,0.007013268564817433,0.0727703109943444,0.009492409331622865
169.75,0.057884500208313865,0.01063670077334491,0.060216649354718,0.011398978432387035,0.08130399440823848,0.007509638503592561,0.07869660699412849,0.01002767843774464
171.3,0.06035959177676076,0.011054683296747518,0.06305512862321618,0.011868792169457134,0.0863328373962049,0.007987611839017996,0.08425993783698889,0.01053542032662584
172.85,0.06223180356450867,0.011408471251051058,0.06521561726227501,0.012259543676190504,0.09045230958514916,0.00842962649203725,0.08881836223328829,0.010995359458298144
174.4,0.06446333338486611,0.011542372888208186,0.06778563671833364,0.012407343399628163,0.09385504111398378,0.00879780825547102,0.09258614088576443,0.011378465281493154
175.95,0.06601872147881518,0.011613267030985159,0.06959609426883226,0.012504356297798475,0.09675609397256409,0.00916693078943124,0.09580152399155882,0.011796028463266507
177.5,0.06713720735830556,0.01150940734522903,0.07091501708623554,0.0124070298110171,0.09859071124433542,0.00936826903818222,0.09783816642754047,0.012022300106090757
179.05,0.06800675812696783,0.011261371741910001,0.07195461981076354,0.012142816544850823,0.0995490839096934,0.00945643226484771,0.09890719407050723,0.012121253475919974
180.6,0.06736349904853949,0.010992907553502693,0.07128816328726945,0.0118525659412924,0.09990310575217201,0.009539518861647788,0.09931012560079155,0.012214688129567374
182.15,0.06527591076335848,0.010700060402362243,0.06899341964385601,0.011538676244702567,0.09917573075512096,0.009549548882219818,0.09851727855540805,0.012224522037132656
183.7,0.06270531070205006,0.010411966544773412,0.06615446477940128,0.011234448569425041,0.09738608121982609,0.009451035172839715,0.09655030136424911,0.012121626911376034
185.25,0.060826021410600895,0.009975431125691178,0.0640958373360329,0.010756868411393401,0.09507562184904587,0.009287871971856283,0.09401071696572101,0.01194634772415246
186.8,0.057211607844314845,0.009530179995202698,0.06007959399687315,0.010253786437718538,0.09158618219937333,0.009018419269326316,0.0901668132785545,0.011630367878826537
188.35,0.05279218351855479,0.009016071055435958,0.05515708213202863,0.009665712263492995,0.08688196524940274,0.008619498324611173,0.08497905277684162,0.01114974165026511
189.9,0.04824335123069698,0.008432599253144475,0.05009134345728977,0.009014073514399215,0.08168836113480124,0.008132173850251907,0.0792538616749454,0.010567350393932376
191.45,0.043456501673659546,0.007866086199891197,0.04475947555926841,0.008395791353786127,0.0761478659043075,0.007607156196093051,0.07314839344902903,0.009963582203318107
193.0,0.03965576391818985,0.007203968503078981,0.040543154376206016,0.0076638321421227075,0.07030399681976635,0.007077466827594494,0.06671123987949618,0.009315663743587766
194.55,0.03630113109295985,0.00651457637296963,0.03683146155028915,0.006890502245568926,0.0639930801488256,0.006562615255460281,0.05975976293018002,0.008627053489055287
196.1,0.03223324035713075,0.005950805524744848,0.032314868748987306,0.006262538361688033,0.05751606881122323,0.006117469920038869,0.05262761396109607,0.007962620198468547
197.65,0.028098041688199623,0.005534988353438266,0.0277224196374035,0.005809772417645117,0.050972872405679576,0.005750627290560198,0.04542591101787079,0.0073437171611537965
199.2,0.025010345378338114,0.005266567574186049,0.024294092530023872,0.005558771132353485,0.04489502525320075,0.005458774435058454,0.03874554234241627,0.006795040926743348
200.75,0.022531151830975628,0.005021954968610711,0.021565397778707928,0.005309056317968979,0.03977469242477209,0.005274128610685274,0.03313291170804248,0.006372350798448289
202.3,0.01917282205971107,0.004846236465285809,0.0178928498925283,0.005082654219281421,0.034971540892989775,0.005133099917176861,0.027877055549643287,0.005973405611043785
203.85,0.015164950428971312,0.004705266398736039,0.01350728932648407,0.004875039346774704,0.030359876003715248,0.004944455933167821,0.022837986909621064,0.005505516166715615
205.4,0.012671348945212147,0.004708685710336632,0.010799158453563731,0.004846507552344004,0.026700559784806406,0.00469556803119352,0.018860521109255044,0.004979299200105521
206.95,0.01182855893951375,0.00459333751971651,0.00983678904451209,0.0047167576862599215,0.02382933031910103,0.004514715502189017,0.01576244461457174,0.004584020482699397
208.5,0.010848924676711414,0.004265400811006649,0.008972982703539672,0.004342050957506076,0.02163361263143608,0.004468339492797145,0.013416118697267311,0.0043761224397949675
210.05,0.009407798630762366,0.003916762952164816,0.007637306915796196,0.0038962895530608916,0.019736562264394138,0.0043172820026255694,0.011393729976801574,0.004038947658098825
211.6,0.008242690074238425,0.00364075036389263,0.006540654053891363,0.003507062026143723,0.01790235039736017,0.00424488512066954,0.00946771966589355,0.003654531271040897
213.15,0.008159687427928022,0.003425309020872871,0.006545723381877722,0.003236553028722792,0.016435115121061373,0.004248038787926619,0.00794595769223722,0.003339141992186609
214.7,0.00832943035908182,0.0033770090035456814,0.0068177163870993965,0.0031848665595608045,0.015321727817502065,0.004337350288354178,0.006839696431181129,0.003122466859082403
216.25,0.0075554107751000495,0.003397106218553184,0.006028356997593303,0.0032003412444879652,0.014292216333508436,0.004488175939200175,0.005850754610683145,0.002966061675887061
217.8,0.006490532761690749,0.0034198017826931005,0.0048842661874128465,0.003231535027405125,0.013084913942721123,0.004708130950603136,0.004696895786011134,0.002853397452381036
219.35,0.005352197796809527,0.0033158634199366758,0.003709329480597928,0.003093372817711966,0.011739020200083107,0.0049268804357870686,0.003385664908441466,0.002776506665304736
220.9,0.0053786048827259725,0.0033303027353508647,0.003781439591126038,0.003066722217463658,0.010692484179899502,0.005130753151741792,0.002418051577276904,0.0026857838389907737
222.45,0.0055974888531172915,0.003416265302922133,0.003979962194014325,0.0031129110149264727,0.0099573511611019,0.005316770053090017,0.0018803954956459904,0.002632512426728123
224.0,0.004943523694110613,0.0032360955220952963,0.003445261281829697,0.002888019129462682,0.009423886123920975,0.005443492137225391,0.0016508082228402663,0.0025148940877439104
225.55,0.004563176926245588,0.0030801056799137317,0.0031249474249095822,0.0027363556540294827,0.008882066822689444,0.005539805750213241,0.0014324333284605009,0.002409995980297785
227.1,0.005048881940303446,0.003196823777043177,0.003650206410959957,0.002954264308157102,0.0082945916673951,0.005707419096648736,0.0011379358013569373,0.002337554747537237
228.65,0.006521339562984535,0.0034472616481109756,0.005140389574506564,0.003350545850728601,0.008152137136777851,0.0057803139330170165,0.0011870169194171047,0.0022924324082473683
230.2,0.007027035368574085,0.0035956078656245215,0.0056569661387558725,0.003608922600644714,0.008197105191370103,0.005876207589440197,0.0013474253721241336,0.0023316563654582857
231.75,0.0067516768339721785,0.0034950509349754833,0.005499326721570718,0.0035577643765123965,0.008323785871416797,0.005953666744958323,0.0015212797442386975,0.002389225947547788
233.3,0.006224281402620274,0.003243151664035427,0.005097610941970588,0.003293141615085676,0.00862647994668208,0.006004251044104696,0.0018300792916490839,0.0024796416118509313
234.85,0.0048717210590481855,0.002764511369542669,0.0039433306701573525,0.00271760115112597,0.009045678735310024,0.006031875859449761,0.002206158937193917,0.002613844223996439
236.4,0.003181453611478932,0.0022919166389168038,0.0024289157490496134,0.0021233377131629726,0.0094006508194205,0.006099830486496217,0.0025218979900452658,0.0027881009789564666
237.95,0.002290940896143228,0.0019501330631901412,0.0016207922490916666,0.0016537004649205206,0.00970161376317707,0.006212397550404378,0.0028675914074618204,0.0029659795739975037
239.5,0.001614345182189854,0.001706083354164015,0.0010013676503317112,0.0013116286324433963,0.00985105914527954,0.006319929081152956,0.0031337227603472446,0.003128180408354452
241.05,0.0012271539575359786,0.001628239342313956,0.0006733811271284802,0.001249865349975589,0.009903789442257694,0.006419904391990524,0.0033223403985153405,0.0032713317261766984
242.6,0.0012547158869998488,0.001707559396398516,0.0007452157923152888,0.0013535628903141833,0.010075299937326834,0.006475116376360079,0.003625915094802966,0.0033796653290460153
244.15,0.0017127264816470297,0.0017161837836891024,0.0011659743142036353,0.0013805236112845792,0.01042159485423562,0.006456365321039509,0.004072727465221851,0.003492026443761922
245.7,0.0017440364008237807,0.0016523875424028268,0.0011684079550000638,0.0013482394307344611,0.010725105208979598,0.006441655559359371,0.0044770364562617465,0.0036169562265574206
247.25,0.0013638082886033597,0.0015510997274410373,0.0008931315003040968,0.0012768568048646517,0.010923638159012657,0.006440983942524535,0.004779036933138546,0.0037343370407048604
248.8,0.0012704546390851679,0.0014544082091611094,0.0008197913621182857,0.0011612008502217067,0.011129009047953579,0.00645176265045903,0.005104033287214674,0.003858935916146047
250.35,0.0011421551373195775,0.0014340465759987665,0.000695323771592483,0.0011254081660426632,0.011555240929584014,0.0064748571408935985,0.005682633043676893,0.004000454322412103
251.9,0.00096907884047818,0.0015447980049080395,0.0005293538242896811,0.0012474942046678415,0.012485235811873694,0.006312892034161801,0.0068245244616037025,0.003961086206171091
253.45,0.001428778793707736,0.0016601114574059102,0.0009094096788273228,0.001350970633372555,0.013656651912171285,0.006171598593294601,0.008235130126046604,0.0039377775978852204
255.0,0.0016926125608033387,0.0017568189059753686,0.0010817639948054797,0.0014596090083483684,0.014903725934947402,0.0060175350558935815,0.009741588100385577,0.003902302478267173
256.55,0.0017262989615676385,0.0018268541206904725,0.0010741717180642748,0.001528927306923357,0.016344400795621956,0.005802939965839778,0.011466227950521378,0.0038313477906170793
258.1,0.0018210171046852137,0.0019707935706667823,0.001120282921137325,0.0016296220688617553,0.017809676030846128,0.005569883158996677,0.013222340085379182,0.0037558164658735888
259.65,0.0023245276029238344,0.0021896440849095353,0.0015506256229822141,0.001861026543586809,0.01901898465158816,0.005392273491676213,0.014702066895322963,0.0037459454393386983
261.2,0.003274757440732161,0.0024603947665047723,0.0024760014590317443,0.0021833158917974726,0.019765380931087997,0.0052339870528579574,0.01566900479267423,0.003748251291166965
262.75,0.004382298168269468,0.0027689781371375024,0.0036325521596446675,0.0026043896847912362,0.02007688475000562,0.005072269288468285,0.016151553359083397,0.003745912090385716
264.3,0.005583011724524014,0.0032711442800795426,0.004833381024248764,0.0032094043828759474,0.01999717382126689,0.004942755228448097,0.01620205012083736,0.0037571018169825355
265.85,0.006384593247512222,0.003754069725986522,0.005603088776963273,0.003763271542854282,0.019833097233519063,0.00486238578846767,0.01615680424927631,0.0038035011775113003
267.4,0.006844404014305772,0.0038321511089882,0.006069251217264958,0.0038551887867882446,0.019686834196982236,0.004706433310286474,0.016130674713461156,0.003800702753397159
268.95,0.007209587191895758,0.003879532767192477,0.006419769683908108,0.003902135751784838,0.019490340990537324,0.004613061543730423,0.016048673264698495,0.003799965222217866
270.5,0.007410306235889266,0.003954241142979728,0.006605076797395314,0.003991911128586412,0.019517740459398004,0.004469079350808306,0.016215277873614275,0.003751969437405137
272.05,0.007905053965145771,0.004023177217465731,0.007164833207044973,0.004071989016267819,0.019624447873742693,0.004287555171110975,0.016469729642279964,0.0036939511922047044
273.6,0.008632778594069688,0.004183477854962423,0.007964084236270697,0.0042315849013215105,0.01965638709584753,0.004119124217712903,0.016641155433807994,0.003618432368963033
275.15,0.009634471144614392,0.004422114139789242,0.009050596022495937,0.004475512600117192,0.019565133496835,0.003963734228823224,0.016675375853717825,0.0035358636180543262
276.7,0.010963964806161509,0.004805322707750208,0.010498080762740789,0.0048646831053007385,0.019301705120187983,0.003779541052084155,0.01651687364179288,0.003438766634412629
278.25,0.01162092888412396,0.00513289649843959,0.011190345353332696,0.005206881389263155,0.01895917939990915,0.0035594580294095847,0.016269164207117735,0.0033446097677134906
279.8,0.011578082589785448,0.005344771472055047,0.011105821952703281,0.005432925385138979,0.01852312844481648,0.0033619911573382626,0.015917329531464516,0.003257151948398441
281.35,0.011884323962747152,0.005659362332730101,0.01141942921690881,0.005748112165592099,0.018096380877914636,0.0031878352817010175,0.015575618300668233,0.003177415577883774
282.9,0.012145149674579987,0.005740617649766046,0.011675739533680708,0.005826639655206007,0.01776638845149639,0.0031110218323623265,0.01534034803285097,0.0031801229382963985
284.45,0.011874433010506393,0.005590076505385775,0.011334431473801993,0.005665431505979563,0.017734406180942307,0.003075597943711346,0.015435308626089472,0.003213179460461828
286.0,0.010902470483195563,0.005372476954674297,0.010256892983603706,0.005429746780466633,0.017906175316831013,0.0030813881953130205,0.015755707052641656,0.003303096683753807
287.55,0.010054698925804833,0.005171130577462122,0.009314361492043123,0.005209723415231359,0.017903138577600255,0.003104167540843596,0.015880777182879263,0.0033394111603534
289.1,0.009441346680188884,0.005011175626838353,0.008616972967547258,0.005042764733655881,0.017980701224259547,0.003126723160033688,0.016094704356661504,0.003304746904109444
290.65,0.009492440377418029,0.004927347548342121,0.008650035737958608,0.004948835301731444,0.018280731591498477,0.003143138573554607,0.016554280284469865,0.003257720805682943
292.2,0.009675723994526602,0.004936833539827384,0.008815824013527158,0.004944442731014546,0.018533515230290055,0.003195828742296674,0.0169595110222083,0.003250308536093297
293.75,0.009608446298332317,0.004949571269679729,0.00868489264295075,0.004963113921542686,0.018997841803652132,0.003292084297592591,0.017598418449207065,0.003304406531862121
295.3,0.010080793027437076,0.00501584430639288,0.009144362982787054,0.005035048296229525,0.019824198732282264,0.0033798742440345666,0.018638090617582644,0.00337514626041896
296.85,0.011907029002914325,0.005130663255885057,0.011113427222492865,0.005134478831087059,0.02059252868738297,0.0034726827813936693,0.01961235020418947,0.003465471659019616
298.4,0.013460225055246626,0.0051500754240261055,0.012766113544290554,0.00516429733008486,0.02102430110515001,0.0035166442772844248,0.020210822626178807,0.0034904164258374453
299.95,0.014010268727658919,0.0050232370843024425,0.013313588121739422,0.005037086468018571,0.02094771923033877,0.0034760269720491587,0.020242059493928634,0.003431363251362258
301.5,0.013248567705656179,0.004713279968837884,0.01244971955867902,0.004691615174687445,0.02033405496505923,0.003360649624791348,0.01967458847606832,0.0033113824181275173
303.05,0.012074867404078642,0.004468345460156133,0.01109789319167574,0.004427202500894066,0.018948103635185756,0.0032339102522449003,0.018246630769814018,0.0031681856629637547
304.6,0.011127364837057986,0.004374721245083186,0.009991418517290174,0.004322597898114389,0.01696972120560818,0.003049414012548171,0.016139092687294552,0.0029975490572538947
306.15,0.010910011814842656,0.004409215853580434,0.00970594928143848,0.004322532116781178,0.01451079177495816,0.0027662090948401773,0.013487873537930262,0.0027399112880684418
307.7,0.010898349479792672,0.004608710811667534,0.009646502539005883,0.004484695478827705,0.011643442434601376,0.002466390652584034,0.01038465491726528,0.0024513240911095933
309.25,0.01141264706107641,0.004791145244552907,0.010174253360083499,0.004605157288850376,0.0089010919069566,0.002154494845752418,0.007490838189749754,0.0021340115918281597
310.8,0.01273943210756629,0.00495163318057758,0.011592335537921212,0.004710516330932078,0.006508156732944945,0.0018445900361347778,0.005088557011869427,0.001826329663992999
312.35,0.013667086362964691,0.005087474978893532,0.01258855036347648,0.004818007561486978,0.004300671149796765,0.0015388940370456164,0.0029891713646111435,0.0015036550650752995
313.9,0.013927883635769628,0.005275204466184695,0.012839399222491102,0.0049976275044398165,0.0024864936997015382,0.0012271782412360773,0.0013904510059665682,0.0011716038063965112
315.45,0.014229083667502761,0.005549504714547757,0.013106570394715413,0.005268010725688271,0.0011871120828322655,0.0009307222362129704,0.0003780461573218816,0.0008516572831757612
317.0,0.013378165993604538,0.005560189274455087,0.012138882675735384,0.005237019666109572,0.0004640950895685649,0.0006989535485525349,-2.6481984398550656e-05,0.0005908041706417016
318.55,0.011925221945659186,0.005398110314814485,0.010477556195240802,0.005010793560893625,8.108090397142544e-05,0.00046052008621715897,-0.00013064135219413564,0.00035110643179291014
320.1,0.010597395715969798,0.005101298668342609,0.008949244364919009,0.004637824074836797,-7.285455375189847e-05,0.00027446264561245505,-0.00010228460878909314,0.00019483050322069138
321.65,0.010046688553686815,0.00493691064111425,0.00827855561490661,0.004452646101578816,-0.0001299509950096093,0.00016697014831567654,-7.820614016411869e-05,0.00013396315561714535
323.2,0.009779212466074043,0.004990152742638108,0.007918443386705479,0.00454011803265851,-9.39474236519646e-05,0.0001271611267139555,-4.335978246151067e-05,0.00010846535396960833
324.75,0.009677848787037771,0.005125536852687164,0.007745361233550924,0.004707286940949315,-2.341878131213481e-05,0.0001940482169003194,-9.019972728973625e-08,0.00017011399828115246
326.3,0.010206361680421947,0.005258522894016651,0.008265327268888014,0.004858306747258084,6.0527276333614836e-05,0.00037804513176459455,5.7399417725571165e-05,0.00034248154947101155
327.85,0.010437187369360754,0.005323516995236723,0.008475809181928638,0.004945279898704756,9.68931409187005e-05,0.0005675274561980046,7.875834282920637e-05,0.0005166204343103029
329.4,0.011151205733229903,0.005467314163924375,0.00921525889575578,0.005130907811708752,9.988111521199733e-05,0.0007182735255781901,5.791099614106956e-05,0.0006502973312215846
330.95,0.012183675130326919,0.005689192285509322,0.01029783033946529,0.005399581566410005,0.00025197640234164676,0.0009332790230289767,0.00014440425503556273,0.000857764984087811
332.5,0.013046183944612424,0.005911265167798035,0.011237076419410115,0.005656232660591513,0.00046777956286879376,0.0011862154358570512,0.00027343859721270467,0.0011209780902330132
334.05,0.013920520939767887,0.006061939824892141,0.01216054256906586,0.005844826456431802,0.0007293630313498797,0.0014152625380826908,0.0004290260150818229,0.0013686880421253688
335.6,0.013560332279619287,0.005884781902194169,0.011710991296387674,0.005670978261355593,0.0010860283887945943,0.0015742423545553029,0.0006817247927310353,0.001542356833482011
337.15,0.013977298319423157,0.00601131415500478,0.012128950832431838,0.005824094795139339,0.001662172761181183,0.0016854888726282906,0.0011881228622480915,0.0016838778677888135
338.7,0.014576871889046843,0.006308392324603434,0.012762611659725752,0.00613076309624472,0.002334712465213495,0.0018102129034229639,0.0018224512272148649,0.001845527716754512
340.25,0.014771929815115907,0.006546035638640529,0.0129458782378973,0.00635586952809734,0.0029393245142178576,0.0019069337622169046,0.002410354111151603,0.0019731593117024823
341.8,0.015540307548267936,0.00684646724043556,0.01376785327330007,0.0066492964153491456,0.0037894447154122727,0.0020419523447217933,0.003320429231465161,0.0021420797322239857
343.35,0.016632952316186167,0.007082866947178646,0.014954709567315903,0.006894518403599867,0.0049936823920207875,0.00216319644549511,0.00467744565001831,0.0023014467519933807
344.9,0.01779569612847016,0.007131179589775422,0.016221768822830558,0.006955246327894649,0.006611428438137859,0.002282963845508261,0.006512709175195292,0.002453719594966954
346.45,0.019047448429791884,0.0071237160734879375,0.017588266556586196,0.006960248349282885,0.008409938534666195,0.002490378285055123,0.008534483165729783,0.002690189556707289
348.0,0.021127734106982734,0.007231555198060293,0.019887547842652155,0.007085049674565879,0.010157030170923807,0.002689806516467471,0.010514233416675402,0.00291946646747535
349.55,0.022946377360100852,0.007319282737432535,0.02189234223896169,0.00719383704204956,0.011775850461339998,0.002899527387336895,0.012346842577386743,0.0031637241042776487
351.1,0.023050989621346683,0.007297215514749569,0.02198723326111483,0.00720160541309273,0.013109770842541004,0.0030606907607431495,0.013859521261130952,0.003347321140124264
352.65,0.024177305464877695,0.007480656596952676,0.02322659486558189,0.00741130935568537,0.01418116919773515,0.003182169174213492,0.015075062827899697,0.003478799549512586
354.2,0.025488454802989887,0.007664777154056801,0.024675195960716417,0.007603047275178834,0.014720027966848766,0.0032141245341330694,0.01569604393962825,0.0035090910589736643
355.75,0.026437718450985456,0.00785373271690854,0.025715075421198837,0.00781445980599509,0.014666827219533352,0.0032073931774942084,0.015657188490138918,0.0035074698187715844
357.3,0.027522947740690144,0.008138445282874223,0.02690915534938403,0.008139563416349622,0.014658160081102845,0.0032632025422407005,0.01566496572112145,0.0035645384522899836
358.85,0.028531989975594182,0.008347935226910746,0.02801806997870273,0.008388163487279571,0.01478694677281113,0.003297603544122849,0.015823006086908252,0.0035852645255031387
360.4,0.029540775632425444,0.00851068988065039,0.02912786154048752,0.008580796105130833,0.014966349398263407,0.0032490807148936283,0.016035349831940868,0.003509156042112373
361.95,0.029938441535978477,0.008505508027391664,0.029548518991162006,0.008582965866516397,0.014941583932295992,0.0031423693973374077,0.016020105978826246,0.0033788208115067622
363.5,0.030110560154442165,0.008450245577424475,0.0297150607628574,0.008524174482850424,0.014866771921441597,0.0029784843261881824,0.015948027834784044,0.0031936916894163836
365.05,0.03022497182151083,0.008454746235285499,0.029817759219660712,0.00852657079548994,0.014768397364949165,0.0027988822374757022,0.015847787148422256,0.00299000122034166
366.6,0.029693453948336064,0.00827570260456697,0.029194556693622628,0.008317092827131639,0.0145291888085999,0.0025512915599761377,0.01558953106173045,0.0027133839652962928
368.15,0.029282174359910935,0.00813394863133717,0.028710155373591215,0.00814968391185611,0.01435146318556266,0.0023385944616293075,0.0153980896375299,0.00247488540278118
369.7,0.028933069168484052,0.008100440027063885,0.028298413677419323,0.008117031449315072,0.014212597759426373,0.0022406282687218253,0.01524842599523001,0.0023654671061134115
371.25,0.02839146275457081,0.007870136280947645,0.027670113081084483,0.007865945637090404,0.013949233021125183,0.002208724660498671,0.014959200531512371,0.002345244299273847
372.8,0.027646762895237174,0.007622313387474296,0.02681332041003737,0.007595211368609555,0.0139335020675019,0.0021973726249852883,0.01494359044729911,0.0023255017063084685
374.35,0.026864265217530475,0.0074750838860847164,0.025915368723784627,0.007438954686619344,0.014006958696385931,0.0021664090302347208,0.015026035471992626,0.002279382263532983
375.9,0.026246301524517943,0.0073160310058422275,0.025205342607399497,0.00727322666692207,0.013861553351246343,0.0020937980432249623,0.014864517143500242,0.0022318639987276433
377.45,0.02522586081785653,0.006872057842250943,0.024042862865367057,0.00679425782864638,0.013751994681597768,0.002077148960291077,0.014741886834779689,0.00223353641325662
379.0,0.024858676279916628,0.006517636280375297,0.023620020058784993,0.006423351435233246,0.01374493380205348,0.0020739732818764504,0.014731801002375927,0.0022246523686136185
380.55,0.025654156394685167,0.0064384516037876965,0.024510818665478714,0.006355283853097731,0.0137281790545495,0.002034156232881368,0.014710377669798434,0.0021860920633120303
382.1,0.02564226863846023,0.006137347469144535,0.02449467630427676,0.006035623148555302,0.013741200079008437,0.0020385533289121603,0.01472216692583814,0.0022146771277443225
383.65,0.025232562751876197,0.005840568927136322,0.024031746088158012,0.00571895345267142,0.014014638146651794,0.0021212345562236132,0.015022349890837774,0.002293314061079975
385.2,0.024991533297487087,0.005705897313835121,0.02376161318883309,0.005588312523157853,0.014527387696305079,0.0022426541531246295,0.0155869455203953,0.002362242591715127
386.75,0.024178951469542468,0.0054243562691095116,0.02284610690045891,0.005334430125703947,0.014808158155042495,0.0023128760722476095,0.01589272682914843,0.002385827414367986
388.3,0.022842322025878405,0.005214997490288335,0.02133992527256582,0.005162388510913035,0.015192878888387213,0.0024056800102357843,0.01631384566528421,0.0024330839669086004
389.85,0.02147506033051188,0.005120940246460099,0.019800594931173695,0.005108406222916278,0.015514628260698287,0.0025132203363832074,0.016664883681139376,0.002511133908509814
391.4,0.021521025686952914,0.0050753236518516955,0.019858478996810293,0.005059244514837016,0.01543697421581018,0.0025300165901910206,0.016571775969559194,0.0025502576029890166
392.95,0.02191366459880382,0.005054756660917448,0.020306908745866645,0.0050770145734118635,0.015391282848665498,0.0025186077316520982,0.016513138345634882,0.0025177710189227464
394.5,0.022418557868704506,0.005092754653589338,0.020890141354237442,0.005188214395637374,0.015255181922765646,0.0024912859011321856,0.016353795443789863,0.002468572930082429
396.05,0.02270249585664536,0.005213987709821964,0.02122453002325253,0.005368411328019711,0.014845034579976485,0.0024673472546619694,0.01589020471323318,0.0024674633112758203
397.6,0.022226611811408073,0.005189948968947922,0.020704680197030267,0.005380990382603922,0.014255977069799182,0.0024325522883191283,0.015227542954960805,0.00247131904052652
399.15,0.021577796800957668,0.005162059382906729,0.019979021693662755,0.005374608285178577,0.013673569587577959,0.002400088535140409,0.014571536880620834,0.0024571878819736746
400.7,0.02016055477863488,0.005129583581421836,0.018414464689999386,0.005369264990445576,0.013134170438179032,0.002352692165935821,0.013962682895426301,0.0023900326826198446
402.25,0.018641025460241357,0.005013551480738446,0.016728532817848536,0.005285535874309872,0.012331431622748554,0.002276498611629246,0.01306108550693021,0.0023392879353533887
403.8,0.01680096029851644,0.004901776522421813,0.014680006559086243,0.005202579019092213,0.01171533285524733,0.0022136473734840414,0.012366976711478277,0.0023099622850159575
405.35,0.014875242235608205,0.004742437934188552,0.01253898138562546,0.005064771450506648,0.011326672685805365,0.0021431207048647357,0.011925631074099594,0.002269848639262709
406.9,0.014595348348394646,0.004622816408944409,0.012251626570000878,0.004939763166483717,0.01105269375142532,0.0020072944525585303,0.011612254967306218,0.0021774997234506877
408.45,0.014432465528706811,0.004446453975246478,0.012092215405971768,0.004777270637606878,0.010891698471303078,0.0019494797532630867,0.011424201905175109,0.002133986113557143
410.0,0.014455789565250341,0.004324947259055332,0.012145375963399326,0.004654648966074122,0.010701092711802822,0.001972627064936194,0.011202819592304302,0.002150338288046251
411.55,0.015053961490402031,0.004324195904627402,0.01284038438946481,0.0046408106831518185,0.010457231756332485,0.0019932868957199916,0.010921454441076086,0.0021253115993841803
413.1,0.016493666790038965,0.00446967130653753,0.014482367404952496,0.004758626489133813,0.009899984051914003,0.0020075939380889995,0.010292210754858208,0.00213926272594204
414.65,0.017556153098768755,0.004681228908916415,0.015695724527426173,0.0049402589405867,0.009194200220275369,0.002018086915417716,0.009498154889700851,0.0021634052861536873
416.2,0.017870117564539094,0.004907089075264484,0.01609076738691565,0.005148609746617892,0.008614462067450136,0.002017695067956915,0.008843693602989134,0.0021547285475261415
417.75,0.018443182756999806,0.005277071047032239,0.016765453893839218,0.005520594345249021,0.008200102441919693,0.002064745772495932,0.00837250707145407,0.002222745407365065
419.3,0.01821278272711586,0.005499338627740955,0.016538917455049075,0.005760191615796142,0.00823042299095101,0.0021481744561998328,0.008394977938052413,0.0023220593055941338
420.85,0.017432737601991124,0.005585572270676451,0.015696166659424103,0.005880866512157726,0.00882122495507389,0.0022001133335458126,0.00903999846090548,0.002366878046442446
422.4,0.016642381344448797,0.005519174577044933,0.014847490565638461,0.00580930166882117,0.010094022870763523,0.002235872463459858,0.010442327887718856,0.002326614860065522
423.95,0.015790031750075893,0.005375682373262596,0.013929497091967068,0.005636153678796387,0.011772850734640381,0.0023697515405479755,0.012295371558686742,0.0023737216555788036
425.5,0.015410390886734267,0.005232746623329048,0.013545185557410067,0.005460070957023807,0.0136936238492123,0.0025974049520036922,0.014417326176578244,0.0025331783405019687
427.05,0.01624408928191906,0.005069994110515204,0.014530248324138866,0.005264231095394872,0.015486467806115876,0.00284448760928241,0.01639801124689566,0.002752826810218858
428.6,0.018031003176629805,0.005076122172857626,0.016590646256219362,0.005259473935788671,0.017122829512420987,0.003065157464367546,0.01820654339042337,0.00299414211513945
430.15,0.019979462804425113,0.005214264556377567,0.01883288588438385,0.005410519451482613,0.018716400332521733,0.003237344450888382,0.019968549313879112,0.003187482858011173
431.7,0.021109652058999458,0.00531318560422754,0.02015175542861027,0.005519987721824018,0.020332865030947767,0.0032981869376847387,0.02175664630190626,0.0032607612818238976
433.25,0.021318019217573744,0.005329227335617288,0.020429832792589076,0.005548269006324344,0.02204504666762417,0.0034005581768217553,0.023650948442153267,0.003353241706818068
434.8,0.021306904194175615,0.0052662890511564215,0.020460389184295335,0.005498640462155855,0.023769488670107135,0.0034487121705651315,0.02555916780971355,0.0033782697666802424
436.35,0.021346182797397674,0.005160866223247555,0.020547358292726515,0.005410924384288042,0.0252297241173549,0.003426177049909673,0.02717423625746569,0.0033264048105248814
437.9,0.020548196579207742,0.004934708825145322,0.0196973792308274,0.005154690648153894,0.025970933186077138,0.003416123591191999,0.02798980661641358,0.0033004579722070407
439.45,0.019129245132508976,0.004761363205257991,0.018142617733091903,0.0049698505851987745,0.02592873808763731,0.0032908086849821583,0.02793509113251981,0.003180553919038992
441.0,0.017543808935334568,0.004624086566484281,0.01640368049542707,0.0048322453128987145,0.02504690725283483,0.0030488019583214754,0.026947596853076496,0.002970807583037074
442.55,0.016713990164523466,0.004377636092442961,0.01551731475085922,0.00457316193499436,0.023263879069324655,0.0028010423431184027,0.024958674346224282,0.0028025469314593753
444.1,0.01619465859875541,0.004304427265448535,0.014980878093720406,0.004521649005202848,0.02137857996157434,0.0026397480538693833,0.02285579451324628,0.002716414211349403
445.65,0.015531189107242032,0.004336244986834198,0.014281677247200477,0.004587684226064337,0.019536279755245797,0.002530389512299315,0.020800600151346053,0.0026676219997631536
447.2,0.014654789100579374,0.004442555653232252,0.013342563251863839,0.004735234093102458,0.017893190677090453,0.0024402369156265318,0.018966790802987295,0.002613714543498869
448.75,0.014072754178358158,0.004544652044678373,0.012725110831066781,0.004867651414957998,0.016484854436404545,0.0023640946244688483,0.017393605571825566,0.0025001256066855514
450.3,0.013768058224576864,0.004570069506556268,0.012433929925810636,0.004891298295878361,0.015279884484874,0.0022464424249898298,0.016047135285373583,0.002339613034265074
451.85,0.013324734751841927,0.004497536615692146,0.012002404713572086,0.004784948304489226,0.013989446589879176,0.0021104637011434366,0.014606248695160442,0.002183794843776806
453.4,0.012840852963535947,0.004316636256050516,0.011531455268943008,0.0045220597913078146,0.012239962941815223,0.001940698688266625,0.012655155201045279,0.0020266219857125187
454.95,0.011529589110620941,0.0040037655291423795,0.010140752090287718,0.0040993352445729955,0.010597841422065706,0.0017756958686015434,0.010823259275185295,0.0019005134468764652
456.5,0.00994220653125383,0.003759536093919638,0.008433752930341841,0.0037732686641265903,0.009239757126089132,0.00166509357662823,0.009306939657755895,0.0018312343991666888
458.05,0.009539376967573862,0.00378681646398562,0.00794860829079607,0.00381165660489172,0.008184176705582902,0.0016074079352012426,0.008124577862702907,0.0017622038031118582
459.6,0.008694372258692785,0.0037377135050537724,0.007088622324099988,0.003752470975306268,0.0073553752871564175,0.001581777672530856,0.007198046115685028,0.0017249852844039176
461.15,0.007703549504854551,0.0036542342371410803,0.006167186702181811,0.0036502854682976403,0.006695110276670697,0.0016068762089979836,0.006458497925764268,0.001746297514608008
462.7,0.007083874990849211,0.003486760858060192,0.005649579066029765,0.0034661902474176897,0.006319922386463207,0.0016628489932537678,0.0060349955103879225,0.0017758157098566089
464.25,0.007059867132353771,0.003196784531184823,0.005747554403785822,0.0031219324470868593,0.005919861265981679,0.001654410578738308,0.005583265273667092,0.0017529546699186565
465.8,0.006388150422687196,0.002894419107612491,0.005124364705738993,0.0027294933753887257,0.005759204497264443,0.0016279346898066152,0.005397190646820388,0.001732337340311586
467.35,0.005074529757722997,0.002802471875683907,0.003755158033736927,0.0025954763211772083,0.005753966374653281,0.0016142536152799337,0.005383371513812658,0.0017389574306516807
468.9,0.004431299543769409,0.002866466775915634,0.003099796424275785,0.0026898923899574692,0.005664289215662696,0.001694207345476269,0.005275376608860766,0.0018611766664196568
470.45,0.004583901499784324,0.0029271676226703836,0.003270596234508638,0.0027841677347300153,0.0060678589004166785,0.0017494995814099266,0.0057146201755185234,0.0019241521770844627
472.0,0.005574427941784953,0.002992613125491383,0.004283816524214634,0.0028997770498429935,0.0068756520164026365,0.0017760607801524256,0.006602560837009787,0.001934955909333686
473.55,0.006549090001010663,0.0030326567913024466,0.005221206611025386,0.003010149593663192,0.007593512866190932,0.0017823976407936619,0.007390107895211698,0.0019347718877129668
475.1,0.00763328832495356,0.0031641612759972086,0.006435847770286647,0.0031928841434781387,0.008081637796044157,0.0017996940170794755,0.007926247165562773,0.001963162730349914
476.65,0.008733860813402761,0.0033092932197485336,0.00768735991394644,0.0033468387401001964,0.008326076430849018,0.0017679420300023032,0.008188944543284728,0.0019347967632222006
478.2,0.009427689134556197,0.0034154390715030727,0.008462899944010149,0.0034730591266881753,0.008334175914589709,0.0017155532268307058,0.008186407772071705,0.0018651941892813197
479.75,0.009900251378558416,0.0033932392223245023,0.009023556052278307,0.0034844401244892515,0.008172223348370884,0.0016186852453114469,0.007992594121218109,0.0017445278808127529
481.3,0.009417072607833095,0.0033866968122006178,0.008540846897263032,0.003459377251644216,0.007753673669188653,0.001541834692225887,0.007515566200841809,0.0016514631963258854
482.85,0.008174327103317149,0.0033811386967884456,0.0072300224208630805,0.003434710702741909,0.006994347382604829,0.0015159363926421326,0.00666099786940969,0.0016154177231713115
484.4,0.0067412170995393775,0.0033348598597801723,0.005766447953834441,0.0033705684427809517,0.00604666404278481,0.001510525960636224,0.00559475788817854,0.0015863033336860094
485.95,0.006193636556050663,0.0034130680957913232,0.005210887883395431,0.003456106850788815,0.0052326881945364565,0.0014818403343809033,0.004671607866093241,0.0015063138481057543
487.5,0.005185194040356905,0.003371543662163639,0.004155767137004285,0.0033893301156153986,0.004326542807622709,0.0014151263834736964,0.003691136862343871,0.0013983607625811152
489.05,0.0032361707666371266,0.0030964732000419467,0.002195667089923149,0.0030481566824369743,0.0033112638205140777,0.0013230499963861819,0.002619264299852904,0.001294231371963917
490.6,0.003225449580600868,0.0031436104773656186,0.0023081698953406463,0.0030778427652706545,0.0026980939747611745,0.0013280641389487651,0.001978851508340429,0.0012500657913779288
492.15,0.003426485014020373,0.003227552544903384,0.0025714150241232707,0.0031808628806232098,0.0023018582635381903,0.0013502118243289537,0.0015348931966223433,0.0012249114579589294
493.7,0.0032330462096677682,0.0032941499379207585,0.00243957132980129,0.0033091810764566175,0.001943212416768868,0.001350500500284984,0.0011567531261612721,0.0011836095489802059
495.25,0.0027641093563978126,0.0032949549421015726,0.0021105153254400134,0.003360549244240573,0.0017881794565477813,0.0013595245329219054,0.0010471266904343358,0.0011360589998678327
496.8,0.0024277647766969977,0.0033046167482607826,0.0018490845364362734,0.0033561333982717115,0.0015732838370777801,0.0012949640415832215,0.0008562366312124859,0.0009983100879494204
498.35,0.0023290065675522255,0.0032660655662165783,0.001768881833981405,0.003288188901746753,0.0013196371134935596,0.0011538713225340777,0.000660243571258914,0.000811509083422994
499.9,0.00242420241081362,0.0031450907405724516,0.0018445494090250552,0.0031638307763375583,0.001129130752448547,0.001010046829463035,0.0005730391708516107,0.0006560594796588712
501.45,0.0034036050282776737,0.003290863472661543,0.002782546896967263,0.0033367527218282063,0.0008198551708253156,0.000820766150793934,0.00040417860227108163,0.0004912581320397091
503.0,0.004337672478132219,0.0034954618107450493,0.0036960968636468926,0.0035888898000791115,0.0003710505383756436,0.0005755164062522286,0.00012949115894616328,0.0003186209922888882
504.55,0.005104226774793646,0.003634737325327232,0.004458118741677927,0.0037961323996129103,7.93418979139682e-05,0.00038477402744639715,-6.751784637704428e-05,0.00023137319797846123
506.1,0.006213788888075297,0.003791746272275903,0.005504491568157124,0.004030275725075683,0.0001702148533228925,0.0003684297504728673,9.931119490269027e-06,0.00020667672091730102
507.65,0.006562918748202976,0.0037900481593195296,0.00580670076367574,0.00406252429668195,0.0004200654135727802,0.0004996683978804447,0.00016267812349598,0.00031907712977062764
509.2,0.006054284621033194,0.0035846565872891274,0.005302639527033415,0.0038308474516079334,0.0006017792732111255,0.0007211824606898325,0.00023689353884020809,0.0005282250100440336
510.75,0.005035716441246206,0.003270058848164633,0.004318708196627944,0.0034239372634105657,0.00081404697688769,0.0008991046427363868,0.0003209740832150872,0.0006529743728776296
512.3,0.004524104461229747,0.0030444054376008007,0.0038270284804160963,0.0031231846194352242,0.0010518452283325228,0.0010536755930903483,0.0003993429432011501,0.0007774069996256417
513.85,0.004837232416331587,0.0030493483697475936,0.00419529487184697,0.0031067779672071514,0.0012082874474632457,0.0011678874614510148,0.0004236946396972094,0.0008921383226143498
515.4,0.0057288807992452295,0.003264945572292045,0.0051548961790565916,0.003373693458986169,0.0013559148242888361,0.0012232824354626896,0.0004642451284020007,0.0009490791116105751
516.95,0.006263240058753361,0.003420638203326865,0.00573284168711163,0.0035815188194813145,0.0014598060082937632,0.0012088500055916726,0.0004973762457283849,0.0009736809711343482
518.5,0.006839888386286899,0.0036330561662518157,0.006314424121757945,0.0038396359297948562,0.001791077949095874,0.0012233641439186073,0.0007844764939503024,0.00104622837941323
520.05,0.007553849215937234,0.0038510759930745816,0.007023431286947937,0.004087444068109242,0.002669815703676141,0.0013292247038388973,0.0016244058852592888,0.0012221623414775547
521.6,0.008190416215149291,0.004036588137396113,0.007689935652903173,0.004302060555038053,0.0041964379869036785,0.0014404344223911038,0.003170666159924404,0.0014096110146741298
523.15,0.009633226162640207,0.004184164058601696,0.009343157726924156,0.0044681993512274065,0.006092421783245582,0.0016753663948453497,0.005162119162465313,0.0017257315414374557
524.7,0.010995439865414172,0.004330136411298949,0.01090478511376717,0.004646384162268712,0.008059361603443185,0.0019563738038642195,0.007273483374879351,0.0020773875749202893
526.25,0.011967929526035578,0.004552211824501661,0.011997957518284242,0.0049102347020949415,0.009987815479734548,0.002197840695672951,0.009368712792065659,0.002400267202514097
527.8,0.013939338114976794,0.00486467996539922,0.01420765283731914,0.005256826300705439,0.011907154540634646,0.0024067412555151655,0.011483214279907372,0.002663411627454968
529.35,0.01662259465041214,0.005231606614735501,0.017208492214245544,0.005670099140988582,0.013978448424841911,0.002622477994692929,0.013764850409161365,0.0029080248376565842
530.9,0.019018611089676812,0.005541783800073733,0.01987893523572805,0.0060300118553006515,0.016172161066317005,0.0028903018290727393,0.016176076234245832,0.003208144400155845
532.45,0.019932719191040272,0.005598597826203553,0.020939677057910715,0.006095057229197908,0.01831224971300724,0.0031960916161040895,0.018529654685582146,0.0035606218653608207
534.0,0.020106282746429713,0.00550116914811649,0.021138440273103326,0.005988796631519206,0.02045548039125287,0.00352964513185218,0.020884824148175232,0.003946634754862394
535.55,0.020192224241457633,0.005502638445979477,0.02123556386303256,0.005994847538487339,0.02282268267326177,0.0038700546051024793,0.023489306749199648,0.004345595368694985
537.1,0.02065919916112486,0.005722616046750586,0.02176265575227391,0.0062442678386095815,0.025582902957851764,0.0042371275163296225,0.026531002354082366,0.004778987423577865
538.65,0.02139198175698902,0.005886257329352697,0.022589544732930532,0.006425630517252128,0.028634571716663122,0.004696361705802795,0.029896924954640743,0.0053071680333191705
540.2,0.021811873238944804,0.00609593309558469,0.023062826555173586,0.006655625742522327,0.03167965815966772,0.0051616143653855,0.033255645330217076,0.005838031558060143
541.75,0.022052995226596272,0.006300771330072274,0.023334460532889262,0.006874218956285007,0.03453058869957464,0.005555060737671884,0.03639893696873377,0.006288688564147232
543.3,0.022778102321400304,0.006465399037752942,0.024152572081547277,0.0070391887162843956,0.03706788125972473,0.005834088060566468,0.039192629993383965,0.006602141569644451
544.85,0.024135831956662076,0.0066467542186661125,0.025683337026567853,0.007217829119252381,0.039289831339491654,0.0061072864000860155,0.041634740519621384,0.006896929643123611
546.4,0.0252524453639647,0.006842628027753184,0.026941846590079546,0.007420740191038707,0.040642982020020785,0.006314850407526573,0.04311109182129762,0.007112165347315817
547.95,0.025447837369158628,0.006968169583460376,0.027161157768041445,0.0075556982050825235,0.04074962395987667,0.006410576049214387,0.043202890067760534,0.007203814841979487
549.5,0.024685935606291284,0.006946495627250681,0.026298862313764458,0.007529085680228128,0.03969078378645185,0.006394137977547639,0.04200079480264669,0.007176584727159623
551.05,0.02377800383452044,0.006869983844515456,0.02527154596476304,0.007447196218076337,0.03770475159148938,0.006267491201257963,0.03977035587711279,0.007038048144160125
552.6,0.022839592577573387,0.006723313220851961,0.024210839884760835,0.007288869819738601,0.035183848172360685,0.006040932167019792,0.03694731469802215,0.00679117819818845
554.15,0.021599514093907046,0.006499545115526223,0.02281167136145433,0.007041713136555734,0.032544193187843275,0.005744469602326427,0.033992827660397316,0.006456139615546033
555.7,0.02084274886740221,0.0063709238703597805,0.02195728825325606,0.006896128857519909,0.030259447545652005,0.005363509187073893,0.03143418811697635,0.006023971577858012
557.25,0.01973823715048057,0.006142677405056993,0.02071009820129912,0.0066377020169436874,0.028264010752501574,0.004938269222665851,0.02919782938924517,0.005537775980455291
558.8,0.018076632354695647,0.0057545566187086755,0.018834227365298366,0.006198258224905719,0.026543561537034424,0.004501004625044448,0.02726709954964839,0.005031490484837346
560.35,0.01704321647672484,0.005550529841212933,0.017664298751411272,0.005966108461692101,0.02532083528860777,0.004123775609182402,0.025890117887627833,0.004590262098544834
561.9,0.015547981902762546,0.00520471827406491,0.015976352649573478,0.005583679973803539,0.024393048001731005,0.003762771817430926,0.024841516629414598,0.004163184372141117
563.45,0.013847031211906304,0.004836203970331485,0.014056059098644151,0.005182835718970768,0.0236916622995078,0.0034728899221112314,0.024045678562362675,0.0038169907400250782
565.0,0.012521816713420252,0.004721592129342261,0.012546428593936258,0.005069583318623516,0.023185266695483618,0.0033142600892995026,0.023468222523987958,0.0036267432007444267
566.55,0.011181108967441993,0.004415078000703018,0.01104751158074665,0.004728737822248712,0.022709478699859988,0.003236547559331557,0.0229256966898512,0.003523813232207229
568.1,0.01035865783578521,0.004202172383450051,0.010136245181085244,0.004478445282124987,0.022226137613175413,0.0032250336700738774,0.022376061556158285,0.003493519118418632
569.65,0.01019164817279429,0.004275678833592808,0.009950078441728185,0.0045461949494099325,0.021660110799121033,0.0032119779284053816,0.02173590150264377,0.0034596656884842516
571.2,0.010174262733331621,0.004299237329818743,0.009878276049871399,0.004553372265050851,0.020913587280425014,0.0031280918303801986,0.020896718556577404,0.0033433961895819723
572.75,0.00931965536321715,0.004156280253294805,0.008954614165918829,0.0043893747546997555,0.01984494562329634,0.0029918085983180014,0.01970075434730963,0.0031741764281160126
574.3,0.00789194055986685,0.0038726547833286555,0.007453538287117265,0.004062940889097136,0.01826285878502242,0.002813219399382559,0.017933579339695065,0.0029607415659695536
575.85,0.006408820140659719,0.003529806873765799,0.005923996257757032,0.003662294939964415,0.016201186329957627,0.0026350265063733976,0.015638301840095112,0.002748405469362552
577.4,0.004360868599931589,0.002989360425650518,0.0037571712290511323,0.0030393589640596934,0.013855830658675485,0.002416478832283292,0.013030783432056854,0.002490352277770131
578.95,0.003420833455041722,0.0027161237864167156,0.0027727792525293294,0.0027216197600845333,0.011568157201201835,0.0022077463364109672,0.010487121927312883,0.002242265802931289
580.5,0.0038636322986224125,0.0026921462292803684,0.0032799081280386593,0.0026984767365079284,0.009569244284928658,0.002054173085318872,0.008263336265670981,0.002056158957773941
582.05,0.004678512458036564,0.0027445880909210125,0.004171452336462524,0.0027948034854743554,0.008045766421438812,0.0019395078701095112,0.006561493837657386,0.0019080285535930555
583.6,0.005731828603201944,0.0029614914097664986,0.00528251469055407,0.0030876406065130026,0.006870732987399569,0.001893707844822741,0.0052618085795333724,0.0018604934989584945
585.15,0.0070567137139900945,0.0032999780042749917,0.00664522414200212,0.003468208490771638,0.006046908673874731,0.0018733257408122574,0.0043530015387192745,0.001853536438817955
586.7,0.00829584516888053,0.0035043440844974402,0.007874369983082915,0.003666069921108284,0.005487859443236205,0.00186593914856755,0.0037362691626157706,0.0018564352665437732
588.25,0.008568617260846494,0.0034840012310411944,0.008130257531892915,0.0036564495779764193,0.005269815541537162,0.001957548962777051,0.0035058544176553436,0.0019632232399828713
589.8,0.008587430380963622,0.0034651950516024583,0.008145454966910624,0.003650241098517522,0.005106440403830862,0.0020798605162004936,0.0033346039294028856,0.0020976955821785724
591.35,0.008443593350951335,0.003419094898953166,0.007996050545652137,0.003602348742321526,0.004868237221682292,0.002149339753902815,0.0030821822208437753,0.002162826217714685
592.9,0.008051517600411576,0.003228689231416276,0.0075579867843850075,0.0034046247561160415,0.004607445839306182,0.002116374020467514,0.0028031891331615545,0.0021123450795302793
594.45,0.007676959888039307,0.0030768864381616836,0.007159698551013295,0.0032743050088404418,0.0043730502297051116,0.0020705324767046973,0.002573781892655882,0.0020292915409352756
596.0,0.007914502370752181,0.00319075689690326,0.007442229464018549,0.003425890340460527,0.004263272392278792,0.002054773420059817,0.0024717418273550117,0.00198718396337696
597.55,0.008458949001723311,0.0035350897940212267,0.008064618145051298,0.003808030525330693,0.004302633747095088,0.0020701734254808604,0.0025254390236205283,0.0019971982205557667
599.1,0.008424911376213005,0.003611212092959836,0.008040947624330814,0.0038941949703194044,0.004440239817196914,0.0020477387898535622,0.0026931780485109917,0.001981756599478479
600.65,0.008603447222062249,0.0036172652209312877,0.008248078157921215,0.003876771800579073,0.0046607712390876995,0.001978412267316634,0.0029427398309162423,0.0019210857918962611
602.2,0.009117353573139048,0.003618972385673942,0.008819881316974828,0.003854232136780822,0.005014882149642448,0.0018788270151873156,0.0033355495057571976,0.0018254922850289934
603.75,0.009932598467262235,0.003538561779333855,0.009725677876235555,0.003760259724233416,0.005503785675463811,0.0018537388966564838,0.0038794488914134506,0.0018093536155486488
605.3,0.011763965828881784,0.0035250071032161324,0.011767285944286316,0.003761622425546736,0.005997434094820839,0.0018328853702277083,0.004424015349911986,0.0018090214365065146
606.85,0.013642778222609364,0.003638469696123862,0.013851392960876605,0.003912419386990022,0.0066291069883721385,0.0018349027211667379,0.00512332963940613,0.001828604507773602
608.4,0.014968027671246631,0.0037253222345126715,0.015319464166369288,0.0040314092271634865,0.007382206362627639,0.0018427082452336819,0.005967128329484542,0.0018389393369143295
609.95,0.015316303549505403,0.003565508995275261,0.01573723674639617,0.003870095193553892,0.008243275792292983,0.0019271158386921726,0.006954188296229861,0.0019056425144692044
611.5,0.015941943032385778,0.003598187220941725,0.016452142537129694,0.00391711485981911,0.009300820872418559,0.002021574966087399,0.008147186844607978,0.0020080528351807568
613.05,0.016859247180627604,0.0037228131371137866,0.01749641400847445,0.004049834197388254,0.010599644226575144,0.002157518261893984,0.009609176036414811,0.0021659274332775594
614.6,0.017504232242893474,0.0038788138923229,0.018230945194111503,0.004219954928471889,0.011969988049644449,0.0022859878457904435,0.011151941478147152,0.002319080619625833
616.15,0.017779036845701122,0.003982056937903063,0.018547402833996803,0.004328913304340748,0.013067255111520577,0.0023941788369940356,0.012394956048254064,0.0024471833933194242
617.7,0.017989354140345616,0.004089901815911769,0.018789881418410665,0.004441667264575606,0.014280877884242548,0.0024471541779094432,0.01376743855028219,0.0025084247977170933
619.25,0.01855570796730306,0.004205199038454051,0.019434395383153877,0.004567179913470643,0.015533137290655313,0.0024486643730824405,0.01518296251831825,0.0025115502520392957
620.8,0.01955605540928941,0.004202394914234664,0.020570344515988267,0.0045704428031671665,0.01651489507177068,0.0024561571678028186,0.016300543239667484,0.0025275418736771544
622.35,0.01973499100767202,0.004177633904780111,0.020780193743777587,0.004555350019610308,0.017300628869544914,0.0025090744085408986,0.01720083852588673,0.0026074294855742038
623.9,0.0195577975669065,0.004094356555501484,0.020588222006998603,0.004466106614621422,0.01813833072522204,0.0026327550444769647,0.018159207256888486,0.002757148733231559
625.45,0.019348522956534105,0.004014755418428225,0.02036086309610603,0.004372314045582694,0.018945571315435294,0.002802966661479705,0.01908381001814903,0.0029519042949289935
627.0,0.01938648297637281,0.004013953342276521,0.020414087118534076,0.004364140197147472,0.019510814082136296,0.0029193466794276467,0.019739363783410593,0.003089044040029186
628.55,0.019778132208773825,0.003982272376879581,0.0208668290052298,0.0043233294360344055,0.020008324047032233,0.0030477833356826745,0.020320129775912337,0.0032358023614507377
630.1,0.020487176988613638,0.004002549366691095,0.021677656048822026,0.004338141971745025,0.020532492256058858,0.003190191751593755,0.020931395528736,0.003394931273193986
631.65,0.020809960317678778,0.00401099433298429,0.022051764298696406,0.00434017901738792,0.021028279728318392,0.0032964940767271048,0.021511609062003875,0.003508500833989789
633.2,0.02046260788250405,0.003799158503716858,0.021670052428745864,0.004086560830544639,0.021601132659503985,0.003379889930317939,0.02217775782609416,0.0035907033803641588
634.75,0.020098208559266726,0.0036884898358177888,0.021269992858074672,0.003963743309114857,0.02212560553273965,0.0034248107684271907,0.022790773599933957,0.0036370925692230096
636.3,0.020175562217529232,0.003696800743612575,0.02136975780701988,0.003974988060475958,0.022394475167226244,0.0034508052546581803,0.023120281552053246,0.0036686872935619355
637.85,0.020246648386287168,0.0037490494983868925,0.021462290466326597,0.00403095049044178,0.022353746089025565,0.0034297449556587476,0.023106053685691078,0.003651030719757624
639.4,0.019752583878611646,0.003888413280014979,0.020921243743950962,0.004188652869058804,0.022392657622340262,0.003422086443579692,0.023180460170613915,0.0036452243828994017
640.95,0.018887411566412972,0.004156096813884398,0.019960479461363367,0.0044970280261298744,0.022209297237361723,0.00334349543096845,0.023008142205516967,0.003565182716327229
642.5,0.017883797763462907,0.004394845144223431,0.018842883901310777,0.004772115235792523,0.021632639374807427,0.003184169705339903,0.02239940955923336,0.003398024561335822
644.05,0.016999270108391435,0.004444945460458549,0.017858897841650286,0.004823788917196564,0.020884325573598074,0.0030327116777145806,0.021600492778363338,0.0032354563868383017
645.6,0.016643221214985,0.004562073516845975,0.01747094877765221,0.004930331103360836,0.02044322950059379,0.00292322983369882,0.021143290073049444,0.0031169578994466865
647.15,0.016349639543075962,0.004602786775114625,0.017152408681736092,0.004945373707756621,0.01993918923313661,0.0028570489485131054,0.0206163467630161,0.0030478450164331938
648.7,0.015531032903631913,0.00450670351474097,0.0162398362707762,0.004812232911435532,0.019174084985012094,0.002777112113292954,0.01979950126300248,0.0029678425207304328
650.25,0.014779156274460739,0.004365431420740434,0.015402901194300987,0.0046460656581174264,0.018363953643491124,0.002626201196791462,0.01893262898793998,0.0028124824340092142
651.8,0.015048972382320225,0.004467029365812412,0.01570858056949608,0.004735909031890179,0.01759225648072459,0.002528498596036009,0.018108390290804337,0.0027104023626073966
653.35,0.014664222663891321,0.004541360455548472,0.015290979132976999,0.004808756965382941,0.016694583857820154,0.0024471432273652895,0.017143673276660946,0.0026210861129574306
654.9,0.012810070254019878,0.0043898274382679564,0.013232719002253146,0.004644366797415979,0.015734387557864247,0.0023561568721492993,0.01610890005470317,0.0025185316948018806
656.45,0.01104448772880447,0.004287767765867356,0.011264335189890886,0.0045528658219868325,0.01469943843922552,0.002225016059089689,0.014990809717260108,0.002367983126665002
658.0,0.009696231483432871,0.004395721710976678,0.009763711800949133,0.004699142342379173,0.013536080966402917,0.0020792745902582154,0.013730264191604611,0.0022012083150443826
659.55,0.008546530907910264,0.004483088407350636,0.00849236577829444,0.00481298508666513,0.01238495480421049,0.0019874081062310985,0.01248346228751656,0.002094313325108989
661.1,0.007725872278900655,0.004386834948090336,0.00758864090117004,0.004702062865239921,0.011450380206876488,0.0019839726448073586,0.011473042173701436,0.002085959844646168
662.65,0.007774623055058225,0.004334681164581955,0.007654260068236913,0.004638195926581149,0.010234701359254979,0.0019616515237978215,0.01014844117290112,0.002062490786960939
664.2,0.007800034688869781,0.004150319103979515,0.007695355686374683,0.004430003634270059,0.008848549213377547,0.0019269299993111824,0.008619402766441601,0.002018483799343485
665.75,0.007936614816113617,0.003989081124548659,0.00785672038769251,0.004239911235448773,0.00732500241457061,0.001839529646921727,0.006975843795312356,0.001909687003148523
667.3,0.008652756328956492,0.004080270828237007,0.008657337658652843,0.0043156129267771124,0.005729370568703218,0.001725579899938892,0.005306981265231179,0.0017616943682017263
668.85,0.008338317984874123,0.00397868892729649,0.008325404934813,0.004191208633764853,0.004157145770115019,0.0016242736033667475,0.0036599180466559893,0.0016192813511681184
670.4,0.00787095330563675,0.003925673257735412,0.007802592970920344,0.00413398112209854,0.0028834169319177385,0.0015467390491905634,0.0023118829329843746,0.0015116031703287342
671.95,0.007508299410692567,0.003869532474585838,0.007400747638886869,0.004075409462758544,0.0019677974713068723,0.0014845264902638424,0.0013698429775121574,0.0014012834506548634
673.5,0.006662479041316791,0.00365899297968194,0.006527947596623955,0.0038478685925926945,0.0013265791811146342,0.0013845187908744765,0.0007687372297375661,0.001258911203283518
675.05,0.005479712141633734,0.0033050316354206054,0.005286037293288288,0.0034228412997407043,0.0009299853150778681,0.001197305840586398,0.0004812893287383965,0.0010619080429289476
676.6,0.004545867165728837,0.0029526066419854734,0.004285048721205436,0.0029953130737268344,0.0007861645037614378,0.0010498626691836227,0.00043798694104802484,0.0009065815975249189
678.15,0.003917480323398425,0.002561030421351026,0.003615032754598282,0.0025292699520737343,0.000667934391271804,0.000873369828515133,0.0003961010270863834,0.0007230163148045065
679.7,0.0027254494407916246,0.0021032750396232374,0.002361006967595581,0.0020243928950199395,0.0005239480727417226,0.0006927940671865763,0.00032176198660926173,0.000533625568699788
681.25,0.002394988956468153,0.0020486563473245357,0.0020306322021557484,0.001970434025127928,0.0003160392542670308,0.0005003517931532366,0.00017784525125002224,0.0003485435879419773
682.8,0.002490988888306114,0.002239187873849391,0.002155827896458932,0.0021728463689745688,0.00012133783126781197,0.0003825999892289353,4.043512390923941e-05,0.00026761472367162745
684.35,0.002493403215233837,0.0023312837853425093,0.002188666125641342,0.002277543641994759,0.00011254952925688124,0.0003316633765631577,4.5289452247758305e-05,0.00022089834948421048
685.9,0.002593990466315578,0.0024803872935088137,0.002285429541841536,0.00245311521433663,0.00018329782107946214,0.00034240261499184765,0.0001049378583031903,0.0002456293644509999
687.45,0.002727455650945509,0.002565232399698072,0.0024211923809828646,0.002562551060712332,0.00019583551911664276,0.0003733981328051812,0.00010715570525411634,0.00027987378301907545
689.0,0.003042435193431515,0.0026655194743368405,0.0027799643596247243,0.002692270356195004,0.00022498023273240814,0.000437464533642343,0.00012684614534226542,0.00034397114409037336
690.55,0.0039892599572101265,0.002879720070573787,0.00378517773022723,0.0029285171071217466,0.00025414673945176367,0.0005010655652178584,0.0001506289511292947,0.00040724929637134656
692.1,0.005311222833509586,0.003085858545503699,0.005153099657306447,0.0031411414435224307,0.0002636382780750856,0.0005434059604846818,0.00013695281916033106,0.0004595244742475443
693.65,0.00586845965702447,0.003123799424881818,0.0057412014110152475,0.003196368269713197,0.00032727869188652834,0.0005844664001243861,0.00017416385452326155,0.0004957190028532774
695.2,0.005585331010987144,0.0029766038589488534,0.005485690080076708,0.003078901498177598,0.0005269407327775046,0.0006945253131150861,0.00034132045674772655,0.0005821332460846296
696.75,0.005324387317706198,0.0028501574339391323,0.005220797965656668,0.0029427422243524554,0.0008668166049812776,0.0008914975189436855,0.0006169589877075831,0.0007613717597040405
698.3,0.004676879065544286,0.0027488427508963213,0.004537719183673769,0.0027964432875503572,0.0011697749194515888,0.0010751848953376455,0.0008704069295040859,0.000945063826490227
699.85,0.004226131748605728,0.0026245213689894396,0.004073969125058223,0.0026348146019220036,0.0013389593861532908,0.0012119724580755692,0.001020965850696434,0.0010903394327019464
701.4,0.0038323171799899427,0.002570633105466101,0.0036323873852691247,0.002583551666228323,0.0013865308057814671,0.0012882745703350629,0.0010713314123579742,0.0011905824918033705
702.95,0.0036982710290646864,0.0025690182179048757,0.0034647425894783184,0.0026099565779460054,0.001416380652842982,0.0013140325596843587,0.001096644613560739,0.0012308915274411465
704.5,0.003747672378425917,0.002583341470001451,0.003493812785215574,0.0026543742792896276,0.0014303073811058917,0.001272847959813707,0.0011012707979797974,0.001181840133367618
706.05,0.004304168868658974,0.0026583845140850286,0.004060822609104545,0.0027362850248422166,0.001409491127771763,0.001201674786577078,0.0010766901957509351,0.001092012688647291
707.6,0.004882500645491016,0.0026640291143986247,0.00462972001421004,0.00272871406276322,0.001272451069517322,0.0011010816674689116,0.000946891339796254,0.0009843062572738636
709.15,0.0047346156220397,0.0025309859751602884,0.004466433372632746,0.0025985816642154764,0.0012397385228198757,0.0010754661578457026,0.0008992131873791028,0.0009754508241647671
710.7,0.003932586864774996,0.0023910997557347958,0.003641467059315051,0.002476725838476655,0.0014837589319203392,0.0010793952398841112,0.0011239535944153082,0.0010080933516710112
712.25,0.003114751173081491,0.00235854873064513,0.0027790874065266712,0.0024364480691262892,0.0017569510493959505,0.0011410450408686384,0.0013764384199768936,0.001093300871633531
713.8,0.0028478901495332136,0.0024131098786631983,0.0025008941158034714,0.002482295321837608,0.001996026256511043,0.0012438144466256804,0.0016057621158243696,0.0012056166233919412
715.35,0.003389399475023538,0.002410826322674626,0.003082198378542204,0.0024777268853472642,0.002233286797396523,0.0013562127800408228,0.001853313071305204,0.0013188707217325994
716.9,0.004085862651648988,0.002525961739082251,0.0038220483854720243,0.0026141114995103486,0.0023637535145060794,0.0014176003035097505,0.0019814445902318575,0.0013834397664408812
718.45,0.004897357303402663,0.002823646435289222,0.004683551797376289,0.002961989541391681,0.002508634375465175,0.0014589877701822861,0.0021221251976699784,0.0014320165408015532
720.0,0.00566071969145457,0.003140572426019514,0.005486393671254646,0.003317410311464374,0.002687949465474606,0.0014623637439388983,0.002308103858454104,0.00144953313577284
721.55,0.006308991393865661,0.003404612941619428,0.006162326478868916,0.00360378613085007,0.0029560762114299306,0.001424267902892718,0.0025857464955485786,0.0014182854805020863
723.1,0.006360494641965076,0.003569468413785824,0.006186134292786324,0.003761373002685852,0.0031127519008324347,0.0013978336457746653,0.002744946973757944,0.001401585292472085
724.65,0.006187502942008375,0.00360181890218517,0.005983198107177439,0.003774848622108271,0.003655528010936772,0.0014119183359401718,0.003331637101733705,0.0014275834961225019
726.2,0.005622152392457103,0.003504602644358863,0.005374500562924567,0.003664091523971409,0.004793563704969969,0.0015806291324245055,0.004581912698945445,0.0016040788497585043
727.75,0.004700769405481848,0.003487575977439514,0.0043465691553135,0.0036378633254400537,0.006214233138312378,0.0017904180767118,0.006151688678636686,0.0018229623905534594
729.3,0.004794760310830663,0.0035110183756261316,0.0044298196483635414,0.0036479697946254397,0.00749985853005321,0.0020433551803007302,0.0075674947448265036,0.0020954692726540733
730.85,0.005560342205479708,0.0034896532114758417,0.005250907176511424,0.0036142860497947443,0.008813269198146822,0.002287057310819433,0.009014805334086533,0.002357808659472997
732.4,0.006745298116551121,0.0035370781803181657,0.006535263392606531,0.003682781639885991,0.009882507493490114,0.002392635920392466,0.010193728408100195,0.002473522013167926
733.95,0.00820376915903211,0.0036809494977180137,0.00810793549309509,0.0038771764388031995,0.010595465796345967,0.0023222614569573855,0.010977100321497138,0.0023971761868924104
735.5,0.009166356947815557,0.0038568399533493157,0.009130475954749459,0.00410083107003841,0.0111094446262596,0.002113772125562996,0.011539489645506343,0.0021631170818452155
737.05,0.00982329385703774,0.004024936295848642,0.009838297141352629,0.004292547561073703,0.011304549870762182,0.001848674117894165,0.011747759830316068,0.0018781935368998547
738.6,0.010289996639190833,0.00423854654069105,0.010349571413235519,0.004530902009062389,0.011161990547885742,0.001639150492721308,0.01158078995217566,0.0016819005084025486
740.15,0.010722161994034592,0.004499902351262913,0.010805720972259429,0.004823279504006923,0.011244780269401322,0.0016155051341064583,0.011663825725663496,0.0017068693505811966
741.7,0.010963434109482625,0.004738519132863138,0.011030000616483085,0.005098327087255479,0.011655830153484504,0.0017093164980599511,0.012110765913048464,0.0018407161835096379
743.25,0.010330594086430455,0.004776332262966967,0.010281361456676874,0.00514020697846333,0.012019028201461833,0.001896001477651119,0.012504172897495384,0.0020780835602420946
744.8,0.009655849703411016,0.004576759537632688,0.009573624414135805,0.004906454939358973,0.012069007395832386,0.0020590469065520237,0.01254908243022595,0.00229409197193148
746.35,0.00807102979651203,0.00420838011827706,0.007898103426787165,0.004480831145311726,0.01228438837335078,0.0022035799667032706,0.012776549010549485,0.0024801202363591416
747.9,0.0067500603020026395,0.004015641730835912,0.006488223093138376,0.004243438936490355,0.012594473822101057,0.0023023934946870294,0.013110311730748402,0.002613644070091519
749.45,0.005936970125471705,0.003897003010187419,0.00560778012217055,0.0040872187567688395,0.013107290937590983,0.00242100441055524,0.013669767222359882,0.0027662218339572003
751.0,0.005555433561591108,0.003837204717744169,0.005175172255213543,0.004006603368311942,0.014010141935687788,0.0025536374544577476,0.014662500404801809,0.002923548979446242
752.55,0.0059821175231422295,0.003945297457511319,0.005606657265500221,0.004141757464621096,0.01505599227137951,0.0026328071044180246,0.01581453721005333,0.003024311440969748
754.1,0.007192204877489041,0.004165509983583622,0.006876619673825975,0.0044342567638184565,0.016443511620961006,0.0027385651648573865,0.017346081961346498,0.003155228689017912
755.65,0.009272844862436238,0.004459472743874694,0.009088785861134806,0.00481441730311578,0.01801521771669759,0.002909747912853926,0.019082305269664854,0.003350272555061759
757.2,0.011913723416930673,0.004753472854507705,0.011905478454164467,0.005177970174859122,0.019835433915472545,0.003077014128940185,0.021094308859308825,0.0035352464592377127
758.75,0.01366395692150301,0.005052560732439454,0.013755858871175919,0.00552715315654567,0.0216827177771022,0.0032414111642922482,0.023136534190925317,0.003719790719480556
760.3,0.013982100184186328,0.004890343856290782,0.014094242710731356,0.0053604353209806095,0.023158615040020973,0.0034953702196242817,0.02476627111934955,0.004016703226579457
761.85,0.01309765296244801,0.004608292655995337,0.013108978023070117,0.0050722106097884495,0.024813148603296534,0.003803752713671723,0.02659480370470828,0.004371053085827613
763.4,0.012611796469140036,0.004562688924173025,0.012541178188547894,0.005030707987908832,0.0265563521814688,0.004103812233074416,0.02852314557488187,0.00471655655986019
764.95,0.012861304697069212,0.004684603615941331,0.01279651075570262,0.005152741555750118,0.02825925578386376,0.004368372048106051,0.03040659256382183,0.005021778798915831
766.5,0.013687960569010955,0.0047406821054774865,0.013699906822174585,0.005213997483231466,0.03014022761674142,0.00465360109839813,0.03248822632881505,0.0053489255922251205
768.05,0.015150887615764585,0.004791978837436204,0.015317470951037653,0.005264989209583019,0.03229112202528843,0.004902945107703787,0.034870038989225936,0.005631777146588668
769.6,0.016937118628514124,0.004882892933322516,0.017295475999380194,0.005369152633495627,0.03456656207155923,0.005172691926628471,0.037390215936147705,0.0059349964998189975
771.15,0.018572810140510078,0.00501470680356757,0.01910306094279932,0.005524951632576326,0.03654702350964887,0.005496398869615635,0.039583536523274024,0.006298048646963733
772.7,0.01946832919735235,0.005351658744766634,0.020073771735500158,0.005914620055412643,0.038718970981007114,0.005726081478291054,0.041990542377075286,0.006555746187280727
774.25,0.019701513660171664,0.005556971418497833,0.020295495408960522,0.006162749483178939,0.040871897746316714,0.005892423279822039,0.044376705139499054,0.006743525847385316
775.8,0.018653859221113952,0.005292397267194125,0.019077392177195028,0.0059046124738554445,0.042681599180925296,0.006086575556179747,0.04638155530372781,0.006963004386675548
777.35,0.016598239568233482,0.004945110988782997,0.016728179985907574,0.005553715285834188,0.04444495046593989,0.006220968966130644,0.04833488255387304,0.007109649474371421
778.9,0.015359302251896065,0.004813573227887234,0.015295135205948336,0.005424614593553269,0.045295714577703594,0.006391782539067124,0.04927371344603956,0.007299355059228413
780.45,0.014481497304546249,0.004750207193494661,0.014273606084155,0.005346741382052197,0.045198798253336864,0.006549728006171389,0.049158610700250946,0.007475228083422486
782.0,0.013969713032524544,0.004688178071862514,0.013664124416032906,0.005272175436690394,0.044439589732004216,0.006638897285851177,0.04830703500758327,0.00757535060551634
783.55,0.013961467768389968,0.0047384648592816445,0.013617283930392325,0.005304237843426949,0.04289673300668142,0.006586750070846822,0.04658428922588318,0.007516524090063209
785.1,0.013676404629647183,0.004758541023589473,0.013260049568725826,0.005303348364135631,0.04040872280458222,0.006413768561907357,0.043810533459662036,0.007320716277914251
786.65,0.012758227414612983,0.0046962746346912885,0.012204744790258137,0.005211238287780976,0.0372482463354423,0.0060322526809172385,0.040288915574462895,0.006889636986002595
788.2,0.011651824936804106,0.004604612110636992,0.010939484129103536,0.00508174578222582,0.03360945897104282,0.005353282979502467,0.03623519589763376,0.006121093610034297
789.75,0.010638221678945358,0.004445413154457276,0.009781741836021776,0.004878016310508818,0.02933497600183732,0.004466913795479612,0.03147422048351575,0.005114295290834018
791.3,0.008705704983641786,0.004018399151476262,0.007595107021136847,0.004380310086557632,0.024859259336613725,0.0035317873613282674,0.02648849447112851,0.004040348207427474
792.85,0.008358642333729032,0.004059182823207469,0.007183200322793835,0.0044265154139987535,0.020459826866243383,0.0026406164188540605,0.02158509992915964,0.0029884102362781485
794.4,0.00888918693319618,0.004361768602165467,0.007748558902140176,0.004772946787362675,0.015993993305656963,0.002023013476844189,0.01659836636337225,0.0022268898105160502
795.95,0.009017621642239414,0.00450747930125179,0.007858827900713359,0.0049446189840423515,0.011910223397688793,0.0017937364783443038,0.012044834658918783,0.0019001449169617343
797.5,0.010342736253617035,0.0048615977237510535,0.009243087798565032,0.005373639027152922,0.008419226803180191,0.0018975314351870392,0.008167027489785981,0.001966278300308967
799.05,0.010811729856663304,0.004992828143357438,0.009778145144285261,0.005520017446737384,0.005740882944936074,0.0021515077685287003,0.005223742002043701,0.0022001839278472228
800.6,0.010820775233311802,0.004932447360243449,0.009793748638152749,0.005433630192334179,0.003953948953482198,0.0023350242921183935,0.003290999803643431,0.0023569275714034016
802.15,0.0107612115253648,0.004776117268556184,0.009710065406627616,0.005224431806358751,0.0028793700810849578,0.002447473812441927,0.0022015460184210867,0.0024408930325761483
803.7,0.01061276536803983,0.004550346308326897,0.009462884608173617,0.004924334724878928,0.001998499343752493,0.0024430053596975984,0.0013854093771527398,0.002393943307537243
805.25,0.009072484493372784,0.004020190183004321,0.007839087307792739,0.0042494523296201445,0.0014012686619345948,0.002395095873310839,0.0008533755200754159,0.0023182727686773727
806.8,0.0075300669636954335,0.0036442667423232144,0.006158242613569801,0.003738502873122286,0.0010821606007309346,0.0022988439171974244,0.0006199038484094783,0.0021990401454928237
808.35,0.007524434698056004,0.0036024699670487805,0.006135241453829539,0.0036896353851914613,0.0009709944855216313,0.0022262786745864288,0.0006047205404458311,0.002115085327010723
809.9,0.006476803673336326,0.0035371418323066994,0.005015439552256016,0.0035460315758382207,0.0008267503743852987,0.0020997418098672614,0.0005388427029733275,0.0019765058055529207
811.45,0.005575238653068957,0.003535029646015015,0.004012286556322267,0.003508962183960903,0.0006447344364859787,0.0018504211856685473,0.00041934247774594264,0.0017053942200155518
813.0,0.006089258292000968,0.003573732164424558,0.004513888440366585,0.0036027077610193735,0.0004500478488844051,0.001560484260254715,0.0002923011246906661,0.0013817306492932453
814.55,0.006178688466273294,0.0034749246879730196,0.004604925095526384,0.0035059271848997945,0.00033433438625473494,0.0013113800125740913,0.00020356514276946274,0.00110930631888869
816.1,0.007077699232340044,0.003634312896787347,0.005488662598503596,0.0037578277077732845,0.00036042030851942184,0.0011038008014429427,0.00017701920914133527,0.0008813284296896657
817.65,0.008435119019416492,0.003897364821828107,0.006863840410296153,0.0041505527777790496,0.0004574008906378272,0.0009747452393423934,0.00019019351790508995,0.0007397198102839994
819.2,0.009487028304084537,0.004028082728543409,0.00787848862179382,0.004343525889982114,0.00077815661898107,0.0010133351462868828,0.0003896005744373817,0.000795734274306065
820.75,0.009853477366961625,0.003954351615810243,0.008279225700067368,0.004314255912139539,0.0013422419140080013,0.0012495801402315357,0.0007681759344090211,0.0010872716861570282
822.3,0.0109942162385216,0.004083800832970121,0.009434615070733373,0.0045102883240094975,0.001913117737696533,0.0014819191692324743,0.0011510007312530417,0.0013637903626647335
823.85,0.01203501361165673,0.004255942139036184,0.01049555382127339,0.004710730810716849,0.0025299523443159232,0.0016440824721276628,0.0016040141129637377,0.0015751867813668247
825.4,0.012174136158173483,0.004304932072659338,0.01066455861981366,0.004708381030611449,0.0030764313096299477,0.0017376668280792863,0.002041091472396537,0.001727799503400795
826.95,0.011959255542423703,0.004073207724603567,0.010386832194574697,0.004445835672594045,0.003504572647142874,0.001734184471282011,0.002411110994882229,0.0017573092868318865
828.5,0.012322492294036926,0.003893353133514865,0.010740916100799558,0.004292169272780942,0.0038969731152139805,0.0017048198152573568,0.0028176964185711285,0.001754517270233825
830.05,0.013959074189617518,0.0037994307647684486,0.012526069046634473,0.004241732389445527,0.004425235781309041,0.0017196755679142295,0.0033775967337795233,0.0017821994266569057
831.6,0.01490263925678172,0.0036493002977651115,0.013533705439333863,0.004133351261972077,0.004748422031261639,0.0016878713433973402,0.0037064530449795997,0.0017494552676357445
833.15,0.01486919470303285,0.003710063496545234,0.013483447072091148,0.004201689819550681,0.005107488112867262,0.0016247249081888504,0.00408572720675005,0.001677656555776132
834.7,0.014458413478982779,0.0039149743576248645,0.012987310997695152,0.004406893684711872,0.005760745302017157,0.0016643666977948707,0.004781148177196531,0.0017222379432507123
836.25,0.014634462431097159,0.004087401033048491,0.013152338480514097,0.004579604958036248,0.006587184441173016,0.001778560838082453,0.0056716529892960835,0.0018452014221067398
837.8,0.015131376839081459,0.004386568751862827,0.013673896949036693,0.004907413572827349,0.007594508195084836,0.0019219068477172101,0.006760621243165063,0.0019948107655922663
839.35,0.016439184558722474,0.004698443212608266,0.015107831854471808,0.005276091737395398,0.008702522925880064,0.0020926139033695494,0.007957598249652097,0.002182832214478521
840.9,0.01751141698084754,0.004926784205174537,0.01628305687235581,0.005544263064138672,0.00998223735561229,0.002211233816175231,0.009352093496046703,0.0023000458242071384
842.45,0.018182341681647847,0.005166583962229224,0.016998701909899303,0.0058280448343377075,0.011486494565342096,0.0022245681233167276,0.010990609798032243,0.002301785755716784
844.0,0.02049769931772814,0.005421679587186661,0.01956982537882319,0.006142196959839985,0.013090085150740519,0.002210822533813875,0.01273745518262432,0.002276705673954219
845.55,0.022486426280291925,0.005646013884418095,0.02177125426067692,0.006386841850795148,0.014369977576855313,0.0021853127936012845,0.014123202113283209,0.002227728648429154
847.1,0.02308002680156795,0.005658918515517891,0.022406497428125838,0.006392637048041074,0.014883015897554521,0.0022196921821215133,0.014662981315047154,0.0022511178453247004
848.65,0.023072273152924865,0.005761061278044423,0.022365913567319727,0.006492430588198124,0.014932941967951512,0.0022414650532360295,0.014685343380321514,0.0022677917587887696
850.2,0.022003336457383366,0.005888605115572662,0.021123331385119955,0.006597525223217317,0.014474736450419457,0.0022360831594017854,0.014142956057036865,0.0022554588710795268
851.75,0.020296038009917236,0.0059564022511523875,0.019167848801914144,0.0066131635421340295,0.013684057178524594,0.0021824144157470463,0.013230392689916114,0.0021869053938043904
853.3,0.01874953710492554,0.005926693519970042,0.017390726180707704,0.006548034728115295,0.012801898868861086,0.002120991744023421,0.012216106266656018,0.0020981754206752254
854.85,0.01815326642531713,0.005696976195521353,0.016683327943856824,0.006308785244053687,0.0119707724538836,0.0020979033057848843,0.011258682636874386,0.0020448058661313396
856.4,0.017541707031576263,0.0055641404535382395,0.015957958480095746,0.006186059105034455,0.011465250636164808,0.0020430803852944874,0.010662322113653273,0.0019671337488433027
857.95,0.017812488549663857,0.005638375146803276,0.01622405698035175,0.006304075134106232,0.01112876836236729,0.001987192163992311,0.010253670318902381,0.0018795332990465346
859.5,0.01889256814452612,0.005663682709691807,0.017404314885519658,0.006339929348517255,0.010998646787730795,0.001965795832468745,0.010074065274048485,0.0018508702019246065
861.05,0.018350325181210995,0.005670497498487799,0.016767069700346506,0.006289660478569089,0.010897386710985444,0.001988063657480071,0.00992638390190092,0.001881059937930454
862.6,0.01772239395104684,0.005704448049451259,0.016029581909365317,0.006277408765016686,0.010775737490839257,0.0020258114590855766,0.009755827783445768,0.0019394380219249217
864.15,0.017560114312496048,0.005759208772153963,0.01580469148272081,0.006312707876991848,0.01065097621370572,0.0020036239217846807,0.009581081698932624,0.0019373113371311918
865.7,0.01596078267955917,0.005813437549174264,0.013985181293080155,0.006274612102087993,0.010139426254793093,0.0019641109476160753,0.008977592580052185,0.0018900008207906698
867.25,0.014131633910822092,0.0057431909216210004,0.011909696255544628,0.006077436454613729,0.009654263741038362,0.001892324104513236,0.008403121383077816,0.001815903081435713
868.8,0.013302249821004013,0.0056070122384816,0.010947117005585927,0.00587647688143192,0.009176379902896811,0.0018311808086963555,0.007835562740197971,0.0017560182265690507
870.35,0.013205892486580629,0.005585717742271634,0.010791076595022287,0.005891510380315741,0.008472509206429928,0.0017709037382934723,0.007024115372547795,0.0016532459077901321
871.9,0.0135748062875853,0.00565489986643271,0.011168025770716163,0.006014265185120955,0.007827311468294013,0.0017376100962614538,0.00626345683301058,0.0016246135173321945
873.45,0.01413142766582689,0.005777973628575466,0.011768887053016826,0.006188273946108541,0.00689462557974735,0.0017731797393513626,0.0052058474436854005,0.0016090889524402279
875.0,0.013855365089391242,0.005853535337549784,0.011458672777301776,0.006217275715632987,0.00594552468038005,0.0017955775966388041,0.004149558869509627,0.001561551306296803
876.55,0.013031546157595391,0.005865071106695907,0.010543648721842267,0.006125913453146348,0.005213082281491782,0.001827393215969804,0.0033185452899885644,0.0015458241233811776
878.1,0.012164291928838201,0.0058705114240813335,0.009559884399501001,0.006050202750622039,0.0047088287906578595,0.0018314518177562037,0.0027392218910134675,0.0015377211945070122
879.65,0.011628707186162207,0.005966956096964279,0.008955138791159289,0.0060756295198877985,0.004415929903565627,0.0017953598226068037,0.0023983899434440346,0.0014854589592455387
881.2,0.010095369353818596,0.0059523740232146115,0.0073250545553116995,0.005909701350090067,0.004186346137432754,0.0017687022343526534,0.002119803732029664,0.0014315696189061797
882.75,0.008568303140266258,0.005907452034810201,0.005731862790217951,0.005731685430113633,0.004202633182260729,0.0017469671089103426,0.0020946559738672385,0.0014146640445873424
884.3,0.0076784837152599926,0.005960645495161771,0.004774546438739253,0.005716474790349673,0.004079867785073349,0.00178286155023521,0.0019423267186958874,0.0014247140272395978
885.85,0.0072791870385429955,0.005949203718740635,0.004341029635488256,0.005688833903672783,0.003882839878293209,0.001816021421645726,0.0017086816521875235,0.0014055415499436093
887.4,0.00697621562528946,0.005784438800290308,0.00401656357242893,0.005455951888779473,0.004087039515185907,0.0017933339041059826,0.0018939630784412858,0.0014223918423678869
888.95,0.006834154050895809,0.005579442644954831,0.003813877118426712,0.005171320884856007,0.004231847530785497,0.0017997781061697459,0.0020243508767852554,0.0014293759487113292
890.5,0.0075819187873927855,0.0054595205931314665,0.004512570842332431,0.005031221771507849,0.00433134918531411,0.0018588758652840446,0.0021006683674056237,0.0014635361370614187
892.05,0.00791180504138673,0.005435403869985903,0.004813011704544351,0.0050067477992566485,0.004613290234184002,0.0019339098648611117,0.0023563225883612513,0.001562756118832169
893.6,0.008884541620301807,0.005365133843667664,0.005776560608404272,0.005035824013063032,0.005002223968741804,0.0019488880496448158,0.0027299516086609467,0.0016057845783702869
895.15,0.010140020406877443,0.0053489334454864335,0.007054983616317456,0.005163238169410299,0.005298217710650219,0.0020115830942790134,0.003005997725426541,0.001675853763488821
896.7,0.011089286654665444,0.005475545049345999,0.008039053357140172,0.0054394274476664,0.005529876006191181,0.0021268488954744704,0.0032198772793367685,0.0017768661077496228
898.25,0.011539185433464175,0.005628349510743802,0.008489133211059789,0.005677470977280524,0.005676152641622262,0.002241585852403399,0.0033328743150651164,0.0018874213207862043
899.8,0.011347275515913878,0.005504420810915265,0.008322698171773925,0.005524997762949372,0.005494064826110081,0.0023666111523369436,0.0031354187318598475,0.0019460004717848298
901.35,0.010633028390229626,0.00538480500728145,0.007619595966230052,0.005332696365866608,0.005517908144053054,0.002414503524446128,0.0031501751815841334,0.001980660923884572
902.9,0.009555659487296217,0.00519406308941991,0.006498997059534224,0.00500836484311077,0.0056759705767502585,0.0024417699997176944,0.003266270747499405,0.0020389024737888085
904.45,0.00869052925735063,0.0050381311180742365,0.005553080428680531,0.004698597003057635,0.005588429861756861,0.002463772272033761,0.00316860203105718,0.00202785894053122
906.0,0.008030290747691198,0.004885065111443425,0.004780655223215326,0.004432494481867292,0.0053139196207344155,0.0024790372764084104,0.002877259664804762,0.001978801837875669
907.55,0.006821803329109654,0.0047275445887508104,0.0034581495386487625,0.004108880089601406,0.0049879544166362925,0.0024674364593302483,0.0025246812831447012,0.0019177803205980642
909.1,0.007247347086289836,0.0044938355091872625,0.0038329715347320673,0.003884979312899362,0.004827185649086813,0.0025089449436790554,0.0023312329425245228,0.001961976985512638
910.65,0.008832146306438301,0.004361196385094239,0.005444200781223132,0.0038943944845634742,0.004872781871455703,0.0026022305263638822,0.0023554600538110183,0.002090166277583783
912.2,0.010752479515007218,0.0043959279784385585,0.007395837696166677,0.004102698805569866,0.005242401657235784,0.0026838797270339713,0.0027330861226448925,0.0022510815268204525
913.75,0.012843712594180318,0.0045250482975066455,0.009590448313180532,0.00440807654474665,0.006233879075443099,0.002765124518531798,0.0037767344202439533,0.00246264308489739
915.3,0.014557251325584535,0.004638974909594153,0.011491988074590544,0.0046292649329386796,0.00753324064178798,0.0029187730022224184,0.005164151421337637,0.0027447263934815645
916.85,0.016304679790847116,0.004702052429992979,0.013404950336748015,0.004807849001456573,0.009221574543830548,0.0030609797187708654,0.006959414135664605,0.003030432025901345
918.4,0.01807222505391891,0.0047765817045028365,0.015356565616777305,0.0049948368371957605,0.010883001316904563,0.003179954293327884,0.008716191924335077,0.0032435251991153767
919.95,0.019384274115929873,0.004878597001869176,0.016815244494687364,0.005169414747994901,0.012458322456206735,0.00332374409194237,0.010454314528822523,0.0034374076017560573
921.5,0.020371929836180774,0.005001013855484264,0.017917004596762647,0.005369747920448169,0.014015425675036122,0.0034605863749601028,0.012169635056597159,0.003609759096820834
923.05,0.02110557624725078,0.005073467912271655,0.018737139302219232,0.005485188565641788,0.015359182012497741,0.003598715289936047,0.01364909190956866,0.003763994183250409
924.6,0.0218365368388188,0.0051787469635678875,0.019546710736674508,0.005635126035688226,0.01640119797593449,0.003749745038237569,0.01478579891961034,0.0039178352095521765
926.15,0.022365602838648,0.005387447872876206,0.020116957369023622,0.005921324018640318,0.017018073457852737,0.003869686432561099,0.015450359769108841,0.00404694860811803
927.7,0.02187667175386214,0.0056163126944403724,0.019564688206507034,0.0061172799020014655,0.017501039988904815,0.004005517823418187,0.015967291444465837,0.004203464517489383
929.25,0.02072197306322375,0.005691859508794159,0.0182642314439528,0.006121603418453231,0.01769426054068493,0.0040947167923372834,0.0161633744568002,0.004316584747388665
930.8,0.019343485378202407,0.005734676089151131,0.01670749427573144,0.006103954590986989,0.017329781112001525,0.00412251928933145,0.01574088588927368,0.0043619719090968135
932.35,0.018574701180311487,0.0057263736783391885,0.015834485250542183,0.0060671689292547135,0.01642171335825344,0.004101672400609801,0.014714987485443675,0.004354297302759451
933.9,0.01845593573983381,0.00556972027791916,0.015691783291330773,0.005932759970291588,0.015085955772193875,0.004023841922565338,0.013211806856734967,0.004300969780649906
935.45,0.01872267062918169,0.005516081274133572,0.015982994031351446,0.005913890877497559,0.013752355686617496,0.003932672777785292,0.011714498256440114,0.0042516801850806755
937.0,0.019377537125661235,0.005588024376108867,0.016709823517478385,0.006063767901696991,0.01241825441971088,0.0038148165546305606,0.010210615020119586,0.004186552109403044
938.55,0.020642513254443818,0.005923107322059546,0.01812243644009232,0.006514236786061251,0.010940135700014201,0.003641064355667448,0.008556235706551785,0.00402034527477741
940.1,0.022606973247544383,0.006394380792554364,0.020318512174958,0.0071173512513224785,0.009213522354355687,0.003367591998167915,0.0066608960003460725,0.0036734201845351985
941.65,0.02301195574046049,0.006562413140983684,0.0207584759718003,0.007353341120621803,0.007692617468164189,0.0030944841795862254,0.004997660960248802,0.0033452174902427255
943.2,0.02277743953118941,0.006654002782082298,0.020505107218549895,0.0074417126475757826,0.006774351173374445,0.002847207981468191,0.003994946932453297,0.0030565727534552795
944.75,0.02263752791490683,0.006795474883688996,0.020352196381814684,0.007607638080552192,0.0061236855723287055,0.0025903079300674276,0.0032705084093397753,0.002781892348406663
946.3,0.022640662902083764,0.006927678940933327,0.020359060082821116,0.0077585646103396294,0.005581667280813749,0.0023659719076977634,0.0026903668713913415,0.002513488802678743
947.85,0.021995630439790914,0.006972944469308933,0.01963504141897128,0.007807744159192961,0.005016786276523108,0.0021369594651352466,0.0021198569202233704,0.002196019483142861
949.4,0.022359435735354906,0.00683066871856584,0.020052552254427463,0.007683246019300101,0.004693151946885,0.0019912690778241854,0.0017920489639014518,0.002017249563533373
950.95,0.02281854480537242,0.006545763479377183,0.02058089819412756,0.007371069758499852,0.004697399476133814,0.001895229471351926,0.001800135234365773,0.0018638799932961347
952.5,0.023151517892154857,0.0062730440849060355,0.02096751051634239,0.00706577493259856,0.004880019104196619,0.0018362624304331158,0.0019741739139101135,0.0017451327752475419
954.05,0.0237615421931177,0.006081964752871805,0.02166609174462272,0.006840214069404281,0.005074181478991567,0.0017835212182245727,0.0021573658394101773,0.0016237683181015434
955.6,0.024042455403581856,0.005906280095357951,0.021992135235865837,0.0066064501944284775,0.005226661321386691,0.001800255398980857,0.0023038632821475173,0.001540059229386477
957.15,0.023280832719327994,0.005568339916656233,0.02115151037891151,0.006164075850732866,0.005869850395670684,0.0018212648486353009,0.0029699031426306723,0.001654250531927213
958.7,0.023125007327382402,0.0052537386677317804,0.020994534756075104,0.005736845283434766,0.0065935408101158,0.0018428068424232022,0.003708854197686252,0.0017488018396647387
960.25,0.02311174569043009,0.00501999653694491,0.021000136494509755,0.005404692062202964,0.007182775117588736,0.001968962902833536,0.0043089770606298625,0.00189460969199879
961.8,0.02271249850885371,0.0049152808348767755,0.020571827177680486,0.005238035146614402,0.007531824234257852,0.0021555584428452662,0.0046943155158563595,0.002031338836128651
963.35,0.021882609916731043,0.004884220021388024,0.019659042493692058,0.005176042491236701,0.007653012994257787,0.002443904398963649,0.004862696951318232,0.002227204270272502
964.9,0.02316987605209578,0.004834992815099787,0.02113880759443467,0.005150174999910448,0.007897134292137073,0.002716027338478345,0.005148758386012487,0.002446669654126369
966.45,0.024602678595509447,0.004917983535263286,0.022784811197254538,0.005276499812791413,0.0084663011789957,0.002959860763099051,0.005792351458171728,0.0026385711764152567
968.0,0.025749534371928954,0.005150280108930852,0.024109246733802214,0.005542695038719344,0.009402177093185155,0.0032066121957054473,0.006841565995507818,0.0028685031557772554
969.55,0.026312099863335936,0.005459316116143684,0.024775452260743035,0.005862581291865892,0.010495142262835495,0.003466673577911648,0.008066569101343757,0.0031526746565123365
971.1,0.026540209569787653,0.005647150920387397,0.025066008858388743,0.006049035437962501,0.011933827063347531,0.003603592516824488,0.009675279212558348,0.003327800694828594
972.65,0.02727361526600082,0.00559867852025396,0.025930426942894796,0.0059615770859966595,0.013353192161179788,0.003659035397976859,0.011261730425480947,0.003415072723872584
974.2,0.027331661774182413,0.005609216123299731,0.026033809323776413,0.005939958719212,0.014412635073651236,0.0037787088563594868,0.012450485656458406,0.003558252467006285
975.75,0.027001386941003517,0.005638176100216196,0.025700490448946747,0.005950261945866792,0.015356457142750485,0.003947576026757223,0.013519223463654311,0.003738879128475332
977.3,0.027701390237410032,0.005603343963967118,0.026531872580792388,0.005896965629343234,0.016205435350525512,0.00417416582931762,0.01448315678893496,0.003985025655870885
978.85,0.029275867639973772,0.005590530366147049,0.0283521914807197,0.005901313114364081,0.017100468333931525,0.004437600295913265,0.015500745531978905,0.004263450501323899
980.4,0.03275019422461921,0.0057877184063416555,0.03231823778988671,0.006147100320689238,0.018336776441612527,0.004654291873550953,0.016898613708237576,0.004503040462070147
981.95,0.03705431312218741,0.006153189101939366,0.03722279381923733,0.006549966039613942,0.020149302995263317,0.004929725841818557,0.018939099406366705,0.004819323623050453
983.5,0.041447112816103866,0.006541701020263701,0.04223051316170673,0.006953093538952804,0.022556358076447607,0.005316591942155135,0.021642896042682897,0.005266178240433512
985.05,0.04580909466621489,0.0069520803349642805,0.0472061147831388,0.007376834242231414,0.025900682444383025,0.005720160477644635,0.025389513829548075,0.005742593420477826
986.6,0.04994385091482292,0.007291899396743347,0.05192895494810699,0.007718285151862374,0.030239364386094616,0.006072543024560019,0.03024218898093252,0.006159057292188693
988.15,0.05443813297735076,0.0078139485822021,0.05705878009433789,0.008269124613759067,0.03489899135029309,0.006582374565945157,0.03545391164538263,0.00674687992964741
989.7,0.05824231494545934,0.008456797689882929,0.0614104094031367,0.008970099096407471,0.03976007432175239,0.00714863334702649,0.040891172616807435,0.00739438016954253
991.25,0.06107840051831295,0.009013242440542905,0.06467082955287075,0.0095783349885987,0.04467689776838567,0.0077044257012727725,0.046392189506590575,0.008024999122227545
992.8,0.06322910318872084,0.00937753284022545,0.0671599353631953,0.00996871686351871,0.04941367791166227,0.00819348688003944,0.05169457630937352,0.008578375632022645
994.35,0.06380411213419908,0.009518721635492102,0.06786996944332366,0.01011744644356821,0.05346928983243803,0.008633330640767923,0.05624240742505994,0.009072357118607067
995.9,0.0629345605777138,0.009633904759430736,0.06694935318464038,0.010240180112970112,0.05668590915306151,0.008980777153007154,0.05985985104160302,0.009467561286501287
997.45,0.05998845329482036,0.009539149939741252,0.06368629866793421,0.010141598456407467,0.05887389507779026,0.009292260300860404,0.06233623279532911,0.009825347202752728
999.0,0.055166933271628575,0.009222464885230435,0.058307741087531194,0.00981033912177105,0.06021910510505239,0.0096302354803949,0.06387771370839329,0.010213849137708548
1000.55,0.0500885028888431,0.00894680835214105,0.05264045104533957,0.009537226614170707,0.06125441177035133,0.010061488546987891,0.06507623756549077,0.010708577355212856
1002.1,0.04445316184324253,0.008602199315501375,0.04634782761964601,0.009198418215121682,0.06263374872453503,0.010579147043622922,0.06665952599105388,0.011301858186091775
1003.65,0.03988955313032043,0.008185914803317353,0.04126501381967777,0.008767446756607573,0.06437676254122773,0.011087950766985447,0.06864815413034456,0.01188691064809511
1005.2,0.036041432641870305,0.007746933324814564,0.03698973101691438,0.008302022736177146,0.06649370527206758,0.011592614746604472,0.07105415941335216,0.012471652217242099
1006.75,0.03263869631178828,0.0073258164613800155,0.03321861288069964,0.007855186077774802,0.06898454658925875,0.012067296365953628,0.07387716954367032,0.013023481535560757
1008.3,0.03126460497435581,0.006948376197740352,0.03174135862686955,0.007437915421744557,0.07154628746782826,0.012477800898776738,0.07677926111075034,0.013500188348541815
1009.85,0.03017197181054545,0.006694909144660663,0.030579780282784564,0.007158298294817412,0.07267911389889542,0.01282501737313227,0.07809479273097028,0.013906959288986543
1011.4,0.02923458926250454,0.006589759175350586,0.029595249096851274,0.00705533353425122,0.0719649770488941,0.012878641888499312,0.07735791485438367,0.013982458563345198
1012.95,0.02812774678761205,0.0064220475638373945,0.028420997253776656,0.0068837314140724444,0.06925725066553415,0.012577179439290096,0.07440484588058467,0.013657469832419536
1014.5,0.026693736733469822,0.0060930266974833095,0.026876821145255338,0.006527075277734845,0.06463819320756668,0.011963663109128437,0.06932686109253416,0.012981340927062457
1016.05,0.025148309913309665,0.005675203738883315,0.025211666103865188,0.006068529451389693,0.05793501544957556,0.011139226085480021,0.06193290172004054,0.012065751671860412
1017.6,0.024046239508428838,0.005504481735834419,0.02404689516761608,0.005892460918883367,0.05089494925926033,0.010056766582895216,0.05416397037935029,0.01086044821547465
1019.15,0.02235424737791653,0.005326024611852345,0.022213998384941296,0.005705956523982236,0.043600976258636896,0.00872784500367137,0.04611134073738799,0.009380669619197571
1020.7,0.01992374635891192,0.005039639521261813,0.01954517709547051,0.005408032896246052,0.03649219151565939,0.007399135482033982,0.03826675025935462,0.007899725486861875
1022.25,0.01814950241127234,0.004702025268566525,0.017614254668851234,0.0050558055258490865,0.03000284692019629,0.006232452800660325,0.03111103277851327,0.006599456292843843
1023.8,0.017737628432337397,0.004590865760764459,0.0172220247203213,0.00492305127191797,0.024726185986736215,0.005194212044606476,0.025303573973900862,0.005443543443132601
1025.35,0.01700769712347519,0.004560612941592828,0.016406040257239383,0.004901448749056173,0.0201883136620304,0.0042630424008148204,0.020316251367013843,0.004418556845973585
1026.9,0.015832836446258238,0.004505926186743699,0.015109179705475715,0.004822498492536794,0.016400644335294808,0.0034727879858142668,0.016156779846975947,0.003558448388379067
1028.45,0.013807424432887756,0.004244911219235676,0.01302995513965808,0.0044938830705496795,0.013232946536200751,0.002840199884370575,0.012685202304227157,0.002866769003310631
1030.0,0.010975109342588224,0.0037778528185134744,0.010112096459097138,0.00391554514842692,0.010441228584920692,0.0023507421786391714,0.009674312945168706,0.0023237565710942563
1031.55,0.008243503361608782,0.003221566917350509,0.00724781466252606,0.0032245961766043246,0.007994937057388315,0.0019893161438208134,0.006951597079045741,0.0019178724713995753
1033.1,0.006525024346097839,0.0028946174181553935,0.005563681381951707,0.0027659037333253493,0.006237669013661584,0.0016550085994680175,0.0051010035898899474,0.0015859594947399427
1034.65,0.004263191179599701,0.002561591239981429,0.0032475755173135734,0.0023159241881852513,0.0045637107655741894,0.0013662992539561442,0.0034574258445439093,0.0013158219841954335
1036.2,0.0022800151797605995,0.002214709884057915,0.001272470254235867,0.0019024382688125556,0.002883318188652505,0.0010800255656288893,0.0018830469352546803,0.0010365830803673365
1037.75,0.0013498818791517265,0.001972151365432557,0.0005318724834535015,0.0016790029766997495,0.00144429457442389,0.0008136226251350859,0.0006107323899769167,0.0007584323033190035
1039.3,0.0010847552813385798,0.0018790724603835512,0.0004490520600036626,0.0015841527684095633,0.0006757687400386416,0.000589166609905921,9.047172694585745e-05,0.0005398146443649436
1040.85,0.0014425277159007266,0.001715990056766041,0.0009159728882008986,0.0014214105149075406,0.0003200044157770706,0.000408615511890364,-3.779704424607675e-06,0.00037130644026631067
1042.4,0.0012856582980416773,0.001529678444879492,0.000823833586862522,0.0012962968562536517,0.0001727785595253982,0.00025802734295721024,4.530500950974186e-05,0.00020353912168711221
1043.95,0.0008225146021579502,0.0014760953261670326,0.0005093507987751927,0.001326009101732153,-8.125206980072282e-06,0.00026834782831468984,-1.9498177825779616e-05,0.0001884744469665839
1045.5,0.00019946098812206344,0.0015833027155922757,2.4165145268247196e-05,0.001473113824357238,-0.00016612294156310872,0.00037963168861315425,-0.00011514013485695947,0.000317081406797228
1047.05,0.0003414265701285898,0.001576560526950189,0.00017101545787345993,0.0015083048637528945,7.835931080849606e-05,0.0005068996205064247,5.59457014426343e-05,0.0004450116229828064
1048.6,0.0007821739263903317,0.0018281886107377405,0.0005834748330273256,0.0018325354224229947,0.00019707189414089175,0.0007039371044469467,0.00013881941231053184,0.0006597661253982293
1050.15,0.0012789724294341356,0.002205744653648052,0.0009996472358594984,0.002273810759186707,0.0002476298742249793,0.0008541146229519031,0.00018011869172230205,0.0008195036989090625
1051.7,0.0016834837348089452,0.002574940609039085,0.0013252615160738721,0.0026826490356959267,0.0002799574435019476,0.0010079452654177111,0.0001971007016713597,0.0009743256882167942
1053.25,0.002179386037428058,0.0029130723172909774,0.0017525079999692974,0.003062091507329705,0.00039886023230858097,0.0011495402893056713,0.00027148152699359043,0.0011083681028405189
1054.8,0.0027692964929596016,0.003270395398147104,0.0022027732963020795,0.003433818135939888,0.0004263804302953867,0.0011499638615438924,0.0002487821315069834,0.0011021303656825348
1056.35,0.004262984953926111,0.0035189177046142887,0.003644007843670119,0.0036568504177068146,0.0006012696163552243,0.0011863110718223764,0.0003615445432524479,0.0011233641562762766
1057.9,0.005080536303233359,0.0036763753721854565,0.004398851582231811,0.0037940724328492,0.0008502038448323829,0.0014011242370490279,0.0005193075007283502,0.001362500231146588
1059.45,0.00606101476182433,0.003610748714590316,0.00543935609375371,0.0037288351725285984,0.0013182071178397088,0.0015920246941809645,0.0009296237600555317,0.0015865553512397627
1061.0,0.007288805139970076,0.0035221185369007407,0.006857338029391187,0.00367153336816274,0.002047951430486916,0.0017151325123152502,0.001653470487370307,0.0017508869921159308
1062.55,0.009531005546687572,0.003566679593888936,0.009339320090140634,0.0037820468270866547,0.003157032014509023,0.001999685306111289,0.002789115792427291,0.002112358147828295
1064.1,0.011144886888472406,0.0036786116577797005,0.0111402290788313,0.003917662780222625,0.004459041588302155,0.002302436122854648,0.0041631361493711504,0.002490930823676287
1065.65,0.012596092609424247,0.0038914739400216333,0.01280720271471559,0.004158305080458952,0.005684066107658579,0.0025175271312128504,0.005510698346909589,0.0027741828107963468
1067.2,0.013717487274313217,0.004013687072517301,0.01410202232854873,0.004301353445062554,0.006791174063822184,0.0026903668049068404,0.006747816276169254,0.002988493445292264
1068.75,0.013820178654083875,0.0039296662959775784,0.014237022650846698,0.004205101093324781,0.007569176880793884,0.0028154703863221167,0.00762170020151898,0.0031301247252079134
1070.3,0.014814386561031078,0.004013269521645032,0.01538044855738989,0.00428995911356765,0.007940241243063922,0.002827245543061522,0.00807578914738827,0.003128023017008889
1071.85,0.016560092113419436,0.0043546977157615145,0.017366139579018648,0.004647237602358461,0.008147550624191017,0.002853493030006728,0.008338201602271108,0.003147187673497382
1073.4,0.017891013218405565,0.004712064628843808,0.018888812145044766,0.005023843513191452,0.008311622316510418,0.0029586346630271496,0.008546271672312282,0.0032550508281384504
1074.95,0.019021907049092186,0.004967842354848799,0.020177138763887523,0.00530886932238767,0.008414025683506104,0.0030461436410756317,0.008682004039983258,0.0033473307155044148
1076.5,0.020042221540783518,0.005244542682849271,0.021338543945404687,0.005624944223911642,0.008421134376450335,0.0031108173654680648,0.008710783882745113,0.0034166300214531157
1078.05,0.021235634388538573,0.005589299664730786,0.022694139165721935,0.006016152296375924,0.00856970756942429,0.0032626078547596956,0.008895607952236654,0.0035829044592914218
1079.6,0.021383395377629316,0.005543432389426162,0.02287324824795085,0.005953831585949263,0.008862055324544153,0.0034278825698443095,0.00923720828938791,0.003758944176965398
1081.15,0.021839391898102033,0.0057382441587989,0.023395180611830324,0.006165476913810088,0.008750745679963746,0.003386470927220755,0.009129753392807622,0.0037078711072610787
1082.7,0.023081075374033016,0.006422672334118731,0.02479964857731162,0.006921146373077436,0.008440760447804846,0.0032198249324768167,0.008798433552279985,0.00351450565076479
1084.25,0.024479978874738125,0.0075108989458703606,0.026375437501006273,0.008137469386835725,0.007765514772588893,0.0029161155511845897,0.00804842973350619,0.0031720624406517545
1085.8,0.026069097792800266,0.008711460022302745,0.02816257827275218,0.009497270263217604,0.006741282292307607,0.0025973595700769093,0.006919236282766262,0.002813238954634565
1087.35,0.0254412638585331,0.009297755241416048,0.02746373351429297,0.01014048600057936,0.0054700760657765855,0.002235382722599972,0.005540712645823891,0.0023977051077331978
1088.9,0.024447339696079592,0.009392850997709128,0.02634423805031986,0.010235147258427616,0.004312225572891097,0.0019537492743971685,0.004291321891884335,0.0020530970893889388
1090.45,0.021791836151161995,0.008892229138803729,0.023349709170458133,0.009668875640471064,0.002972195421429872,0.0015656850931843116,0.002871275876722847,0.001605451027646302
1092.0,0.01869386737544429,0.008207077457384564,0.019856795248118966,0.008895896944439062,0.0017313771099858946,0.0012203294651689923,0.0015779982014117418,0.0012126644398179423
1093.55,0.015711058901888043,0.00759269691793482,0.01647925793712819,0.008211041775989997,0.0009642969838082808,0.0009596247546474939,0.0007979980703192078,0.0009064275949863626
1095.1,0.012297292553531196,0.006651792442422268,0.01263376972495583,0.007160755892371765,0.0005662006381630325,0.0007418796343919107,0.0004129746442465985,0.0006510189415785418
1096.65,0.009774302568928998,0.006059698278676529,0.009812905024653313,0.006493551328970775,0.00027590234405544653,0.0006327147371249385,0.00011914022794715834,0.0005201085794346161
1098.2,0.009563916773699065,0.006032482812808916,0.009561200964697454,0.006455769741281214,0.0003133014136038781,0.0006544236108787007,0.0001745918785821968,0.0005505505599481629
1099.75,0.009431976144902023,0.005948609079085766,0.00945329464218815,0.006338801703523675,0.0004073213367812501,0.0006755168661315964,0.00027993107419614,0.0005682173626874152
1101.3,0.007925072728051765,0.005411838683185425,0.007832546330167502,0.005696600584110871,0.00037249515348396385,0.0006304114307505551,0.0002488344721872477,0.0005152247844476554
1102.85,0.006155200260865463,0.0046825770703423225,0.005863602551416052,0.004842944165603805,0.0003392108642278948,0.0006101806058860494,0.0002074732174926684,0.0004886483983130869
1104.4,0.0050693574104432185,0.0041092976361996325,0.004700264072971434,0.004181414560418565,0.000536860740660483,0.000671348374642644,0.0003815714938688735,0.0005485188179855838
1105.95,0.004615628482276259,0.003853566147499963,0.0042103999509368085,0.003886677991210858,0.0006964524425236881,0.0007130961915543083,0.0005350860961067136,0.0006139507372975484
1107.5,0.00461278419099223,0.003832500899936261,0.004198327094836826,0.0038515523519335715,0.0008454819344030757,0.0008087234813781249,0.0006653649199953035,0.0007301741152307627
1109.05,0.00472949390501896,0.003800000014149514,0.004302573882696802,0.003818785640109915,0.001048373960255181,0.0009290629791130521,0.0008408819468841046,0.0008616121974630402
1110.6,0.0045927536642221215,0.0036889328937226165,0.004111558824461574,0.003697011493224183,0.001236816142201485,0.0010661552958651757,0.0009980670200715614,0.0010016302337940515
1112.15,0.004751079101219642,0.0037896409825175607,0.004236609848363055,0.0038019059914501997,0.0014225427048683687,0.0012041305062373833,0.0011542838620015726,0.0011410367737069188
1113.7,0.00478900769538211,0.0038848768518578323,0.004293849743876979,0.003935523817077749,0.0016792407061531514,0.001388928775517519,0.0013993857324091578,0.0013280888011979418
1115.25,0.004485963058188642,0.0038586511250744567,0.003995081117739431,0.0038965066174852328,0.0018224572944682835,0.001563947983139224,0.0015507896336241353,0.0015116252329737676
1116.8,0.004149155106427894,0.003843180161229696,0.003633020012599394,0.0038670823725989387,0.0018101192892793821,0.0017291649308457382,0.0015468448839128213,0.0016903188655389286
1118.35,0.004252436541812466,0.003927773355477956,0.0036979811905740317,0.003966370444297092,0.0018259910554558145,0.0019500086700728698,0.001553113117713692,0.001937213055697753
1119.9,0.00425442199164243,0.0040285362236701415,0.0036699510475017606,0.004082123481633446,0.0021662137919184667,0.002235531251996465,0.0018940615033220232,0.0022570059999060424
1121.45,0.0047518461840845875,0.004303018703496313,0.004170144827773738,0.004383348077053004,0.00280088707448403,0.0024785079380167403,0.0025652191708454776,0.002528610050371035
1123.0,0.005038779346267484,0.004606881074594804,0.004418341568645709,0.0047258956792358975,0.0035090421638180945,0.0027248538688355714,0.0033062408443545826,0.0028214168684049324
1124.55,0.005591476266004057,0.004995496299902213,0.0049465619845230355,0.005163890053534232,0.004704361761538853,0.0029803016774548356,0.004588786255646676,0.0031409796306982253
1126.1,0.006789778068451026,0.005587074036444427,0.006181259273544273,0.005831251669152737,0.006404128511564103,0.0032715182483295246,0.006429724422872057,0.0035003086098694207
1127.65,0.008496073766843557,0.006301605456055264,0.008012978048792092,0.006652857840543301,0.008388766218098394,0.003610970670672919,0.008589325055673615,0.003910787284409452
1129.2,0.010141734018773713,0.006949687898618645,0.00985289291540761,0.00740195365566139,0.010707884713258167,0.0039914936520050615,0.011116038928764919,0.0043669914719699785
1130.75,0.01179582963419668,0.007664624473701526,0.011646682546552243,0.008240954881144456,0.013155047165453055,0.004257837598412629,0.013810073469330095,0.004688525997088165
1132.3,0.013609510062515451,0.008293692917878041,0.013624358142477939,0.00899700843032562,0.015566342381647733,0.004489074332648504,0.01647511851871212,0.004961547571304145
1133.85,0.014919644283601288,0.008798286872614058,0.015034320013253942,0.00959543128513978,0.018073217123876998,0.004675923972615733,0.019242239136354342,0.005188020770846263
1135.4,0.01564762617410266,0.009147245366895863,0.015785217450324046,0.010003464263653193,0.020677759968657262,0.004857446475042323,0.022114855213721637,0.0054139779719582564
1136.95,0.01600663942612694,0.009349002487247439,0.01616223778479346,0.010227979216607496,0.02303622804187987,0.005113425774916019,0.0247133221129893,0.005723635647971674
1138.5,0.01621329764451286,0.009450079990449337,0.016357814850128622,0.010338899606879887,0.024799631794654872,0.0052588339383531696,0.026650019711132452,0.005920284143408995
1140.05,0.016839825870841797,0.009299803617976374,0.017017121560341228,0.010164968360099402,0.02647389889162769,0.005374966375876495,0.02848549057979028,0.006073496081485193
1141.6,0.017363326941430324,0.009069725131314274,0.017565312955155753,0.009894155227136178,0.02791553665355728,0.005408455091343419,0.030061102998331382,0.006124419737514298
1143.15,0.017984488697948154,0.008794052646728863,0.018223581486047292,0.009571721541960483,0.028841472235687386,0.005372381023842654,0.031063141326505415,0.006092133303819085
1144.7,0.01855222801299677,0.008464151363584398,0.01880621140887241,0.009191490350653777,0.029113616496796703,0.005288337127515337,0.03133774458866209,0.005996240258652384
1146.25,0.017639572313644297,0.008289500874469374,0.017753146706619195,0.008956030730921487,0.02856724571753552,0.005114842547900431,0.030701860843439895,0.0057903104261287875
1147.8,0.017769912487768963,0.008083920367993411,0.01786584633834668,0.008692891278737963,0.027518505368071947,0.004963470599956014,0.02950766925649915,0.005598382082099332
1149.35,0.017139412128837708,0.00813206792329158,0.017122009248145154,0.008700246491125175,0.025979256613094172,0.004787902586451956,0.02776789379894905,0.005370306121666659
1150.9,0.016268369394328512,0.008297576124086084,0.016104253287080574,0.008836500637569742,0.023819501132941814,0.004587806510661428,0.025338142667099425,0.005111613390172795
1152.45,0.016004738780065076,0.00836915904206784,0.015764731499189923,0.00887998494526295,0.02112974945023078,0.004418843609258828,0.022319496979659938,0.004893898843893021
1154.0,0.015905964077241576,0.008469019466659318,0.01560409951487623,0.008962671697889783,0.01844215984770042,0.0042510508536276245,0.019303274968230453,0.004676280006335754
1155.55,0.016505094347027644,0.008454434315144118,0.0162255107845252,0.00892037414013444,0.0163704224027274,0.004084979227196431,0.016969994767347722,0.004439808199762833
1157.1,0.017062843411694655,0.00859300611520543,0.01680202121964881,0.009053175027247175,0.014947638149350512,0.0038978896048465573,0.015357281142805223,0.004173665953449591
1158.65,0.017574503112504476,0.008734432711241571,0.01732006550151134,0.009202489741192784,0.014063149679003557,0.003773796355774657,0.014342989393116965,0.0039813935714910955
1160.2,0.018230990457664596,0.008780862189324085,0.017995110482172342,0.009254500864361019,0.013415441511839543,0.003695230834343888,0.013592497423599774,0.003848668132204824
1161.75,0.01891015073620314,0.008904560452270081,0.01872260288053021,0.009376564275356823,0.013031748799744818,0.003633948979936045,0.013136106283675907,0.003738679929626666
1163.3,0.02136827868163933,0.008807888104695918,0.02144228561094912,0.009269125514699647,0.013600525036782827,0.003622234796445201,0.013738350169233481,0.0036865722935286705
1164.85,0.02317815346962207,0.008713641816235754,0.02343625526184188,0.009146970408529246,0.014475734007966177,0.0036972053061424147,0.014681506131235084,0.003743164435725251
1166.4,0.025168265725073885,0.008653693088660196,0.025631198744216863,0.009062497750358299,0.015376768339193596,0.003775701704394084,0.015653388062254105,0.003817122620661638
1167.95,0.02731112380701943,0.008652510433609938,0.0279953658754948,0.009060292115188795,0.016645264913447047,0.00395186913776965,0.017033123482909925,0.004003828744339927
1169.5,0.029479154311790066,0.008653494711074626,0.030388233568531108,0.009074003806404177,0.018229434504676786,0.004234109799799519,0.018763173566891812,0.004305585849349031
1171.05,0.031534555484695165,0.008601193827031312,0.032656215360929254,0.009034573070147505,0.019744470015065865,0.004547106427161035,0.020416180132485483,0.004641233783153204
1172.6,0.03185770159203398,0.008580699760720841,0.0329727215953949,0.009022756156040906,0.021085209920692537,0.004925007300578628,0.02187588383189416,0.005048486554631468
1174.15,0.03099836634975915,0.008508732786584964,0.03195300901799191,0.008950932431412912,0.021654521149878262,0.005225106928351423,0.022477849277190848,0.005373851752642731
1175.7,0.029519525917408352,0.008254400669508015,0.03023035947010878,0.008674434808665355,0.021506822038124363,0.00540483957687596,0.02228283720465636,0.005567451517320924
1177.25,0.027604701900121577,0.007788024942002134,0.028005675177254507,0.008156885368847615,0.020697756669305532,0.005459753895657291,0.021352971609567933,0.00562798116105644
1178.8,0.02481478377594023,0.007168648932172549,0.024806261772551158,0.007422869646499065,0.01953103892843876,0.005429368433663965,0.020026227500412982,0.005596277530652803
1180.35,0.020740108141865707,0.006603031191189251,0.020191453232065212,0.006676761260748836,0.01791159301877484,0.005270963318804571,0.01819734844554539,0.005421218120940833
1181.9,0.017056855103598955,0.006210253432335337,0.016014420484502075,0.006105364006657292,0.016043328246905596,0.005033711932219483,0.016092009533756814,0.005163337919228476
1183.45,0.01405166039681391,0.005840793948320017,0.012610476283657196,0.005564572357061575,0.014530502153599446,0.004855151399495057,0.014381870151711773,0.004967050042350139
1185.0,0.011979393316831398,0.005577004100322513,0.010264713671655157,0.005184674019795856,0.013068160346358692,0.0046256763909344155,0.012727747932946919,0.004709988183803021
1186.55,0.010810967164937348,0.005417208484320805,0.008899229565869004,0.005000642635583012,0.011707982600269388,0.004368850575263072,0.011184121225736145,0.004427935315305461
1188.1,0.009740075390133794,0.005276755347358637,0.007584483902862942,0.00485598523417829,0.010654746972560459,0.004195967792584568,0.009969215181690493,0.004240649032328735
1189.65,0.009225066938034007,0.004947285087071014,0.0069987664397679695,0.004475659159895057,0.00935338612757803,0.003938170776590165,0.008482665389010153,0.00393733849169414
1191.2,0.0087172439645597,0.004658930589263295,0.0064976216226958206,0.004139661899309679,0.008113947095049125,0.003669987759333873,0.007067278667132248,0.003599940248201499
1192.75,0.008228868840346624,0.004413407293151184,0.006012004981794123,0.0038128660231416247,0.006658475974361394,0.003305430843159357,0.005484196086200584,0.0031342861930337518
1194.3,0.0075919989992140465,0.004126318526722128,0.005242495984887668,0.003362251342834457,0.005145848286828065,0.002902223126791399,0.0039014288145850324,0.0026084696785319043
1195.85,0.00646558823370993,0.003900981439830101,0.004023682915481892,0.0029309708382586996,0.0037626509789374994,0.002493452955001171,0.0025159030291792535,0.0020534394673293295
1197.4,0.005344421810136142,0.003695545398834832,0.0030248663668028786,0.0025977546672853588,0.0025406356047119783,0.0020830136345940226,0.0013788702369757868,0.0014996656867029663
1198.95,0.00400903699249657,0.0035281824502480562,0.0018887202186948287,0.002256664838388325,0.0016587638472037698,0.0017401039378460003,0.0006750951015662083,0.001079484602780903
1200.5,0.003039116570842958,0.0034367408647227563,0.0010538039810696392,0.0020718037185023562,0.0009018688062349302,0.0014476475415849236,0.00014268136940544202,0.0007322890888046885
1202.05,0.003349598152171181,0.00329193080275813,0.0014016608632224912,0.001969881000012291,0.0005039706756587011,0.0012520307629114505,-7.506182336120866e-05,0.000523935465372738
1203.6,0.003980030510313665,0.0031795492932753014,0.0019604131175554856,0.0019763454477272446,0.00045281278870167626,0.0011952792058557266,-7.480481569219044e-05,0.00045741044794285924
1205.15,0.0045278583703206475,0.003212249340291885,0.00241937405427555,0.002153128340343299,0.0005655136766259465,0.0012784367626921974,-6.764621589718973e-05,0.0005300331424540546
1206.7,0.005526352399321675,0.003364151889543731,0.0032706031341907314,0.002489756046927784,0.0009502656263352901,0.001385980613729501,8.777651889440591e-05,0.000656517088614681
1208.25,0.007319026223401747,0.0036081997276709325,0.004852952656112461,0.0029398197424890587,0.001722781319426126,0.0015315780838407213,0.0006148547620890629,0.0008986851703847188
1209.8,0.00938411239024969,0.003793493354570922,0.0066366285097911246,0.003293870098533712,0.002822324868931559,0.0016989403773705484,0.0014633942361733136,0.0011866685693779858
1211.35,0.01065412740616964,0.003979089235277993,0.007729685518161259,0.003648277626457139,0.004343584279173849,0.0018281755008649155,0.002797821997427981,0.0014405338779516247
1212.9,0.011940194707659071,0.004072715217761581,0.009101627435165715,0.00390298935173598,0.006075310644365038,0.00192958364268597,0.004457759993936463,0.0016966423652190446
1214.45,0.013568007446529463,0.004107101572423279,0.010941167994573035,0.004022011392388256,0.008112417160523872,0.002022001627305463,0.006574327650398264,0.0019535131772331774
1216.0,0.016045535143211057,0.0041435016258213,0.013699142982199155,0.004154785991501219,0.010457291716415199,0.002149506455853437,0.00914504403298878,0.002221301036531465
1217.55,0.01974358117241474,0.004181572237292593,0.01778745420977818,0.004389578219171787,0.01300492828968565,0.002301147590341548,0.011965933300782973,0.002467308232665435
1219.1,0.02244890811053692,0.004234042888696964,0.02079717814876899,0.0045395299440168044,0.01586216120392421,0.0024217108969748135,0.015126555494943274,0.0026315725337483276
1220.65,0.02545035526814196,0.0041212541611124,0.024147392819402206,0.004479572765283714,0.018516733532264056,0.0025486716726402883,0.01805308559146009,0.0028005510616401124
1222.2,0.029355620141869036,0.004015824675560977,0.028503623937167277,0.004500715719533408,0.020968032282129057,0.0026961331561267026,0.020748107876757516,0.0029950880170099546
1223.75,0.033006671834554184,0.004123939563487297,0.03257263434780471,0.004741453843298056,0.023304919284568335,0.0027716043676848695,0.023313909418510848,0.0031048241604496422
1225.3,0.03551401719538042,0.004393130843439036,0.03536435366804383,0.005065261793439169,0.025191299623312985,0.00278164279913414,0.025378302909207576,0.003125277604658496
1226.85,0.037372724186544616,0.004628189174671163,0.03741866469210711,0.005360601262176135,0.02639781791803759,0.0028276693772044466,0.026687311042383612,0.003187164786133124
1228.4,0.038578774565165605,0.004804685809968661,0.03873886922464187,0.005545706773336889,0.02706743726323348,0.0029151485075126077,0.027400064910051883,0.0032770756658004486
1229.95,0.03959076074290653,0.004893188749257286,0.0398390552599632,0.005631462558236042,0.02719857196330647,0.003012558148315978,0.027515053184420157,0.0033641614852523167
1231.5,0.04026575486380416,0.004898953965169508,0.04055909631193992,0.0056441745566818335,0.026967786476125424,0.0030730661210250326,0.027228014334088807,0.0034084892947233614
1233.05,0.040412735047258855,0.004743102479149649,0.04068569057781181,0.005502267021997799,0.026472688348017234,0.0031198231887707858,0.02664751584920676,0.0034394382173052684
1234.6,0.03946051456425959,0.0044912493212385576,0.03957271340680448,0.005236812463478856,0.02593249845713335,0.0031605631411395587,0.026018143518712854,0.0034725564114677786
1236.15,0.03956876998047787,0.004435252230064471,0.03965810805755613,0.005225763148745498,0.024933496071912073,0.003217597075345884,0.02487977014442983,0.0035264168786856157
1237.7,0.04076643357311733,0.004577338426234209,0.0409740074404151,0.00547357684493557,0.02359554788941395,0.0033555738028821997,0.023366308187861996,0.0036791432236942413
1239.25,0.040770884549497184,0.004894451223380475,0.04094573939582403,0.005883402860534946,0.022212629672973584,0.003463287446642159,0.021803400661002365,0.003807125496661117
1240.8,0.03977375491917655,0.005073931918727495,0.03978958856245776,0.006112412821476912,0.020661579042585303,0.003574304895430463,0.02005492016138737,0.0039517071035118055
1242.35,0.039075352751303145,0.00507835730410478,0.03897176171268284,0.0061399317021432484,0.01886210602805234,0.003730435626495017,0.018031392965755177,0.004152153576279802
1243.9,0.038292111456434984,0.005028981077570447,0.038059809353910234,0.006072861881505727,0.017298769643532465,0.003912627828242626,0.016271343411469658,0.004368993797989745
1245.45,0.03796802834427946,0.0050645261674424884,0.037666332239514565,0.006115520808103497,0.01588917014167502,0.004113928576709197,0.014683445607367222,0.0045977228189569685
1247.0,0.03745714754029657,0.004950853065756552,0.03706595927707984,0.006012391141963099,0.014923706695083527,0.004255893587196484,0.013590122459289247,0.004759183113090226
1248.55,0.03583969277121238,0.004949069388945691,0.03521916780975807,0.006017216863770671,0.014420575913721817,0.004380944689943414,0.013011761790147649,0.00490596492316178
1250.1,0.03482955385502012,0.005025271405548249,0.034059833807081254,0.006090800272130815,0.014530497642653626,0.00448117929152855,0.013115985406399931,0.005022134596652141
1251.65,0.03468464534239933,0.005054052411479639,0.033878454680791134,0.006117195496116461,0.014945448464596015,0.004573460334774376,0.013560643060960892,0.005129784038546271
1253.2,0.034761506431660975,0.004884821076127825,0.033950221888260995,0.005940794607872954,0.015556333243772189,0.004752467110762895,0.01422527970597502,0.005345989575599198
1254.75,0.03368655980173804,0.00476977168953917,0.03272461193413733,0.005806855045538473,0.016590792606029768,0.004987835738790625,0.015362022346529107,0.005633698798442983
1256.3,0.031831246467005185,0.004733438477961369,0.030620638330885935,0.005727437767789776,0.01800224277265086,0.005232380717214469,0.01691891943392725,0.005934643463728458
1257.85,0.029905133156523375,0.004748949477716592,0.028437809293918356,0.005677683720058941,0.019747734677788256,0.00552868051296205,0.018848842402751025,0.006285917526018517
1259.4,0.029021856588305847,0.004735700041951617,0.027434078361526993,0.005628813683452844,0.021765223256949514,0.005914122333442691,0.021083032401818566,0.006736572262533153
1260.95,0.02916566374300067,0.0047181679946482254,0.027591817192674516,0.005605990617899813,0.024336051561238987,0.006305655207639235,0.023933933384092314,0.007195351102765906
1262.5,0.02961776373432851,0.004786870371114596,0.028100083705690344,0.0056880159193115455,0.027234693508409614,0.006652597931038089,0.027150605969008878,0.007600169166213745
1264.05,0.029187372553728514,0.00489506269821551,0.027613012770447146,0.005815603571270851,0.03017340586260164,0.00698225687489966,0.030413293584782862,0.00798162357661534
1265.6,0.028837983326149494,0.004900139503054846,0.027220072091033637,0.005805077169224542,0.033347315300203316,0.007199074880416084,0.03393865404051273,0.008239116726514069
1267.15,0.029772195355276535,0.004851492311215021,0.028277887164197928,0.005757542547694783,0.036295336117604514,0.007389786922405173,0.03721384234643428,0.008465498373517268
1268.7,0.030658550145677907,0.004917680056872183,0.029284839057483646,0.005806885997155848,0.038929395392475044,0.007583252483776799,0.04014138209668393,0.00869043519826927
1270.25,0.03151522928683116,0.005003895768670437,0.030258888377854953,0.005845519739002997,0.040863501481264324,0.007813723861446313,0.04229271140964747,0.00895490914875772
1271.8,0.031286530845810616,0.004923032069638115,0.030009118251736067,0.005682852566381768,0.04196929518837114,0.007902966522457014,0.04352407845639642,0.009057615984071989
1273.35,0.029772050634710133,0.004869124094519275,0.02830975976720115,0.0055258813118397076,0.04213372311029064,0.007818948498196155,0.0437098516255704,0.008962226526634327
1274.9,0.02837810940664749,0.004790141723988658,0.02674871116200556,0.005353056726606721,0.041204562446116436,0.007635778271027488,0.042680288794994005,0.008758541135579377
1276.45,0.027175154888483048,0.004750831984686723,0.025405285555588644,0.00526310921667425,0.03936789223485944,0.007297560239583076,0.04064327856498569,0.008381834145985157
1278.0,0.026324182733850957,0.004780438629388686,0.024457430107601333,0.005280703637775082,0.03679386109316936,0.006870868511461517,0.037787158926540144,0.007899091682528572
1279.55,0.02377311978994953,0.004522755255847987,0.021601340224767833,0.004955740138411039,0.03330086871638691,0.006370578572861686,0.033911401005781217,0.007332646985214551
1281.1,0.020997504306361797,0.004371527923301174,0.01849420190591994,0.00474098418566826,0.029606388674830706,0.005806904284707518,0.029813172756237932,0.0066923224359824104
1282.65,0.01990908353588038,0.004145377116005618,0.01729131538210053,0.004470917926846512,0.026095714045830536,0.0052220735057288475,0.025920437504707218,0.006017348318681945
1284.2,0.018558400676499446,0.003926735983587439,0.01579873012860813,0.0042059088533639745,0.02280890939465344,0.004720956213938948,0.02227790797151756,0.00542477190212846
1285.75,0.017812199517254837,0.0038957783332639845,0.014987130248503608,0.004152937271814016,0.019484779547916675,0.004443816859149629,0.01859747762902907,0.005085480856497278
1287.3,0.01757873804738761,0.00391691003481408,0.014745395350536877,0.0041821532325206695,0.01667941582278078,0.004193703333043856,0.015494575907946893,0.004782663685267562
1288.85,0.016880500867458317,0.003792820598915035,0.013982163607911356,0.00407928295645554,0.014597410456429252,0.003935146173324705,0.013193741605132758,0.004470579623568346
1290.4,0.015770714586582885,0.00369673670489645,0.012785773358132264,0.003965948363751907,0.01295059355871809,0.0037304434756453694,0.01138171714490715,0.004217887679556463
1291.95,0.015108246128867993,0.0036380853331647606,0.01208852141393605,0.0038872311824384802,0.011620935118700564,0.003584818564002083,0.009927142333849072,0.004031729376475792
1293.5,0.015369459133483683,0.0037186605928534113,0.012414156371574508,0.003953579731121166,0.010753938431076108,0.003541318502066883,0.008985970664851736,0.0039645957018346984
1295.05,0.014391915337745184,0.0037867038018883827,0.011371054917663215,0.00395685404395575,0.009939274226123155,0.0035036363497925483,0.008104995865627447,0.0039046818509141375
1296.6,0.014545953158802057,0.003707051510916906,0.011537386255423434,0.0038606604232815827,0.009717043603433423,0.0034273787371584953,0.007871475537491639,0.0038166833426645837
1298.15,0.013948256812378865,0.003717923181798236,0.010970964060562643,0.003813586739664572,0.009488113915468738,0.0033625628523876725,0.007649600949128317,0.003695861293008822
1299.7,0.012755713767046548,0.003852333368713253,0.009722414440204656,0.0038488655132136794,0.008985953793100155,0.003284749438384652,0.007124545769528154,0.0035600547209040574
1301.25,0.012049566779603709,0.0039049617062343234,0.008999741416267706,0.0037734422665584035,0.008318129852524132,0.0032074738543172573,0.006417270421880682,0.0034135387092392305
1302.8,0.01241450848104388,0.003992411448358924,0.009457984973490902,0.003771566652646706,0.007918851399856848,0.0031000969219696375,0.006003741858396717,0.0032160225236262884
1304.35,0.013033836973723043,0.004040276382322688,0.010194904185282672,0.0037997957838330084,0.007826726246509808,0.00300221604502416,0.005925360050837819,0.0030080591374916344
1305.9,0.013860681970561632,0.004208688942032807,0.011172421886755593,0.003998737568688435,0.007791523995508912,0.0029981173949123127,0.005913195500563136,0.0028914228988490783
1307.45,0.0148769661568835,0.0043419292219930876,0.012332726634216832,0.004163152483180024,0.0078581854699411,0.003066261646526508,0.006013457917304235,0.0028746361666751735
1309.0,0.015870742065385513,0.004394521259700098,0.013447108788239301,0.004244415959559181,0.008030990471682958,0.0031916946024157984,0.006224913074689609,0.002956779658677868
1310.55,0.016414294545345418,0.004462200681887981,0.014064295762116055,0.004349701015562384,0.008339991124522396,0.0033285738388592633,0.006586357355719701,0.0030784559634829487
1312.1,0.017276572943918097,0.004484460247320599,0.01500951044080891,0.004415979734677922,0.008740306225583486,0.0034394310293733845,0.0070449337204620075,0.003195885307072885
1313.65,0.016817372894423765,0.004418797576908073,0.014587385398935147,0.00434804000808337,0.008727735832025756,0.0035959273696171655,0.007065749861760295,0.0033542047513008487
1315.2,0.015799669827408117,0.004420747273449016,0.013491593168736896,0.004344267431855114,0.008713659885476621,0.0037067057601983563,0.007079505084858726,0.0034911088693629984
1316.75,0.013894594451037074,0.0044206103252057444,0.011413598535855479,0.004325510490118868,0.008549692431762547,0.0037221433228175386,0.006930053763874179,0.0035165677551746567
1318.3,0.013387684824134223,0.00448968372968363,0.010895682464842649,0.004384263117417053,0.008279219777031027,0.0036535561148821737,0.0066637034204074415,0.0034418246727517697
1319.85,0.013454637780125359,0.0045781053207097685,0.010980333991062678,0.004453797947499881,0.008072396414421775,0.003585419608932267,0.006460136546562742,0.003384719574456326
1321.4,0.013001962971258694,0.00457639181109365,0.01057564181199608,0.004427630753567234,0.0076074187688534335,0.0034966768924549747,0.005987375142691628,0.003290180986103896
1322.95,0.01171298809118827,0.004562283035614612,0.009266038080972549,0.004375308774798077,0.007027598249768268,0.003330916424703634,0.0053723188088553335,0.0031028011747304286
1324.5,0.010430883874461202,0.004550814216627449,0.007939709916570779,0.004330644331510795,0.006285656714828419,0.003145817382069723,0.004574196624481355,0.0028555962428540487
1326.05,0.009179546019159508,0.004568988960903091,0.006692733557634799,0.004325048321600951,0.005256948468855534,0.002824001173394362,0.0035915757761890705,0.002442530259976112
1327.6,0.008085387706692454,0.004538124228894997,0.005620114185233175,0.004224695238475718,0.004196138099726163,0.0025417899843779767,0.0025932954563786283,0.0020429306382424945
1329.15,0.007371669911007769,0.004658026752922043,0.004937582626869152,0.004325333268064995,0.003291564283395803,0.002309905293349338,0.0017761426026496724,0.0016968836876255927
1330.7,0.00741681104747848,0.004730353295617596,0.005041022680740085,0.0044360389352588615,0.0025981439586628603,0.0020884090641605873,0.0012233337412494113,0.0013873210510277497
1332.25,0.007202005139247556,0.004776546229534438,0.004838258033605669,0.004562534107502595,0.0018827806588855936,0.0018407831909916254,0.0006841722952487249,0.0010819480146361004
1333.8,0.008119250948619103,0.004818513446167767,0.005849303765270495,0.004693102363073381,0.0014133936254319673,0.0016823963104162516,0.0003528666348621362,0.0009345091842519384
1335.35,0.00915621448228362,0.0047809251818491634,0.006954962523127856,0.004737050392690053,0.0014259315887298171,0.0016423448764377674,0.00043371845826408535,0.0009627189464281378
1336.9,0.009824693997559562,0.004825932099859865,0.007724122467496148,0.004841016360841085,0.001418435566200788,0.0016031626807337727,0.0004115885045873928,0.000988700519570119
1338.45,0.011038576239208963,0.004765760739939915,0.009091798046296437,0.0048066096068042595,0.0016379308945470067,0.0017306586296188277,0.000518425210058624,0.0012021869347553528
1340.0,0.013367470772586645,0.004836545805521499,0.011708423937430972,0.004916824115158324,0.0021749999478237504,0.0018910919413991233,0.0009328536918317226,0.0014413488096571632
1341.55,0.014812798810153125,0.0047988228033200575,0.013398188635437737,0.004942892585571124,0.002829678174118672,0.002003243824588123,0.0015427446531423672,0.0016690516239333021
1343.1,0.015759617368283147,0.00468186891126723,0.014529075782102443,0.0048491780822796674,0.003717053510437715,0.0021392506637661415,0.0023721308435362205,0.0019035947929032457
1344.65,0.017161916368363207,0.004763876053313382,0.016158817791043403,0.004951501277006765,0.004851010688663989,0.0022698521953679867,0.0035102169066146723,0.002144007656984872
1346.2,0.019274687730839422,0.00500161502225384,0.018573859020524656,0.005252531261375856,0.006426494456664137,0.002444998905524271,0.0052241451996629775,0.002439069111202089
1347.75,0.0210639705239469,0.005076955091588719,0.020661916450389898,0.005352941162040908,0.008435773496123377,0.002689934025311993,0.0074978273613703515,0.002798128373103578
1349.3,0.021186113731243315,0.005001735122228328,0.0208646040084895,0.0052793613033818325,0.010959459631822875,0.003101992280484504,0.010334673395312948,0.0033132560591210133
1350.85,0.021356699226693185,0.0049842761751167745,0.02111899554785273,0.005260169055768692,0.01362461482042741,0.003537374158352847,0.013323441020794781,0.0038465646133408874
1352.4,0.022192787104704247,0.005153693394129554,0.022121745203326014,0.005401344767037402,0.01617206091318854,0.003987858261627312,0.016203562658343308,0.004375404658752507
1353.95,0.024015502830854216,0.005467102821625664,0.024237170602795163,0.005705686114393763,0.018894719366387595,0.004551512406460943,0.019263487626650765,0.00501301070026905
1355.5,0.026253781051306095,0.005992064755161388,0.026822569725924766,0.006263594613322911,0.02184146085372198,0.005207054477663821,0.022571667756046722,0.005745718076925695
1357.05,0.02769478271866528,0.006297660057041273,0.02850834281671877,0.006608072229790934,0.02473063795770699,0.005938031732546574,0.025816119440469482,0.0065612039955722104
1358.6,0.030072846004315992,0.006632230627059754,0.0312533261830791,0.0069903418634236145,0.027631583994306593,0.0067337271465882295,0.02907607801413256,0.007449912999201712
1360.15,0.031833426118559036,0.007021649251659889,0.03330081451203032,0.007438382832626891,0.03112530103583203,0.007657905898376983,0.032993631856304426,0.008482846670806725
1361.7,0.035084432273838145,0.0075472586279956635,0.03703021981357353,0.008036091374885463,0.03500955762282969,0.008658558041811077,0.03734523955537522,0.00959874796943059
1363.25,0.03896879916197929,0.008105542342858036,0.04147530006779444,0.008675576298436228,0.039376750348716544,0.00972745286087616,0.04223487245150809,0.010795291340034038
1364.8,0.04087192066885944,0.008458461054095152,0.04368324254620495,0.009093438884332521,0.044265735543782825,0.010776763393727209,0.04770505778869039,0.011971655421156323
1366.35,0.04254543670196055,0.008779013334021254,0.045630939856398774,0.009466589655025372,0.049271499592647344,0.01174085628460305,0.05330496793640549,0.01305508441885937
1367.9,0.04484151923303993,0.00919324853503815,0.04827957007918435,0.009928528678662523,0.05426734062715985,0.012650540906996638,0.05889246054600262,0.014071491222961518
1369.45,0.04653136161191162,0.009472701372814845,0.050242562237851895,0.010225990170189438,0.059025482203111004,0.01343357119066529,0.06421467857441726,0.014941384508268646
1371.0,0.04737980063913194,0.00959839108705016,0.051255825528670716,0.010367171471509899,0.0630242780851082,0.01407395738519047,0.06869251558933348,0.01565168114302634
1372.55,0.04725607619171467,0.0094671225887008,0.05117044100035579,0.01021374184876606,0.06610994088302916,0.014532631418196771,0.07215452922788466,0.016157061295297023
1374.1,0.04677325127298171,0.00916732619207499,0.050678712846852506,0.009872422015508357,0.0678714761171852,0.014761065798437832,0.07414383972819992,0.016403417228283278
1375.65,0.04492864352058483,0.008851920600506737,0.048646721490994874,0.009510285407353707,0.06851219686929033,0.014748550303934094,0.07488651047404264,0.016379527050045625
1377.2,0.043724015021022425,0.008750498085320038,0.04733533201824166,0.009385828151195683,0.0677506410748086,0.014396988497006468,0.07406966640522931,0.015978666419620362
1378.75,0.04122850153992305,0.008328835941339577,0.044566842492402114,0.008914876244505751,0.06580416443314105,0.013716374004296827,0.07193533043026622,0.01521268676098449
1380.3,0.037584609416691055,0.007734420220147502,0.04050220434930491,0.008262003267008303,0.06257919494744674,0.012772672504389009,0.06837943122141196,0.01415643856855359
1381.85,0.034045902374686896,0.00733665736245032,0.036552558393430544,0.007826948601227466,0.05878569653625309,0.011615553336634016,0.06418981918758399,0.012857080537899081
1383.4,0.03132835494180976,0.006933899803319786,0.03352991595012873,0.007377928946541626,0.05381952349225006,0.010329258950025627,0.0586953315017185,0.011413012838176143
1384.95,0.028295945814886047,0.006458285084523744,0.030151898277969852,0.006842574699396953,0.0484056345028801,0.008979534961553006,0.052701851125809746,0.009898112392603488
1386.5,0.025168190849557574,0.005885949574143771,0.026667013541122397,0.0062149737805552475,0.04274228382027226,0.007714321099921954,0.046430756805245485,0.008483218288069529
1388.05,0.021911766441051847,0.0052802300817124,0.02303422908921943,0.005544286851030936,0.037106952470054924,0.0065681023350077266,0.04019067209920141,0.007208519823189357
1389.6,0.01931633123830057,0.0048855935491139745,0.02014000190386553,0.005114145848618147,0.03160644191797926,0.0055569557060537855,0.03410036509514531,0.00609390825932514
1391.15,0.01722269111620993,0.004700221877112287,0.017790639884098222,0.004900379119967936,0.02703618066707742,0.004665476329281415,0.02904225500839166,0.00511092872068055
1392.7,0.014149435682615836,0.004342310146230888,0.01440525570744746,0.004532022096781907,0.023030909742418944,0.003920470647685227,0.024612337885189434,0.00429248564654421
1394.25,0.011173187771431973,0.003996972260755504,0.011120889154191627,0.004165944683165066,0.019570710993732022,0.0033371975671567782,0.020787017796826044,0.0036521247596960336
1395.8,0.009391378053003843,0.0037746208868254315,0.009137883524723353,0.003927643692392478,0.016353109238169076,0.002964635332953113,0.01723267745454294,0.00325627540126059
1397.35,0.00813047502045133,0.0036180836937878694,0.007764894073896989,0.00373574375401747,0.013849194799641706,0.002630012217606194,0.014468172499437361,0.0028997382578436334
1398.9,0.007027156691266152,0.0034796782116594824,0.006608230313082167,0.00356734074551534,0.01134409064689599,0.002445847184882565,0.011700313620009532,0.002722559729813445
1400.45,0.005746010454938456,0.0032634591055108516,0.00523661627947455,0.003307343092458215,0.009484222579417575,0.002299090808277626,0.009643406279096347,0.0025819879038380517
1402.0,0.004792249663131022,0.003074709410870523,0.004214615318824304,0.0030830556413730787,0.00791026021779511,0.0021755655206055022,0.00790244625879436,0.0024563719004878273
1403.55,0.004755841778868904,0.003035295971164834,0.0041313689533935246,0.0030062961122866608,0.006404557191568767,0.0020734124816269134,0.006259707041924894,0.0023492016813294685
1405.1,0.0045697727822204895,0.0029057560337435485,0.003981696885394603,0.0028499646093615495,0.00533707404213562,0.001921547202301182,0.0050852170711019485,0.0021862988499484993
1406.65,0.004319419316429232,0.0026735189823764442,0.0037231084012023285,0.0025837093599163545,0.004602054346528335,0.0017246128349939346,0.004281378939192634,0.0019504840774193196
1408.2,0.003377131543885275,0.0024049830282206284,0.0027610784824081223,0.002319286741990852,0.0036368954216172865,0.001518923843194721,0.003277404533559674,0.0016884474540270105
1409.75,0.002954083131163296,0.0023394435893781306,0.0023819862840867892,0.002239047621219153,0.0028208889760206798,0.0012662448067873864,0.002467966493371626,0.0013640817969507051
1411.3,0.0028220528364169013,0.002308580579786821,0.002278326968988642,0.0021784364030184,0.0019217924382657436,0.0010299779071890275,0.0015918475793294331,0.0010655548560123142
1412.85,0.002660703089493269,0.002294179741824137,0.0021339018416975932,0.002143109791646349,0.0011527045967912267,0.000796540891640903,0.0008727015911161958,0.0007846686320425787
1414.4,0.0028800080830932175,0.00242218258882525,0.0023521072779286605,0.0022909707110653904,0.0006356269716827593,0.0006044446717702014,0.000431208901977049,0.0005660518946615472
1415.95,0.003004566832952873,0.0024933026360747083,0.0024563599676926074,0.00240471780578921,0.00032600963281294705,0.00042484177322380917,0.00020270017294458055,0.0003778019993058149
1417.5,0.0036587661627470987,0.002783823589459648,0.0030611867563365264,0.002707038751443377,0.00010495908051788589,0.00026930715713953325,3.9708225919570784e-05,0.00022208048781687144
1419.05,0.004362347879345103,0.0030709288251744567,0.0037125969889293146,0.003035772263550626,-5.710970888818359e-05,0.0002634730743173434,-8.27603122949998e-05,0.00021758271489581317
1420.6,0.004210858996097819,0.003065876834723746,0.003603470661088989,0.003055826865774506,1.5184769723161173e-05,0.000290162808479344,-6.799235373468487e-06,0.00021185150009290306
1422.15,0.0042532143901113945,0.0030390022119964706,0.0036183456768418953,0.003025384433622475,7.856418632815145e-05,0.0003316519243605425,3.97889431345752e-05,0.0002045102116843728
1423.7,0.003950640978593256,0.002764839384584858,0.0032517932732907856,0.002726599860608318,6.719228465951379e-05,0.00036804882836310933,2.9802725129720406e-05,0.0002036421488672621
1425.25,0.003138362938897892,0.002319392156773614,0.0024469484991496955,0.002211628945931099,6.846455668258248e-05,0.00034323286730205207,2.8037901926251125e-05,0.00018220510879713586
1426.8,0.0022427166268581527,0.001952894000317486,0.001568286995998063,0.0017512848442032974,6.465673473091304e-05,0.0003136460695171432,2.6153528349281923e-05,0.0001374081800881977
1428.35,0.0017714850857193357,0.0017351624024835278,0.0011446623517340569,0.0014871507200832897,3.9504341238805957e-05,0.0002554123378486621,1.3361000985486686e-05,7.493096907280952e-05
1429.9,0.0015450873835424234,0.001620906277819026,0.0009831360799126235,0.0013532221361614869,1.3080255895038691e-05,0.00015955786746475807,-2.8198871716998784e-06,3.6160806422030836e-05
1431.45,0.0010433702268949944,0.0014068042087103853,0.0005956656552950569,0.001174536984838242,-8.13651433466799e-06,0.00016321637703021306,-1.3777090303066237e-05,6.753229471615361e-05
1433.0,0.0008683744734359246,0.0012455913320923615,0.0005559457769327302,0.0010408470875617885,-4.856029308303996e-05,0.00017719401676221302,-4.7518986025430286e-05,7.961018561282439e-05
1434.55,0.0005794622725528615,0.0010507612881904289,0.00035316922804843725,0.0008766732892772231,-0.00016288689681227247,0.0002263333999943495,-0.00019697218242541344,0.00015170428283474066
1436.1,0.00028322178972124484,0.0009029315403771439,0.00014780634478544949,0.0007370050752528079,-0.00015358064703128148,0.0003449776385278594,-0.0003076630554232365,0.00020571303614502366
1437.65,0.00018219240335827914,0.0008391959457896969,8.927296764919911e-05,0.0006365291123504035,0.00029440402200308713,0.000555446398483702,-2.611841576878977e-05,0.00034638247341550857
1439.2,0.000320517429134983,0.0008343351804058111,0.00011321131212577817,0.0005637751881301992,0.0011826414711485031,0.0008100807284100229,0.0006888161490873823,0.0005731662480791046
1440.75,0.0005134629869960718,0.000965882283701556,0.0001897438419320042,0.0005801200290765478,0.002407371775598706,0.001088389675751505,0.001748183630375985,0.0008745063960930505
1442.3,0.0005969207065603018,0.0011782838145509692,0.00010679690834687592,0.000722208318629494,0.003920807986308471,0.001368949196896347,0.0031287498215851906,0.001196558855806397
1443.85,0.0011306853893527742,0.001511603751277355,0.0003867133546077966,0.000963335522187153,0.0055961617869087965,0.0016423790824016717,0.004722786775129288,0.0014954286509679584
1445.4,0.0021858877894198885,0.0019493356865506093,0.0011549969124528673,0.0013461750718888072,0.00726253863516867,0.0019009198329730606,0.0063563109807516106,0.0017705471274154238
1446.95,0.0032986001117830017,0.0023909399068291577,0.001970415863353583,0.0017815772252708399,0.008774804225480416,0.0021555498341118387,0.007893725303880366,0.002012887896535664
1448.5,0.004203391514424611,0.0027428203715010634,0.0025712397742430827,0.0021605797298650544,0.009961794473866277,0.002412176119947834,0.009143676663529925,0.0022049397220296157
1450.05,0.005839518727915375,0.0031945263406583414,0.0038971371731180717,0.0027530390081171043,0.010443493136993361,0.002667367541134135,0.009625054266929722,0.002413337933012677
1451.6,0.006828539412412167,0.0034907640221155498,0.004676335160235774,0.0031995298991952265,0.010439886940962071,0.002921739341235735,0.009537276719746347,0.002639101845583427
1453.15,0.007202806409435585,0.0038151497120377637,0.004953325507197278,0.0035714107758474094,0.010013097543577796,0.003156489363523115,0.008970222318914298,0.00282949829070065
1454.7,0.007834578968050517,0.004225473595099549,0.005453309106878887,0.004039324293741869,0.00930291941834528,0.0034086419495665456,0.008066741814009749,0.0030358026734019932
1456.25,0.008362116441152001,0.004610563798187229,0.005893401507703462,0.00445226543551357,0.008311614826483415,0.00365152819095288,0.0068281128703329905,0.0032269959673101433
1457.8,0.008286757435057121,0.005041173473132171,0.005763015134730729,0.004868309934750096,0.007070472255658726,0.00384039702415251,0.005379432066615785,0.0033542671825467275
1459.35,0.008309584054337819,0.0055549282678623736,0.005694423833001165,0.00539349299797373,0.005686787283408319,0.003954061895193901,0.0038953181335961086,0.003381652439791765
1460.9,0.008679582971638195,0.006003142923726359,0.005917695155551328,0.005897730931439491,0.004540179199897873,0.004115391600864055,0.0026899562334662106,0.0034446622449232694
1462.45,0.008361802450627988,0.006362288635354232,0.005466787288074723,0.006242803922185426,0.0038838161973676773,0.0043811492416903075,0.002011168718176472,0.003597697668862382
1464.0,0.007856971329975822,0.006481410916157418,0.004817698367389324,0.006324622039550877,0.003538359998310412,0.004742487898192898,0.0017096246157714578,0.0038788881667570236
1465.55,0.008689513130108165,0.0066647958758285645,0.005575990434979893,0.006509826644960459,0.0032815889627918755,0.0050328326270612745,0.0014867413453560352,0.0041089232974405405
1467.1,0.008840981764241288,0.006920368793348325,0.005623251300985467,0.006765890836946246,0.0031418689678724553,0.005310492073013341,0.0014221152553329241,0.004309120717020902
1468.65,0.009456897458754339,0.007226759897417225,0.006145212748894241,0.00709548311162646,0.003180581382813341,0.005616642256848046,0.0014543548274349569,0.0045780951712911105
1470.2,0.010468231610043378,0.007423643270055683,0.007032853892185125,0.007359175902268165,0.003398560863200587,0.005868053431080169,0.0016097181490018298,0.004782519486103496
1471.75,0.011063241540396682,0.0076258401272454495,0.007500662238733353,0.007535545142178275,0.0034424942784732028,0.005929641951868523,0.0016312643645344236,0.0047738385567651425
1473.3,0.011709613254829445,0.007735086654886741,0.007973274033837354,0.007609671810498422,0.003292267267887012,0.005849879113289214,0.0014871109915716423,0.004619747092865218
1474.85,0.011966322195799108,0.007670975895632671,0.008053220904118787,0.007464640127279998,0.0031423684034965023,0.005762324507102956,0.001333905415934453,0.004464005343340753
1476.4,0.011142555321086291,0.007573044662480438,0.006946348081054892,0.007229268695942976,0.003340633023584594,0.005836465854553576,0.0014056536980957227,0.0044990449341888086
1477.95,0.01100268993815848,0.007416878500835456,0.006698705346954031,0.006933326863531804,0.0035326079958555683,0.0059572310001033075,0.001384910921740554,0.004600497954820267
1479.5,0.01177396347988287,0.007143705075292139,0.007422556400395658,0.006533324710681374,0.004133523785131581,0.006113102539377824,0.0017231649356124529,0.004805366220929035
1481.05,0.013533848236056576,0.007055072440113726,0.009185599134389252,0.006459456720143721,0.005073135860624537,0.006287117791500208,0.002346475360142016,0.0050548141271848515
1482.6,0.015045999573953165,0.007028346408749412,0.010626737717086847,0.0065402505929018735,0.006129274601553234,0.006526566721430187,0.003091032265457735,0.005382259562321247
1484.15,0.01663810878500743,0.006985462355258812,0.012106078227868505,0.006634088667361041,0.007395282653394378,0.006823617058686243,0.004002651350146237,0.00581386345984054
1485.7,0.017569303717427685,0.007173426787810662,0.012895065430634116,0.006905870264671945,0.008552584988329554,0.007036794534941517,0.004874944506584917,0.006155962658664241
1487.25,0.01808537970258382,0.007504211026748478,0.013256237920911008,0.0072892917567828185,0.009408821696247816,0.007091208524502963,0.005567809469175419,0.006303331599072041
1488.8,0.01956342844490165,0.007595464797231624,0.014635341852631161,0.00744736212844437,0.010497330352200646,0.0071840803848926766,0.006560605131580497,0.006456759707518194
1490.35,0.0202757735071237,0.007813788725216,0.015266469640488228,0.007686106526767103,0.011556659501592702,0.007304024787072563,0.007558099931275491,0.006598740899238749
1491.9,0.021266149480326502,0.008000580744902348,0.016243057356821255,0.00787287387755617,0.012682363194445066,0.007439656927438691,0.008649487480391247,0.0067498442648289865
1493.45,0.02340348772112204,0.008017270111410457,0.018461359659868493,0.007938748628504175,0.01372348600597892,0.0075211952926790004,0.009687804812049923,0.006824501796407074
1495.0,0.024850620120301495,0.008083704873560998,0.019905786772571595,0.008022066469040861,0.015072116902373282,0.007580807466758106,0.011027314701418947,0.006913681334139264
1496.55,0.02576140897652897,0.008246192632781613,0.020746471652584503,0.008195561573519928,0.0162600788968003,0.007586492199938722,0.012193684393528505,0.006933811789044664
1498.1,0.02627537636832705,0.00839418983457464,0.021138436565059048,0.008349406275597509,0.017364592354673518,0.007570927764776748,0.01327006345266784,0.006931567635115014
1499.65,0.026215439282423213,0.008549745401196428,0.020892878344164662,0.00848765991222934,0.01853388525021454,0.007564695161716106,0.014418544404109184,0.0069412279443335076
1501.2,0.026137719210251036,0.008871480214910962,0.020641299713864067,0.008785474533158519,0.019798401866887135,0.007495683475138139,0.015674014536084323,0.006897620693094128
1502.75,0.026643047220063498,0.00913164733806348,0.021038519384147955,0.009064001508924861,0.02081238391739872,0.007389376263245419,0.016653220148172075,0.006819721891129523
1504.3,0.028766313416893084,0.009214625875145271,0.023261971872681322,0.00918961993628211,0.02222282423577902,0.007287555149754471,0.018072815476290777,0.006731418679454439
1505.85,0.03083379279573832,0.009322938315761664,0.025423019773060086,0.00935239776920555,0.023420129922984204,0.0071677671458220335,0.019256939061371717,0.0066167327510158564
1507.4,0.033029295218708364,0.0092534630913989,0.02772732177892772,0.009327704582337818,0.024524460619515024,0.0069946151286499,0.02033956770131544,0.006442987123131069
1508.95,0.03424012023643856,0.009152645210647965,0.028919630734877896,0.009243059402238487,0.025334461763374613,0.0067767988042063704,0.021097114026697148,0.0062260757136924595
1510.5,0.03516312978042394,0.009102933285085326,0.029799992029347508,0.009189152273674053,0.025821620062697014,0.0064902710322848126,0.02149764428150128,0.005920994724953035
1512.05,0.03653185464909236,0.009026456729326063,0.03118984834335982,0.009118861069251428,0.026593419673483963,0.006255402360875009,0.022216215180274595,0.005649330081731015
1513.6,0.03817498960505814,0.008851717420439477,0.032892212892705636,0.008948201404205665,0.027686408488144076,0.006131623047236633,0.023294348033717917,0.005491810461852146
1515.15,0.039474698378221096,0.008842162474538454,0.03421111281362403,0.008957401409409047,0.028946942540493972,0.006087436438614412,0.024561542026677416,0.005448872992525757
1516.7,0.0416460426526825,0.008854288856236727,0.03651880870783644,0.00899366449737271,0.030700009413342045,0.006031877868518027,0.026377100566495316,0.005397151767987512
1518.25,0.043548164769800016,0.008798341771538123,0.038526361655448496,0.008952978794538529,0.03259857844749445,0.006051756848611794,0.02835857801243102,0.005426480274026018
1519.8,0.046901992497263886,0.008699868403065381,0.0421769595633214,0.008892789323501757,0.034903262154767065,0.00606481480016838,0.030794037869473007,0.005468894908568932
1521.35,0.050147117559573975,0.008699502675416302,0.04570975354832414,0.008943360452706764,0.037002810665291354,0.006068187900539524,0.03300563896102388,0.005514325989001709
1522.9,0.0523400548026925,0.008775300795993616,0.04805910986113581,0.009050819284214397,0.03892800678620714,0.006002003514610268,0.03502755018221251,0.005483502180601928
1524.45,0.05446218148485145,0.008839457263481006,0.05033307162134511,0.009139743907026694,0.04080958043580082,0.0059155050333372095,0.037005306602308184,0.005425869240606338
1526.0,0.05668518835090315,0.008859077931585553,0.0527256501946441,0.009184115197199406,0.04254086332658167,0.005779312357682315,0.03882102215894007,0.005305030683859001
1527.55,0.05899405807707502,0.008759703471247602,0.05521814208684951,0.009111229876276326,0.04484672202695958,0.0056677982693644135,0.041279805266743484,0.005207441784571285
1529.1,0.06071422292397,0.008835473036114087,0.057051621992882696,0.00922930391983492,0.04691650981350698,0.0054638030633121755,0.04348128222068905,0.005016363703525437
1530.65,0.06267340304727405,0.008842638738624582,0.05916037470218529,0.009251829705926492,0.04921356173376583,0.005128868572585079,0.045941408416121536,0.004699978880316583
1532.2,0.0648955761603599,0.008849027914851069,0.061570155802071085,0.009290562293194827,0.05214290948480759,0.004853788006442883,0.04910805295579202,0.00443830212392756
1533.75,0.06709958244463345,0.008935526087257258,0.06396499336117246,0.00942220858389539,0.05568832159400735,0.004632334341203191,0.05296499171217534,0.00425478043724006
1535.3,0.07058210207152958,0.008998959523968092,0.06781049453394355,0.009524184168894258,0.0597691132242061,0.0044360812230000955,0.057421793153194026,0.004154756439969831
1536.85,0.0735452156093372,0.009343784339209921,0.07107796904194155,0.00991742436489428,0.06410293381779086,0.004309429434464418,0.06216483720787053,0.0041572836950816774
1538.4,0.07613495641117389,0.009728566662716502,0.07393133125931454,0.010351317477417299,0.06864609245610019,0.004269500800122586,0.06714582602456928,0.004264075243068813
1539.95,0.07906886329823604,0.00991211626029554,0.0771800447615026,0.010566960790117215,0.07304644698303711,0.0042781676866439555,0.0719731853943704,0.004415263133616553
1541.5,0.08111160421936542,0.010089017985571333,0.07942893848709541,0.010762229447956344,0.07648828008790032,0.004336770285276006,0.07574121085320791,0.004673259536687076
1543.05,0.08314760515792939,0.010006004828993444,0.08167765308355694,0.010668219749769444,0.07950615666521582,0.00448623662845148,0.0790425737804966,0.004976908171297443
1544.6,0.08430359367542634,0.009905336850185562,0.08294103695779227,0.010533979796530025,0.08130894240038841,0.004687858819461762,0.08099958319706665,0.005338732015075059
1546.15,0.08635650779910656,0.009536204422287593,0.08522211205243803,0.0101092166302762,0.08255185177639443,0.004913043506596502,0.08234066264128106,0.005695984346166145
1547.7,0.08852106495998438,0.009114348613548226,0.08763686611005606,0.009638808409664478,0.08330747080212161,0.005081730639991218,0.08314516429321618,0.005942511934622905
1549.25,0.09087922964210778,0.008624942282812954,0.09027768059981688,0.009092271301420134,0.08370649042241213,0.00525978473457396,0.08355852173238539,0.006184810054550202
1550.8,0.0923060421644649,0.008399618968523502,0.09187349508484764,0.008837728794393214,0.08378654825999585,0.0054463381403823995,0.08362341076808232,0.00643846161638018
1552.35,0.09242568058233512,0.008354715837883601,0.09199953209701282,0.008788439568072631,0.08390150575507256,0.00558985327684711,0.08373256562582315,0.006631757832408432
1553.9,0.09247818307741133,0.008098671534857781,0.09205584739823779,0.008495937344508287,0.08437917810962019,0.005626034702306229,0.0842500484818587,0.006679122184164128
1555.45,0.09220217304319997,0.008026182042361215,0.09174810040106038,0.008411837614443833,0.08503290450469009,0.005613452971748797,0.08496790687734526,0.006637154656144883
1557.0,0.09245038063933424,0.008152105846370692,0.09203924362273609,0.008551516574705516,0.08626108102755531,0.0056203957378507426,0.08633095269386773,0.006607288361958189
1558.55,0.09289116300711227,0.008142406069554317,0.09255568697004486,0.008547459958511576,0.08828697039916568,0.005503739528620376,0.0885857343874248,0.006395723907443029
1560.1,0.09352062252091443,0.008226077194661513,0.09329135320216529,0.00866976261695204,0.09093554551162503,0.0053595753200134265,0.09153875484403642,0.006139751243771492
1561.65,0.09545197194850007,0.008233923645295753,0.0955043256401123,0.008724447046147239,0.09433842022127542,0.005273935864673323,0.09533582633763628,0.005904950388979493
1563.2,0.09773688804222225,0.008278392866587566,0.09812495382307468,0.008815177020533875,0.09804994834463743,0.005415725481601856,0.09948208740429347,0.005921282519959107
1564.75,0.09945663370575603,0.008387086823911656,0.10011412325058298,0.008966085538190187,0.10154175328939406,0.005766253921481817,0.10339058371050344,0.006221715336201965
1566.3,0.10053211338622649,0.008556562107723303,0.10138213510601514,0.009188326905208946,0.10468828206253558,0.0062038014541384735,0.10692245248480096,0.0066614116904292996
1567.85,0.10205057108508488,0.008597630708109665,0.10315639249480008,0.009270212043550871,0.10758607937613224,0.0067028045210554355,0.11018402274954939,0.007164137608981439
1569.4,0.10384083765315871,0.008432674205354774,0.10524504741672289,0.009110174259584634,0.10982171327520537,0.007282763988159034,0.11271646328305956,0.007779046339396961
1570.95,0.1039486704427688,0.008423509392164796,0.10544191433289164,0.009106222726466008,0.11137573885016218,0.007778132513621606,0.1144980169878858,0.0083035783738376
1572.5,0.10427852511613116,0.008345223878111714,0.10589689245269769,0.009010153807908127,0.11182957773718682,0.007978399657012745,0.11506592489629151,0.008530667364730212
1574.05,0.10373672118713913,0.008166000758861817,0.10537347857405012,0.008819684701374885,0.11088354033949836,0.007850985800123757,0.11408473630240687,0.00841624585069846
1575.6,0.102814812063135,0.007934577289773176,0.10442735919738651,0.00858367690704704,0.10876452520372189,0.0074340215619368,0.11180679577293512,0.007991420976191274
1577.15,0.10114156968050002,0.0077979237313789175,0.10264068983913846,0.008451094496674447,0.10532891903921508,0.006815528712380442,0.10807301361796838,0.0073641172848246525
1578.7,0.09847375426725061,0.007814995662310075,0.09973740255041175,0.008483162825533356,0.10056135629679483,0.006132890745985118,0.10286554089984018,0.006707629399968863
1580.25,0.09526592451507401,0.007900994414790535,0.09622955724909976,0.00858553063129723,0.09502664671379606,0.005502332614206493,0.09681070448139513,0.006137878444030886
1581.8,0.09318774501021178,0.00779084281654779,0.09400216782768815,0.008477698718594731,0.08951968466390282,0.004950938079903865,0.09079134530452579,0.005634610562342414
1583.35,0.0915622609602431,0.00752715079813326,0.09229104561524265,0.00818800556739397,0.08453185616398179,0.004591652326093186,0.08535327609201213,0.005297656621306379
1584.9,0.08870087777190895,0.007659226185240594,0.08919135531797603,0.008332340252320233,0.07995156883125049,0.004467343625213396,0.0803723969833042,0.005193467630613558
1586.45,0.08493017154474387,0.007759738887352955,0.0850719759477322,0.008424646016607147,0.07637639627919113,0.004338514163552679,0.07651305508272727,0.0050450258729465985
1588.0,0.08149386326251254,0.007937802684839042,0.08133587391141078,0.008597378985957483,0.07332990931562373,0.004223688599381853,0.07324624797585794,0.004894757077266753
1589.55,0.0778083737265429,0.008022917642617316,0.07732244624073135,0.008678027386568355,0.07101376024656313,0.004063371022976652,0.07079440915311147,0.00467965535381447
1591.1,0.07421155099439423,0.008021948626160269,0.07341373683777609,0.008669276909050058,0.06887148792993252,0.003907673822549693,0.06854030179736975,0.004461641397315627
1592.65,0.07077923983260875,0.007902709941349168,0.06969551078222348,0.008535366717207366,0.06640759458980694,0.0037727056309884506,0.06593365930671304,0.004269644625633208
1594.2,0.06745734909391127,0.007671929130646211,0.06610583933217865,0.008278838411853335,0.06366670929031795,0.003654495871668393,0.06302341658120833,0.00410228061065984
1595.75,0.06534418061494471,0.007242408544311851,0.06388355371051943,0.0078051104707015945,0.06083313691511636,0.003516538341671931,0.06001417397198576,0.003916165402219925
1597.3,0.06341188090711652,0.006752880384164297,0.06186921766874018,0.007276419875245915,0.057848639742108555,0.003340978834360111,0.05684079770720019,0.0036737158299266544
1598.85,0.06051140429110876,0.006387707321997358,0.05876725593795193,0.006883187206404449,0.054649786185996696,0.0032195379775447454,0.05343296552818818,0.0034880711524069297
1600.4,0.05749911978634901,0.0061568965876619905,0.05554444229521635,0.006628683522270345,0.051482281938500574,0.003153408476481609,0.05006284854083905,0.003346894399236344
1601.95,0.054645655117956944,0.005857963515404746,0.05250547133878586,0.006302595869171785,0.048018147822303854,0.0030689339455045117,0.04636713786709551,0.003207336906132717
1603.5,0.05101760970697113,0.005676086502716058,0.04859578051481561,0.006099870582776927,0.044516927046328876,0.003036952966479953,0.04263282378353935,0.0031334089516867774
1605.05,0.04653298986968341,0.005567787367966208,0.043722290584397784,0.005976945741771721,0.04141384337946099,0.0029809510311445218,0.03934328160586708,0.0030275590915641282
1606.6,0.04240091507720642,0.005384713778233156,0.03924922293659259,0.005774508263674919,0.03829095969432124,0.002912458852504375,0.03603495400668189,0.002931846981220715
1608.15,0.0382673770021059,0.0051679208061791975,0.034776481442738344,0.005541652324202977,0.034975580070626344,0.0028271439360949106,0.03251568544055875,0.002851152136065638
1609.7,0.0342163856687294,0.004986682241693004,0.030399036927178956,0.0053561116600962565,0.031863919178658315,0.002715435783630676,0.029225356239887198,0.0027586236671660203
1611.25,0.03188984495021378,0.004813911122615829,0.02797070477268014,0.005179818716419961,0.029207307023039503,0.002596819143091124,0.026443578960189926,0.0026620331078461537
1612.8,0.029590182870511364,0.004698513495983082,0.0255739122669373,0.005059089215046054,0.026887705721110017,0.0024546001393470065,0.02403808410972736,0.0025490988844217846
1614.35,0.028412157511220792,0.004424665463090586,0.02441603766637087,0.00474338419823084,0.025187709871479714,0.002313041636069734,0.022322659409781002,0.0024194626048754018
1615.9,0.02648442918581619,0.00430489952978953,0.022481347762815528,0.004575918076734784,0.023848427609459558,0.002222638301562349,0.02100944641733917,0.002337564072393666
1617.45,0.024464378067698644,0.004176395937942072,0.020434904440451502,0.004426079896407216,0.022118828061127468,0.002150632136986584,0.019263786346560376,0.0022912915501295656
1619.0,0.02256949843796742,0.003986441896845614,0.018519619874800546,0.0042089037021552,0.02059953405568403,0.0020834938513144058,0.017752195034592064,0.0022395663219613904
1620.55,0.020333460663035163,0.0038703117910389513,0.016215284072816475,0.004048909825305583,0.01932456671734145,0.0019978697576639877,0.01651027541228689,0.0021578377588205473
1622.1,0.018237060966260144,0.00372810047568239,0.01405045997468165,0.0038855632440160624,0.017646035548860343,0.0019357890740369522,0.01482162417061746,0.002114437921379097
1623.65,0.01616757787290784,0.003612515645535918,0.0118907928207026,0.0038172187818222673,0.01547139826602789,0.0019099966064012363,0.012584026596324205,0.0021199491593518896
1625.2,0.014051017751777757,0.003587447103038831,0.009678852145114478,0.0037999423190237776,0.013284273363759945,0.001897013191883054,0.010322715941169888,0.0021358941597053515
1626.75,0.012581419157464226,0.0034653645067482144,0.008296846870286555,0.003635559564809719,0.011234731623531582,0.001876603866780978,0.008210826274815003,0.002102262461499688
1628.3,0.011337916071205364,0.003413618641836027,0.007106488815757042,0.003478053072831643,0.009315441623820279,0.0017965938680457602,0.006234646240607236,0.0019587431899199584
1629.85,0.010270500711804303,0.0032833203127890388,0.006086359729630271,0.0032243505304358914,0.007675006469035343,0.0016964415768513294,0.004608293364004961,0.0017125869809511433
1631.4,0.007875213989454892,0.002982232592581542,0.003867522944180218,0.002714875505736102,0.005981366473846275,0.001625313718838648,0.003053601985141789,0.0014652689713396572
1632.95,0.006035075961410007,0.002498361090555958,0.002529841272927457,0.0021295445096770824,0.004512960623973925,0.0014464215440339254,0.0018362203992411672,0.001143169664847491
1634.5,0.004996077797643423,0.002152612263951214,0.0018575466418590876,0.0016318482227743287,0.0033782752427690497,0.0012179433370988787,0.0011006745309782085,0.0007941334168825225
1636.05,0.0035847487369140437,0.0019482378366020613,0.0010360175661186096,0.00132252604693311,0.0024074831263881263,0.001039723584921638,0.0006079664312503279,0.0005332954858763796
1637.6,0.0031860529934245787,0.0019445270336643328,0.0010089989081311917,0.0012458927302131286,0.0014750873925951005,0.0008667453676427526,0.00017894945930682315,0.00035320811321940183
1639.15,0.0033666626796463412,0.0020310871929408465,0.001312972753485246,0.0013264746701687584,0.0007527179327816148,0.0006748939576648571,-6.277655086977031e-05,0.00023042231787902636
1640.7,0.0031232016001541962,0.0020246819469611327,0.001308114516092708,0.001370960475954988,0.0003534306860511049,0.000498275705725595,-6.813846314881812e-05,0.00014612267473001613
1642.25,0.0025352399636459685,0.001993776342548604,0.0010523162307580593,0.0014448102815954912,0.00010963769696279234,0.00035567503176663924,-4.721333559019195e-05,9.919941978815658e-05
1643.8,0.002709185742220028,0.00202502104170689,0.0012444416822621684,0.0015133059376192918,-1.973916992499446e-06,0.0002431749991636057,-3.418247683388016e-05,7.129443026520224e-05
1645.35,0.0028066997721565303,0.0019823305483486417,0.0013361387467728577,0.0014828669737765607,-2.1389323474957792e-05,0.0001492926316472608,-6.532285667197234e-06,3.090081150172937e-05
1646.9,0.002068584644651006,0.0017450137997417428,0.0009248703365477846,0.0013218692203463686,-4.328752028896397e-05,9.577256817319453e-05,-7.927482920297691e-06,3.8586417114391475e-05
1648.45,0.0015814818845096346,0.0015244525309860328,0.000728170350459985,0.001169600909820059,7.724760681111681e-06,0.00010217964527866348,2.5530073583160443e-06,2.4662976584401897e-05
1650.0,0.0018922427125994095,0.0015279168428599186,0.0010174670666934697,0.0011938881386225134,3.490442137657944e-05,0.00014435949976639772,9.698639233338662e-06,6.469188683983554e-05
1651.55,0.0016469477398133186,0.001610639004028808,0.0009385018003396951,0.0012953266494147451,5.778261407750342e-05,0.00017292321796754423,1.5241951129394791e-05,9.248623176337947e-05
1653.1,0.002186715556832601,0.001914691761680432,0.001302586189060938,0.0015943732454977873,4.5195381237087326e-05,0.00017398153137107987,1.1752117494470708e-05,9.322662700691078e-05
1654.65,0.00292050017428176,0.002131347684910435,0.001772450482851572,0.0017981443827381359,2.9876134099481533e-06,0.0001603721315351913,-1.1942374623562923e-05,9.61852663946567e-05
1656.2,0.0031172232992575434,0.0021566837566991378,0.0019715606349265512,0.0018745334314370387,7.355436913660145e-05,0.0002005888830118116,3.122821699964079e-05,0.00013252596839025105
1657.75,0.002939228723021574,0.0022091330431233975,0.0018647386412485104,0.0019346394946956318,0.0001410787318052436,0.0003020070541655953,7.304919337479159e-05,0.00022080123093513675
1659.3,0.0032548995384754464,0.002389767706734282,0.0020683515365229007,0.0020869567092285882,0.00016053507985783682,0.00042022531649285534,7.744423795185487e-05,0.00034673667847939647
1660.85,0.0029441691855244417,0.002397708064988802,0.0017997407835292287,0.002067689972522637,0.00023846056603793318,0.000550251982433161,0.00013144297439943875,0.0004943810957242515
1662.4,0.0021412029163222447,0.0022426542303640887,0.001181593236354624,0.001914877883227148,0.0003638564445296772,0.0007173908003254787,0.00021821094429413425,0.000671341570511203
1663.95,0.0026566817425854243,0.002272659797068414,0.001792521315362176,0.001962850457654972,0.00047921241956541184,0.0008418767571812107,0.00029720018351712615,0.000806366509496713
1665.5,0.0033870647439867823,0.0023369782576885805,0.002586026129886737,0.0020789311620421475,0.000544462474389871,0.0008998494550772556,0.00035219975567932313,0.0008820662329875301
1667.05,0.0035112315877614815,0.0023406402378006157,0.0028169215595802138,0.0021398193529502253,0.0005338527602312499,0.0008756627871988057,0.00033992065405884133,0.0008683495970560703
1668.6,0.004109002864826285,0.0024724598459309574,0.0034839244477249077,0.002321876863225299,0.0005526542555176449,0.0008367646292561721,0.00038305882822431246,0.0008473626817811777
1670.15,0.0047329928355044045,0.0026211818491488014,0.0041340720861239785,0.0025101846433291286,0.0006535182862205773,0.0008087530926317339,0.0005203803333590328,0.0008316079123413485
1671.7,0.004611920371492524,0.002584962658176648,0.004085779064251214,0.002516339660398198,0.0009497504269034819,0.0008636080936634533,0.0008433527849014652,0.0009089626684532634
1673.25,0.0038774922417445508,0.0023326749172234654,0.0034232982830088455,0.002286622884679766,0.0012965613534774484,0.0009711435218762494,0.0012588770671669088,0.001047936851800418
1674.8,0.003392450512270053,0.0020841665703551226,0.002963000473132707,0.002036049926793517,0.0016382898952640482,0.001104891290752659,0.0016878742183585086,0.0012053230367910395
1676.35,0.0030279505893457065,0.0019381539571647597,0.00266713298908211,0.0018471188402844453,0.0020095394592772697,0.0012144095220965633,0.00213740306353041,0.0013321850814578043
1677.9,0.002799012206339247,0.0018388264060384873,0.0024993047342056576,0.0017372433733629964,0.002115691818645969,0.001267088625578504,0.0022974865823895034,0.0013978804506076343
1679.45,0.003294769093365529,0.0019322325613186579,0.0030909365566882535,0.0018632273751563115,0.0022401049684566444,0.0012969555473345985,0.002497151883574193,0.0014421602945291208
1681.0,0.0036770615161732167,0.002185568099886913,0.003552941295491599,0.0021447725250305022,0.0022965336426422856,0.0013353767920815899,0.002626974340096353,0.0014846794981445022
1682.55,0.003541723031393662,0.0023220595532775874,0.0034557150560506583,0.0023502038768435187,0.0021740487903780547,0.0012438478482098968,0.0025552251024269067,0.0013905057464050439
1684.1,0.003967903598847465,0.0023586693247858084,0.003931246057605361,0.0023716009598473563,0.002182028633353799,0.0012643444688018514,0.0026213831790699357,0.0014249043537911418
1685.65,0.00418662639777152,0.00240549283189799,0.004204410883036817,0.002396326187728407,0.002065675296341744,0.0012243013814170554,0.0025459788716973926,0.001389208182639386
1687.2,0.0041497987581283185,0.002357507848078832,0.0042566823463620895,0.0023384480408193465,0.001766597177474485,0.0011377855993303311,0.002263858938840003,0.0012975351763745418
1688.75,0.004077008724728818,0.0023043193792298138,0.004239855612925881,0.0022933547459186724,0.001635063818121293,0.0010780277805025784,0.002164837136286378,0.0012382958783762523
1690.3,0.004108905338084056,0.002332385655898494,0.004317152845982165,0.002339636269998633,0.0015620231449261935,0.0010145462779131325,0.0021273833142706282,0.0011700275104281688
1691.85,0.0038880801628695737,0.002378646606970611,0.00410106368365527,0.0023970634950469813,0.0013034374283554496,0.0009023216342231125,0.0018812738468006076,0.00104152693570629
1693.4,0.0034685584648080827,0.002233716505295435,0.003673127041945382,0.0022495389699259,0.0012363754051383158,0.0008510389074184473,0.0018452591115334569,0.000978152537883251
1694.95,0.004124707581569013,0.0023280947984832263,0.00444666471846976,0.002363453332703346,0.0016825086252953015,0.0009378065333520539,0.0023755726002537255,0.0010675130168555334
1696.5,0.004224967912798513,0.002393170592240132,0.004606330430555122,0.0024575086501520474,0.0021955158155165964,0.0010445435471216325,0.0029776966029109566,0.0011844075330963322
1698.05,0.004120008743848738,0.002318460983977474,0.004541521302409169,0.0024074064418518133,0.0024889532885030417,0.0010237358850309984,0.0033338090463267593,0.0011655668227799612
1699.6,0.004452694396207228,0.002306320119524438,0.004947896615478325,0.002384660750571383,0.002653530855322182,0.0010494046348438872,0.0035438949462931824,0.0011886301543226493
1701.15,0.0045138119676587755,0.0022596561243638114,0.00505372926536055,0.002327055171938477,0.0025251882633514737,0.0009590652962731294,0.0034259328204391264,0.0010789895292295179
1702.7,0.00457685287547816,0.0021893422964590656,0.0051592417331031825,0.0022535247862548245,0.002248830227208844,0.0009021469568242144,0.003141092531964427,0.0010090058897994831
1704.25,0.004408309409559026,0.002098839788832554,0.005001545478247448,0.0021734627651676473,0.0023004021298167064,0.0009395585501598755,0.0032179813664801583,0.0010599636508117891
1705.8,0.004055294932818475,0.0019254984831730353,0.004635540850627605,0.0019942373970001735,0.002496227251330189,0.0010071002498550602,0.0034530785927256473,0.0011515295341097025
1707.35,0.0034135673699823067,0.0017539409178119198,0.003938454229954021,0.0018338649059097799,0.0026007001746106494,0.001058672729405074,0.0035850183259096323,0.001228345446100749
1708.9,0.0029992421908232613,0.0017042734002471526,0.0034921085342954324,0.0018349198397292793,0.0029824720497172207,0.0012260191355911488,0.004022428504210079,0.0014251651113976387
1710.45,0.0035549337461060026,0.0017700544578816532,0.004128703092490279,0.0018970154458355763,0.0033642283969344605,0.001411156486922093,0.004457557912871173,0.001637004666202508
1712.0,0.003347654542936979,0.0017031039644736221,0.00391184816034269,0.0018652090526315264,0.003376158131879267,0.0014189804255722166,0.004480239837254372,0.0016587599795173324
1713.55,0.0027865324124808437,0.0015629502959113972,0.003299623162164089,0.001715977747227343,0.0032797065886126468,0.0013314705407874413,0.004379945878879427,0.001570628581944282
1715.1,0.0029577873956699863,0.0016291751122063979,0.0035041592282563524,0.001770658982282621,0.002996981916195995,0.00123513890555068,0.004070507737979255,0.0014636644620771157
1716.65,0.0030666978694056986,0.0017768156686837205,0.00364447252443927,0.0019011552259513272,0.002602019122407061,0.00108795687571432,0.0036343628742237515,0.0012920958656034
1718.2,0.0032849117568584663,0.001772363445587323,0.0039011327095995803,0.0018968786014211647,0.0023819460695420807,0.0009783135473882111,0.0033908754352487084,0.0011570805182768134
1719.75,0.003649737086580326,0.0018105807589467793,0.004319225944660625,0.001954614178695205,0.002508267424926967,0.0009802655060286213,0.0035299431435434963,0.0011457413073529875
1721.3,0.0035720994885555823,0.001773134545591548,0.004237766676333921,0.0019676588697824576,0.002669429694373349,0.0009554599263757609,0.0037066334826741224,0.0011186566995396055
1722.85,0.004064738326906694,0.0018674328968248304,0.004792649390769136,0.002069110329859386,0.0027743950690593704,0.0008952727725606658,0.0038196590985816125,0.0010552096428359168
1724.4,0.00451406298633154,0.0019302352629841557,0.005294395645854215,0.0021244081260478847,0.002976033400125503,0.0008511758758410526,0.004038606339886757,0.001013033971636185
1725.95,0.004823289524518238,0.0019936862130048457,0.005628427211414374,0.002194898448935395,0.0030700893195270266,0.0008246308111987334,0.004136830853956829,0.0009970015494619846
1727.5,0.004919463733933376,0.002081274592922865,0.005723507758628571,0.0022877404230594893,0.003117024779328739,0.0008087576242691622,0.004181213310868117,0.0009914402712451957
1729.05,0.004631864732647487,0.002147728044361456,0.0053944616078338385,0.0023516593787092015,0.0035909858502807873,0.0009005538386710522,0.004697688664425223,0.0011029857196774376
1730.6,0.005597232480648636,0.0022435832146759866,0.00646679451716348,0.0023912596458525084,0.003769282741385619,0.0009040305567939809,0.004884401225156416,0.0011176581501195404
1732.15,0.0066013859730400795,0.002477157681820351,0.007577771672359128,0.002552234532681016,0.003800842484036563,0.0009164943653022588,0.004906016221673888,0.0011247654764525955
1733.7,0.007292457919028053,0.0026392400176633926,0.008341796534469998,0.0027251238490669347,0.003750523189075975,0.0009159750417379358,0.004835248871184768,0.0011214780021391198
1735.25,0.008007828523168215,0.00282014461347822,0.009134644159970794,0.0029440199887727538,0.0038675352646937106,0.0009576383817257937,0.004948782488366061,0.0011552985939251356
1736.8,0.008340960181816069,0.0029547583520151918,0.00950260141071514,0.0031207256947727315,0.0039182950269793905,0.0009407041425791213,0.004987057856790896,0.001125984790953068
1738.35,0.00921319389234092,0.0032793196134236536,0.010470024992534833,0.0034570649795409563,0.003938630917407048,0.0009170842719991895,0.004991126409654584,0.0010994615928956123
1739.9,0.009194512977364667,0.0032882605642807904,0.010431076890929966,0.0034399247433602484,0.003928541450750198,0.0008778023258265061,0.004960393439739618,0.0010536333681520165
1741.45,0.008556109708622644,0.0030871879793909784,0.009690940074904708,0.0032037802156278257,0.0038424139240615025,0.0007963634535569415,0.004844133635417446,0.0009645408552287504
1743.0,0.0077991333446943015,0.002741513995060499,0.008816942138709837,0.002803088383298496,0.0039666699879490645,0.0007725506177872706,0.004960450396148705,0.000933984895043563
1744.55,0.006627273297915133,0.0023783069084303845,0.007476193443059895,0.0024167075695156184,0.004301796884036971,0.0008281008850358431,0.005310038749446728,0.0009886210763066048
1746.1,0.006090697470896167,0.0021499941548925273,0.006851354383130572,0.0021688934316416437,0.004501376273669384,0.0008790499833596444,0.0055087185961855585,0.001038462730579702
1747.65,0.005952303406730236,0.0020959296748215865,0.006672507134198057,0.0021168408353792203,0.004804642299852341,0.0009273972264648578,0.005821381205608966,0.001085583268177875
1749.2,0.0054407203215419255,0.002151890455071668,0.006076609682357106,0.002280625535688248,0.005089220559593911,0.0009502786773095147,0.006112585997279004,0.0011010114384473533
1750.75,0.005980946331325172,0.0022733224003345727,0.006661463966510169,0.002415219299787594,0.005454428490849834,0.0010015837701756642,0.0064927551612801,0.0011487396132816305
1752.3,0.007387581203642821,0.0023477342686536915,0.008221658875544472,0.0024425734518425967,0.005622664505793457,0.0009678137678945951,0.006653583057400302,0.001108835529432077
1753.85,0.008421024688014745,0.0023804625335747944,0.00935773346916259,0.0024120132392821516,0.00570364071117421,0.0009608032673853694,0.006716749470699268,0.001109988059949717
1755.4,0.008757734082790111,0.002362504315860979,0.009709678382685834,0.002361506500546582,0.0058738652988374615,0.0009914279599787727,0.006878162357535566,0.0011611213113600872
1756.95,0.008927057190256354,0.0024586678189973937,0.009871182209025702,0.0024509706583902614,0.006177479129174546,0.0010579033762023785,0.007186528405718152,0.0012427523287230164
1758.5,0.009860873562525508,0.002521253697664472,0.010897199561891318,0.0025006671791479983,0.006346795425654186,0.0011199202721042946,0.007345116539840294,0.001310455518026743
1760.05,0.009934018790015755,0.0024782756219817745,0.010952335658610915,0.002473836618646484,0.006530814472321875,0.0012022267455713664,0.007519855381263664,0.0013941508777074018
1761.6,0.01062581083747561,0.002585860741147551,0.011702813780384015,0.0025915353495507666,0.006742807432121214,0.0012041105431283426,0.007724814028262788,0.0013944414435028117
1763.15,0.011383666184503139,0.0027815944686682887,0.01252707951036635,0.0028064972007915984,0.006878936512721054,0.001184449555114017,0.007845283227591739,0.001374505562166328
1764.7,0.011260170486212745,0.002837604099760678,0.012358446829014873,0.002898241883882024,0.00706979478081066,0.001201318592043887,0.008025679544116768,0.0013807259530313914
1766.25,0.01183947939964528,0.0029273133343708656,0.012980203534935099,0.0029852723468239196,0.006889440172076378,0.0011690752538576037,0.007793544479867329,0.0013243990599361296
1767.8,0.012658805148716444,0.002884306696346905,0.013872486821726553,0.0029075072919375867,0.006440562067364015,0.0012095474795802955,0.00726324653755499,0.0013326292622182995
1769.35,0.012405520833893402,0.002666575323442635,0.013552465545215147,0.0026516227885628896,0.006347671176212464,0.0012768466912983856,0.007127187326158313,0.001389959523232237
1770.9,0.011349623126370051,0.002456070916921035,0.012328976651535302,0.0024339200711171113,0.006718922195458117,0.0013234661714872744,0.0075060536820621415,0.0014460587263137646
1772.45,0.010575730851741759,0.0023210413948140302,0.011422874296483077,0.002304805882413235,0.0072741659465525126,0.0013780395925228452,0.008088692700061352,0.00150078207543909
1774.0,0.010902492544684322,0.0023557746081945565,0.01176009811464789,0.0023860037345398936,0.007473980710077777,0.0013739747025321512,0.008276680188313098,0.0014851185153720518
1775.55,0.01091298255942295,0.002459122944113645,0.011738768538909585,0.0025203262484664074,0.00767722356568654,0.0013547278763740233,0.008469019734435144,0.0014608258076145401
1777.1,0.01152861203365331,0.0023712499011038727,0.012400443662417389,0.002397507823591476,0.00798890985643416,0.001339921500805122,0.008781286971803925,0.001441929410722737
1778.65,0.012712889531793045,0.002549250566042009,0.01370396035418935,0.0025650844212059386,0.008056289282082173,0.0013232802986235365,0.008822913767839313,0.0014301786955739268
1780.2,0.013058686220909575,0.002596227124857198,0.014062429039249485,0.0026035450557332133,0.008307126517705862,0.0014001940531284866,0.009067909991660229,0.0015251226039738022
1781.75,0.013048845254061405,0.0025999416581389246,0.014019895459635756,0.0026129032020748063,0.008247297567875301,0.0014795958234521205,0.00896796657689513,0.0016140299057802357
1783.3,0.013287601897542961,0.0026126985489867737,0.0142573389596023,0.0026227388532611656,0.007919128041996399,0.0015011277399838826,0.008570042029078106,0.0016315814370126559
1784.85,0.01334962979596946,0.002580859769375607,0.014294692686886776,0.0025817046436915018,0.007669225254876073,0.0015351390335386296,0.008258826458633304,0.001668859829212639
1786.4,0.012865418849983932,0.0025130658811346085,0.013715571020508894,0.0025163431881487968,0.007742733823704122,0.0016004560881472268,0.008306293865603678,0.0017412378277691552
1787.95,0.012636043947101508,0.002462483971167592,0.013423924059522047,0.002475291946347978,0.007715101492091088,0.0016424407772893525,0.008241629566202904,0.0017842781490019237
1789.5,0.012938456679993599,0.0025147281554999223,0.013733112715796015,0.002556233010307583,0.007337747523000961,0.0016111094507287186,0.007788517156873468,0.0017366962474620403
1791.05,0.013274314266678107,0.002654089953883713,0.014079332049717395,0.0027148993669856617,0.0071708505614059915,0.001588500729069127,0.0075692250320951,0.0017023064303393612
1792.6,0.013462892783916193,0.002655327924891313,0.01425925348892954,0.0027260239288720172,0.0071437723974979595,0.0015676390607716538,0.007505057090192776,0.0016731839714834223
1794.15,0.01399901514477216,0.0028018118971900527,0.01483070458549901,0.0028809398595948835,0.006959126494448325,0.0014564603177754916,0.007266171016194398,0.0015505097583203575
1795.7,0.014167217755411547,0.002865504499065876,0.014988657813236468,0.002948571261244325,0.007053922669590155,0.0014012123990609791,0.007337526834426983,0.0014983295218450586
1797.25,0.01375548260725225,0.00289823304868829,0.014492321456297395,0.00299320143969521,0.0071062962348647975,0.0013506365094511335,0.007361721195111946,0.0014432928845811445
1798.8,0.013720725976074903,0.002895497097611622,0.014421855109926668,0.0029998265028820096,0.007107870152625936,0.001308726428886461,0.007330229904422269,0.0013913662071253212
1800.35,0.013564815700709231,0.0029190109107066326,0.014214843275427663,0.003036794942761596,0.007156954089091064,0.001303741457546629,0.00735184116762337,0.0013867493910152222
1801.9,0.012619206623528192,0.0027285905682346485,0.013116918443602712,0.0028418186714048474,0.007229803221225964,0.0013383179088390061,0.007399909745992428,0.0014183301324993563
1803.45,0.012469288752999403,0.002599302147491819,0.012916573623210408,0.0026920030350465313,0.007208083279298227,0.001326862422323642,0.007343363734239839,0.001410541690304768
1805.0,0.012743674100668267,0.002673104932455379,0.013195086933087177,0.002753620576734563,0.006910290661628837,0.0012401542953837156,0.006980359936613755,0.0013015411299704205
1806.55,0.012371891888429486,0.002612799638393381,0.012741418451819843,0.002679555030118031,0.0065914854871914575,0.0011212083846858058,0.00659452653004325,0.0011587480758326481
1808.1,0.011813617368528434,0.0025407318775859953,0.012084016489209686,0.0026075055304941317,0.006276013836882001,0.0010517182493516902,0.0062124066628548354,0.001075458707663191
1809.65,0.01119053776363055,0.002542057385785272,0.01135316479754102,0.0026150973055429254,0.006077709171839723,0.0010081609953762956,0.005960565659664362,0.0010338971018617879
1811.2,0.011011330403792919,0.002629451569744771,0.011123663965837699,0.002718704619259376,0.005869387390534863,0.0009766606735581772,0.005698233497935996,0.001002125483065631
1812.75,0.01056076058232233,0.0028049382686568445,0.010580788483694127,0.0029226669124017076,0.005747289976135176,0.0009633320902173131,0.005532149635781735,0.0009815259408184464
1814.3,0.009625423945312439,0.002621018790152379,0.009502412979713841,0.0027436358921853576,0.0058177356132161455,0.0009592904390117818,0.005580601019682112,0.000979924054660851
1815.85,0.008113054272100349,0.0023812103481411794,0.007779151461993189,0.002513245374055926,0.0057276766268560386,0.000926539004000769,0.005451445114721449,0.0009563427747646151
1817.4,0.007046918820003777,0.002109317568867711,0.006555757842831255,0.0022344732699660654,0.005439527436345686,0.0008800951440894081,0.005102867856783014,0.0009106947202482151
1818.95,0.007612886190508359,0.0021679355695759578,0.007149831190870044,0.0022681960752440732,0.00544078605100926,0.0008937146122475616,0.005075372718742643,0.0009566564048379813
1820.5,0.0074193084623376685,0.002200385199717027,0.00692757851683625,0.0022930872479376098,0.005146706841961672,0.0008841519982979899,0.004721377821196455,0.0009557067210334852
1822.05,0.0072682990259971625,0.002223474936540938,0.006745804804982655,0.0023156438040047274,0.0047920624352998245,0.0008613876602057884,0.004300348225856657,0.0009460257312434416
1823.6,0.0076744511974848285,0.0021998848440746128,0.007149830450049415,0.0022226971432182116,0.004818903000755495,0.0008962262333225351,0.004301969051691355,0.0009952922557138527
1825.15,0.007623402335446119,0.002193460099828381,0.007056642043261115,0.002188581597053106,0.004883917899608276,0.0009169811884228868,0.004346741269595193,0.0010330140442093212
1826.7,0.006905761511901385,0.0020225827801557007,0.006344368898704192,0.0020533993430763915,0.004681723600703895,0.0008679256531462417,0.004098041245454076,0.0009755798149592611
1828.25,0.006898557939754705,0.0019172660151091747,0.006376528903663412,0.0019335759783290364,0.004612193619932593,0.0008262453689659708,0.003996554189923101,0.0009189341784465821
1829.8,0.00607503621238974,0.0017625319883641994,0.00550171562379246,0.0017691239102737466,0.004528454983101906,0.0008093944086195843,0.0038790920777707506,0.0009077991807389962
1831.35,0.005367433614299942,0.0016503127899314667,0.0047098710517261486,0.00164516614481938,0.0043180875204443595,0.0008040044178264942,0.0036212750526004632,0.0009000081614975326
1832.9,0.005284730449440333,0.0016075635882290254,0.00459337031542026,0.0016039954886219684,0.004129162551827736,0.0008288646002361035,0.0033867515974842937,0.0009205882425954825
1834.45,0.004821739502711223,0.0015137095257281507,0.0040315837742881,0.0015149028278388975,0.004032135129616387,0.0008201571964778228,0.0032549899564331634,0.0009112313612658282
1836.0,0.004340712058984321,0.001458663495461649,0.003450585150138273,0.0014904529919426632,0.003989626831655006,0.0008092861597790615,0.003185365845893837,0.0009000857577938017
1837.55,0.0052933005352194615,0.0015604749690723825,0.004425646493613055,0.0015845797256381475,0.0040772923561118194,0.000771019480144396,0.003256793617311103,0.0008595133261654096
1839.1,0.006093834428267858,0.0017487281862794929,0.0051882518976816925,0.0017292902136560183,0.004158958353996433,0.0007695187310907859,0.003327755756763506,0.0008562145817705445
1840.65,0.006744626626723205,0.0019217826831888457,0.005846768764162863,0.00190701260632047,0.004009074909993783,0.00075033379065528,0.0031430882834939627,0.0008314013638209772
1842.2,0.007459331182609719,0.0021265660713499974,0.0066747096979828,0.0021481351243391933,0.0037859811297929306,0.0007483439609846073,0.0028790780962972525,0.0007965646809711772
1843.75,0.008914508231741525,0.0025727129969572776,0.008257449746092708,0.002631445851339406,0.0037831200220119028,0.0007879968737411866,0.002857877413721471,0.0008180932292209621
1845.3,0.009972598408221485,0.002896428462067556,0.009423639064963874,0.0029948989398458346,0.0041471434262566435,0.0008771186382840226,0.0032422392744177603,0.0009163561443047997
1846.85,0.010979992723299001,0.0031590912876689786,0.010508988008134674,0.0032654520346274986,0.004387283278439465,0.0009032055242321575,0.003491068877846056,0.0009258364353923878
1848.4,0.01115693504161108,0.003023271047341374,0.010678508738227361,0.0031124458764809127,0.004730129255363161,0.0009355111987750102,0.0038528871030484397,0.0009567529267713735
1849.95,0.009924313592309613,0.00263445602823777,0.009311778089527725,0.0027137003099995567,0.004992913905988688,0.0008870585921986574,0.004126816388106296,0.0009074426790728208
1851.5,0.009943045278477874,0.0026772259968038136,0.009321091618357629,0.002756764196139994,0.005463235894754242,0.0008864389649044338,0.004630460002110693,0.0009291774639303983
1853.05,0.009354858331541071,0.002601516439081512,0.00866580074542489,0.002670829684228444,0.005784373682137233,0.0008650180518140634,0.004967541072752189,0.0009153486923053661
1854.6,0.007757418837644822,0.002231728774112126,0.006882355966355964,0.002282487440957389,0.005990648803225878,0.0009223554575126764,0.005183737407546632,0.000992918402717562
1856.15,0.0068278405759547335,0.002047845453917925,0.005841027730948139,0.002085964184689015,0.0060157706757185524,0.0009468712662260452,0.005189970930362857,0.0010387310408418082
1857.7,0.006793519228565042,0.002066233034222739,0.005795884354739714,0.0021155360444916234,0.005744891715320435,0.0008930895971659181,0.004880411513480842,0.0009860545867043057
1859.25,0.007229754014080435,0.0021328008675447962,0.006267996553200417,0.002214769738760441,0.00536986122029815,0.0008559855476627232,0.004460880752558891,0.0009352197991234445
1860.8,0.008331904212385957,0.0023007266410643994,0.007477853039942175,0.0024135495758865412,0.005173566275741281,0.0008661740838785755,0.004237517006982182,0.0009201937924321596
1862.35,0.009844816908463661,0.0025472430342503042,0.009138677201280126,0.0026739281377348117,0.004848531293965272,0.0008353360898299555,0.00387132906355987,0.00085182740854891
1863.9,0.010881946028566609,0.0025806935794642403,0.010266225729289908,0.0026888515192161366,0.004882322870874861,0.0008357728113730007,0.0039000674234635217,0.0008287102109968642
1865.45,0.011187475464712675,0.002606053253563049,0.010596964168113638,0.0027204947689561934,0.004998796637778618,0.0008632833818517927,0.004019091058969661,0.0008531099475520256
1867.0,0.01179518681848255,0.0028362803274905044,0.011242774332180573,0.0029514491834193475,0.00525123008480671,0.0008790394227106569,0.004286549637954499,0.000891462033299592
1868.55,0.01138166396681091,0.0027479688686825585,0.010769865883949167,0.0028667043067791783,0.0055410749944232625,0.000915975688688652,0.004593000783381371,0.0009438663555658663
1870.1,0.010820884150825194,0.00264499516585434,0.01013691620453392,0.0027766706658645893,0.0062537528312867395,0.0010557097786581934,0.005366556189095809,0.0011340129211439912
1871.65,0.010221828311287278,0.002539965704565337,0.009453750502847247,0.002673939586757445,0.006886997889896191,0.0012439368811942824,0.006049639726060296,0.0013683820813537907
1873.2,0.00980071904166281,0.002639338505287803,0.008968461263258254,0.0027899438425850595,0.0069822062683569395,0.0012501415638956216,0.006151056366145837,0.0013716673198040112
1874.75,0.010395775614959532,0.002713858465634299,0.009629837061117114,0.0028496228020146452,0.006826802899153094,0.0011892172717173073,0.005975234577573573,0.0012956843144862316
1876.3,0.011457809827170998,0.0028683357194689953,0.01081796122516334,0.0029860684615789974,0.006835667075736921,0.0011679826199189863,0.005978825914029714,0.001263870486522693
1877.85,0.013255175516884758,0.0032889720483751995,0.0128339912762937,0.003435686667269577,0.006685575733561401,0.0011184215920626748,0.0058065451162484264,0.0012075068922400222
1879.4,0.014059156556976149,0.0035768994158176816,0.013733897168044431,0.003749884582284379,0.006525188824522615,0.0010451524661137083,0.0056239534233978,0.001104028366923837
1880.95,0.013614736596722488,0.003384493891033506,0.013238871700331141,0.0035440848694405108,0.0062852349814664496,0.0010374475865078225,0.005353784707668096,0.0010796587546314724
1882.5,0.013162229859157002,0.003243149744795568,0.012730786290630207,0.003387936092809059,0.00622395347525712,0.0010365663333471824,0.005281575446040685,0.001087970942067231
1884.05,0.01266724160319461,0.00308534815143629,0.012174009638379401,0.0032280822263676084,0.005971737523913953,0.0009638551573158902,0.00499960744187222,0.0009990019200784934
1885.6,0.012054464794437121,0.002954515567437088,0.011483987646919316,0.003083992129024326,0.006033853868027926,0.000993394319689308,0.005066969034246734,0.0010319884444883686
1887.15,0.010767057394348094,0.00277286701359113,0.010029994083463827,0.002888026277753298,0.006079721405164841,0.0010554471410657467,0.005117517316502456,0.0011053320489414894
1888.7,0.009886005327499116,0.002621099315184294,0.00903194762052689,0.00269858181596811,0.0059270072570747736,0.0011120206464699303,0.004948435063870198,0.0011634440640226063
1890.25,0.010462412679408744,0.0026497399390504506,0.009677647294255418,0.002713555205150521,0.005999852080247282,0.0012068445729657767,0.005029746934890225,0.0012753084337922633
1891.8,0.011134364674459137,0.0027537027095599804,0.010428371907104314,0.002835831190559732,0.006078276447374967,0.0012876824160321636,0.0051163214974946645,0.0013766957291400745
1893.35,0.011687952012625479,0.0027520989690983763,0.011047271387538771,0.002828675642130156,0.005741867233602979,0.0011889795121121892,0.004745750796314209,0.0012671703609676496
1894.9,0.011583929677622357,0.0027368996740889553,0.010929246150000854,0.0028224464486134044,0.005493566792785877,0.001099192532773139,0.0044731323543537324,0.0011579800062155867
1896.45,0.01168341915669551,0.002704535294182808,0.011048995980874077,0.0028150442691538854,0.005315341039207812,0.0011120407964833698,0.004278201931584129,0.0011762938758487832
1898.0,0.012268894815032905,0.0028444471543993275,0.011711471060313106,0.0029786471608516637,0.0053252432602412325,0.0010997890247436924,0.0042920748662833635,0.0011690910167857264
1899.55,0.012149340834382502,0.0028140227969695704,0.011579403957362948,0.002966030487736344,0.005059229485357849,0.0010212501883806193,0.0040014467118570365,0.0010740836614672063
1901.1,0.01168874074530702,0.0027756477468708378,0.01106372648553532,0.0029224026034634144,0.005021734171764597,0.0010052254026714103,0.003963886342163398,0.0010507128066042982
1902.65,0.011130473747994571,0.0026993036361384836,0.010437001111715319,0.0028190695956775264,0.005225396208941535,0.0010445307050731844,0.004194829882346518,0.0011091085465082817
1904.2,0.010427814261534447,0.002663290114944128,0.009647927008767307,0.0027605849414769853,0.005636127837345512,0.001127770484595431,0.004655725163040062,0.0012252244310071885
1905.75,0.010504261384385703,0.002761354461556199,0.009738838301399865,0.0028493141729341045,0.005959695272893626,0.0012413584645283018,0.005019693607807352,0.001357429290692715
1907.3,0.010915112828701883,0.0028093783800313115,0.01020547591368337,0.002878682048126342,0.006029182169614288,0.0013174619295067322,0.00510196941719186,0.0014487153207757193
1908.85,0.010362808133362966,0.00273006236035006,0.009594534668053321,0.00279806322511865,0.005875114110006951,0.0012849004330423002,0.004937831141528146,0.0014252079907195547
1910.4,0.010534721906936986,0.002743937331896293,0.009797568858733919,0.0028078298313522973,0.005513844618713594,0.0011790324602450706,0.004545886009222306,0.0013044007679378726
1911.95,0.011317640830683946,0.002802102828321439,0.010689671049273796,0.0028620629453109383,0.005189868297959369,0.0011696711547890008,0.004195900084012747,0.001288856092409042
1913.5,0.011827540731119477,0.002981271497730812,0.011236202879513588,0.0030602383879719036,0.004860634588828502,0.00112659375133749,0.0038400529325784633,0.0012397108548039362
1915.05,0.010791806132403114,0.002906373482346378,0.010135190024533449,0.003014071469332571,0.004569958887297026,0.0010278698236028836,0.003526786269622731,0.0011225726677472313
1916.6,0.01005953153063221,0.0027744676576659643,0.00934978662900007,0.002875786327620208,0.004503123384193293,0.0010006590912036352,0.0034624527036942326,0.0010878497936892557
1918.15,0.009046413673906241,0.0026131057515158033,0.00819905312373472,0.0026799228780813368,0.00468131555303954,0.0009877050315728682,0.0036660629461214293,0.001077768471042962
1919.7,0.006620385660379272,0.002242495618512906,0.005636020621503895,0.002275385894848658,0.004695501860514431,0.0009144641179874614,0.00369732344914159,0.000996113117457105
1921.25,0.005418797702181891,0.0021498371818014163,0.004403611523278914,0.00212103827654647,0.004663223929598383,0.0009444804464162576,0.003670500670067718,0.0010262838074634607
1922.8,0.005518275175523706,0.0023596063989643774,0.004590109791502035,0.002297896814723426,0.004514763796264755,0.0009380136729461007,0.003525107807974235,0.0010342691300889262
1924.35,0.005247586488961656,0.0024266921188521684,0.004314683525650373,0.0023610493768772695,0.004111803083448917,0.0008799193829248807,0.003098434285201966,0.0009743189442913457
1925.9,0.00611398123462801,0.0026210655902233993,0.005271019671069713,0.0025680003518924904,0.0035253431444716887,0.0007704606385993183,0.002468153303471002,0.0008370419153082569
1927.45,0.0077696411756230125,0.002853104445536808,0.00707335271242974,0.002843515165537919,0.0034223999231187273,0.0007974577982786036,0.0023705969039655725,0.0008814919892724939
1929.0,0.009025263085227398,0.0029881375872857817,0.008384222436086027,0.0030123588190077598,0.0033812126862146946,0.0008026928861053889,0.0023377796893394886,0.0008801548488780977
1930.55,0.009582399280703398,0.00309731466039297,0.008975040134952173,0.0031762792912904438,0.003455182234171745,0.0008364924214452202,0.0024306503517077726,0.0009004901353299393
1932.1,0.010134882541870355,0.003260959775722775,0.00949605170179256,0.0033700300646053783,0.0036506489498248198,0.0009189392850585289,0.002654499050953349,0.0009924957752090301
1933.65,0.010168332222307081,0.003261765398836062,0.009460332862949044,0.0033733394022548205,0.003676545576928742,0.0009517624936084656,0.0026885024698980148,0.0010241070907554522
1935.2,0.009814738294764399,0.003152497338271432,0.0091679052901781,0.003286222123296523,0.0036436528374813844,0.0009758636538391804,0.002659419466748684,0.0010378993324566567
1936.75,0.009775976263927153,0.003138074097215307,0.009138605316916931,0.0032670909855728627,0.0035957251077089847,0.0010178703304485983,0.0026208452117687116,0.0010748552000175633
1938.3,0.010136196876542589,0.0032430888749723566,0.009559987276265575,0.0033724724724865755,0.0031135428497723046,0.0008532343828218434,0.0021147385662771173,0.0008727084288099138
1939.85,0.010202496492513107,0.0031873430970250677,0.00964881041085578,0.0033040459058971527,0.0027985197218846915,0.0007301480151103735,0.001787348792681361,0.0007271270724853847
1941.4,0.01009039977461444,0.0032420478382481754,0.009537297704757265,0.0033589888799795417,0.002608555535265019,0.0006375058324722688,0.0015960321271389344,0.0006337497514666603
1942.95,0.010274892398928006,0.0033723276180656265,0.00976066568813428,0.0035016807495447783,0.0026153953598428703,0.0006666769217434446,0.0016240696061938882,0.0006828676830972167
1944.5,0.010046913718146613,0.003370270833801146,0.009519039160419612,0.003498140540147179,0.002561414844172192,0.0006855281543910064,0.0015835257712260424,0.0006989908065166837
1946.05,0.009606009038060888,0.003280807291357235,0.009038001392115674,0.0033939348560902156,0.0025643630168058003,0.0006979000543450708,0.001602884173060889,0.0007251656868774477
1947.6,0.009630523662791149,0.0032493316132683045,0.009080946460701374,0.003357258544908698,0.0028902808500809217,0.000837876036961146,0.001973784681123867,0.0008927275877544722
1949.15,0.01030560720156317,0.0033600577080900845,0.009855671436163555,0.0034758357465417868,0.00303143572033737,0.0009480411911220123,0.002139356656188084,0.0010248499553479663
1950.7,0.010470678723833116,0.0034360742173901028,0.010064676294425548,0.0035731654697764596,0.003238421706890352,0.0010202430376955666,0.0023736367845492903,0.0010989564532261878
1952.25,0.01049611881526002,0.0034857353582010506,0.010115243472977658,0.0036389900724656302,0.0029458526113270845,0.0008909781076736617,0.0020859823363439823,0.0009590806500078134
1953.8,0.010768588965152764,0.0035842117350274485,0.010441132214409619,0.0037434337077549545,0.0028898697004441144,0.0008687526994449164,0.002051584488547191,0.0009412595242407149
1955.35,0.010677079397670913,0.003479380224783116,0.010358015772435877,0.0036047934312244245,0.0029768265486249616,0.0008803943247910552,0.0021690610680554236,0.0009633100753591144
1956.9,0.011199132967348932,0.0036984921749170577,0.010912367526214278,0.0038254463834005072,0.003213322810702714,0.0009481177967433993,0.0024452115860235835,0.0010412763607888578
1958.45,0.010243969263785725,0.003444921787241592,0.009920302440487094,0.003565814087919527,0.0031284893885482486,0.0009210361705552344,0.00237768248082455,0.001008301253032056
1960.0,0.010180626173845792,0.0034010921517904726,0.00990046619589614,0.003516203521709309,0.003083176146167969,0.0009545631793091933,0.0023481337818376247,0.001037337585626989
1961.55,0.009771385829657744,0.0034121128849377326,0.009470515371141129,0.003503331096130501,0.0030381546713260537,0.0009634591267521494,0.002312037682666775,0.001048231729738839
1963.1,0.009148476028589014,0.0032608031124120996,0.00887381792805441,0.003351599230706876,0.003335958107463363,0.0010415881461255225,0.0026440582301115127,0.0011332018691638523
1964.65,0.008274627713674893,0.0029743390019377567,0.007961386768429054,0.0030307940636133154,0.003238215919261261,0.0010081827676514364,0.0025501980420928223,0.0010943213970345453
1966.2,0.006932564882079808,0.0026316567659456776,0.006485619445748678,0.002646945047359095,0.003126586326161475,0.0009469268617582166,0.0024417877794017887,0.0010207098476492568
1967.75,0.005759668983707088,0.0024497223611659198,0.005202885561306591,0.0024667904775376704,0.00276579650118426,0.000829593416875265,0.0020725932824142233,0.000883301273075784
1969.3,0.005006057019592741,0.0024499128679940215,0.004352557047729429,0.002464654015697264,0.002870680181689287,0.0008811704649841388,0.002203953791892133,0.0009467365589422359
1970.85,0.0053767867986457074,0.0026221765717272354,0.004734063324346355,0.0026243211898489298,0.0027422974375827425,0.0008333577592794218,0.0020801964543885366,0.0008851572811183088
1972.4,0.0069615591403843465,0.003006142870967349,0.006440472594001694,0.0030291987287831457,0.002835554648767733,0.0008191587403196235,0.0021961051882993733,0.000866847559714816
1973.95,0.007099333161695575,0.002921670449477691,0.0066164809785228505,0.0029681997852162943,0.0026871162922084465,0.0007358441485969495,0.0020558681830300215,0.0007753090567679232
1975.5,0.008583922451459149,0.0030084332393279407,0.008198802348890706,0.0030522478020578495,0.0026105912137580328,0.0006765541442852214,0.0019866113706335114,0.0007045762622377652
1977.05,0.008301772768564279,0.002791047259504796,0.007923337710037259,0.002836672971296053,0.0025653699606686888,0.0006706979626816027,0.0019512820357471788,0.0006931978582396377
1978.6,0.0070139254932863986,0.0024153032473743755,0.006569280413708551,0.0024604238083027127,0.0025682709643887135,0.0007507575337700359,0.001965343803769121,0.0007677991686481769
1980.15,0.007096221220010003,0.002355450041389592,0.006691763029012176,0.002397156040795897,0.0024349933468891614,0.0007489501326791718,0.0018398024012046656,0.0007704724973782778
1981.7,0.006954222724406217,0.0022068414502637553,0.006523575390710967,0.0022038250875607104,0.0025383830446731835,0.0008093897355737584,0.0019691711973285394,0.0008402661704469437
1983.25,0.005528313392675368,0.0018794071936779494,0.005000540829753709,0.0018717774266249494,0.002727966575599047,0.0009010788683339905,0.002190583162310584,0.0009376124247348789
1984.8,0.004468474159032952,0.0017065780780099915,0.0038494245597382342,0.0017014696509643245,0.0028953706273978637,0.0009974634759685897,0.002390211407802731,0.0010410553595586384
1986.35,0.004663432008597677,0.0019005366324676882,0.004081349407873175,0.0018713379398126056,0.0027387891933423987,0.0009961615112142686,0.0022441076876467867,0.0010345124820988689
1987.9,0.005488635157371704,0.0021514617431378858,0.0049941226205950096,0.002115841941192837,0.0025459920653914617,0.000928893676275758,0.002051500537333964,0.0009504999744477846
1989.45,0.0064030623781990295,0.002391832505870882,0.00598893235769955,0.002364203572403019,0.002531604932232703,0.0008924786086968122,0.0020562406106669462,0.0009008159045284201
1991.0,0.0072027199723056455,0.0026912242629426064,0.006837273099651478,0.0026939003206433425,0.002608775756289043,0.0008442346610520101,0.0021493037967261017,0.0008388898611190049
1992.55,0.007093787807464848,0.002760346483017467,0.006757065924458414,0.0028015134070986936,0.0024622078766922055,0.0008102504633548341,0.0020181278224860643,0.0008037500217686664
1994.1,0.007736029615057188,0.003011620238880715,0.007459704469614217,0.003102530070540288,0.0022767515985311067,0.0008526917184511494,0.001840876791843807,0.0008497629941891895
1995.65,0.009021402462843813,0.003392134984280234,0.008877258014629375,0.003523573257420234,0.002115247082685352,0.0008589417915328579,0.001683098014726162,0.0008613449175692898
1997.2,0.009376905678572509,0.003477941216602393,0.009249401070995058,0.0036113290086122046,0.002103524613828902,0.0008584645854274167,0.0016860913038337472,0.0008633421002618402
1998.75,0.008811639427758781,0.003327760567187984,0.00865388373995529,0.003445870276540769,0.0022274842852541728,0.0008771456579908955,0.0018329438766946243,0.0008841978664295439
2000.3,0.008246570139485439,0.0031535060887972247,0.008029393466976467,0.003231766629030333,0.0023134817386074743,0.0009268795142930823,0.001940395020863933,0.0009425436794576192
2001.85,0.007800401773684545,0.0031087737322412407,0.007535084001575918,0.0031609202715139903,0.0023502584218023366,0.0009312740563265186,0.0019946313492416007,0.0009519687509438337
2003.4,0.00787135476770823,0.003092927399030381,0.007618579478345346,0.0031325106671200383,0.0024971069286114787,0.0009943414569999448,0.0021613133276891035,0.0010231630223963557
2004.95,0.00782730163702554,0.003044637908636364,0.00756589031099206,0.0030843929201618734,0.0027609411202793926,0.0011001873923717773,0.002455470041688871,0.0011398229686350697
2006.5,0.007048144841086696,0.0028350378269724236,0.0067278977636381805,0.0028535019873614713,0.002849572750811182,0.0011214266563947383,0.0025566604644204523,0.001153725195876924
2008.05,0.006196113836381727,0.002556557368378967,0.00580773875601549,0.0025528959830691538,0.0027795270250268638,0.0010988724324957535,0.0025039694572122984,0.0011301874547500477
2009.6,0.0059291663331765745,0.0024439059238623804,0.00553021969524481,0.0024198104151591997,0.0025458170058988896,0.0010710230970593744,0.002262762145391983,0.001093896256449288
2011.15,0.005251277330199498,0.00216869470225961,0.004799591131761466,0.0021249581894622655,0.0024996470967721227,0.001092436533036562,0.002225444104713476,0.001119943966024884
2012.7,0.0049192181534146616,0.0021231121586498254,0.004442961610723264,0.002090337565564805,0.0024629512314088666,0.001107744799405369,0.002198341847542179,0.001138965116530994
2014.25,0.004984378105745526,0.0023455932451079825,0.004501040869604824,0.002321811139029354,0.002580691859728565,0.0011490191504367191,0.0023368104480303575,0.0011914552843419611
2015.8,0.004733598709286933,0.002393380360582684,0.0042516137762398905,0.0024036040295463833,0.002772397400497706,0.0011637019567344122,0.0025586819137297314,0.0012108690258701492
2017.35,0.004830995912047884,0.0025168464677505276,0.004372159493275361,0.002552947765265562,0.0028560440652229237,0.0011197481413973219,0.002659763660097032,0.0011679008475294788
2018.9,0.005473012387052987,0.0025799237792436965,0.005080568297965927,0.0026261573681488183,0.002997011951173887,0.0011872501561768533,0.0028091291143049323,0.0012328135740263568
2020.45,0.0055750949368174344,0.00249563070266493,0.00519010927904919,0.002528575646855346,0.002758389851820967,0.0011199519575838947,0.0025701525810560353,0.0011683856420279307
2022.0,0.005844929835093948,0.002513247816408029,0.005448300902702149,0.0025109561799825115,0.002462743855476886,0.0010627777624506525,0.002262671797331356,0.0010956842806977567
2023.55,0.005325765032972975,0.0023122319513942885,0.004952906048064299,0.002313077791400201,0.0021422112922872215,0.0009354372781714334,0.0019389261643568136,0.0009537063083458078
2025.1,0.0046842075436511295,0.0021637615443835033,0.004295710801493005,0.0021809630223865693,0.001735164606584396,0.0007712817060690557,0.0015145971577813007,0.0007701253639552601
2026.65,0.005080080863524758,0.0022634788518045173,0.004774948285210837,0.0022952481661937755,0.0015812735400391042,0.0007418501373956963,0.0013673783723784805,0.0007270505900227783
2028.2,0.0056371263285108966,0.0024000552081445336,0.0054086568875008015,0.002446739465025058,0.0012980104440906274,0.0007154390213109296,0.0010822834097488374,0.0006982305048557561
2029.75,0.005841758204989376,0.0024267320503246256,0.005645263112660435,0.002467610738677467,0.001166853602850776,0.0006941681755875,0.0009548116003202055,0.00066898743388289
2031.3,0.005647434930861798,0.0023502996403677737,0.005457508703179115,0.002399679697930837,0.0012087168755559913,0.0007367178288274928,0.0010038097269109778,0.0007033483133027032
2032.85,0.005448151762321475,0.002384389275395272,0.005231528705414532,0.0024372797666528615,0.0011446361039170823,0.0007598408063440299,0.0009455391629307167,0.0007196089995414344
2034.4,0.00516568623436252,0.0023621703176469324,0.004883368209385759,0.0023933145708066425,0.001201119138489048,0.0008267447417243459,0.001006219291235082,0.0007778608768819754
2035.95,0.005346702410571717,0.0024472621063037214,0.005019687866916613,0.0024465622456899083,0.0012011053137346405,0.0009209107451091064,0.0010127196883270352,0.0008768407820607267
2037.5,0.005518012279166489,0.002626493210881382,0.005122969018006255,0.0025997031770096973,0.0011507890471543552,0.0009581381589697184,0.0009709897921478843,0.0009211819669208579
2039.05,0.00469248506891999,0.00247563446767312,0.00425627563577218,0.002457571385874364,0.001158554614997816,0.0009652951277222031,0.0009849645378389338,0.0009252703002225622
2040.6,0.004427220882100508,0.002495509755373313,0.003941395086419982,0.0024818827031432246,0.001136435986720217,0.0009630987497689901,0.000964232491654958,0.0009248674303589453
2042.15,0.005880582598884599,0.0029660092528201788,0.005513277116678678,0.002974070485211767,0.001180848853896135,0.0009250938018696883,0.0010022353303880184,0.0008807391763295464
2043.7,0.006483039097586202,0.003080006288137459,0.006152662031214716,0.0031055861323738875,0.001069291258275667,0.0008532999629925226,0.000885047041076714,0.0008203813528580837
2045.25,0.0063853628777039,0.0029871355110005827,0.006063931300837187,0.0030124490273636647,0.001210131763954643,0.0008339917684309307,0.0010116068390918955,0.0007956128305552589
2046.8,0.006425881996251359,0.002880968730141904,0.006094896044541366,0.0028994692358937984,0.001319418241965489,0.0008412346350197342,0.001115328876763973,0.0008019496054313522
2048.35,0.005783276663151189,0.002607299980513244,0.005375882392321659,0.0025832502703483132,0.0011622662969496265,0.0007315925150985022,0.0009836102101954108,0.0007017349835398617
2049.9,0.0049995915961110245,0.002368975977607236,0.004536057365258763,0.00231098120246548,0.001041922681589657,0.0006917245459913289,0.0008740883553490926,0.0006602569232465733
2051.45,0.004256264587865492,0.0021730119312275416,0.003815179007011449,0.002109795379241468,0.0008392569273708093,0.000631710988759471,0.0006997482725119005,0.000597302665408199
2053.0,0.0030098336147007776,0.0019253002429101122,0.002535315313456479,0.001845888427930918,0.0004980705487688353,0.0004959800504521186,0.0003830070215318511,0.0004668223589057926
2054.55,0.002275033254845609,0.0016363087587512684,0.0017639172926618,0.0015370235520798846,0.000545501652807249,0.0004912120609850946,0.00043884862557428794,0.00044069420510881474
2056.1,0.0018254061826945833,0.0016606454940910104,0.0012881791703928897,0.0015729082334429642,0.0005250378835387377,0.0004963636942947893,0.00041616854917994085,0.0004387925649534025
2057.65,0.002457725955940897,0.0016361363181991466,0.00194959782540562,0.0015154107568567873,0.0007185268259090554,0.0006094352327492564,0.000583661337660302,0.0005446207718412406
2059.2,0.002658532023612854,0.0015570701363608196,0.0021239672623059517,0.001448113019746821,0.000771136508324178,0.0006583425320719091,0.0006100010590776458,0.000604129260583367
2060.75,0.003106758929256738,0.0017124715622445774,0.0025472354645707353,0.001624645456726135,0.0009601335462918742,0.0007258994238719805,0.000762547357072519,0.0006563959570825063
2062.3,0.00371815884361303,0.0020227978473703907,0.003104611844374576,0.0019643302570960535,0.0010873535295852763,0.000794768033523696,0.0008646392303722099,0.0007126189659644986
2063.85,0.004474260232210939,0.002290374430571858,0.0038202334060796783,0.0022219566255853337,0.0011976138835079035,0.0008477366198952713,0.0009646014472447695,0.0007680206694057306
2065.4,0.0047507642410311605,0.0023698813954750016,0.004092643815842969,0.002302580821965027,0.0013667861551282972,0.0009336142652562126,0.001110216499445921,0.0008553081026039012
2066.95,0.004466269631149798,0.0023243138145353347,0.0038089015996084,0.002267158842773567,0.0013110133354047135,0.0008898912483880435,0.0010590588336764671,0.0008259571130786489
2068.5,0.004448989545742974,0.002284902888214594,0.003774257787757854,0.0022439803002057414,0.0013498518577199456,0.0009240215534912357,0.001079472767915443,0.0008655894858761031
2070.05,0.004341074141485051,0.0021964051149877544,0.00362577353575245,0.00215041601882416,0.00140391347397314,0.000961886224470621,0.0011308034353649386,0.0009108308239712642
2071.6,0.004154328913063829,0.0021450352219809735,0.0034139368387106177,0.002083551227581629,0.0012609187694356233,0.0008804155844215457,0.0010018271460929067,0.0008311134543053334
2073.15,0.004143943152320038,0.002054109078661141,0.0033721976623536792,0.0019811305030315654,0.0011914706323266396,0.0008296165974147878,0.0009237649940786889,0.0007564427408557237
2074.7,0.004569024647779872,0.0021041256429768186,0.00382199135401957,0.0020622416861453886,0.0009150600686818961,0.0006644225432430966,0.0006663293686406033,0.0005853880711688197
2076.25,0.005053364233126074,0.0022640792424128003,0.004316523992271071,0.002246956042885307,0.00061599758272604,0.0005221050220352371,0.0003725693489984944,0.00043329337067091243
2077.8,0.0053006327464531055,0.002364884999651488,0.004563184020338343,0.0023691003432491625,0.0006802858324853775,0.0005712445261720592,0.0004300769074976383,0.000456040700946298
2079.35,0.005881099278264082,0.002430240238178742,0.005161845474823888,0.002439029982448636,0.0007788241104376957,0.0006795679890786468,0.0005128867766413334,0.0005658128820163908
2080.9,0.005927764900239973,0.0024133096356742513,0.005203435431996644,0.00243068114810383,0.0008585211374200837,0.0007607602333866398,0.0005667933315770314,0.0006518033924601546
2082.45,0.006380251074322476,0.002480510829623793,0.005683206128930393,0.0024969916027234662,0.00101294764909819,0.0007773419278952705,0.0006945031601184989,0.0006748404141861197
2084.0,0.006719288873612441,0.002506222689296009,0.006022144560626855,0.0025017657022850985,0.0012777079064716394,0.0008591213776898288,0.0009177042453728197,0.0007644009068510367
2085.55,0.0059482166457121635,0.002292820004662795,0.005180425371665377,0.0022859131393034647,0.0015256146201331271,0.0008930699292682997,0.001148182566207926,0.0008072654216748772
2087.1,0.005848075786817547,0.0021730376903591224,0.0050813512809624786,0.002126464326139934,0.001655988394931865,0.0008428614790084484,0.001261382882959195,0.0007625820001194828
2088.65,0.005751904128103526,0.002014904347723507,0.0049781157101335,0.0019350881130269792,0.0020066764401669808,0.0009259684967160696,0.0015930789730509072,0.0008552038165885124
2090.2,0.006249731564620788,0.0020674808993222595,0.005525347958679706,0.001984909958691303,0.0020245311229236318,0.000934761718165745,0.0015963396335768143,0.000890741902207584
2091.75,0.006073141422268571,0.001955853931397206,0.005312972044199321,0.0018691751317515626,0.0022281492307241117,0.0009399148152827592,0.001792138953850605,0.0009142075268321421
2093.3,0.00607161081521946,0.0017887866231628244,0.005288735890197308,0.0017156472184564485,0.0026007505054826997,0.0009488048594397433,0.0021626276702931607,0.0009225945966363994
2094.85,0.006902266704324027,0.001860103709653017,0.00618586389816744,0.0018313530477819333,0.0029241220213887214,0.0009244104142935123,0.002505842068403944,0.0009023403706093848
2096.4,0.007539389122564445,0.0019441179130425261,0.006867133610075392,0.001941552288725026,0.0032880619235549475,0.0009262193201398898,0.002901723281675346,0.0009162094159346319
2097.95,0.008329292799183662,0.0020597648582052278,0.007702368036420324,0.0020792741288095063,0.0037873391845950955,0.0009685661169461637,0.003434880444523465,0.0009671185648551247
2099.5,0.008511246373972983,0.0021853588187148373,0.007872062051829071,0.002244748469710379,0.004255527636959076,0.0010226357414397117,0.0039361215861879175,0.0010252214340600477
2101.05,0.009410664547413022,0.0022270292353832547,0.00889156823112463,0.0023072343714273967,0.004603637226184953,0.0010393356480296943,0.004304332191511838,0.0010498276238045297
2102.6,0.011317512586721796,0.0023778728959813616,0.01102237298893541,0.002460760138441166,0.004683076766665684,0.0009691316804942824,0.00437922359509964,0.0010022558612849328
2104.15,0.013410042964048767,0.0025138998525389682,0.013369254240771318,0.0025871691521684023,0.004939848101694819,0.0009533641498203109,0.004649022251772206,0.0010083780545153578
2105.7,0.015148045847046215,0.0027170814213510414,0.015315935255857146,0.0028032210708058974,0.0050843965927464775,0.0009395487652137394,0.004798421238987374,0.0010257814428944363
2107.25,0.016031242999354677,0.0028389636593655976,0.016303136621611466,0.00294089795225011,0.005830230017950584,0.000957309563663461,0.005613655415578542,0.0010475034921709888
2108.8,0.017648586336950472,0.0030245928563291044,0.01811989083357036,0.003142170402329839,0.006780433670103988,0.0009693294078098379,0.006655797044769369,0.0010483981329675626
2110.35,0.01938928789717336,0.0032360933732940764,0.020075102377950307,0.003379262466028621,0.008093396754796055,0.0009958870058020652,0.008101455180678218,0.0010521405550501942
2111.9,0.020241263065166958,0.0032462652853351864,0.021029937034955714,0.003395775582424384,0.00950062980839807,0.0010104448940073635,0.009653000534845047,0.001051739726031158
2113.45,0.020622715549789606,0.00307210066658891,0.021453731481699257,0.0032275482621999707,0.01104064819899784,0.001053517022248823,0.01135213987988142,0.0010797818457346185
2115.0,0.02146523579482803,0.0029649697174439224,0.022398153904121657,0.0031444283585976124,0.012580662309380127,0.0011026612718016242,0.013052337607860976,0.0011213306542170514
2116.55,0.02225857752441103,0.0030262937010654845,0.02328723939459896,0.0032576331443783264,0.01409261074681843,0.0011099758684235508,0.014721695395728951,0.0011273347940626175
2118.1,0.0245089469354486,0.003153359600740142,0.025821666309934002,0.0033967538116759957,0.015383482734030236,0.0010591093497478504,0.01614649734598578,0.0010960596714701188
2119.65,0.02649624237409032,0.003303654467852709,0.02806058714153792,0.003548569654658851,0.01679107436469552,0.0010716424072813974,0.017702181275777,0.0011459035107544437
2121.2,0.027995163571163332,0.0035037901218432908,0.029748340834056423,0.0037725543869473834,0.018588175798132392,0.0011091234902097912,0.019691228398802187,0.0012005337066693465
2122.75,0.029270487083582212,0.003654596153973106,0.031184943351713686,0.003937804801111188,0.02067097603549636,0.00116234497237001,0.021997509389525823,0.0012495721047697226
2124.3,0.03075327737016198,0.0037866413006979755,0.03285832353722253,0.0040830857009967894,0.02279411816157708,0.0012159544264175668,0.02434920200898104,0.0012838319968950602
2125.85,0.031847753422971664,0.003893362408672236,0.03409477866999993,0.004206812058550246,0.02486035145170572,0.0013268606040171972,0.02663894754689014,0.00138724185561365
2127.4,0.03249296989671712,0.0039052433078292843,0.03482536359435528,0.004236187424326069,0.026546179741116515,0.0014302437313729248,0.0285066675817971,0.0014949693536281518
2128.95,0.03232254381475888,0.0038090149019299113,0.03463422807387485,0.00414016293812297,0.027889076822841793,0.0015238226118003905,0.029994207120992274,0.0016078467228174977
2130.5,0.03151990083550989,0.0037458713773163175,0.03372927327284336,0.004094389450220694,0.02881459242045058,0.0016069861675331437,0.03101860857159995,0.0017053183289617215
2132.05,0.030641010569570172,0.0038387695623188062,0.032738818526006616,0.004207725248677297,0.029333596821879,0.0016616644074612028,0.03159156151167265,0.001761432055482777
2133.6,0.03199478337290187,0.0037479448247688322,0.03426762026291734,0.004034797803995887,0.029412871235524697,0.0017022934009400747,0.03167651533177017,0.0018104047335976725
2135.15,0.03152510845661426,0.0038360698608493754,0.03374010501228702,0.00410958874960506,0.02891670922557673,0.00178580145037218,0.03112316823336603,0.0019354305847278986
2136.7,0.031162532457692748,0.00383629369181339,0.033334964938221384,0.004090993560848232,0.028494004220737425,0.0018069038108575585,0.030651455635977657,0.0019540063062292255
2138.25,0.03099347160047986,0.003823344732275452,0.03314950848170957,0.00406253558203232,0.02805376852925366,0.0017852281735409488,0.030160368466065905,0.0019098130988376577
2139.8,0.029369526131916568,0.0037254476765094155,0.0313241907826916,0.003983786577094396,0.02721493396630682,0.0017287063177991993,0.029227175428082286,0.0018246269682843787
2141.35,0.028049958667082958,0.0035214519510165833,0.029843516248787037,0.003767653746661985,0.026083538749515807,0.001691594676571598,0.027970048074869865,0.001772660769332009
2142.9,0.025675242653566847,0.003362019869801849,0.027171628342992627,0.003628970639687568,0.024965178256075648,0.0016643089916799137,0.026728070160350236,0.0017243050890403584
2144.45,0.022519264899689997,0.0032232217164462574,0.023617683037955705,0.0035246646948323447,0.02372384385482911,0.0016421127694371963,0.025350983344701556,0.0017010896090854759
2146.0,0.020124048532553465,0.0030828167089893303,0.0209227083138499,0.003397631317648398,0.022625499097523663,0.0016460437988891868,0.024133192298872782,0.0016805702247928598
2147.55,0.01951711352447926,0.0029629474167994756,0.02024714199599756,0.0032246920817128287,0.021346724452297353,0.0016498395296336947,0.022715650504998276,0.0016672408747386612
2149.1,0.019226678737967424,0.002846116900689299,0.01993010008769037,0.00305236269760698,0.02021483505027464,0.0016866097425074186,0.021462376296980556,0.001699872940784337
2150.65,0.018138090033039,0.0026828139629425517,0.018713736616702465,0.00284721818546161,0.018720233671250548,0.0016369880758427893,0.01980748584825764,0.001659797321929468
2152.2,0.017545767356991173,0.0025750574906810986,0.018057720461398852,0.0027026288072614897,0.01741581151735498,0.0016234956607879317,0.018364034469521315,0.001641486750669826
2153.75,0.016492117297433585,0.0025091721224389844,0.01688357965376526,0.0026206008633108072,0.016004478578609985,0.0015357419277801344,0.01680313167620092,0.0015528337185608144
2155.3,0.0145716270463199,0.0024626157996332438,0.01473153934982737,0.0025780625430324865,0.014175654938478237,0.001394054709981137,0.01477887812167897,0.0014124269130417607
2156.85,0.01305048573330846,0.00237395579619424,0.013031231209209808,0.002480944705367908,0.012425415889175357,0.001241450724285987,0.012842335786225338,0.0012613008921945348
2158.4,0.01110793346446741,0.002223300352719597,0.010855931155453398,0.0023392542126218613,0.011071641315990678,0.0011440149297269457,0.011347317308580171,0.0011682898051591304
2159.95,0.009581500034873056,0.002070269976331522,0.009150430794946304,0.0021968162639629087,0.00987006566186409,0.0010689164514176965,0.01002190473236958,0.0010945986635071416
2161.5,0.008958414312366955,0.0019696149475616387,0.008465032339596334,0.0020842670825666166,0.008815094619546266,0.0010157156702030145,0.008859519105714569,0.0010284813056235407
2163.05,0.008934526706159041,0.0020300132541543245,0.0084550810067868,0.00212934357168529,0.007922806226051599,0.0009742633839146316,0.007878639877560333,0.0009775136474906001
2164.6,0.008650700473754653,0.0021048069026162646,0.008152509570580037,0.0022107288577185736,0.0074726424562984815,0.0009920295995589669,0.007389592600152899,0.0009777704903528124
2166.15,0.008600363296227008,0.002095941373007082,0.008083366518806635,0.002177394898520606,0.007030661245351728,0.001036617700013006,0.006910129630898033,0.0010139793503652866
2167.7,0.00810229678536279,0.002037010122958676,0.00755817045867577,0.0021158373688052257,0.0064455425108163045,0.001085056414939906,0.006272581463932859,0.0010612762290810253
2169.25,0.006931632209045476,0.001939937746606837,0.006299620345440698,0.0019784258447974015,0.00576716968545018,0.001061529128665545,0.00552976185765999,0.0010368227091760952
2170.8,0.005952331015742406,0.0019536595042838967,0.00525691780248039,0.001957686584786969,0.005089528324526357,0.000994549734295968,0.0047851085394008475,0.0009644397597607284
2172.35,0.004935442219490181,0.0019521648577138196,0.004169439466507953,0.001928387915690172,0.004322403142547906,0.0009048642588069387,0.003941735425503581,0.0008708321468199879
2173.9,0.004765968585849888,0.001955389293563585,0.003992580712909363,0.0018988165748569576,0.0035435863694653906,0.0008073499673822939,0.0031116938460469066,0.0007645011878010087
2175.45,0.004678631368227008,0.001922045381022282,0.0038812176923358303,0.0018561737487164506,0.00275563839759374,0.0007351908408610545,0.0022756016762594173,0.0006886874262418929
2177.0,0.00412077904718761,0.0017907439805655704,0.0033552688935169794,0.0017390346927306708,0.002106146632123323,0.00068883338898503,0.0015570332829156221,0.0006139912391246964
2178.55,0.003839081174211888,0.0016634784819230608,0.0031106157325007035,0.0016146023755679935,0.0016658387694955595,0.0006387997885007102,0.0011235606917181038,0.0005479400110120219
2180.1,0.0036134150710509104,0.0016287490216844972,0.0029395893357366852,0.0015923331648090484,0.001292177266435428,0.0005871194754497827,0.0008115098725289801,0.0005030365148727564
2181.65,0.0031647949380024624,0.0015466463932833222,0.002530631351855372,0.0015026430406692396,0.0010106328343830755,0.0005773796427426792,0.0005835657011171394,0.0004873840783204639
2183.2,0.0030493475539378643,0.001413322246463315,0.002450287867674712,0.0013137345703232834,0.0009352747097296682,0.0006026294457732812,0.0005408154525520229,0.0004955391038645907
2184.75,0.0027879270986388817,0.0013690454647512455,0.00222820951750043,0.0012353855665530654,0.0009532304072064054,0.0006157314854850627,0.0005917596010416282,0.0005203147210869685
2186.3,0.0022340158185175808,0.0014283305503547349,0.001677930127234744,0.0013197883741430845,0.0011219877266091874,0.0006748351969152792,0.0007718019605368838,0.0005916016994406867
2187.85,0.002491569612305596,0.001598338515490043,0.001958444057400968,0.0015113362525035607,0.001272669013233377,0.000736913386283592,0.0009133917124793402,0.0006620054281826022
2189.4,0.0033375155668442943,0.0018524616869589959,0.002825384510611625,0.0017870176853673622,0.0013134803683285219,0.0007756642865321789,0.0009511251503529147,0.0007085869579745533
2190.95,0.0038845742178163427,0.0019026052998907146,0.003360930676953571,0.001862942598622478,0.001227962541981238,0.0007331690850848413,0.0008549234068650706,0.000679631907863247
2192.5,0.0033595748212817394,0.0017314822327467079,0.002838535075254665,0.0017157188309170918,0.001321171592417051,0.0007784246239741965,0.0009254090501994345,0.0007076619158844207
2194.05,0.0037548812687347864,0.0017646651422199833,0.0032655900920571333,0.0017493354264645632,0.0014091511030486104,0.0008106359431510003,0.0010436249876395352,0.0007504637152815621
2195.6,0.0038537484369767453,0.001888993824844559,0.003385223172144448,0.0018705842423987226,0.001334636711911896,0.0007511092237319926,0.0010042685905250089,0.0007064370246509118
2197.15,0.0040150127227010215,0.0019685652466265137,0.0035599143473773066,0.001961949856761812,0.0015321670942141593,0.0009071133000706674,0.0012201066976214715,0.0008792945395611862
2198.7,0.004801105980461805,0.0021051132527901786,0.004366062483690407,0.0020830822535933312,0.0017351009016611362,0.00106157704772274,0.001431641253569032,0.0010419171432990155
2200.25,0.004600825109972726,0.0021097761463863287,0.004174071059171647,0.0021241037379317955,0.0017946130893545325,0.0011273235933595568,0.0014937359755461189,0.0011146060867853228
2201.8,0.004516280528238876,0.00208735945043505,0.004094777159163338,0.0021076553096621795,0.0018240386831239492,0.0011867799480742894,0.0015310231528730383,0.0011633768813724577
2203.35,0.004886461560266117,0.0021221738593169845,0.004481658601068203,0.0021256390673007187,0.0016915751756138488,0.0011511528961525579,0.0014007565294198688,0.0010975768105886269
2204.9,0.004892254905861675,0.0020400586490846684,0.004466192921965571,0.002031745545414288,0.0014115291867328856,0.0009964040271608651,0.0011267816488001352,0.0009173220378441849
2206.45,0.004335728165464055,0.001851063011386602,0.003891801618231916,0.0018524426348090247,0.0011651365826486771,0.0008598337107479067,0.0008964411345399798,0.0007773269660431067
2208.0,0.0030166021426403576,0.0016652017872997992,0.002500350851007196,0.0016697423096137577,0.0012505619210247587,0.0008772263276352426,0.0009900800413893986,0.0007898874455046614
2209.55,0.0030638097957353195,0.0017819764055681125,0.0025788053227609716,0.0017792277458420264,0.0014217016799133084,0.0009447301685051981,0.0011646146564035823,0.0008730598939753494
2211.1,0.0032999744214073055,0.0017900731863699768,0.002847111317933839,0.0017858010443048817,0.0013646544368910447,0.0008960018064173379,0.0011266014526058652,0.0008346848509338863
2212.65,0.004074084554813769,0.00183032162959453,0.0036706731475972727,0.0018211012252061694,0.0013451104905122077,0.0009252803304887365,0.0011313411416930077,0.0008784828487262486
2214.2,0.004143146859415794,0.0017839814640491529,0.0037546712595316546,0.0017755661063190533,0.001322036947877073,0.000938044329619715,0.0011217186561183555,0.0008924294197201839
2215.75,0.0039356826332374775,0.0017975768060823824,0.0035329438388527214,0.0018142150307035039,0.0011991983468677583,0.0008617476791606571,0.0010036009560099955,0.0008118457271563496
2217.3,0.004447243014163112,0.0018896325697424917,0.0040771934238052684,0.0019108743598657506,0.000945754727576276,0.0007372449515882434,0.0007550366172775327,0.0006777652540751206
2218.85,0.005207146818541409,0.0020341087814053174,0.0048775885792240355,0.0020466114033521857,0.0009091612035850661,0.000704577679069975,0.0007253824608357029,0.0006465195687324131
2220.4,0.005153651210280458,0.002009467061691688,0.004835287020534539,0.002037059225113411,0.0010260692692497624,0.0007268956173134922,0.00084511996567728,0.0006834637280995043
2221.95,0.004560315562934894,0.0018920706260789953,0.004222484440364477,0.001933571259736432,0.0015207211959483713,0.000909277461066744,0.001354843572224086,0.0008803223122240654
2223.5,0.004425406960722381,0.0018150647196416032,0.004082396449626967,0.0018435692466038224,0.0018977774290456584,0.0010169915657700747,0.0017340186869315738,0.000995954597357189
2225.05,0.004003308691954151,0.0016987190545651447,0.003624258538330946,0.001729639033274776,0.002126037325492163,0.0011316162194355572,0.001964416455637184,0.001123958154286482
2226.6,0.004666648011307499,0.0017218817816843336,0.004363879465744915,0.0017419937021225056,0.0021416119811245556,0.0011332651078809859,0.0019995378674465877,0.0011294230963795264
2228.15,0.005037452496117071,0.0017416788827220961,0.004762210377612732,0.0017589536907361958,0.0018412309426875358,0.0010363783541308873,0.001704935281264853,0.001026104588097889
2229.7,0.005493313498225168,0.001864365822943772,0.005300808306918958,0.001898586506006917,0.001732595365122431,0.0010329073566067942,0.0016027525150591351,0.0010209250996291862
2231.25,0.0064297733611090695,0.0020813348078224116,0.0063461615582188205,0.0021439003150193724,0.0015229632830738623,0.000960197744980014,0.001395021418129,0.0009407146617963787
2232.8,0.007789401190740677,0.0023277552348335917,0.007852552483163468,0.002397845945158907,0.0013912634282977733,0.0009430972302476573,0.0012622340818216355,0.0009237302650170949
2234.35,0.008798919815635608,0.0026646325326948298,0.008953426609254845,0.0027485424898804336,0.0014939336194631247,0.0009976986573202904,0.0013809332562934248,0.000988446973952302
2235.9,0.009080185015408714,0.0027239407114958755,0.00927552446467714,0.002825850322213029,0.0017691853832538568,0.0011008565891037182,0.0016748024010555596,0.0010986933695862344
2237.45,0.008384804100120033,0.0026067781454683294,0.008505128865232194,0.002703508068457905,0.0019044739922473037,0.0010831245260982739,0.0018199626104630287,0.0010847368583474489
2239.0,0.008266442412378084,0.0027163670296125896,0.008359494166299358,0.002824325223864747,0.001966152336673368,0.0010436929792569391,0.0018914575505511583,0.0010474881271610934
2240.55,0.006515458702997967,0.0023880206701704446,0.006436188211385815,0.0024706181767371617,0.002147946123798418,0.0010830389381269578,0.002088222617668454,0.0010874700629469975
2242.1,0.005754009765483922,0.0023365859888125895,0.00560183069218053,0.0024168528109658805,0.0021294610913574785,0.0010727764716572219,0.002067849476147759,0.001076504454004519
2243.65,0.005011234586141721,0.002162005586549345,0.004779054144174604,0.0022225147493178336,0.0020715267514389,0.001006906920295253,0.002018103934724922,0.0010107927481920495
2245.2,0.004959320286915706,0.0019799336216633334,0.004726800751927234,0.002007306109119039,0.0021137255864596667,0.00099195544713605,0.0020682470319288394,0.0009929259115765562
2246.75,0.005260699173202308,0.002021786263918113,0.005061563154605277,0.002051951732901476,0.0021468150922644112,0.0009899120542023123,0.0021020857040416497,0.0009850672462864496
2248.3,0.005125493682659822,0.0021197791005099663,0.0048955795936653414,0.002162559480305444,0.0020533341631445543,0.000997616276612492,0.0019996683429976715,0.0009821032090064825
2249.85,0.0051891074795699646,0.002194545960301815,0.004949016650005178,0.0022485862021365175,0.0017825871381436794,0.0009512657141778464,0.0017179086064697676,0.0009412981042421255
2251.4,0.006675176375510281,0.0024910905964393762,0.006593390845613579,0.0025727109601599908,0.0016542428574142765,0.000916358396295166,0.0015831980962361508,0.0008960454761874317
2252.95,0.007486298214399634,0.0026508085367784283,0.007506408188770258,0.0027465676034097363,0.0012154871140451805,0.0007353603709496293,0.0011217895246204645,0.0007095999527839096
2254.5,0.007970208049645098,0.0026681186283623055,0.008048682355044173,0.0027594185598956377,0.001027551286648089,0.0006728301063123925,0.0009269731358062274,0.0006471331344136337
2256.05,0.007852378845896407,0.002588311809118911,0.0079409615981286,0.0026592129780094254,0.0010152385330492507,0.0006901066718536439,0.0009198516564733057,0.0006690670164466572
2257.6,0.00828645131247026,0.002721934788586941,0.008424206212194908,0.0028000915700216234,0.0011609871026847004,0.0007444258013040151,0.0010779081217032634,0.0007218920987845497
2259.15,0.008192078533537421,0.00278436415882484,0.008329997428299592,0.0028705448630639624,0.001349102302135079,0.0007966412881979277,0.0012854389621738634,0.0007832159768378048
2260.7,0.007661246671726931,0.0027568843347763458,0.0077455331983270455,0.00283002568352284,0.0016029125125929882,0.0008602210099341932,0.0015581780151635912,0.0008526987552582483
2262.25,0.006620294059895993,0.0025479188368153277,0.006585167574628131,0.002600950563801637,0.0018104821510084748,0.0009195288340385164,0.0017770995237753001,0.0009127089867927219
2263.8,0.005750692213043956,0.0022506791015627936,0.005606047740001235,0.0022672754785172554,0.0019126884641958559,0.0009633949444873487,0.0018867535378322272,0.0009540103285223666
2265.35,0.005391819597917007,0.0021179702112606403,0.005203399873166329,0.0021221794751964673,0.0018567627148859639,0.0009591357217713165,0.0018312276783135338,0.000951700281701946
2266.9,0.006167766905580188,0.0022821377631501486,0.006068221562242622,0.00230725678862286,0.0018082836667964184,0.0009798504686065709,0.0017803308171910122,0.0009721448031967762
2268.45,0.006036549246405732,0.0022688052968179934,0.00591646268699159,0.0022936335228149344,0.0014972276803077238,0.0008955848131814767,0.0014528523984148097,0.0008875918233158805
2270.0,0.0054508732208173125,0.002125562880150191,0.005263656849227968,0.0021562021546466855,0.0011499192163296104,0.0007829358499551188,0.0010800210242842025,0.000766579890165412
2271.55,0.0053254961137780285,0.0020369011563524846,0.005112651228768677,0.0020613501018008104,0.0011211966008320765,0.0007540925307946482,0.0010475319888972807,0.0007211026788867974
2273.1,0.00549663302171168,0.002031866539254225,0.005287374531128986,0.0020583123687144666,0.0011340806603924514,0.0007819024868545229,0.0010603496886960825,0.0007415396226051926
2274.65,0.005293737208051429,0.0020194540213323313,0.005061125264114091,0.0020644866689549335,0.0008414611798659819,0.0006603757178881592,0.0007511781591241878,0.0006257401787898332
2276.2,0.005537674978042251,0.0020426476356867965,0.005328733147590637,0.002083324586271973,0.0008808074066745635,0.0006327640277565681,0.000796281972007026,0.0005980181906200246
2277.75,0.005639160408118843,0.001992316706640607,0.00543812776995168,0.0020416537068916785,0.0010061267492615935,0.000651258305448305,0.0009328359054510309,0.0006183696761932228
2279.3,0.007028586342722817,0.0021831097973115513,0.006941770811323523,0.0022161282459263482,0.0014354992019822174,0.0007907953670107498,0.0013975191313154447,0.0007664334355462471
2280.85,0.006931137231911387,0.002239612446326348,0.006883635196402177,0.002302544765532892,0.001631747661941816,0.0008222970477831841,0.0016048564371917132,0.0008044869808075564
2282.4,0.007017133438339904,0.002256536017834046,0.007018716244076005,0.0023329168777157096,0.0019469420784079022,0.0008852069588568165,0.0019503007292623546,0.0008761888145878983
2283.95,0.006524315285739912,0.0023069634002001113,0.006507500705413965,0.002395763916555061,0.0020356478827374415,0.0008956966174924812,0.002047316931456224,0.0008933416126201696
2285.5,0.005877815607656024,0.0021895927113576856,0.005808255659983405,0.0022582677589748535,0.002180479260100486,0.0009314624710110314,0.002202574772959459,0.0009273404984857395
2287.05,0.0049332070133942555,0.001859727266438727,0.004758852408217407,0.00186738237744552,0.0022486734240247446,0.0009409852270434348,0.002267905402795661,0.0009346660454416447
2288.6,0.005357309481053445,0.0019861022730005774,0.005230566538781829,0.0019744256643148086,0.002168612491982113,0.0009167360120453673,0.0021771659780335834,0.0009094273016741747
2290.15,0.005816303277920918,0.0022140395754319917,0.005725815157975571,0.002221370244681954,0.0021177998189041685,0.0008672466435613601,0.002126073428803411,0.0008581618304597726
2291.7,0.0060473908009002495,0.0023483131152861646,0.005953098862863809,0.002373499768367964,0.0024268591867284833,0.0009365467797728314,0.002464879239526178,0.0009296444129361459
2293.25,0.006300959262244787,0.0024351941633823726,0.006189141580008182,0.0024677660188509804,0.0026310059589596192,0.0009912754483741046,0.002688086890012479,0.0009826722619016863
2294.8,0.007523674122216367,0.0026505825155297793,0.007497970593004633,0.002674164600589054,0.0027687835302834056,0.0010384028450681866,0.0028371665766178315,0.00102661306057748
2296.35,0.007630963185889211,0.0025550390749320465,0.00764945569236949,0.002585141349174899,0.0025747335562508102,0.001019558698128587,0.0026222135729608766,0.001007328381166336
2297.9,0.007865328138541362,0.002418603565802798,0.007905165870561968,0.0024501870939706637,0.0026521400017596375,0.0010985420662348521,0.0027049242905214325,0.0010894860358412039
2299.45,0.007608712490601441,0.0024636625511107466,0.007622271033996633,0.0025214912923608554,0.002401096601468467,0.0010477564763663883,0.0024257331005508877,0.0010375241448643277
2301.0,0.0070436043042497965,0.0024533173161611897,0.00698924174549874,0.0025291533714707276,0.002304727766899185,0.0010185007280855381,0.0023192842338574586,0.0010036558329522818
2302.55,0.007003579617594137,0.002501458041829171,0.006937821221769672,0.0025776796467957947,0.0021337430472851532,0.0009661922946569789,0.002128079799536043,0.0009505302975930037
2304.1,0.007872544040981345,0.0026834182996174597,0.007907644598749753,0.002772902870215721,0.002274588036150232,0.0009820584844956915,0.0022766925974112865,0.0009656135309242592
2305.65,0.007933487371658068,0.0026544251975393874,0.007965892871275382,0.002725871359933277,0.0024148296867202144,0.0009669963850119899,0.002436365147789936,0.0009646848959044826
2307.2,0.0069884514727398764,0.002447428867007648,0.006935085773448428,0.0025058188275401717,0.0027583451732516484,0.0010456490850113632,0.0028179641831251674,0.0010549551058146502
2308.75,0.0056284055447753415,0.0022346218799391363,0.005429016646335189,0.002279987113115951,0.0026751887751615467,0.0009991299432923623,0.0027300606968057323,0.001012476156486264
2310.3,0.0056519145506256085,0.002195058016132143,0.005471375252072148,0.002225973036472311,0.002623293305889576,0.0009762889283959859,0.0026739630134154074,0.0009921080630191227
2311.85,0.0060738915587943525,0.002180078800537926,0.005949854296197052,0.0021839610063873636,0.002515989461894864,0.0009589191717808645,0.0025475954767114266,0.0009661285999242224
2313.4,0.006054897150658834,0.00211565132155072,0.0059256967775584615,0.002117326399504402,0.00225763646826589,0.0008623037335208169,0.0022655289385982253,0.0008707418813647983
2314.95,0.006361044953423799,0.002180468375648865,0.006264100021801948,0.0021956285677551387,0.0017739419959532559,0.0006997086384850896,0.0017335206695827038,0.0007041302032695226
2316.5,0.007223138900586971,0.00241910748764911,0.007214852850412862,0.0024624838413155226,0.0015552637732404331,0.0006939067665255279,0.0014905955820429992,0.0006963204546879728
2318.05,0.00861422773890912,0.002717526595337459,0.008741661561463271,0.0027783483484090277,0.0016072910146133895,0.0007661769509745285,0.0015425407958293558,0.0007532495810428964
2319.6,0.009369774442614493,0.002807013397463638,0.009567105485778169,0.0028806518157398053,0.0016576445545060953,0.0008220404368781709,0.001589495761910642,0.0008025871891166486
2321.15,0.009037038242192074,0.0028221128622972313,0.009180531414928193,0.002906193766795931,0.0017651704564178483,0.00084415907977537,0.0017051740914831148,0.000826191263207319
2322.7,0.008273716871054989,0.002753018704120893,0.00834067995743204,0.0028385150765986404,0.0019070606573484328,0.0009233491937151876,0.0018605955939615265,0.0009170393408055632
2324.25,0.0072197061455586894,0.0026413151665773574,0.007152582642262838,0.0026935694067022767,0.0020006628440209827,0.0009974915040810277,0.0019588483898012226,0.0009979465297594405
2325.8,0.006866417594194869,0.002487079475312798,0.006767039237891189,0.0025295873497764754,0.0021514463144263044,0.0010029731615647998,0.0021201972255344946,0.0010043941307828438
2327.35,0.00629643878691309,0.0023797258027246104,0.006136808410804815,0.0024059879111613448,0.0021387503267986043,0.0009146819636847572,0.0020995799548487563,0.0009003642082513818
2328.9,0.005449002461416061,0.002293528200730036,0.00518570777317791,0.002320053362634029,0.002138001371693528,0.0008628260398850512,0.0020992979998158538,0.0008512816978084481
2330.45,0.005644875454743168,0.0023700803404091216,0.005403004406169262,0.0024126370876479727,0.0019408971451882946,0.0008149840099774478,0.0018865171149995328,0.0008044660209192199
2332.0,0.005932744835972697,0.0023469414050804158,0.005718632722963592,0.0023709249977345074,0.001855929960004277,0.0008093195656761653,0.001794472866704466,0.0007991027665197805
2333.55,0.00644894030252976,0.002390803130889893,0.006279671264578957,0.0023999793989227416,0.0018204439439325002,0.0008417763749921956,0.0017546324716700605,0.0008314665560899248
2335.1,0.006277854501547671,0.002291288787115786,0.00608813898872086,0.0022870935725405146,0.0016226669762149123,0.0008190468107049407,0.0015319309881215272,0.0008037352483304873
2336.65,0.005766913132235,0.0021828962005890767,0.005514728188439071,0.0021887145609335024,0.0018144090462224977,0.0009063817281627245,0.0017363450487099363,0.0008813763141833793
2338.2,0.005350335904308912,0.00215256879498134,0.0050396494845242655,0.0021598031025327944,0.001687817475024353,0.0008613425513985823,0.0015948727508476616,0.0008371645425097249
2339.75,0.005121705017994288,0.0021298074350133873,0.004774514005909274,0.002111677881612977,0.0019184797885717165,0.0009432470385193452,0.0018418789167638783,0.0009232873821313807
2341.3,0.005774341930735434,0.0021838848350655225,0.005504985537946757,0.0021650898043907535,0.0020258255851772957,0.0009359400043075262,0.0019556087286273067,0.000921532374084749
2342.85,0.005845230548662469,0.0020632510076546715,0.005594121674192895,0.0020218670239567516,0.002240368156129667,0.0008972514467477037,0.0021859313810490217,0.000880682341916991
2344.4,0.005752991791323891,0.0020420538388239797,0.005497436441803313,0.0020050031489160266,0.0025852486850475543,0.0010000020891284863,0.0025565183913565533,0.000991211962353965
2345.95,0.006613607185889285,0.0021652925431072,0.0064670765296438145,0.0021317504397908,0.0026980245342037696,0.001026354519302344,0.0026778392409970288,0.0010115956650882532
2347.5,0.007252694241258259,0.002293341015025135,0.007181785369108374,0.0022617912794064728,0.002469026584159274,0.0009048438275259443,0.0024312869457687432,0.0008924395519811338
2349.05,0.008583408217920868,0.002685913375501428,0.008643821334398982,0.002681909545748093,0.0022868866970292808,0.0008511139240041361,0.0022346966323562338,0.0008405432934226761
2350.6,0.008553942572545117,0.0027913906968661034,0.00863562787053602,0.002806903736636652,0.002209533028582675,0.0008594391924548701,0.0021513468257290916,0.00085028903506724
2352.15,0.007776891163066395,0.0026591122895827115,0.007783250586296937,0.0026678969956871234,0.0021861749049445953,0.0008866888251818143,0.0021260225909391834,0.0008767340682473535
2353.7,0.00704679572115974,0.0025294420048375464,0.006947828474708326,0.0025247711568631335,0.0018730469937497417,0.0008368039667730912,0.001777543553432345,0.0008293832671384865
2355.25,0.006657135070094407,0.0023792008634718463,0.006472056488360454,0.0023341334485562234,0.002005841700393394,0.0008836716668924463,0.0019205083878196861,0.0008781905854181949
2356.8,0.006126022873089029,0.002284920617815884,0.005939766245548078,0.002243412382989138,0.0019972422554912885,0.000887596906255895,0.0019047442398774208,0.0008818056448606932
2358.35,0.004240675681076083,0.0017458015283602162,0.00389689868767322,0.001706736117429553,0.0021881341254380987,0.000932449960060762,0.002107881514200726,0.0009264622733149064
2359.9,0.0035727137207105433,0.001542090808221268,0.00317692613232785,0.0015018670039257038,0.002371523051711444,0.0009769232414632042,0.0023011538737810863,0.0009629437706085191
2361.45,0.003718767587267392,0.0015763927855746449,0.0033628025783130665,0.0015243019935692417,0.002642009623978243,0.0010426656763510064,0.0025921033620486377,0.001032258532077795
2363.0,0.0039352935170148505,0.0016037174189397331,0.003602398501630752,0.0015355456240358552,0.002601678915470925,0.0009640598851011508,0.0025521199178273916,0.0009565798431206781
2364.55,0.004422130977605761,0.0017086257977569678,0.0041261280410897425,0.0016253522805136599,0.0027310746674817227,0.0009739397450669153,0.0026948126910174264,0.000966142174012298
2366.1,0.004133433644251343,0.001729260127974394,0.003803980754161021,0.0016552240441654322,0.002938402682666985,0.0010335612254925445,0.0029222779353836365,0.001029348941396881
2367.65,0.004575455209270485,0.0019055944504281996,0.004251804048963984,0.0018412960462889777,0.002806239326990439,0.0010147075609087952,0.0027759432294424914,0.0010160278827335868
2369.2,0.005273485748060518,0.0020667231766040768,0.004949792841296683,0.001997053092324045,0.00244408934825133,0.0009083287731214877,0.002374243270658425,0.0009021168218640279
2370.75,0.005507339459995908,0.002182387278265737,0.005145629472752485,0.0021142446668209335,0.0023203562979854783,0.0009010670421367485,0.002236270958360513,0.000890732426531919
2372.3,0.006168326655799843,0.0022921035140731597,0.005915498223832112,0.002254049878931218,0.002223622668598571,0.0008656567266286372,0.002128252180014551,0.0008523911986701472
2373.85,0.006793200970623712,0.0022827428555551293,0.0065919607009700095,0.002267721311253624,0.002334355577714703,0.0009025077362055897,0.002249163472994386,0.0008881615651147714
2375.4,0.007659370857289944,0.0024319513598957793,0.0075550183971355754,0.002440711017587478,0.0024596850087358884,0.0009257266674263004,0.002386336707932288,0.0009128455234736647
2376.95,0.0073849359720850605,0.0024043100573734664,0.007258503813990673,0.0023770727682995746,0.0027334487992021154,0.000998129699063717,0.0026857507908075932,0.0009941686718044835
2378.5,0.007245814464339282,0.0023804651977064966,0.007109819909559339,0.002342399278526051,0.002717631152163201,0.0010016684023194781,0.0026685004144987347,0.0010017224749875246
2380.05,0.006663255064197493,0.0023032963139042366,0.006465870631785589,0.00225128907979245,0.002675661790992766,0.0010069769660960917,0.0026227834159703524,0.0010101147535855294
2381.6,0.006605678787985843,0.0022319815790391687,0.0064024387221056,0.002168004532680141,0.002725947829595419,0.0010377683358361019,0.0026773478101462887,0.0010422178317984901
2383.15,0.006856342416938333,0.00222751270041471,0.006679441423300236,0.002171930219242933,0.0025545008200347848,0.0009916933366710308,0.0024870548711092106,0.0009942035334495492
2384.7,0.006942722889169428,0.0022209023874282872,0.006764775018730597,0.0021841431604201346,0.002299708853277928,0.0009069867269478608,0.002204344665198503,0.0009057106323641884
2386.25,0.00742596104658221,0.002332181788726362,0.007286976816314192,0.0023006719333883694,0.002265364997862258,0.0008938474325038975,0.002164936580105481,0.0008902868780400121
2387.8,0.00842154170869487,0.0024960058732036053,0.008389006012000785,0.002485943168245591,0.002302523585285259,0.0008693422089858555,0.002203664726593665,0.0008649415628781818
2389.35,0.008271085285504676,0.002502362041094917,0.00820334258997392,0.0025120607279233336,0.0023171176407528844,0.0008830446672693635,0.0022168664774430474,0.0008779935705482135
2390.9,0.008107169465924253,0.002527633551113104,0.00802778689080041,0.0025379274262953212,0.0025002303175309703,0.000984749166904128,0.0024176971646176163,0.0009822077325371238
2392.45,0.007184929893352442,0.0024786356050382694,0.006994716742673534,0.002481251727395926,0.002725836330821858,0.0010735694010239913,0.002665031223136508,0.0010708496550825358
2394.0,0.007187911348242244,0.0026331569894973094,0.006999277551302985,0.0026451033815566706,0.0026694561294455183,0.0010633888960832614,0.002604069911674159,0.0010564500063589776
2395.55,0.0068697368992488225,0.0026882954823602345,0.0066436407489523395,0.002699282773966526,0.0026292580570049036,0.0010882167568493902,0.0025591940357436688,0.0010838635654454513
2397.1,0.007211919796487138,0.0028442250375214843,0.007028843901432766,0.0028756982803383097,0.0025343651894064907,0.0010772226674049556,0.0024535541347601724,0.0010731845758001734
2398.65,0.0072496610748885556,0.002815806847187989,0.007067955957655914,0.0028580376905012698,0.0025491606067278806,0.0010950218930853883,0.0024697216294761785,0.001094697388296922
2400.2,0.007662043991133816,0.002844749624810979,0.007520410778652438,0.0028952094850266943,0.002740623862683208,0.0011472577776916824,0.0026827505033379696,0.0011567545532869105
2401.75,0.007871648211358735,0.002849275120848212,0.007724484070293426,0.0028808316565205007,0.0029122968842136055,0.0011941208677055744,0.002872110403798987,0.0012099005129408253
2403.3,0.007298250054001993,0.0025651554738977678,0.007098750959612877,0.002598912290205792,0.0029931321209809318,0.0011438855834261289,0.0029618331564551024,0.0011588997001040437
2404.85,0.006098804161979158,0.0021855212395934446,0.005801139226711787,0.0022023492686047306,0.0030795093216744495,0.0011390042393914107,0.0030489237117111924,0.0011454918421884492
2406.4,0.005539012007716001,0.0020432736997075566,0.005208993859188898,0.002023538283683572,0.0030275868748075307,0.0011484629696108652,0.003004748304565761,0.001171847834153965
2407.95,0.004471737043755878,0.001794862981070028,0.00403865151336778,0.0017409065808432216,0.0028131595620524055,0.0010950672663725058,0.002780026333986282,0.001119760845958317
2409.5,0.004659264716834613,0.001900549467980831,0.004262237611655014,0.0018605524677739462,0.002400567855745381,0.0009589062301108804,0.0023317594355799164,0.0009707681443839875
2411.05,0.004302540853943871,0.0019036672393931658,0.003856742997925351,0.001871806871438084,0.0018863497369936847,0.0008045348874071387,0.0017676666179161796,0.0007992799216335524
2412.6,0.004961512431236713,0.0020451492170866967,0.004577577537790223,0.002028146447638189,0.001563936523393358,0.0007445568155239295,0.0014123894369389206,0.0007287249878085398
2414.15,0.005782101165616313,0.0022339683297549194,0.005462602362405366,0.0022305215265340894,0.0016428800089273545,0.0007844960085413783,0.0014975445215811673,0.0007670147753916215
2415.7,0.007315130127958385,0.00268376494226668,0.007116393668793496,0.0027126306038793894,0.0018936749787799962,0.0008628422157605517,0.0017674810257953632,0.0008520499697068628
2417.25,0.007777415015595376,0.0027930809731051805,0.0076028519002121105,0.002820509375420918,0.002085152848092965,0.0009063472894000784,0.0019644364391167967,0.0008925604246601676
2418.8,0.0076067879561260866,0.0027450073103399363,0.007432005655788586,0.0027887754221593225,0.002147554960815811,0.0008510698428416141,0.00204154770339075,0.000835540957076719
2420.35,0.007423619932245445,0.002798459553497915,0.007259210386804299,0.0028580329936673827,0.0021280363585558224,0.000855113838788243,0.0020236903132811773,0.0008399858948632462
2421.9,0.007170112520229626,0.0027637768428644713,0.006985742210336179,0.0028110437467879098,0.0019270311253272393,0.0007724115433626832,0.0018216049228122785,0.0007669841894851023
2423.45,0.007207926527580086,0.0028237934023186244,0.007018483349067296,0.0028622728486228555,0.001850509542485303,0.0007711349116287492,0.0017437598041511195,0.0007644858586355784
2425.0,0.006773312356026514,0.0026653472424031455,0.006540759383708532,0.0026782444768890805,0.0016320976997287707,0.0007558973563631221,0.0015079155173692554,0.0007477406238835281
2426.55,0.005953400971566445,0.002450197624110033,0.00561317757304889,0.0024315177545206567,0.0013506190236525347,0.0007024969070486385,0.0011966625112707922,0.0006882984005585479
2428.1,0.005469436713452558,0.0022341605870750394,0.005081199451224115,0.0022124064076884608,0.001418156779020446,0.0007776701634606454,0.0012651123010895126,0.0007626042997473251
2429.65,0.005103740760997044,0.0020814003525559907,0.004670032096918238,0.0020398390259483722,0.0017798582684053616,0.0009958996884612292,0.001652414282688753,0.0010025501229403964
2431.2,0.005287305065087244,0.002095713952015162,0.004864158595931979,0.002042309648511224,0.002014414288488347,0.0010830312082545127,0.0018973981705522264,0.0010968722170667032
2432.75,0.0055309900180324145,0.0019864672863091942,0.005150176097310638,0.0019137262696084089,0.0023253572991672957,0.0012326337286833531,0.002229956272023592,0.0012543278098052515
2434.3,0.005578498835155877,0.0019630749356019687,0.005209707438893677,0.0019220327438288691,0.0024949387982437644,0.0012307822876949143,0.0024147775364004487,0.0012530705976649562
2435.85,0.0063128265092573885,0.0021122682902133504,0.006028906449076475,0.0020934301546704876,0.0023830636461696806,0.001080314495209342,0.0023087342919338354,0.0011023820549308416
2437.4,0.006671458374472053,0.002241468721889708,0.006420237130973907,0.00224629478425818,0.002306522138011236,0.0009829728204943655,0.002235138179726505,0.0010027278109356772
2438.95,0.0071086639966319275,0.002434881526177078,0.006890614417439357,0.0024261881329292268,0.0022375822243356925,0.0009158708218740917,0.0021654742922928992,0.0009284164536121039
2440.5,0.006536573204956443,0.0023724951476107176,0.006246836857491766,0.002349873613274129,0.0018844245201497486,0.0007383565310155931,0.0017853974098286784,0.0007293300280913562
2442.05,0.006426333045696306,0.0024171989223373313,0.006111273309861172,0.002387214272888862,0.0016468107492243471,0.0006686800459013814,0.0015261588072392348,0.0006507898975697935
2443.6,0.006468069765198745,0.0025343233167307213,0.006166572872388384,0.0025341376468644063,0.0014773933813811274,0.0007182297671743127,0.0013400272815091542,0.0007044799545725024
2445.15,0.006793960282176325,0.0027052882921847505,0.006531067001900693,0.002734279663009453,0.0016376900278300955,0.0008169554671633636,0.001512958994784885,0.0008096471441175404
2446.7,0.007172056210185437,0.002845959304842015,0.0069521105757086085,0.00288534817154988,0.0016345329792098143,0.0007920958375244636,0.0015033162492766273,0.0007862910174790485
2448.25,0.007594136000948317,0.0029882292992270674,0.007418071774978513,0.0030428053285423144,0.0019084543501609213,0.0009046687222295084,0.0017936921448281724,0.0009050897165389298
2449.8,0.007641507217369985,0.002960891374713298,0.00747647674849517,0.0030145561687678368,0.0021504151323582994,0.0009941361351674387,0.0020449673373388,0.0009956754840313917
2451.35,0.007773610808826521,0.0028849012137662916,0.007623431113532676,0.0029223443554550962,0.002173557077799691,0.0009359067189007724,0.0020832401535481756,0.0009448708297653168
2452.9,0.008524194560618719,0.0030146310698922806,0.008425361309534907,0.0030602816050044335,0.0023424213162404305,0.0009774314472143694,0.0022645628864068814,0.0009887655121990093
2454.45,0.007741834075134544,0.0028412316549144634,0.007605629198116371,0.0028913793910036894,0.0024595453414416064,0.0009804127205580407,0.0023881759071461735,0.0009880847106230612
2456.0,0.0076782195579147335,0.00278024210751179,0.007552451927903928,0.0028200405261794683,0.002256320130579462,0.000896636562719946,0.0021762547676810245,0.0008972205775256996
2457.55,0.00737271302440625,0.0026358366486574627,0.0072744817366125715,0.0026844704200040944,0.0020494682969650255,0.0008323226205205108,0.0019575912242991936,0.0008244156574649492
2459.1,0.006922421997058171,0.0024195172137803475,0.0068126826797490665,0.002455807995736506,0.0018044624496338217,0.0007895179986023264,0.0016951568939938349,0.0007753367565932642
2460.65,0.006540105094470426,0.002161366398263469,0.006409338496932535,0.002185948465106864,0.0018864888787406087,0.0008132592555973141,0.0017856632880729525,0.0007962552201364489
2462.2,0.006674313644358538,0.0021661925562458956,0.00656564556900001,0.0021864640176485163,0.0018027559923222967,0.0008254738967958529,0.0016898356352488346,0.0008128204826388715
2463.75,0.006338764923633182,0.0021502636417542716,0.006175800426277066,0.0021729345863270933,0.0016567080949344754,0.0008108571975376363,0.0015394785591197411,0.0008131763751285476
2465.3,0.007153421286386726,0.002455837638267712,0.007051847596866969,0.0024838739878721597,0.001539431041348585,0.0007965643150456784,0.0014215981047922689,0.0008031392973552987
2466.85,0.007444580774365784,0.0026742492317887857,0.00733151447637344,0.0027057589355311443,0.0014695829083789436,0.0007158297074188975,0.001347482450689205,0.0007119293899030513
2468.4,0.00817026558937843,0.00292788388749032,0.008083300887510147,0.0029819115992484988,0.0016998622485822938,0.0008022536361945651,0.0015951043668327638,0.0007909939670837763
2469.95,0.007579047429927419,0.002843727120629343,0.007445111988263805,0.0029101078798750867,0.0017626181522650117,0.0008499026640236388,0.0016624706398387797,0.0008415770082852943
2471.5,0.008377942147625871,0.003042281445178753,0.008307384323383316,0.0031185367332851274,0.001640048883640182,0.0008175080327897771,0.0015339517646833834,0.000810046362839016
2473.05,0.0076701901065521026,0.0028550401920936714,0.0075429899743582555,0.002927381592231362,0.0016517955920156903,0.0008053132814050376,0.0015399323172594647,0.000798819394037596
2474.6,0.006859138269291837,0.0025888433484876038,0.006636944835820927,0.002634973977916017,0.0018060778921895984,0.0008575737332913982,0.0016991545215228716,0.0008535966132191305
2476.15,0.006688896265929286,0.002324241502620219,0.006454817721486188,0.0023419358855442858,0.0020287142359323323,0.0009103148279881355,0.0019274852887512163,0.0009054558926562971
2477.7,0.006933743830631184,0.002357036428041071,0.006719457532403432,0.002357882497440163,0.002112690941291809,0.0009206367355415431,0.0020033554045641574,0.0009108610852984046
2479.25,0.00644294411153996,0.002290110977109516,0.006149367206908693,0.002271415215422256,0.0017920172921335761,0.0008300066109998697,0.001672818149381826,0.0008203606834419655
2480.8,0.006033639238731251,0.002222308666502115,0.005753287852413292,0.0022015581369716378,0.0015912039582125547,0.0007537614623743209,0.001465401289310656,0.0007332520287604476
2482.35,0.004810732717246194,0.0018780450857817238,0.00443943200280357,0.0018367726691689533,0.0014374944891798669,0.0006696419968148763,0.001303457784363956,0.0006396324908584657
2483.9,0.004152177532490754,0.0016629660370216634,0.0037204250523446654,0.0015855224384570066,0.0014771337939437894,0.0007240611485292779,0.0013502720111938933,0.0006983248472705234
2485.45,0.0032744206873187376,0.0015854679791613337,0.0027608247472842317,0.0015083616368151106,0.0015766111389983145,0.0007725935597516915,0.0014596149002268474,0.0007521938476762758
2487.0,0.0037889040459905565,0.0016142200468132089,0.0033414455790294257,0.0015473292752490077,0.0015324025810752374,0.0006839019982929548,0.0014112543057960853,0.0006655693860077617
2488.55,0.004269170600461707,0.00168265913114213,0.0038756457406450688,0.0016415296516798853,0.001797655729430964,0.0006949333273527816,0.0016980926280852242,0.0006915961516733652
2490.1,0.005009792856988038,0.0018452182181187308,0.004681408206264973,0.0018402706373814358,0.0021746869462393684,0.0008225508288205147,0.0021034622734553803,0.0008306934915093973
2491.65,0.005984094911012377,0.0020642401022753186,0.005733761345773458,0.0020956650384049836,0.002449785868979037,0.0009217944138505826,0.0023917694778154957,0.0009352889569774578
2493.2,0.007030285126756357,0.002439233279851241,0.0068443901237678325,0.002499321573727707,0.002537044407238781,0.0009996706483882715,0.0024786150738618346,0.001010854883540871
2494.75,0.007880629858211812,0.002720130669400773,0.007752934976506879,0.002783086437435208,0.002154789609605682,0.0009297139640922126,0.002086124088628748,0.0009424220013874171
2496.3,0.007596220924190311,0.0025907723861221506,0.007468982156892005,0.002668361537892945,0.0018727201721289626,0.0008365288610273601,0.0017905064826032589,0.0008390094572204065
2497.85,0.00688424692630204,0.002345929111655967,0.006659099858403875,0.0024117836133552865,0.001490622334759368,0.0006806438997319561,0.001382358107520799,0.0006651293869032246
2499.4,0.0075593739650472195,0.00257106833830858,0.007393024660663637,0.0026401779839227554,0.001321187216903026,0.0006704419850009311,0.0012000952737155441,0.0006491420430032991
2500.95,0.0071231502313810965,0.002580674568465882,0.006913516358535476,0.002648272799982754,0.0013709917779559638,0.0007153919502175682,0.0012516171679624818,0.0006907820596440403
2502.5,0.0069701681890480365,0.002587001500960783,0.006773344303173844,0.0026487634824282763,0.0014620770620519875,0.000725493319045367,0.0013494663168735468,0.000705835263666399
2504.05,0.0064230423734058135,0.0024299415701834345,0.006181818168145695,0.0024443896155929164,0.001977136680850845,0.0009159367785537082,0.0019027878975024436,0.0009204710044531615
2505.6,0.006509978183057665,0.002546870471594378,0.006256117978859397,0.002529166594901235,0.0024647885542131904,0.001084292596448702,0.0024194963907130267,0.001099694371596169
2507.15,0.005507280482198765,0.0022785840218173493,0.005182587605822644,0.0022358327279239127,0.002621991808945427,0.0011518272007688542,0.0025810725952320024,0.0011777970640101895
2508.7,0.0051986244753219205,0.0022721292920865658,0.0048714142929016345,0.002231082756957612,0.002636405398640639,0.0011544924669686957,0.0025917166437261015,0.0011804908122255663
2510.25,0.005511606375241287,0.00231015110031658,0.0052418737212782075,0.002277878852546723,0.0024684518062944192,0.0010729307018841094,0.002414685434472565,0.0010952898312697056
2511.8,0.005544084159214139,0.0022251824333214395,0.005285232046622458,0.002191921688228288,0.0021563245996580917,0.0009402698827836476,0.002071767299795774,0.0009501884248678526
2513.35,0.0058255007719095085,0.0022292656934437775,0.005575835132226854,0.0022228360513475488,0.0018665693109406,0.0007760359570691856,0.0017530479672016686,0.0007681687709611128
2514.9,0.006401893150137637,0.002338130581030565,0.006200251112276961,0.0023483049066405715,0.0018378867365799138,0.0007903959967601523,0.0017181986033078691,0.0007775460068004873
2516.45,0.007366017218037255,0.002526159193981251,0.0072343576087325265,0.002525721669150505,0.0017406638754719533,0.0007621440328783437,0.0016079350482855338,0.0007487644380609975
2518.0,0.006829558036019394,0.002363316306183011,0.006669352889117925,0.002363057455704066,0.001863405923633492,0.0008000478853929932,0.0017385553004352825,0.0007943794510109988
2519.55,0.006852095167530795,0.0023379517150230456,0.006694866869483542,0.002315882723707294,0.0021008224768730944,0.0009287564215767378,0.0019930387281885007,0.0009321191122331987
2521.1,0.00720933909514186,0.0025046197786838744,0.007070975026582419,0.002472234411969739,0.002275775917032574,0.0009982177132978243,0.0021816289679824907,0.0010069630959976283
2522.65,0.0063551031967811035,0.0023661478009056594,0.006161991806336134,0.002340245649990144,0.0023279053067737717,0.0010571385480612327,0.0022437376636530015,0.001073124521990445
2524.2,0.006508319123030699,0.0025497674533140344,0.006325177333753571,0.002546451425394942,0.002320576775808577,0.0010281815352376684,0.002236634627661997,0.00104139562383587
2525.75,0.00682216549830197,0.0025706157687956175,0.006657052328457753,0.0025932724548477586,0.002278507640955862,0.000998471963062102,0.002188347963536359,0.0010052008092236333
2527.3,0.0063623534350989745,0.0024603463381359337,0.006164936364207305,0.002497854889781329,0.002130391702666966,0.0009539619009611151,0.002025432678255095,0.0009527853901939332
2528.85,0.005683975259510465,0.0023337721992874013,0.005398722642639326,0.0023537105083373034,0.0019211293122053303,0.0008599909263872096,0.0017962272842017202,0.0008481824650292493
2530.4,0.004775510853873088,0.002135898338090888,0.004376604201894412,0.0021334051589695416,0.0019090286653740103,0.000878599964835433,0.001783253130370136,0.0008683166202869881
2531.95,0.004898443037047384,0.0020649953342689225,0.004488863462662138,0.002028855918206021,0.0019204902301093252,0.0008300654749654508,0.0017972665685777691,0.0008181875796414805
2533.5,0.004865978641793477,0.002037184146029765,0.004474585982401387,0.002017274985988801,0.0019781915421074963,0.0008151867126359564,0.0018597788153134282,0.0008069486946463757
2535.05,0.00552292917871953,0.002195489531592594,0.005219143788191509,0.0021770154325314725,0.0023264337575761352,0.0009750185129864601,0.002239344752244517,0.0009847029512447918
2536.6,0.006113118876468236,0.002298064418555,0.00585525854955112,0.0022709747269396576,0.0026155978571897115,0.0011099593182619409,0.002552026644990423,0.0011275919678970148
2538.15,0.005820661132567243,0.0022344117239140454,0.005543831200092473,0.0022151891541874013,0.002564204195544803,0.0010920467295599048,0.0025057751104569197,0.0011127936852834545
2539.7,0.005881070501366785,0.002301066009605477,0.005603157267753651,0.0022813547538622276,0.0024561103906180896,0.0010243797806939337,0.002392071333958607,0.0010406763913019114
2541.25,0.006069808086246522,0.0022958755726380964,0.005812102094473585,0.002276933603809764,0.0023228411416861194,0.0009782114719643115,0.0022448116508560333,0.0009846379220198869
2542.8,0.0057844593437283535,0.0022338792369877183,0.0055230038799225075,0.002230682614847461,0.001973765382678556,0.0008397033293241276,0.001869988975596579,0.0008351436618519149
2544.35,0.005536330722265752,0.0022475099944114676,0.005239596749127737,0.0022750052143393155,0.0015240089145908253,0.000659944704421404,0.0013794343849651918,0.0006376181520229413
2545.9,0.00582983199965364,0.0022307169359274295,0.0055513259202340645,0.0022485992324705285,0.0014468024234439959,0.0006575958454110464,0.0012975890189083244,0.000632011081485147
2547.45,0.005822901714042165,0.002177310477474783,0.005527014559630514,0.0021835185033786744,0.0014470336417151573,0.0006828007309594724,0.0012961784233128369,0.0006569038007549806
2549.0,0.006609116683838162,0.002299391486914362,0.00637972327258677,0.002282380067559941,0.0013272915586415388,0.0006793217200048594,0.0011586279145924284,0.0006534412353016477
2550.55,0.0068727015703289665,0.002469778263001177,0.006661007482677148,0.00243977794161539,0.0015459609657648443,0.0007679179249481621,0.001388813316882947,0.0007460503666095803
2552.1,0.006731271247467007,0.002457333227403608,0.0064749810926988125,0.002407342044460417,0.0017045003423966914,0.0008962592968867624,0.001553401063085185,0.0008791419981321986
2553.65,0.005904985914679318,0.0022312281438999037,0.00558003495099753,0.002191110920397779,0.001735972135535291,0.0009273761878216279,0.001591824054617825,0.0009201224650929533
2555.2,0.0052020923521626265,0.002100186254001543,0.004801563694043531,0.0020610779367478023,0.0018700387820776796,0.0009598207599293011,0.0017336951691794198,0.0009561089033522674
2556.75,0.005563287635069076,0.0021453095461555567,0.005214345804161935,0.002110430906413805,0.0020353932632480995,0.0009833219338605695,0.0019109069371604614,0.000981841149767685
2558.3,0.005802718325591931,0.0021398093270446465,0.005480274474557203,0.0021004331448104506,0.0020711940260619488,0.0010008087891997602,0.0019525875406542562,0.0010011641616120873
2559.85,0.006148129458733625,0.002186994331685534,0.005864504810168117,0.0021599412068952525,0.0020606615561047583,0.000934083971726419,0.0019372297803311707,0.0009280766754370954
2561.4,0.006047027693456815,0.002185715494229453,0.0057444798530939915,0.00216530364753448,0.0022680874657765734,0.0010234736011700838,0.002164721580493105,0.0010249740308058506
2562.95,0.006487730605775705,0.0022175609465194673,0.006245885412878881,0.0021934564239346937,0.0024990860966842415,0.0011053030205452003,0.0024112434126813075,0.0011085814414887722
2564.5,0.0067385961907339385,0.0022910327506264067,0.006518276405680458,0.002280817609825641,0.0024043784503780157,0.0010720996889499908,0.0023146127494965353,0.0010823777752389722
2566.05,0.007200738544286282,0.0024826478210183164,0.007022040772136559,0.002477404682139444,0.0023599926379713537,0.0010316996189297521,0.002271192365489233,0.001046273597292397
2567.6,0.007716882968837031,0.0025884099998306626,0.0075944488500039094,0.0025741577412769392,0.0022574386882332096,0.0010041214962430395,0.002160580455506405,0.0010186837249259535
2569.15,0.008175144796366551,0.002542316462887954,0.008110659756777227,0.002511492497636655,0.0020047058051769454,0.0008877072450536623,0.0018869946531056294,0.0008937130529146905
2570.7,0.007988214771913214,0.0025431297106365243,0.007904430765980837,0.0024929503240979528,0.0018064416141640302,0.0007201951280100174,0.0016708003465799354,0.0007088719401046531
2572.25,0.008840159898741033,0.0028695788329808182,0.008861597468529301,0.002858072650140101,0.001940891946116123,0.0007581264842899799,0.0018182111770560373,0.000744791633092676
2573.8,0.008836867153768493,0.0029804232719499793,0.008853422812217251,0.002985621648090195,0.0019249192898759917,0.000739100874095592,0.001799152176684935,0.0007276345249552807
2575.35,0.008649363190116284,0.002996663021738707,0.008638071743556398,0.003023184433523304,0.0019181658540243058,0.0007230928639021869,0.00178718460631411,0.0007174969683700627
2576.9,0.007725427201906991,0.002796281490569498,0.007599356826561286,0.0028269724053940587,0.002048848840737347,0.0007744272066032354,0.0019244239665006952,0.0007713031678376343
2578.45,0.007129682632182083,0.0026091694144592045,0.006939037624226211,0.002637665764239101,0.0024017651249797585,0.0009254345313889017,0.0023059042403016,0.0009252718184486707
2580.0,0.006755467319469032,0.0024132517350484717,0.00650637446527327,0.0024084138260278775,0.002446693966709056,0.0009472363323944651,0.0023613903608115496,0.0009491149580222132
2581.55,0.006421771860104852,0.0022796256350104223,0.006134281970054445,0.002238896482131763,0.002535322328309826,0.0010114682985166894,0.002459570367791119,0.0010186359171680483
2583.1,0.005780409801707038,0.0021803727199247074,0.00546603909966234,0.0021193710950274157,0.002595010141001446,0.0010452145234315835,0.0025229060604373054,0.0010501058134839707
2584.65,0.005266505178716153,0.0021133459082147525,0.004928298993274022,0.0020158059077799626,0.002520937687441737,0.0010537297525839776,0.002432979805406371,0.0010535334988744506
2586.2,0.00506143636825326,0.002197347022490674,0.0046924325753416865,0.002055397014089045,0.002380336629650204,0.0010575201549972394,0.0022852756202741036,0.001055175036814188
2587.75,0.004624664239281606,0.0020542731777450376,0.0042495904902147595,0.0019017848188794362,0.002165546231917567,0.001026404663311564,0.0020598734457047065,0.0010217566886811889
2589.3,0.0042457741895556515,0.00200234891545781,0.003850761964149211,0.0018680759606011087,0.0019147499340483674,0.0009507182859764218,0.0017938583905761796,0.0009368924959346006
2590.85,0.004260828119873636,0.0019370260551027788,0.0038713678991116962,0.0018170366175261304,0.0018749116176684617,0.0009361276499623085,0.0017558490021095695,0.0009200464767110539
2592.4,0.004636899464712598,0.001953240032348692,0.0042815918124821965,0.0018703217493143908,0.0016657133701385627,0.0008295929123420943,0.0015282678596183694,0.000810691213431405
2593.95,0.0049574504041911376,0.002051010797057892,0.004616975396430037,0.0020176164494560755,0.0018788104819838882,0.0009076128187208898,0.0017606060581922913,0.000892967424457242
2595.5,0.0064857098462698225,0.002326472498857808,0.0062882425348661265,0.002303240319125895,0.0018822904851033676,0.0008636551068769725,0.0017658155113701476,0.0008465072489286529
2597.05,0.007512311337546801,0.0024526901781182593,0.007417053092041159,0.002420612857112429,0.0018873254325953485,0.0008280169628542419,0.0017694712436099405,0.0008129696429405621
2598.6,0.007356765495005164,0.0024698597014033387,0.007250825842123919,0.0024449693375602315,0.0020849775999580715,0.0008770599034357938,0.00198045913339374,0.0008638183581133039
2600.15,0.007890574581446734,0.0025897767339254293,0.007826256367629958,0.002558125484426149,0.0021678191987130973,0.0009210701069085097,0.00206109547241858,0.000908763635784683
2601.7,0.00803238943302733,0.0026299470146552324,0.007953701295667222,0.0025940040490833667,0.002134901709508786,0.0009096026530688727,0.0020323079559315944,0.0008989493032871547
2603.25,0.00768379194545413,0.0025691207889838356,0.007596181160268769,0.002549152749391581,0.002196263923074863,0.0009240859336406776,0.002103679828597027,0.000919249776888907
2604.8,0.007396041349124048,0.0025568216086222987,0.0072775086567241284,0.002556662948885684,0.0024299497326187936,0.0010087476101487633,0.0023599784260798563,0.0010067273607405726
2606.35,0.006954389538977217,0.002466640461076538,0.006784575377844207,0.002465510443212188,0.002625192802393298,0.0010680236082115243,0.0025730942263735668,0.001069419478590479
2607.9,0.006637273093991949,0.0023696209256564944,0.006430069463782573,0.002355742594908891,0.002422441950967993,0.0009421578045356461,0.002347843829943538,0.0009325025072609924
2609.45,0.006501211437888509,0.002324453436008093,0.006276640663933143,0.0023178302771211167,0.0025087694331519792,0.0010037624992757623,0.0024384690961509496,0.0009929761870813678
2611.0,0.007272879857761789,0.0025211186177812985,0.0071447042409861425,0.002512651323820121,0.002287524368594148,0.0009231714371567851,0.002200780400262371,0.0009053394214624528
2612.55,0.007587543113419261,0.0025655885729678938,0.00749953046851146,0.0025508595089411283,0.0020129690227179992,0.000882589055279783,0.0019005007452990031,0.0008615224289417391
2614.1,0.007569440348885174,0.002692409025436899,0.007485255406380179,0.0026924240762693317,0.0020205145007234776,0.0009106612549551598,0.0019105316938332932,0.0008888788322066732
2615.65,0.008331635690558468,0.0028200753519476347,0.00833095507434178,0.0028209901094226543,0.0019267035037910517,0.0008960828012131519,0.0018086133403013142,0.0008777872137216401
2617.2,0.007937564137921975,0.002537131834776323,0.007909157303649543,0.002507185942922571,0.002014305397836076,0.0009231770658736386,0.0019029225355138195,0.000904025000858596
2618.75,0.00821452775571816,0.0025254786722406154,0.008235885998967667,0.002493539364682589,0.0020270858287110365,0.0008957229691188946,0.001925045077316826,0.0008795649926112725
2620.3,0.007977874973092445,0.0024340829224389813,0.00798232284180784,0.0024084007902896117,0.0019801904625982893,0.0008405013520358025,0.0018785644236936042,0.0008258487561233788
2621.85,0.007728286782236945,0.002355470835238204,0.0077098170808267774,0.0023255482189493346,0.0018725344011885647,0.0007847072423817121,0.001764643833132359,0.0007656531052659789
2623.4,0.008299717950048902,0.0025628303275091833,0.008294759082910448,0.0025312505016716843,0.0017563498620844192,0.0006929631215290823,0.0016382156008863944,0.0006645816756815392
2624.95,0.007942097871077169,0.0025219538620810584,0.007967402588918917,0.002520135451986958,0.0017159787122420854,0.0007216362366437317,0.0015975142675097177,0.0007014630090919218
2626.5,0.007740118770586012,0.0026113054788609955,0.007798640332824005,0.0026401117360308254,0.0016785017063393865,0.0006898742196743842,0.0015607902336028606,0.0006673259944774997
2628.05,0.007283897045518731,0.0024508952214768827,0.007309766520595357,0.00247324523448784,0.0017938439217965283,0.000765251198877253,0.0016896078948248922,0.0007442121431957876
2629.6,0.006460537433686088,0.0023262306519759757,0.00642089276150361,0.002341495251758238,0.001968292772328841,0.0008266486456899905,0.0018807968200030166,0.0008077178867571367
2631.15,0.006204066994759597,0.0022023592345595828,0.006133310845247451,0.002201296702251163,0.0021081054389889666,0.0009099101315432612,0.002032117918731407,0.0008988027152305501
2632.7,0.005057090586052541,0.0018840071032559787,0.004871798858728862,0.0018675669665168058,0.002313915606456917,0.00098161934215997,0.0022545847070659666,0.0009704336984589443
2634.25,0.004905331754779228,0.0017548635531611121,0.004692145383452199,0.0017089416181207645,0.0022654074937148456,0.0009658407716289821,0.002207392189545764,0.0009645483956491326
2635.8,0.0040481386525100084,0.001618907055827671,0.0037072874044231357,0.0015495658319686955,0.0021947121077644334,0.0009603296373907923,0.0021309302219431757,0.0009635389948311333
2637.35,0.004437703141009804,0.0018133080751061234,0.0040999627183109155,0.0017392510774898455,0.0020388729707137773,0.0008741588126896399,0.0019594039495694844,0.0008728054836278119
2638.9,0.005673663163687506,0.0020760482730321304,0.005417565671735758,0.001986797202735678,0.002169740862623418,0.0009310526652247156,0.002101538536260091,0.0009259799136865584
2640.45,0.00592629601060877,0.002104441418847371,0.00575876225744289,0.0020366153025327175,0.002017726063559985,0.0008557238857594197,0.0019424862549783316,0.0008510132079162922
2642.0,0.006681991948729918,0.0022591850022271056,0.006597172148401804,0.002205581148374574,0.002009065502270254,0.0008232166748785961,0.0019384450066580062,0.000818700913074936
2643.55,0.0073789540628395826,0.0024322172339398458,0.0073570658107989986,0.0023869696707877106,0.0022075777275213843,0.0008892708141121732,0.0021589628892073826,0.000886106281876283
2645.1,0.0078773416622667,0.002550756443190921,0.007922831959534596,0.0025327504300878606,0.0021939801178300997,0.0008763280405991805,0.0021486047148639967,0.0008731288956152441
2646.65,0.008545598501804448,0.0027169373268658478,0.008658722508401545,0.002715429515717713,0.0020812995161058933,0.0008084202368510182,0.0020320936671735664,0.0008088063222208864
2648.2,0.007952705707245506,0.002582296938110084,0.00799782814808659,0.002586580587976222,0.002093217606479299,0.0007936771890701449,0.0020517959987186064,0.0007928093820482766
2649.75,0.00824049720532603,0.0025320394931331717,0.008324138649433212,0.002527844847984868,0.002053943836212111,0.0007794681101459502,0.0020128216276096276,0.0007757863459620205
2651.3,0.007812143435229262,0.0024421381132656355,0.007842464545503232,0.0024120235375301078,0.00191499737429278,0.0007672147969249555,0.0018611100102949583,0.0007595112951015744
2652.85,0.007722023376424728,0.0025122105320607214,0.0077456604013065675,0.002490629815446287,0.0017690267705042643,0.0007284291563431565,0.0016993497546025386,0.0007205275400607669
2654.4,0.007114526014560348,0.0024358471646200343,0.007089102505263405,0.0024153600214652173,0.001990896096329174,0.0008565104787107361,0.0019419056206448862,0.0008471470895787095
2655.95,0.006832218870221649,0.0023755546515742934,0.006782180391030274,0.0023344440422077154,0.0019827465179201673,0.0008695365395989997,0.001937081570327918,0.0008629207682716917
2657.5,0.005909753434366583,0.0021919170606093637,0.005776265625033308,0.002135441885041993,0.002008333783672696,0.0008959343990237339,0.0019647203034740975,0.0008888894722790746
2659.05,0.005098058526277117,0.002010987604296485,0.0048849026944454855,0.0019486854956786992,0.0019599846596587427,0.0009154755447939479,0.0019102778868642712,0.0009060642551141066
2660.6,0.005451752843572427,0.002093487729675044,0.005277513682215323,0.002031879440719195,0.001795657260343781,0.0008746670004782161,0.0017334342166514497,0.0008639729268255408
2662.15,0.004437592467708622,0.0019470899963918162,0.004160636536416743,0.0018707779918977498,0.0016960489460527705,0.0008263784480918626,0.0016290036478238473,0.0008139044646866722
2663.7,0.004461390191732381,0.0019114958763770018,0.0041844804015510155,0.0018279944100094122,0.001957950520551302,0.0009234889914779963,0.0019204817638590879,0.0009140184354769644
2665.25,0.005058185812832723,0.0021026063860077973,0.004869308719469365,0.0020431384442179197,0.0020860401734329047,0.0009789027373975118,0.002064442017546475,0.0009768272478372572
2666.8,0.005464038555134024,0.0022357331706840847,0.005314879909134961,0.0021787520213436534,0.0020784973434291487,0.0009680577400568401,0.002057857148807836,0.0009636315267805285
2668.35,0.005209058030187503,0.002146275092035896,0.005036758188885758,0.0020698914001009753,0.0019689987489987485,0.0008687951096325385,0.0019436329948736902,0.0008604273979284493
2669.9,0.0051855500786123256,0.002193020696238093,0.005020738050854493,0.0021274410050700298,0.0020001784279794184,0.0008680265697126839,0.0019823718197462285,0.0008562920176370949
2671.45,0.0053990384083040036,0.002226355077605624,0.005246605673152208,0.002161167415778343,0.0020324375784832468,0.0008884809252317683,0.0020221925334031436,0.0008762600398679627
2673.0,0.005129093600974358,0.0021025387470382504,0.004945650851477398,0.0020424213856678826,0.0018356480063577926,0.0008366404853220291,0.001807822463101875,0.0008202348352236512
2674.55,0.0056747949736190885,0.002179340814105205,0.005539020154601808,0.002154534290057314,0.0015509295041164462,0.0007380804500947797,0.0014971422208084157,0.0007209345718365159
2676.1,0.006490827279192202,0.002506670504427717,0.006429706017796046,0.0025357346733479594,0.0016213228376248526,0.0008308160042933625,0.0015763285504265348,0.0008239433360407174
2677.65,0.006083676785230042,0.002472869914348546,0.005978792337595215,0.0025046809671626464,0.0018517266743543572,0.000919829365853173,0.0018283019636453463,0.0009129055385607425
2679.2,0.006857921894707151,0.0027336777995957753,0.006828530391907485,0.0027760965334222886,0.0019982461842209093,0.0009552977721448421,0.0019910513496738023,0.0009500966278375365
2680.75,0.006767863707000316,0.0027336280163321714,0.006738780137755256,0.0027677466005452023,0.0021603410774244007,0.0010746195157645437,0.002167151156279859,0.0010724833958808523
2682.3,0.006395023535096561,0.002682597757075524,0.006328686215379027,0.002691297008155533,0.002083548156311522,0.0010545107998313073,0.0020904130873269106,0.001053079963737873
2683.85,0.006064615372301344,0.002592530495964509,0.005971776749406882,0.002584027204433936,0.0018286767453565321,0.0009150533976386532,0.0018191795189104493,0.000907860502035272
2685.4,0.006063243727454066,0.002616383129370224,0.005970114086256794,0.0026133077973087898,0.0017403360456219946,0.0009145014976296712,0.0017274134592841577,0.0009077030984290595
2686.95,0.005763327009340215,0.002437951633715227,0.005639581031492845,0.00242726043885701,0.0018790003488879106,0.0009762196465036572,0.0018791957528026578,0.0009730294265650801
2688.5,0.005826619277152406,0.0023147438218336118,0.005696754240668373,0.0022922397440915516,0.0016848812515348696,0.000881726926064609,0.0016729125358821838,0.0008783061095591335
2690.05,0.005488255982683372,0.002060633974311134,0.005356594323750461,0.002033828315810135,0.0016261718624948284,0.0008433469082962105,0.001614461398849109,0.0008452363554251555
2691.6,0.004891752641500572,0.0018281364862180914,0.004713680970680541,0.001774831145919392,0.001610182160804233,0.0008279940154292875,0.0016001977128552872,0.0008286734948825315
2693.15,0.0038604220583097256,0.0015619986049697535,0.0035810889360770645,0.0014826219418051473,0.001651060580324112,0.0008403603496514607,0.001644354381113,0.0008422416922672845
2694.7,0.0039049182772206707,0.0015678639323150523,0.0036420150292680044,0.0014649937217966215,0.0015916081970233464,0.0008185005452074107,0.0015790500862767956,0.0008164239563172223
2696.25,0.004097559944778913,0.0017342698933358878,0.00386158617241957,0.0016497059679086543,0.001867144844422152,0.0009399395203567373,0.0018789574410313853,0.0009358945192250973
2697.8,0.0037073191015180706,0.0018408005639878545,0.0034201259826698,0.0017880956550215847,0.0017730572277255073,0.0008918288672724305,0.0017804658142189878,0.0008905036105132245
2699.35,0.0046213846479222385,0.002018623297644796,0.004424799689008017,0.001986290490450072,0.0017235679893597327,0.0008240432839784202,0.0017252323719468264,0.0008213191577212208
2700.9,0.005727639676615549,0.0022995801989851472,0.005635967204056849,0.002284789102818333,0.00204574662843488,0.001012021576433265,0.0020777906438403286,0.0010225410627921576
2702.45,0.006356957883587303,0.0025094832573717015,0.0063169441228474255,0.002528976869334574,0.002393486253282841,0.0011696372061730338,0.002455624402035927,0.0011869577591902807
2704.0,0.007078502065840205,0.0026551811719162047,0.007095126473474445,0.002682882906520015,0.0022972498980146734,0.0011376183438823564,0.0023582361405570917,0.0011582991739151744
2705.55,0.007187616582026957,0.0026406897305640796,0.0072353746252513,0.002676340828284907,0.002147505854139761,0.001068980940458939,0.0021969507442770823,0.001083919210834881
2707.1,0.007695333198766673,0.0028599752442657785,0.007777130983870717,0.0028982729376792493,0.0019634497945080483,0.001005652468681356,0.001996648738424233,0.0010118674053035085
2708.65,0.006977689225191294,0.002690574719687942,0.006999149115680261,0.0027274646964811204,0.0018030483270009474,0.0009727976238188141,0.0018218610876813207,0.0009742243447176959
2710.2,0.00681249855736262,0.002642532605658701,0.006830661773594471,0.002690129178762969,0.0017199512636553954,0.000955918821088613,0.0017312272229432978,0.00094997747313673
2711.75,0.006055281563112004,0.002408539763883942,0.005992392111579897,0.002440436535473535,0.001689489075594465,0.0009255090603001253,0.0016966179168564936,0.0009088432369906851
2713.3,0.005723869839097633,0.002177615470043647,0.005625111997216007,0.0021899623055511557,0.001444245370497794,0.0007689086949846192,0.0014273955705741631,0.0007440844671102961
2714.85,0.006193232752408762,0.0022176619021158227,0.006127611335985394,0.002199884227607064,0.0015484690251266603,0.0007549771981946308,0.0015426870235757029,0.0007339818888441724
2716.4,0.005840380328195442,0.0021674592787291154,0.005762437731664418,0.002125193644210914,0.0018557297688211124,0.0008945416125323764,0.0018801227842358656,0.000886402138299941
2717.95,0.004953711443827668,0.0020416399815989302,0.004794614167368019,0.002018587484999276,0.001986041281166622,0.0009827946638814834,0.0020182821004632763,0.0009772235215842803
2719.5,0.004421235099711994,0.0018950629312690901,0.0042081114571123155,0.0018586465382364106,0.0017615312787236173,0.0008928482024858726,0.0017814506000039226,0.0008937879196499046
2721.05,0.004898114718746114,0.002011720072034931,0.004740285062302405,0.0019800871244550094,0.0016749881126250832,0.0008604246880085393,0.0016904300168559538,0.0008648014714112064
2722.6,0.005703987118016328,0.0023153792260913043,0.005619785505440932,0.0022948214002882906,0.0016014279935604213,0.0008403592397802163,0.0016136473318027894,0.0008422842879066196
2724.15,0.00575511315387836,0.0023685903152566115,0.005668389800745417,0.002363713050726291,0.0013868510422238422,0.0007713334927558057,0.0013808817421834165,0.0007696164486436529
2725.7,0.005666051317901484,0.0023158703219003703,0.005586322332091108,0.0023397519556248004,0.0012198663607201796,0.0007441403873427504,0.0012016238092309429,0.0007407434922225956
2727.25,0.005574732967230236,0.002301625643122499,0.00548503950421958,0.0023247216639682407,0.001119448706724836,0.0006925743949252865,0.001091130816647029,0.000682830195182185
2728.8,0.005565782243419328,0.0022855404788375685,0.005461164710259761,0.0022976139092196787,0.001041959972345681,0.0006985824988164391,0.0010059337481905602,0.0006953906473665678
2730.35,0.006019554002014577,0.0024927943423421225,0.005929873876272256,0.0024964556812964544,0.0011078050235252292,0.0007142795387876557,0.0010740226002894883,0.000708617762700201
2731.9,0.00530009543584542,0.0023361183930488446,0.005159139026320093,0.002324247460091354,0.0013820073695565683,0.0007709973307069037,0.0013685921728782142,0.0007622791911544401
2733.45,0.004909189812607726,0.002176025050837473,0.0047255956853727845,0.0021620248048522923,0.0015678100392332512,0.0008588814068838156,0.0015639942021285188,0.0008485048781302876
2735.0,0.004801543914863647,0.002120464334066978,0.004592462343714396,0.0020917587806334333,0.0017306732253434415,0.0008781780565892219,0.0017444918694695844,0.0008775592282773565
2736.55,0.005284729092998338,0.002258529402479638,0.005113135489480744,0.002242402971061582,0.0020317503019764006,0.0009992347041725233,0.002069572423472221,0.0010053559542955429
2738.1,0.00544919726275378,0.0022870981813667337,0.0052677981896372805,0.0022621127998004816,0.0021641919038681984,0.0010284505096954562,0.002211088652138933,0.0010294549780722711
2739.65,0.00549611605707456,0.002221939453966741,0.005285902072880067,0.002187757969647047,0.0021772489316350518,0.001017442843227454,0.0022199706469205123,0.0010162321449707714
2741.2,0.0053842576446175615,0.002178797514799001,0.005173286476584941,0.0021711856575014126,0.0020105778188209624,0.0009796910902142694,0.002040194639201721,0.0009766934924858113
2742.75,0.005245086535811952,0.002017915527807864,0.005003358921973038,0.001990905986053557,0.0019405019708989494,0.0009730221760861207,0.001956594929974116,0.00096454353295105
2744.3,0.0054323661753812305,0.001983017767726499,0.005199161790512131,0.0019549657765262217,0.001600555890088233,0.0008774234275237873,0.0015952215753824866,0.0008743162617564931
2745.85,0.006399517592826515,0.0023444021293183167,0.006265974908231679,0.0023629354507025135,0.0011953579181636356,0.0007348241092198278,0.0011586941663469814,0.0007313125844106604
2747.4,0.006848351653634268,0.002676598324697415,0.0067533655115368406,0.002726288073363999,0.0011049199138729393,0.0006766751730229864,0.0010609634202913836,0.0006633830934094782
2748.95,0.00680690415788338,0.002712953946084021,0.006722272051805995,0.0027672571684181015,0.0007210986692666349,0.0005477558069431897,0.0006478218861278317,0.0005364203607582823
2750.5,0.006683278029759496,0.002670808753519319,0.006589969989875996,0.0027148591554746583,0.0007357866598444336,0.0005257329525093155,0.0006670985092096436,0.0005162795903215846
2752.05,0.00648188111552384,0.0026202151557600567,0.00635926520676629,0.0026500164340555197,0.0008744418963120004,0.0005466181934840969,0.0008161846579822634,0.0005308765849744087
2753.6,0.005563723586479153,0.0023377737084941132,0.005340382503126014,0.0023263711280088264,0.0012676417603869794,0.0006782200862387804,0.0012382497521613964,0.0006676177373303456
2755.15,0.004714886234875581,0.0020539177444418725,0.004392227140159734,0.002038565920603863,0.0015831880054972536,0.0008066052271914188,0.0015710097295489748,0.0008010328618979434
2756.7,0.00489135792804769,0.002050628685271071,0.004581655199271206,0.002035002171351673,0.001866152264058274,0.0009408292857469369,0.0018689545534985896,0.0009380598541853275
2758.25,0.004587581234447146,0.0018749639730695836,0.004234786049545347,0.0018473287827819559,0.0022802287944438623,0.0011176942318276396,0.002300856383228796,0.0011198441780993957
2759.8,0.00565618792708001,0.0022214205860968906,0.0053577000436516205,0.002214641022603732,0.002313787153645513,0.0010978659150487865,0.0023402498022059496,0.001107018250540952
2761.35,0.005745352547951677,0.002372042063468451,0.005498580826973255,0.002414142961667047,0.0022640039626321455,0.0010792593531246874,0.0022789567018047276,0.0010865776217866808
2762.9,0.0056719963748534654,0.0023965327852349372,0.00544167346939087,0.0024406879907451877,0.002085070542818757,0.001006790424081315,0.002074648271477512,0.0010043709724902867
2764.45,0.004740850319822646,0.002146146031454364,0.004447599644464578,0.0021773186061253063,0.0016854804695984951,0.0008080772134169254,0.0016358463211486162,0.0007928260318224399
2766.0,0.00483270578391306,0.00208509566230935,0.0045548120005760515,0.002101868536790094,0.001636997654972011,0.0007665783089384347,0.0015759803513171681,0.0007504265479400532
2767.55,0.004861987643395406,0.002107115985137462,0.004566002528849853,0.002098756341108007,0.0015911472070068023,0.0007146965727165073,0.0015191286221046508,0.0006911372961049046
2769.1,0.003957898198384074,0.0019184990299438594,0.003548758811721866,0.0018716725606968154,0.0015868530517596728,0.0007391870470014611,0.001508625387587202,0.0007182972990848922
2770.65,0.003889871611800409,0.0019353776194109935,0.0034422414380836657,0.00190834710716092,0.0016223416319558382,0.0007777398858203495,0.0015355542658072726,0.000758343700679972
2772.2,0.004062062903157607,0.0019759356693861076,0.003583625184006045,0.001944228573506876,0.0015904698905427647,0.0007733894525888922,0.0014951827414383806,0.0007540538926093562
2773.75,0.004958976887342958,0.002174830201498306,0.004528455930048914,0.0021470178340126183,0.0017105316466370668,0.0008120744617772934,0.0016184498147626505,0.000790641493410395
2775.3,0.0061018281887789926,0.0023802390753195346,0.005723041318615551,0.0023563218441747,0.0016386366524339358,0.0007648798949786955,0.0015370719430777458,0.0007412277691561075
2776.85,0.006868377433452537,0.0024954581345564275,0.006589442600584776,0.0024965481252912725,0.0017646674669700268,0.0007875206007400175,0.0016605309370999884,0.0007583929941909854
2778.4,0.006935881093695498,0.0024302350792690204,0.006692635431094713,0.0024519197765287865,0.0017272585364380697,0.0007735429787502274,0.0016175470074838944,0.0007464518271911431
2779.95,0.006885423077075463,0.002424810864475471,0.0066455481312308615,0.002454343645094267,0.0016557540356624601,0.0007532042033623613,0.0015387759920561196,0.000725712380016645
2781.5,0.00681263078337077,0.002439197441976712,0.006565113255039589,0.0024951397069411926,0.001593650617496568,0.0007429041328344357,0.0014693659826127367,0.0007065728854544355
2783.05,0.00650283371069523,0.002269010303704694,0.006205401887131281,0.0022975693340604023,0.0014294499638134162,0.0006728315192403069,0.0012884308288082388,0.0006255366458674139
2784.6,0.005377553705918536,0.0019532675590032095,0.004946585084919897,0.0019323865710223183,0.001323165087005426,0.0007007105562430403,0.0011670049388724387,0.0006581253229130477
2786.15,0.005019972355927096,0.0018409319839075948,0.0045267231833506305,0.001793669472599126,0.0014235200860838162,0.0007438344915975341,0.001262930952734998,0.0007021806092724
2787.7,0.00491327070282553,0.0018908999033531036,0.004305462468667868,0.0018210937501458877,0.001520072263322963,0.0007981685596401648,0.0013472182019683232,0.0007571593318779738
2789.25,0.004941439301368017,0.002026064374201536,0.004394170372741102,0.002010091363200364,0.0016704713246962683,0.0008315562793835796,0.001491636005758059,0.0007968915559924696
2790.8,0.004873573350580646,0.002011784973052893,0.004342605006435305,0.0020017090718600296,0.0016837471684857423,0.0008282656555810674,0.0015085606273051574,0.0007986383441601158
2792.35,0.005374785541388574,0.0021244219035654556,0.0048985807136312735,0.0020982500923918453,0.0017250503649134156,0.0008111958747522879,0.0015565094292174081,0.0007785495647825702
2793.9,0.005088861142192117,0.001988810987430688,0.0046213712472609435,0.001962020929874962,0.001461108960949522,0.0006872090632150423,0.0012878749112227627,0.0006470768210742391
2795.45,0.004852808065845777,0.0018257932015171604,0.004343911403727417,0.0017688317647771698,0.0012175009007175368,0.0006277282837634777,0.0010318405979654196,0.0005673602680158163
2797.0,0.005439436833492593,0.0019432762800677124,0.004977656525522163,0.001895202905645607,0.0011154499891429007,0.0006504275769524269,0.0009153401111291594,0.0005736414749750742
2798.55,0.0062702522348380965,0.002040185279769245,0.005860766963217009,0.0019942925730098583,0.0011165952769133522,0.0006736684957355584,0.0008836582684949288,0.0005864814087337
2800.1,0.006944825202165713,0.0022744835585938867,0.006556782812926265,0.002237544025424024,0.00108044925504292,0.0006795655479368986,0.0008379236542310983,0.0006092616800761955
2801.65,0.008040894951556174,0.0026804341770415327,0.007693125423887856,0.0026688922861200387,0.0012985568193610742,0.0007282556065826264,0.0010495175287775842,0.0006650992879311079
2803.2,0.00882893848776155,0.003011442318828506,0.008444050920712876,0.003012073322306343,0.0015677172157590276,0.0007958062911013176,0.00130204532732761,0.0007275807081439847
2804.75,0.00794738879895831,0.0028717321362728945,0.007535860654915236,0.002903142450289312,0.0016323336400012839,0.0007868554978172038,0.0013481585493797766,0.0007189306661772292
2806.3,0.007276102687255348,0.0026463740957233376,0.0068018541141904075,0.0026512100442957426,0.0016311630428694243,0.0007842271912915457,0.0013397529785152604,0.0007122255941253632
2807.85,0.006210963882143332,0.002382968769521963,0.005624350184432371,0.002369287308271045,0.0013709400735655122,0.0007037634815694402,0.0010757963863935235,0.0006292861529372686
2809.4,0.004956879878757857,0.0020928788171161537,0.0042202356787559535,0.0020596975008871183,0.0012766540961090308,0.00073534644069709,0.000960550893467397,0.0006440701600002793
2810.95,0.004299851413096003,0.0017739467825851954,0.003473607043366497,0.0017278715220689221,0.0011671532220653392,0.0007187922911163524,0.0008589782116696092,0.000631259319328719
2812.5,0.004837964681416058,0.0018133965357574043,0.004051071489623356,0.001778052971614902,0.0011441800996937741,0.0007183898931792275,0.0008375877688340737,0.0006253296807336027
2814.05,0.004986028421017686,0.0018339256409570872,0.004191229164315929,0.001843489062946439,0.0012370228142758349,0.0007874156857174193,0.00091783839341844,0.0006921539700759549
2815.6,0.005406770708571412,0.001932629823910667,0.0046239147539659554,0.0019748155794727766,0.0012207074875238914,0.0007590451789778104,0.0008979268974624217,0.0006600918503907236
2817.15,0.005767932069733649,0.0019484068084766033,0.004995182112543099,0.001958770290179334,0.0013890782436270619,0.000774323393267217,0.001047289631384661,0.0006795741978662959
2818.7,0.005476694233484226,0.001896024179708602,0.004628800095040973,0.0018676925453753658,0.001440593931844594,0.0007690237456415128,0.0010657123341360592,0.0006728324085978468
2820.25,0.005639921312577087,0.0020160456013201726,0.004796932656410608,0.0019818247560449364,0.0015513859570409254,0.0007219233759595769,0.0011362049026562868,0.0006369754755049297
2821.8,0.005118150655392999,0.0018832744609002302,0.004226561495986078,0.001807388286586923,0.0015012056460115986,0.0006901702013549495,0.001047703709029124,0.0006002063653393771
2823.35,0.005521970010618239,0.0019707244402624126,0.004682590528303145,0.00187560633310622,0.0015331749896926928,0.0006682774994488582,0.0010651509275053888,0.0005796376313007562
2824.9,0.006075715880138836,0.0020230777646019805,0.0052813619137138,0.0019192773104868984,0.0017425281622220298,0.000760457375109323,0.0012500995529283602,0.0006609876599273682
2826.45,0.006626948978595309,0.0021414671909801754,0.005880172798204614,0.002078700746950185,0.001713222888586318,0.0007125894483147792,0.0012223631165935661,0.0006200805115721924
2828.0,0.006995469702635161,0.0023303567658155885,0.006256169746306868,0.0022832100374302246,0.0018158991193501254,0.00075400507148343,0.00131874739236448,0.0006576989226208418
2829.55,0.006841840874726734,0.002422524684281437,0.006055359834365393,0.0024185523877458836,0.0019867557563270004,0.0008157587069738427,0.0014761204482668536,0.0007256969681663543
2831.1,0.007317263787757492,0.0025146128424208755,0.006535949132554628,0.0025606181425864437,0.002041101675660678,0.0007563770060467942,0.0015035256507214,0.0006633578091831381
2832.65,0.006955369440732325,0.002359598036326139,0.006131852463035584,0.002399264031383611,0.0022441226183047224,0.0008304515641897223,0.0016987710279512643,0.0007430545753028863
2834.2,0.006401115478254555,0.0021594918915467834,0.005494249911809985,0.002204888381107444,0.0023308702661366705,0.0008701624007966295,0.0017689936960453947,0.0007829939710923615
2835.75,0.005973892643494572,0.002053745418694075,0.004984637373259918,0.0020907581616546865,0.0024703463224159377,0.0008960340308685846,0.0018937455039671938,0.0008198319460696905
2837.3,0.006555056343864951,0.002178759894931887,0.005626378597054858,0.002209223933296029,0.0024684061093276158,0.0008966221582433733,0.0018828984439048374,0.0008180916297024269
2838.85,0.007515232072339911,0.0023871081020930655,0.006703748170805172,0.0024096278822169186,0.0025360247863376417,0.0008664685329939981,0.0019385459315867726,0.0007892505429282699
2840.4,0.007665842234584545,0.0023411988093914146,0.006873713340704122,0.0023403475221461948,0.0026673253882572375,0.0008446768610411284,0.0020691990386172924,0.0007640853422829103
2841.95,0.007049442359309842,0.002293332454643229,0.006190904507578103,0.002268007217300838,0.002861826788030101,0.0008479830876917832,0.0022691327351360147,0.0007663418047241708
2843.5,0.006726111199239965,0.0022046124436535565,0.0058158295120645164,0.0021216221495827686,0.003016430310473209,0.0008628611090222006,0.0024219737108013535,0.0007915048817207445
2845.05,0.006648827024735896,0.002154748996911295,0.005701410875787527,0.0020437992543444546,0.0032199752068734887,0.0008783255816455736,0.0026291912126418337,0.0008118107372336464
2846.6,0.007282864332104989,0.0022344750714295802,0.006370596292288883,0.002140624602961247,0.003230568972972567,0.0008038083363748734,0.0026242931362381295,0.0007375201629268601
2848.15,0.007394116158575679,0.0022126054607210246,0.006488793404552538,0.0021252236045122817,0.00354293143779017,0.0009131713223455124,0.002950250213517976,0.0008272495998142877
2849.7,0.008013282329436546,0.0022985158946787353,0.007150589159060295,0.0022410863355990913,0.003575716755104579,0.000942924432436646,0.0029698802272777767,0.0008574412515285519
2851.25,0.008938181432399306,0.0024275582753975926,0.008053945655657984,0.0023512806864909135,0.003377121386177956,0.0008941827755766094,0.0027370565185147865,0.000822592571843646
2852.8,0.0097738340659544,0.0024979181995118177,0.009054354615293381,0.0024871927826496765,0.00325680444574273,0.0008790697480308885,0.002591791897094535,0.0007996508572401179
2854.35,0.00951585918916026,0.0024384460806372984,0.008839966175131954,0.00246374264824864,0.002963956764025284,0.0008043649031519819,0.0022548370017677244,0.0007208394800759241
2855.9,0.008856193790482136,0.0023003704786960493,0.008150078475079887,0.0023365523908906735,0.0029434792438529068,0.0008501509132258791,0.0022175750471004657,0.0007646336510059198
2857.45,0.008122095122683234,0.00214246162594535,0.007352549856337486,0.0021769143237617096,0.003000328469369184,0.000878534344740244,0.002264490154911322,0.0007856397603166491
2859.0,0.007523558574015316,0.001992225022465253,0.00667743933734483,0.0020042966225607764,0.0030312536392433647,0.0008924905874022677,0.0022815742199289958,0.0008065497418616915
2860.55,0.006902845124870486,0.001909305347661555,0.005948437785309603,0.0019132822700349428,0.0034629597751634484,0.0009628309748096256,0.002742519861581782,0.000873348086897197
2862.1,0.00744415611693365,0.001999008275823429,0.006503347674820662,0.0019878862791828013,0.0038539255888112517,0.0009950598713162739,0.003156943755047502,0.0008903358141466522
2863.65,0.00818449637771288,0.0022717201694277315,0.007261957411626343,0.0022730160850583385,0.004467018435901104,0.0011314081724515868,0.003817693252199729,0.0010226042768429037
2865.2,0.008890865915588913,0.0024549604832734186,0.007955908544261845,0.002455893032069682,0.004734389547846874,0.001140374999423261,0.004101719981306684,0.0010320028296740573
2866.75,0.010594684409834824,0.002880579541605682,0.00974391273918772,0.002857246015694145,0.004959833272744634,0.0011176670146010566,0.004342095229566969,0.0010159072220530703
2868.3,0.010018480857216915,0.002639347132859846,0.009183357038342473,0.0026279740179399416,0.005205958949617316,0.001182219650506748,0.004602366072827112,0.0010798106351171456
2869.85,0.010718644416556901,0.002660730305415048,0.009967864150482274,0.002649113833730929,0.00512493369901933,0.0011315726589906632,0.00450026890356155,0.0010258752933251184
2871.4,0.010572193432047329,0.0025046172337870347,0.009796893247861822,0.002466060954798736,0.005159286237293913,0.0011225857031833945,0.004526318007114756,0.001010247675683311
2872.95,0.010502271743846957,0.002351936540799001,0.009711085900037381,0.0023162668157232294,0.005230867120799996,0.0011415437576135317,0.004594115290571257,0.0010283935352288357
2874.5,0.010428249742040067,0.002391946309497784,0.00961745506957695,0.002386773101406131,0.005206245692310606,0.001176369627844918,0.004556148681171611,0.0010726448959626526
2876.05,0.009491784704170196,0.002298661010486548,0.00854842979943561,0.0023257998201641717,0.005513574196424544,0.0012641277293120464,0.0048873274182152805,0.0011668675823955162
2877.6,0.010841211923571084,0.0025556146535060443,0.01005296686906728,0.0025774311655836608,0.005859859051964456,0.0013477975908661867,0.005261484665687159,0.0012477221878302374
2879.15,0.010735947234217497,0.002529661881852182,0.00993068183939787,0.002547717073007685,0.006221550867838662,0.0014240184898907157,0.005653798481805419,0.0013269738549678853
2880.7,0.010559377398620583,0.0024340958137768036,0.009724480296931728,0.002441408374121933,0.006426917038832771,0.0014192973637395835,0.005873283554500604,0.0013125724602072945
2882.25,0.011234585409649962,0.0025384306100739253,0.010477076680261628,0.002521110936019484,0.006640501921327601,0.001385441564054326,0.006102843631954375,0.0012756922666885913
2883.8,0.011209798853088957,0.0023780723735234667,0.010451769522397987,0.0023434863590996845,0.00681590126155247,0.0013970962641133397,0.00628962795500032,0.0012821937733277077
2885.35,0.011760118062710373,0.0023988571084271088,0.011067779166567631,0.0023509605026745418,0.007153700542395319,0.0014616757502387554,0.006657587069333897,0.0013464136890446534
2886.9,0.01081244647608353,0.002350428592241521,0.009996735123748856,0.0022924078217818403,0.007530199854407029,0.0015427860122194503,0.007068850301411966,0.0014308011552999062
2888.45,0.010386296123419549,0.0023615373925877777,0.009512580263500416,0.002336443830939914,0.007794911921314628,0.0015817133615513785,0.007357151732462017,0.001472655328007186
2890.0,0.010735130379927217,0.0023376883990199673,0.009892495350503586,0.0022944527654599565,0.007882278822255956,0.001552489717454662,0.007449249823453408,0.0014415003441207493
2891.55,0.00989002384110557,0.002114150558017115,0.0089419765707748,0.002076827444154556,0.00808711081974138,0.0015685098856531503,0.007672379970765713,0.0014595884084816844
2893.1,0.010237402955022082,0.002172835783510767,0.00933316580668845,0.0021461953273590587,0.008132716387379401,0.0015320714796130301,0.007719067944490568,0.001423708225131607
2894.65,0.008880444993861432,0.002011797309527258,0.007809716362534636,0.0020270395534583625,0.008315678999104063,0.0015681298876422266,0.007919173613529536,0.0014674873637490476
2896.2,0.009327766702734712,0.002021305385434012,0.008312436593550606,0.002041370457342832,0.008452479841241377,0.0016086186347877669,0.008068216689282981,0.001512325145414864
2897.75,0.009531545397099028,0.0020859167643162554,0.008545358932948116,0.0021195822029715376,0.008532078354609833,0.0016052894887418105,0.008154978074210218,0.0015117211337907798
2899.3,0.009680326112250896,0.0019838464576889927,0.008714389442846762,0.0019950690428424092,0.008769167333335657,0.0016782561207849935,0.00841686098784937,0.0015906617536114477
2900.85,0.01037328254006007,0.0021502051548966863,0.009494933531475952,0.0021391061385760027,0.009130188444781188,0.001790285173111298,0.008817179961605795,0.0017131561910930062
2902.4,0.009781082209273711,0.0020325946503329914,0.00882703920190565,0.001992762911851596,0.00907133800502872,0.0016782081924078844,0.008752307717028174,0.0015944136467056223
2903.95,0.01075722714009508,0.002224685574991598,0.009924018035195277,0.0021650823613170197,0.009185448595435332,0.0016187171242832954,0.008880320453551973,0.001529510432189849
2905.5,0.012231412136741419,0.0024680345630846393,0.011581261262152514,0.0024040367663114826,0.009248266830799738,0.0015432972354873441,0.008951801222499882,0.001452933762839949
2907.05,0.01318626982653836,0.002704979507231916,0.012671599345525131,0.0026652739072389707,0.009327852431737081,0.001498812969347827,0.009042618191470732,0.0014109941973538076
2908.6,0.013235753572308263,0.002685676177168567,0.012732206925514205,0.002650424202873011,0.009545073226562254,0.0014641603623689649,0.009286646765281221,0.0013793645983817507
2910.15,0.012752988504602967,0.0024870551610734933,0.012191553223551982,0.002446253273740802,0.009982207955368751,0.0015786431851132095,0.009775350836466854,0.0015017258171029413
2911.7,0.013561214911922208,0.002653962827671642,0.013107449753076976,0.0026434173365920115,0.01024123660106897,0.0016488944780870267,0.010066686561307474,0.0015772192782995823
2913.25,0.013054951680246627,0.002486356163468358,0.012547489143860042,0.0024533580810772266,0.010483618319935956,0.0017083487573594793,0.010340869278737183,0.0016432591520004578
2914.8,0.011958577718811253,0.0022687339301230096,0.011318700188820516,0.0022329516933508493,0.010621672619636726,0.0017230366354043499,0.010499855671920234,0.0016654194222895853
2916.35,0.01151246143240906,0.0022005971172549964,0.010823757473899447,0.0021549681449402665,0.010828935768340351,0.001768910472224101,0.010736442399814885,0.0017215731167817732
2917.9,0.01010224831759676,0.0018096855338126795,0.009241968256199433,0.0017470903461761515,0.010598348784800713,0.0016759814028600353,0.010487343069995698,0.001631103009478735
2919.45,0.010375639426319201,0.0018571870818146854,0.009560484650794255,0.0017643356942560551,0.010627316874230125,0.0016934290645811492,0.010526603458279105,0.0016496452281499288
2921.0,0.011368658658229192,0.0022010024068738862,0.010692668767809263,0.0021404995342123017,0.01038098656307277,0.0016088464160235873,0.010261081878647856,0.0015687773338341601
2922.55,0.012424061455747844,0.002418996675964853,0.01189701311471802,0.0023588349539417964,0.010168842088565817,0.0015793557615332,0.010033911729740042,0.001537071570289429
2924.1,0.012036724510560157,0.002246791178028311,0.011474172899911752,0.002158747776790992,0.010049901234259646,0.0015681862101836043,0.009910761777925695,0.0015292477235663647
2925.65,0.011698538382803048,0.002229185752000481,0.011106382175635225,0.0021663406059471476,0.010032089815268635,0.0015914537158694877,0.00990052000945051,0.0015475594987120343
2927.2,0.011717602174019395,0.0023618606993246667,0.011142789522983552,0.002301562525018254,0.009894898759362386,0.0015832928342890075,0.009758323076059491,0.0015408977874390311
2928.75,0.01087772874179901,0.002219622979601847,0.01021076079520652,0.002134113106842256,0.009850640101768034,0.0015914518016594147,0.00971989662414662,0.0015436324391167734
2930.3,0.010665437190493296,0.002259824253467283,0.009986568888112203,0.0021757750170645802,0.009528153645844027,0.0015188638430882555,0.009372901862195217,0.0014662884341449629
2931.85,0.010340063722973731,0.0023419596230878923,0.009635508607479868,0.002277344332108092,0.009240146728751831,0.0014262024665958955,0.009065090099518492,0.0013649163837176888
2933.4,0.010176385432488411,0.002250781787179521,0.009468072391742932,0.0021792209917959183,0.008818087853810996,0.0013232674193658501,0.00860865481260795,0.0012554972475526183
2934.95,0.010833369471977947,0.0022854264595552633,0.010223202338859691,0.0021963445760474864,0.00856187445987436,0.001261110093921385,0.008336374548951838,0.0011862647784734476
2936.5,0.011499349115901801,0.002411667955427748,0.010996867082429885,0.00233920837507724,0.008279874652946908,0.0012193112822301802,0.008036661053166593,0.0011398372313123277
2938.05,0.011311907877168438,0.002306197932439339,0.01080668852750636,0.0022367983158802706,0.007881504091681573,0.001196750417947942,0.007607978160599193,0.0011139162529161051
2939.6,0.010682907885018283,0.0022539964277809572,0.010103520142520599,0.002207871833318619,0.007353740316254528,0.001110072653205003,0.007036326851077455,0.001022836893673295
2941.15,0.010048990401282869,0.0021753630378749654,0.009423004264954368,0.0021252067593406985,0.007046622735658603,0.0011040946408870688,0.006710010889453135,0.0010134234292911992
2942.7,0.008893270780314313,0.0019519335944381596,0.008157425726967617,0.0018538185271753489,0.006663449063310634,0.001066068196547801,0.006299460025467856,0.0009757769278814618
2944.25,0.007296827063304524,0.0017399570595496138,0.006391161269841255,0.0016390476550953393,0.006312892502924075,0.0010586687794993438,0.005925741006330685,0.0009735394710564256
2945.8,0.007319768671316296,0.001787703847925652,0.006445837651969208,0.0016765916023337563,0.005719018013457199,0.0009389900120911004,0.005281817621276448,0.0008474991978812118
2947.35,0.007008014644260074,0.0017145271222248231,0.006117533938588097,0.001596402686763965,0.005137457315210893,0.0008266335893529126,0.00465308184605818,0.0007417677335125215
2948.9,0.00721989957692415,0.00177933258342101,0.006372054191457187,0.0016799047273310852,0.004681030265938077,0.0007159842475755717,0.004163414441949812,0.000649584037574677
2950.45,0.007819916791533078,0.0019214306011021446,0.007059153054369764,0.0018440251945837085,0.004607908307419619,0.000750564552001152,0.004099275919621529,0.0006784788917635775
2952.0,0.008023658387404398,0.0019062632244961067,0.007304209273942362,0.0018439361571017505,0.004542364535940548,0.0008506324293996936,0.0040440868525300705,0.0007743909046602695
2953.55,0.007932929684866046,0.001965407176818974,0.00720590736696211,0.0019208615626057704,0.004301907687956601,0.0008825875788055646,0.003793903988584948,0.0008036745415664923
2955.1,0.0077176365269919665,0.00200336305536488,0.0069733861868411665,0.0019381193391558315,0.003961133212738879,0.000848871901306123,0.00343412190569236,0.0007723770455848735
2956.65,0.007723705884926253,0.002163678287348345,0.0069953670562768544,0.0020760843309099524,0.0038006066889643584,0.0008447640656997108,0.0032744038986978197,0.0007654490335922564
2958.2,0.006829860140816937,0.002144341803801031,0.0060348200484253755,0.002019591346614339,0.0036468984066973377,0.000822593552356668,0.0031205436059446147,0.000742064191407012
2959.75,0.005848779533185714,0.00206860992257321,0.004987406336167178,0.0019371817602353207,0.003512754735641581,0.0008536370452496544,0.002991895215118978,0.0007711641234480092
2961.3,0.005606623450129428,0.0020696046562475707,0.004765818734245541,0.0019378842716418062,0.003268908707321381,0.0008554021299988706,0.002741166012464597,0.0007711970143987082
2962.85,0.005106308581935496,0.001995530849191207,0.004241574094656854,0.001885036816726798,0.002867131586497053,0.0007851535551076145,0.002315446268557267,0.0007096959274380955
2964.4,0.004766207436996707,0.0018655063859926168,0.0038843840862157436,0.0017433140017347345,0.0027972754127093395,0.0008426083965716371,0.0022567343537170316,0.0007747291210005094
2965.95,0.005179603737507029,0.001980548352892552,0.004367790841653141,0.0018781805908256158,0.0029608193640535034,0.0009407048888824785,0.0024573541607228492,0.0008728430598850885
2967.5,0.005631908267544463,0.00203912622078672,0.004882490212577993,0.001962227025545404,0.002896417190640412,0.0009375819717012013,0.002404858105837104,0.0008673762899878154
2969.05,0.006110820626890329,0.002108860133887127,0.005422891814961897,0.002036915512582529,0.002954078962723896,0.0009675606435668424,0.0024873120115116334,0.0009015854388938172
2970.6,0.007041316747137827,0.002292862973596625,0.006435050946870753,0.002236166857037915,0.00291557509387885,0.0009213904944173748,0.002463162076240618,0.0008561404402231071
2972.15,0.007555373900722037,0.002475099280159885,0.007037313198029179,0.00243379275081803,0.00297147870504371,0.0009404526002542944,0.0025206152794534048,0.0008724584949431306
2973.7,0.007183535010863163,0.0025076073779245027,0.006686816584003383,0.0024476791346288895,0.002696911482241776,0.0008643581807406514,0.0022609932373648086,0.0008077706435257931
2975.25,0.006298842481182445,0.0022968596919464507,0.005785749739732036,0.002228822151193791,0.002427396619837906,0.000855379604989814,0.0019899340339466537,0.0007938221267200815
2976.8,0.005711125652257688,0.0022387271168115386,0.005186561320795198,0.002151801290780883,0.0020544346692836124,0.0008034315835919803,0.0016171890476816067,0.0007335712613342771
2978.35,0.004694812713426937,0.0019436714716853155,0.004098066744644186,0.0018399605924855759,0.0014973898712494218,0.0006689377089593417,0.0010970235500965169,0.0006037990426108756
2979.9,0.0038542092354994072,0.0018189927607456247,0.0031878259920902585,0.0016985677183214713,0.0012969979610792097,0.0006273931997864344,0.0009469897984848039,0.0005571893567169744
2981.45,0.003721373853946106,0.0019082388022542147,0.003049668726393897,0.001817085340662538,0.0008887066134832373,0.0004959547141579698,0.00056316100418247,0.00042138369420001025
2983.0,0.004481036224583985,0.002070869894982772,0.0038631970733449482,0.002004489706494397,0.0008253900722621103,0.00047619382281765594,0.0005124205726182768,0.00039517683298776504
2984.55,0.005021287541676327,0.0021969864279363155,0.004471389248336482,0.0021656915992740475,0.0007876553003091077,0.0004787489775074334,0.0005037912689497874,0.000417430575913101
2986.1,0.005554314996816359,0.0022698786318048306,0.005052444414164663,0.0022518826500994545,0.0009290014827804223,0.0005559719894992254,0.0006514234743689564,0.0005071956315347967
2987.65,0.005289120479770006,0.002199686266925457,0.004804964642623481,0.002176306438730874,0.0011323387136646349,0.0006500452908756517,0.0008457621577253891,0.0005907527165600892
2989.2,0.005315535062113519,0.0021412714723620203,0.004847051482283223,0.0020963351859276387,0.0012024343628771557,0.0007136207708477824,0.0009245457633624763,0.000658555427770142
2990.75,0.004994104920747567,0.0021623069866352276,0.004493936018787004,0.002101209396125824,0.0014715039216525614,0.0008503150571954141,0.0011668670638338556,0.0007833834520518476
2992.3,0.00452184874023624,0.002010750090413595,0.004042097561252049,0.0019526941911767145,0.0015137545383212133,0.0008850060065551588,0.001199545748574281,0.0008067156656244714
2993.85,0.00382357289750313,0.0018323918973242375,0.00333105302679302,0.0017745651049109253,0.0013156095538190099,0.000814978303014162,0.0010427091856300954,0.0007453867371498785
2995.4,0.0034523844912926205,0.001811727114926695,0.0029451279646944594,0.0017468030194884494,0.0011139747512545586,0.0006820618095511022,0.000864503967779663,0.0006098930628936711
2996.95,0.0033460412652597995,0.0017833935220250485,0.0028450460244311402,0.0017177566529209785,0.0006552991082362375,0.000506114252343334,0.0004345162018036441,0.0004385942651949424
2998.5,0.003595533494183426,0.0018662921548481429,0.0031223430037987786,0.0017827846805062754,0.0006083799004749698,0.00048495277530450514,0.0004159865909695151,0.0004130305320343522
3000.05,0.003717710529255234,0.00194342935722695,0.0032866736600665335,0.0018521692141750742,0.0005344662252717706,0.00046039227985784,0.00038051680051422307,0.0003974312270323389
3001.6,0.003927832141488202,0.0019976837609900987,0.0035222294071399025,0.001917870567856434,0.000744106381154708,0.0005381088998414821,0.0006114807082282206,0.00048689909512924194
3003.15,0.004537144058570755,0.002142795917909328,0.004164288621653239,0.002071514915117844,0.0009952467082304036,0.0005806977345265504,0.000875301176847892,0.0005432497225233855
3004.7,0.005016690003442673,0.0022260889528810256,0.004671053433558,0.00217533872835572,0.0013074146831235393,0.0007383625140999634,0.0011814384218911938,0.0007110968039384055
3006.25,0.005074520135448434,0.0022256517650893768,0.004713227497820498,0.0021495588010981242,0.0016576076064960712,0.0008772577261568678,0.0015073417372761504,0.0008549618380217427
3007.8,0.004028677407745627,0.0017855316444820649,0.003703847930358994,0.0017313893163489013,0.001769583663058629,0.0009416041251905788,0.0016006767651166934,0.0009119524383276927
3009.35,0.0034816588014143306,0.0016493792382452645,0.003168854941111812,0.0015930606075783872,0.0016372831051532871,0.0009110481936037485,0.0014711524209252381,0.0008775511671144307
3010.9,0.0030559420436987437,0.0015223924896422107,0.002750617795744993,0.0014571312470483312,0.0013295815148290048,0.0007753660649999383,0.001167246842913807,0.0007353260724006367
3012.45,0.0026722651930811948,0.0014243280823884234,0.0023629098988195455,0.0013620292735259483,0.0009908658116585848,0.0006418003089224792,0.0008353742071344236,0.0005979302296910543
3014.0,0.0027307242143549916,0.0014022484125678896,0.0024043206523879103,0.0013179710996047065,0.0007550169805804279,0.0005502331990285054,0.0005963033214973959,0.0004959855451848257
3015.55,0.002906234557643535,0.0015117030548889385,0.0026055064104938633,0.0014478386027363273,0.0006901567610718122,0.0005808861582866251,0.00054439467216977,0.0005383124554272553
3017.1,0.0032284612738360113,0.0017191375260371484,0.002945454078925282,0.00168794297574169,0.0007211360502561837,0.0006180888824548195,0.000586749803439117,0.0005839374298030116
3018.65,0.004039704813965389,0.0019308743865439906,0.0037900197551155633,0.0019097924075204167,0.0008431973385778507,0.0006921548406191281,0.0007170364004717048,0.0006612287111146032
3020.2,0.004560283682121139,0.0020258693713676953,0.004341980041599396,0.0020138395624547537,0.0008887895347298745,0.0007116622038695003,0.0007571783193573886,0.0006773712558902135
3021.75,0.00497514398201531,0.0021743650169700106,0.00478339486600328,0.0021571024338981433,0.001185112276232671,0.0007920280874711009,0.001074273944536796,0.0007561555015564452
3023.3,0.005018106262852323,0.0021516756955695816,0.00485466148684412,0.0021181803118564928,0.0014210999474849823,0.0008585109321910226,0.0013243537355618596,0.000824842295826723
3024.85,0.004851221216280257,0.0020908856511019877,0.00469521358670918,0.0020634572887447988,0.0013937597504499416,0.000810856833877116,0.0013093584489987508,0.0007845833733190808
3026.4,0.0044574917040054495,0.00199458059306834,0.004285891022542287,0.001976128016419838,0.0014115113216806932,0.000798754056249906,0.0013397809011061177,0.0007838338144390256
3027.95,0.004050322497513796,0.001862475282021975,0.0038285763557175468,0.0018322642703664095,0.0013797086577466452,0.0007791958956145268,0.0013057174921772055,0.000768034084367844
3029.5,0.004351332151825243,0.0018546851556856035,0.004152453248976444,0.0018128377405978863,0.0014830978501883087,0.0007989599598907758,0.0014291829637287528,0.000790982142393197
3031.05,0.004439004846357192,0.0018563488143416467,0.004291110312330192,0.0018291555561656624,0.0015176768624966459,0.0007895729347240884,0.0014770914214362369,0.000787374047913049
3032.6,0.004920712774882709,0.001994959268380913,0.004813100805477485,0.0019889133779145566,0.0015221963870796266,0.0007535209715463365,0.0014836741828418787,0.0007503179294660377
3034.15,0.005081471058148515,0.0020829450641356557,0.0050070389560955475,0.0020922819908545448,0.0017393886281613009,0.0008247725639435886,0.001723683587326976,0.0008275833445353792
3035.7,0.005126669635746697,0.0020770431147924054,0.0050685486001489435,0.0020839035875365544,0.001775321233487013,0.000793853136593391,0.0017636472221363147,0.0007955266477804863
3037.25,0.004999860677940703,0.00210016030439739,0.004914776225910173,0.002114364786861906,0.0020660600693726975,0.0009029460243149147,0.0020800548915402375,0.0009095277459078689
3038.8,0.004842557482266596,0.0020878847140276364,0.004713926496230001,0.002077886103661493,0.002343833550231222,0.0010015588590062887,0.002380466779119838,0.001009266167498504
3040.35,0.004439310034816625,0.0019335455598511139,0.0042992070563090444,0.001918127614084528,0.0022781649925634564,0.0009268358829338588,0.002320325128574722,0.000939040221991076
3041.9,0.004550775494134391,0.0019900249373329764,0.004425243389959515,0.0019619817871435424,0.002435799581568974,0.000921170333299973,0.0024989593977846392,0.0009260282170543178
3043.45,0.00445115550733459,0.00196286957535064,0.004308477430240004,0.0019431500046759643,0.002706471211987273,0.0010017125516683845,0.0028007669756030173,0.0010099856751587045
3045.0,0.005096346436791668,0.0021069629824805635,0.005022801234352815,0.002107501883866772,0.0029225145745246173,0.0011033925985422445,0.0030474860158593788,0.0011218012153487913
3046.55,0.006261536818108641,0.0024271435285633624,0.006308981332565173,0.002462418877062509,0.002718314628077564,0.000990593999982418,0.0028280306975184788,0.0010030814976284843
3048.1,0.007157353204059424,0.002652498530163238,0.007296585658198442,0.002687344953814557,0.0024098813931427983,0.0008805757269204829,0.002492430939182044,0.0008841861710267741
3049.65,0.007171244097084501,0.0026933131240806825,0.007336752465223694,0.0027346482623501656,0.002357265695196737,0.0008948835959657778,0.0024393614539887174,0.0009029562648658762
3051.2,0.007167104443997017,0.0027114914468767985,0.007332264145109135,0.002747472077815019,0.002081470153182472,0.0008295488654996881,0.0021375795722129135,0.0008363261209786073
3052.75,0.006404265353951742,0.0025563992501776503,0.006478208789711413,0.002582145472974095,0.002122807842394944,0.0008887515732725297,0.002185385618783869,0.0009008888292434217
3054.3,0.006551804099724489,0.002628537230512996,0.006642522167089825,0.00266478963677108,0.0022941262604612247,0.0009868836704501416,0.002375850117617108,0.0010063956425572056
3055.85,0.006179973741354352,0.0025400494348095364,0.006231119969217626,0.0025689021128462624,0.002286424059577451,0.0009750315870190309,0.002366036648902881,0.0009934300449287129
3057.4,0.006420091236144786,0.002491250295351273,0.006504589974107491,0.0025056537795147666,0.002683299658471164,0.0011018542278011464,0.0028002564371868723,0.0011265384824637437
3058.95,0.006508449922251063,0.0023800034893281838,0.006599708088307362,0.002386970496793552,0.0029158291581425923,0.0012028509865037351,0.0030581361777919733,0.0012406279982792466
3060.5,0.006534584556567906,0.0023933467411391134,0.0066010541592278005,0.0023784379981177865,0.002714792248409999,0.0011299412008139486,0.002839589487560942,0.0011611095437339602
3062.05,0.006148108297553495,0.002198673798130293,0.0062189975923089445,0.0021973032125269486,0.0022641568412252195,0.0009628101121386077,0.0023465859846634276,0.0009830909671590129
3063.6,0.005530472947668157,0.0020254569486234083,0.005567975933454569,0.002017511952751542,0.001780727925577423,0.0007894798440030515,0.0018172566658185866,0.0007982586214385813
3065.15,0.004861923983106655,0.0018045768383276413,0.00483937567744922,0.0017828279937671687,0.0015201898202960725,0.00067634394774159,0.001531482431836124,0.0006824398529580655
3066.7,0.0048877441826815525,0.0018385714983670458,0.004874395642545365,0.0018173102155276382,0.0011999660114778623,0.000549133371046392,0.0011791631936080731,0.0005530255506322118
3068.25,0.004186578666613474,0.0017060793981056026,0.004090212033386764,0.0016858796945653435,0.0013085414111793483,0.0005909984014710083,0.0012993842943064334,0.0005960702335699088
3069.8,0.004454228331627343,0.0017676652992416537,0.004377206121884314,0.001759383227982333,0.0015037904933852483,0.0006395923339421613,0.001510348873086305,0.0006356140146663345
3071.35,0.004629049245652847,0.0018236871600200177,0.004554344346646303,0.0018140348031321627,0.001522681825852764,0.0006397158698834383,0.001529064971446232,0.0006405991012128101
3072.9,0.005498341147724009,0.0019820434590021824,0.005499193307429818,0.001978188196640518,0.0017913085944333176,0.0007146814849671393,0.001821215861607684,0.0007168053374553854
3074.45,0.0060342764612159525,0.0022133670102346794,0.006052274219729069,0.0022043063815536585,0.0018553642214497279,0.0007402087482146038,0.001892175970501926,0.0007440526896938737
3076.0,0.006988295978369671,0.0025514858367832968,0.007061355616243238,0.002534205676537324,0.0020069615838901552,0.000804262969255263,0.002055749239253087,0.0008017691966828864
3077.55,0.006827501119603974,0.002487580140484156,0.006906750813114787,0.0024847296646547472,0.0022150737682190016,0.0008861793422620736,0.002285620437205378,0.0008872995723864847
3079.1,0.005775618346330851,0.0021995251917199137,0.005786243791021924,0.00220193164388354,0.0022720228988129545,0.0008824584709023117,0.0023474970598137473,0.0008877369321522623
3080.65,0.005433449066170962,0.0020978756177775027,0.005447290588726199,0.0021096822350856427,0.0022293706856272247,0.0008097352907392458,0.0022975624674694633,0.0008093833687785434
3082.2,0.0056351330613187344,0.0020462370593586727,0.005693196613861167,0.0020585737054765497,0.0021557188182561096,0.0007594804954357672,0.0022143597288219255,0.0007567907439460588
3083.75,0.0049330296892631164,0.0017880819417793233,0.0049259357614963,0.001791403134807941,0.0023360146993757717,0.0008473889179318882,0.002409286762816984,0.0008462460396868562
3085.3,0.0049231971266807265,0.0017611415426935396,0.004915054284269373,0.0017612426723656145,0.002400769229596749,0.000910330473781467,0.002473914956395673,0.0009072802371387834
3086.85,0.0050591337675841615,0.001770770059961866,0.005050618374024363,0.0017518188102480037,0.002150942282924464,0.0007663953399746994,0.0021996384278513735,0.0007600940650594251
3088.4,0.004918521062479119,0.0019545393059901064,0.004857655022916652,0.001945325375399802,0.0019440707304020427,0.000699760062844868,0.0019717507659139343,0.0006927728724722846
3089.95,0.004981450600153167,0.0020832499819997104,0.004876671593933603,0.002062524888429812,0.0017631857108692348,0.0006294419911867931,0.0017717213890463123,0.0006204558342428075
3091.5,0.005950293058672028,0.002429726124954371,0.005894618506960259,0.0024025394026823315,0.00177760921687949,0.0006268154771046086,0.001786539892058254,0.0006162439633668908
3093.05,0.00506982044111902,0.002310066999894684,0.004885500023791633,0.002264713597808143,0.0019347957343245738,0.0007098296865570718,0.0019530521817399463,0.0007000321234913859
3094.6,0.00424220152429149,0.0021266457442756484,0.003990229690187006,0.0020860604001865825,0.0017715511386094005,0.000647648990732729,0.0017739745236299168,0.0006403952153346123
3096.15,0.004799636553046118,0.0022167388306259584,0.004610317638683735,0.002171410918638031,0.0015752464670470267,0.0006073849532591425,0.0015567855891376868,0.0005983431306704675
3097.7,0.005014546689562277,0.002188067901067707,0.004836531163633764,0.0021231763601746883,0.001565156386301521,0.0006098540341894779,0.001541676735395423,0.0005958742895962009
3099.25,0.005839343414790238,0.0023237881838762977,0.005764298416474458,0.002280750031706121,0.0016391583707801476,0.0007320910554235767,0.0016183024258525738,0.0007210322167743253
3100.8,0.007099809187589944,0.002643399671281532,0.007169556400389524,0.0026354528450409295,0.0016957652208522778,0.0008248286791872258,0.001675100781758711,0.0008170168512261878
3102.35,0.008012792324741589,0.0028825338145354188,0.008160051942209269,0.002901041644946888,0.0016113056878544782,0.0008381193960974278,0.001577792263232966,0.0008331758521058063
3103.9,0.007781706091393951,0.002814347153293056,0.00791174400660744,0.0028457341430954716,0.0016956318451850937,0.0009326927406943551,0.0016649193910372954,0.0009360045047878956
3105.45,0.007960807169024054,0.0027561052969059933,0.00812313003054136,0.0027857980935864384,0.0016944405530231244,0.0009004023413641924,0.00165905949194807,0.0009001414311770947
3107.0,0.007918339341039861,0.00266694715900751,0.00807223328627382,0.00270008514076803,0.0019571959211758918,0.000980314153429589,0.0019317864272367898,0.0009740866789517811
3108.55,0.0066741195794689815,0.0023515421037914293,0.006688617689866191,0.002366450792546057,0.0019612229356395106,0.0009296855920197406,0.0019401599765508303,0.0009256202134457811
3110.1,0.00619010909333521,0.0022232075952383214,0.006144135922390095,0.0022282743761636754,0.0019477261799703193,0.0008708242226497908,0.0019333583473785639,0.000867900635952031
3111.65,0.005646165793470071,0.0020517147243920533,0.005522845625739534,0.002042060627052153,0.0017525089239377129,0.000760117797765674,0.0017207872458072412,0.0007496365160193687
3113.2,0.00560986516643455,0.002117272193991473,0.005462382041843519,0.002090485929091243,0.0016602316713656981,0.0007225508646408885,0.0016170007496253593,0.0007099144129573668
3114.75,0.006187842935367081,0.002235871225029415,0.006091420659730109,0.0022091557699742558,0.001739645048154865,0.0007517421545117056,0.0017006776144767373,0.0007441277117532203
3116.3,0.007033450902660143,0.0025014373540015455,0.006986289733613118,0.002460599346054927,0.0018669193176460866,0.0007938659756231693,0.0018300958945156381,0.0007821539079946388
3117.85,0.006713944856628383,0.002434451162126587,0.006619611612010837,0.002390877842115713,0.0017992095150685867,0.0007970365764119443,0.0017479647487384968,0.000786406614863255
3119.4,0.005746776560146041,0.002073920429003092,0.005568302976790298,0.0020196124941095402,0.0019416903902014864,0.0008586824676097894,0.001895015323074206,0.000843835154252981
3120.95,0.005983408836511633,0.0021278798858817096,0.0058380239756330825,0.002093164003485825,0.0018169223549774694,0.0008302160752326779,0.0017452571718252485,0.0008032199870835718
3122.5,0.006746374717416153,0.002233077094494153,0.006688675784695233,0.0022106269208486177,0.0019762414495535356,0.0009162718475143973,0.0019029195374172057,0.0008782758083776778
3124.05,0.0067102707705585605,0.0022878336256575934,0.006652748004896019,0.002279366649384215,0.001998434180164421,0.000918414093846008,0.0019244918549914732,0.0008879689072124184
3125.6,0.006579428941320729,0.002280300849337115,0.0064944494840331645,0.002286451232738003,0.0019994261291124086,0.0009059886917946487,0.0019242242110628959,0.0008771562450967675
3127.15,0.006736439416923489,0.0023180595448152683,0.006651183215106554,0.002324517979650733,0.0018192699196350219,0.000827655230488125,0.001723317784941687,0.0008004780609239604
3128.7,0.007753749057500279,0.0026420180936046205,0.007766400920659929,0.0026635936631121994,0.0017059390418439548,0.0008134473581557516,0.0016010734130146517,0.0007841776646468082
3130.25,0.007744336366753547,0.0026778353604857237,0.007728844157420882,0.0026992015747933948,0.0016308018203559612,0.0008226449043030651,0.0015175045173386442,0.0007898222809283056
3131.8,0.00766766302489014,0.002658847873957047,0.0076056054298949734,0.0026343237342734576,0.0015517700207734635,0.0008205340934077379,0.001422554517498386,0.0007815320167041806
3133.35,0.007208602136701336,0.0026029488740781283,0.007102597239048975,0.0025801108131566237,0.0013489895684902237,0.000751371380547717,0.0011994166074903894,0.0007130259449728754
3134.9,0.006825998124892735,0.0025082737935044,0.006660972045270163,0.0024694562474869377,0.001393577827286974,0.0007486207053019945,0.0012358307907322397,0.0006963519750304477
3136.45,0.006229529475593415,0.002473294726576611,0.00599057631086642,0.0024342327812840055,0.001302256860466111,0.000700431572219656,0.0011258692797556193,0.0006460637747223862
3138.0,0.006412157707709528,0.0025217343288864253,0.006194228090361005,0.002492196617531625,0.0013610449618820944,0.0006846442074453148,0.0011843630032098145,0.0006303998169359058
3139.55,0.005702427512179084,0.002276488410130989,0.005393790124463494,0.0022226013519439387,0.0015043827988321585,0.000728730016084858,0.0013285239472078517,0.0006682848508632888
3141.1,0.005664609924460948,0.0022841345637261653,0.005341145748981665,0.002237734980602746,0.0015812826168962874,0.0007482615682859622,0.0014086520337995467,0.0006919820933896811
3142.65,0.005987622622235591,0.0022753721239914594,0.005693426266973741,0.002218064867153163,0.001690906758026494,0.000745115383009602,0.0015214693984688945,0.0006942126394147547
3144.2,0.006460345012815736,0.0023935139551534887,0.006209128585266007,0.0023457614040633045,0.0016732817956966852,0.0007178346775647467,0.0014973455643149795,0.0006689455579687563
3145.75,0.006024811827180106,0.0022800583321676486,0.0057172583555577215,0.0022266784994787814,0.001899706882699948,0.0008585542007514558,0.0017330658722600817,0.0008100476221215351
3147.3,0.006048459883344464,0.0022884846513768196,0.005732001991467644,0.002236027074423232,0.002028914096391737,0.0008926528071456555,0.0018637124289377688,0.0008569144104265303
3148.85,0.006251941996759467,0.0023638294881119988,0.005952647443697731,0.0023262343974042444,0.0021615371724995253,0.0009209005253382103,0.0019987214753352375,0.000889550290057507
3150.4,0.0058341877462788246,0.0022203432616023796,0.005476647516971376,0.0021801726188856994,0.0024703217126277616,0.0010111642843762608,0.0023210304759965442,0.0009742612397351033
3151.95,0.005742862081574202,0.0021986131884990574,0.005377440872164616,0.0021681395219662935,0.0024768939655670703,0.0009454317001968934,0.002324376344557507,0.0009096995077591257
3153.5,0.006009466983182385,0.0021807742792046563,0.00567013595644272,0.0021478841321749096,0.0024129276910080516,0.000902509862228894,0.0022518426100003766,0.0008700066199369951
3155.05,0.00562366747434108,0.0020351279238901075,0.00522231470132439,0.001990366373313698,0.0024211725560206285,0.0009481702393125664,0.0022497594020024405,0.0009162559629243124
3156.6,0.006549694332562291,0.002348357011130563,0.006248934105090606,0.002340055172699235,0.002344916357424239,0.0009502763391457143,0.002153821130636849,0.0009129855900959514
3158.15,0.007270652235661531,0.0024638295188089527,0.007045287261318566,0.002448029553107846,0.0020928130225905976,0.0008688862343241651,0.0018762547445316325,0.0008328468064545762
3159.7,0.007691087484234558,0.0025898751653788766,0.007501131268689144,0.002565522279847574,0.0018698978602161881,0.0007817455649446253,0.001624219197226067,0.0007293244846689214
3161.25,0.008030429418616238,0.0027224647856485228,0.007853918889997159,0.0026888548470979695,0.001883334140230276,0.0008556388906634065,0.0016297614912764156,0.0007948021848854589
3162.8,0.007461133031628979,0.0025746979066817084,0.007226968451872719,0.002538198399415299,0.0016941446053801734,0.0007957578005788011,0.0014155130726693397,0.0007345408171228385
3164.35,0.006993428955931234,0.0025230698280433407,0.006718420223839934,0.002501826804651371,0.0015626471454325392,0.0007875170125658821,0.0012597497508777381,0.0007269429172003917
3165.9,0.006873799106034375,0.002354872475629072,0.0065919459445122055,0.0023137391718428563,0.0017078925284334137,0.0008609050769981083,0.0014068979746659465,0.0007971967375493431
3167.45,0.007569913911535538,0.0024567458765422548,0.007363800211250595,0.002418287762312124,0.0017575027068337183,0.0008500949331167687,0.0014502153244762383,0.0007840936292908659
3169.0,0.007487028743402207,0.0023846237262844265,0.0072602665202527224,0.0023210942460809175,0.0019089287236652413,0.0008649505082673139,0.0016040850803757036,0.0007921519813839446
3170.55,0.006234947698817409,0.0021361556906265003,0.00588560151193514,0.002040760436143164,0.0020068396838115836,0.0009168557708023656,0.0016951084147938272,0.0008399118676345289
3172.1,0.0065824487370826,0.00225795431206242,0.006289044936764454,0.002176132269380953,0.0021195058677580957,0.0008959837569927222,0.0018086100599024235,0.0008104490496471858
3173.65,0.006335141493230073,0.0022843981625156992,0.006021080807570744,0.002187207158872847,0.0022773691604560634,0.000927977314668094,0.0019798911634210424,0.0008449935593059253
3175.2,0.005755329268609156,0.00222558204981843,0.005357049287203929,0.002116387485870399,0.0023679013631566774,0.0009216547461138151,0.002070175522815105,0.0008333427355339108
3176.75,0.0057272737946028615,0.0022580764053360693,0.005295702117206269,0.0021342052495644023,0.0025245935238063866,0.0009708870751391452,0.0022338722390613176,0.0008930189094920452
3178.3,0.00529425359038359,0.002109835731243193,0.004815805077897924,0.0019781873715259642,0.002723244409102099,0.0009951779233576667,0.002442914205065057,0.0009185968740099153
3179.85,0.006106998730202759,0.002316776324474306,0.00568851041473329,0.002192200960287729,0.002678514341526024,0.0009509209194967392,0.002384794249807748,0.0008723881315006149
3181.4,0.006603053076881464,0.0021917264127915537,0.006221930749441828,0.00209748860680014,0.0026982620840113923,0.0009677378189368003,0.0023963523242513047,0.000896048817783323
3182.95,0.00713601575744846,0.0023292110061197894,0.0067837362189884344,0.002260454812364206,0.0026604395686065153,0.0010058792457424749,0.002346262197878558,0.0009357887239341948
3184.5,0.007010551844903849,0.0023549634967956275,0.006608862458493355,0.0022767134876835646,0.0024551744661483925,0.0009355196634594222,0.0021115915089060717,0.0008547777160649939
3186.05,0.005625832672231082,0.0021408314693393015,0.005111490520294616,0.0020543406120351565,0.0024403724540030185,0.0009902905491744637,0.0020870789279827688,0.0009098929817450995
3187.6,0.005233335258340899,0.0020853925505581717,0.004687128448474026,0.002002529311142389,0.0026261562033158548,0.00100262483606212,0.002284378005694751,0.000918067240627343
3189.15,0.004237727906430116,0.0019154361402307616,0.0035892666239506705,0.0018015405075031306,0.0027050445741268725,0.0010454603742384035,0.0023626024899238893,0.0009590696670740028
3190.7,0.004093371630890983,0.0018775823176443893,0.0034250799793042407,0.0017568358472269978,0.0028158906915215693,0.0010495181244327553,0.0024748859558569943,0.0009575783705630769
3192.25,0.004595755738536447,0.0020133680384988445,0.003973494781851486,0.0018672214136605768,0.002833239756890013,0.0009961652430824019,0.002485778732759078,0.0009046780129157606
3193.8,0.005789500066824871,0.0022471582486539043,0.005278953482101876,0.0021263694563611597,0.002876334627839687,0.0009374123373988104,0.0025242857516821963,0.0008449905084475173
3195.35,0.0069056970500897645,0.0024758640543922888,0.006495258986241802,0.0023949293465086404,0.0028752204223037054,0.0009180283256514864,0.002514693844957201,0.0008279313224451693
3196.9,0.007622394853361675,0.002561261566249704,0.007267673272615433,0.0025076117066066697,0.00281699963587699,0.0009570131272253466,0.002443154362060577,0.0008667484388753863
3198.45,0.007617641641671188,0.0026001744719951893,0.007241458319566979,0.002598010308472461,0.0026887747641544633,0.0011482467709302497,0.00229581865246882,0.001074898782730964
3200.0,0.006569485580048881,0.003268281433776153,0.006061876105440634,0.0034649057996959253,0.0024776483027310558,0.0016625388300269416,0.0020588380656584226,0.001653641803155861
