raman_shift_cm-1,DQ12_TBZ6_THI3_raw_l2_sg11_mean,DQ12_TBZ6_THI3_raw_l2_sg11_std,DQ12_TBZ6_THI3_preprocessed_sg11_mean,DQ12_TBZ6_THI3_preprocessed_sg11_std,DQ24_TBZ12_THI6_raw_l2_sg11_mean,DQ24_TBZ12_THI6_raw_l2_sg11_std,DQ24_TBZ12_THI6_preprocessed_sg11_mean,DQ24_TBZ12_THI6_preprocessed_sg11_std
100.0,-0.0002702115133923282,0.0007714932151669559,0.00022607082545243843,0.000787658691908762,0.0006416011050083371,0.00030344350418430696,0.0011905353180422875,0.0002695301367804572
101.55,-0.0004703677532692449,0.0006306222705758595,-0.0007229745373820752,0.0005545500189813028,-0.0011236803234698353,0.00022248190286808874,-0.0012032375885885408,0.00020532733709711232
103.1,0.0009210575395816303,0.0012395872131451423,-9.006161790956456e-05,0.0010925678481751237,-0.0006175245880492188,0.0004595832874689857,-0.001540742062039145,0.00033451168825642257
104.65,0.0036118143581805096,0.001667483667548555,0.0018888778127747732,0.0014672054220826666,0.0017419124891114132,0.0006207931371570753,-0.00013339981986902082,0.00037825442111330705
106.2,0.0073096526955475985,0.0022360333878935815,0.0049779119835757415,0.002075504503087431,0.005536475085853289,0.000857423027703212,0.002707367420362337,0.0006170599362734766
107.75,0.011722322544703158,0.0030017638422903167,0.008941109123398188,0.0029319919509881915,0.010348007380017697,0.0011983455963071542,0.006670137941095476,0.0010305654818741573
109.3,0.016536127920491087,0.003620998747681993,0.013566553830341537,0.0035553172562444377,0.015545047486696086,0.0015355160541677376,0.011323576872543404,0.0014140959533228254
110.85,0.021484890209310614,0.004148495177478459,0.018637643593156138,0.004119289013484922,0.02103123611453358,0.001841740724460581,0.01659778670473456,0.0017836066814917284
112.4,0.02616136689409467,0.004538849302767327,0.023821732797578404,0.004588279961610197,0.026143633195009647,0.002063774521687053,0.021910245046380155,0.002083678350899433
113.95,0.029784786855977234,0.004924626180193799,0.028125540439817666,0.0050384990485285,0.030659681731869105,0.0021995429328688578,0.027092564705342003,0.002281406556304359
115.5,0.03364789922651106,0.005325704232119829,0.03240111105757571,0.005481411557579318,0.034863261368722004,0.0022927448020913775,0.03160045074817215,0.0023766223071447303
117.05,0.037971104766228066,0.0056162779635162766,0.037187447643586946,0.005807540761052446,0.0387641421936771,0.0023158885338940734,0.035735619652492515,0.0024148844701076073
118.6,0.04161621659700214,0.005919229119317481,0.041220607523991884,0.006131146058944956,0.04223408513691612,0.00236847693547126,0.039403914505670753,0.002480868380664651
120.15,0.0446892880652911,0.006119502466560673,0.04461259722170266,0.006349807477702986,0.04552107610159035,0.0024412773087236516,0.04287528732842159,0.0025629545226162156
121.7,0.048386909158243056,0.006230729828573657,0.04870675724166097,0.006463487947906605,0.048886307373454924,0.0025307268934125046,0.04643426964771615,0.002663018233246
123.25,0.05245093146533869,0.00622420972874585,0.05321286971603395,0.0064374912480202615,0.05221434566241794,0.0026747585933461914,0.04995578788695983,0.0028282123692105242
124.8,0.05583733317073302,0.0063346697932899695,0.05696041356933846,0.006538603915005969,0.05552810088596161,0.002890801877184784,0.05346487050605348,0.0030798097420253992
126.35,0.058487093835641185,0.006486919058865385,0.05988485356528747,0.006689057411240473,0.05870489833853537,0.0031381793426947663,0.0568281021626264,0.0033704985065755315
127.9,0.061906666987057185,0.0064917881561971915,0.06367559345210466,0.006673358845663972,0.0616254506892467,0.0033781206418230726,0.05991596502775672,0.003652192573189572
129.45,0.06494040699561433,0.006605674058236019,0.06703569374266703,0.006782002071548599,0.0644750455198504,0.0036633829754915332,0.06292995062720114,0.0039797808420115165
131.0,0.06744000436144466,0.00674775568718389,0.06979916980924795,0.006924088441958795,0.06693624179028632,0.003939401540412505,0.06552483817396067,0.004293995609917852
132.55,0.06980653465913082,0.006870871847039093,0.0724173963399298,0.007056582007175089,0.0686649818820426,0.004153682242683411,0.06732640541187751,0.004539772749204347
134.1,0.07145559439895699,0.006979698761302261,0.07423405337035406,0.007181448654654026,0.06967280923772838,0.004318986514252594,0.06834773888146782,0.00472722391847858
135.65,0.07326208531348592,0.006967007999503614,0.07622979345301055,0.007161945841806334,0.0702595270229477,0.004475436310182424,0.06891499490763485,0.00490249881311939
137.2,0.07502943343165712,0.006852227416961128,0.07818393511112395,0.007022729820121974,0.07042001451846351,0.004593029533169721,0.06902291932254365,0.005042284418728032
138.75,0.07603144824912705,0.006649139901247738,0.07928274076911764,0.006789880478011767,0.07007717274629612,0.004703657358140923,0.06858780514534298,0.005178899910759287
140.3,0.0762162288498148,0.006460903376243777,0.07946892565990789,0.006576696178181885,0.06945276421580339,0.004820947364416438,0.06785074107533194,0.005321559497529639
141.85,0.07634344965772137,0.006296439001135148,0.07959402291818125,0.006385979523225532,0.06850562495077483,0.004903572505084343,0.06676694635056975,0.005422585404496351
143.4,0.07714920300991615,0.006087442502382142,0.0804823017098057,0.006138957437699975,0.0670988592926282,0.004950563298550315,0.06518799348324944,0.0054794759244253
144.95,0.07705079187925987,0.005905762710021782,0.08035864790430455,0.005913284201463305,0.06530234207070423,0.004963975445076078,0.06318995150347803,0.005496872195573556
146.5,0.07607346794884957,0.005839927064627375,0.0792518735602919,0.005812215246722955,0.06337906878042282,0.00493989473105898,0.06105887153263872,0.005473982019285465
148.05,0.07478553829723338,0.0058330739559902065,0.07780132095418688,0.005801760052580123,0.061238867385585906,0.00487235808344744,0.05869684162204101,0.005408342087446148
149.6,0.07306818174014412,0.00582590693817128,0.07587314982795115,0.005811139239673698,0.059288452127406514,0.004792985149598319,0.05654634877289242,0.005332222023962754
151.15,0.07076449800805297,0.00568295246365599,0.07329157245490547,0.005676180520173571,0.05801180905272472,0.004744991277502649,0.05513341674556698,0.005292221441175736
152.7,0.06785508896179887,0.005534415113993898,0.07003437627975001,0.005539225137878201,0.057280126304525246,0.004729926283998614,0.05431807869531889,0.005289054751492439
154.25,0.0648095483780273,0.005456786994405342,0.06662888884813442,0.005481521938706306,0.057299803616389484,0.004782140386287571,0.05432471853851406,0.005352877415417761
155.8,0.0620392796993322,0.005420648258109938,0.06353712099087239,0.0054699603795490105,0.05822412520477752,0.004838218057348511,0.05531999212291539,0.005420099938038064
157.35,0.0600137881490266,0.005445107591659451,0.06128443376515111,0.005520070068301438,0.06006887195123748,0.004918048318093403,0.05732124075766448,0.005511930609989955
158.9,0.05839261125889905,0.005631963081952035,0.059488464111714115,0.0057559497690400615,0.0628453444083341,0.005060791112272004,0.06034103763434455,0.005672704969062675
160.45,0.05704699088142797,0.005882419472769326,0.058004901825957834,0.006048398584087056,0.06661302378798284,0.00525852736663461,0.06444399886590375,0.005895536954553465
162.0,0.057172514299002074,0.006234737040081602,0.058174890834100296,0.0064464517793386186,0.07121920608265976,0.005473429156377978,0.06946415935144569,0.006139254946870846
163.55,0.058786467676130265,0.0066276525744774,0.060018684960834866,0.006899039453992813,0.0764257384431098,0.0056788078996883,0.07514266959130876,0.006375431784082315
165.1,0.061464544471334606,0.0069631110622931655,0.06306076664894066,0.007292513434735889,0.08244284277432118,0.005870538413008084,0.08170790839948952,0.006597322513219245
166.65,0.06437553298878719,0.007304327782026398,0.06636775011116369,0.007686772632939515,0.088923981219893,0.0060629785030765606,0.08878309860121006,0.006819627133463727
168.2,0.06747004270425616,0.007786616019702057,0.06988340100002884,0.008228255294591385,0.095534620621714,0.006256217428072779,0.09600440174292188,0.007038146474505894
169.75,0.07089628650753596,0.008409639046751675,0.07377438271268325,0.008924773067827947,0.10258845283167187,0.006459034752954802,0.10371281493560602,0.007265146417786216
171.3,0.07409079079760122,0.009005844340044712,0.07740938005876248,0.009598789779895903,0.1092163626342707,0.006600017167527637,0.1109633753076138,0.007421921764659121
172.85,0.07682725632567389,0.009510270952171924,0.08053374884909963,0.010167432952886,0.11533663666550115,0.006748029521263225,0.11766742034333737,0.007582745917023526
174.4,0.07891604267284702,0.009864200277876638,0.08293476391668214,0.01055914107091969,0.12096764502456732,0.006872581979679197,0.12384470252631755,0.0077141537888964825
175.95,0.08015082752011278,0.01002264194025621,0.08438118056176781,0.010728780206064924,0.1258061924135446,0.006944825095172115,0.12916545369182403,0.007783524398197182
177.5,0.08126134707436793,0.010047043855647007,0.08569127359464185,0.010751113797717461,0.12964716917541896,0.00694213186029849,0.13340670761495388,0.007765401367251784
179.05,0.08175023260490638,0.009912569350919024,0.08630738716231567,0.010598932538373337,0.1325606170316684,0.006866327118658791,0.13664443367818158,0.007659623304710695
180.6,0.08181160625019449,0.009624805721588999,0.08644637204488596,0.010270093957482924,0.134239220070753,0.006729033604523584,0.13854426589501323,0.00747060886946646
182.15,0.07997577102787569,0.009297946507599948,0.08445918956631601,0.009900523375121428,0.1343861869147906,0.006532546699697761,0.13878371050760244,0.007208134330687015
183.7,0.0759668599413146,0.008954662918651641,0.0800369144985129,0.00952610716441464,0.13347528980026055,0.00632161484336987,0.13787786415025363,0.006924286007713981
185.25,0.07204143367768237,0.008677909197943234,0.07571017447489005,0.009221183189818656,0.13191744104208009,0.00611913971462379,0.13627308303437974,0.006633355372725779
186.8,0.06775327828989561,0.00822293358236481,0.0709789560377689,0.00871702963537295,0.1288461789768819,0.005919526616854359,0.1330274896768277,0.006332940572230434
188.35,0.06318359190475423,0.007685466762729386,0.06593424906205113,0.008121689468939534,0.12464976337525595,0.005767216934372541,0.12856332425213363,0.0060830140137529696
189.9,0.05866586479210974,0.007142076281269892,0.06095047552467182,0.007523989909265472,0.11966156817204662,0.005685216189423475,0.12324249146714222,0.005904928778418877
191.45,0.053730342010444944,0.006597867766741483,0.055500601976912804,0.0069356144981938,0.1137427083031292,0.005691697704049055,0.1169142972517694,0.005832770571719584
193.0,0.048356933815125194,0.006041604492998752,0.04956150539199313,0.00633378900874796,0.10704656096718372,0.005737589770345941,0.10974548158911197,0.005819564291038706
194.55,0.0435580474293505,0.005516590687882668,0.04426748230959685,0.005747935183451466,0.09967388859440904,0.005863220440718746,0.10184481540646032,0.005905468330051111
196.1,0.03932410396465613,0.005095482278169488,0.03960759556284854,0.005268208962852598,0.09126281606565682,0.00599023314355652,0.09281860623347628,0.006003317099008797
197.65,0.03431546852311532,0.00471013402775639,0.034080249411485845,0.004835317146947234,0.08222750242252168,0.006072002357085483,0.0831172539621961,0.006068189658374461
199.2,0.029091595673403133,0.0044357085360409425,0.02831314934329767,0.004543271395306977,0.07349627823625353,0.0061280944729327005,0.073750150839352,0.006113129896887526
200.75,0.025326528399472227,0.004316289520155936,0.02418244000428803,0.00442228676888274,0.06539755729798516,0.006128071788012367,0.0650739201923301,0.006100082657437868
202.3,0.02192239945263798,0.004174716554521692,0.020437339218721765,0.0042879885519965626,0.05780264052004009,0.006035614690697652,0.0569486220106157,0.005995073378389369
203.85,0.018552147625307658,0.003989142751232254,0.016776230468508565,0.004093646867881943,0.05073165833326209,0.005838292975892851,0.04939552427266356,0.00578237429749186
205.4,0.015727824811766627,0.0037952817337762765,0.013701219989024902,0.0038734524182998374,0.044674879503394445,0.0055750295907948805,0.042947239292035526,0.005495338810050137
206.95,0.01288491883405331,0.003521598009303792,0.010597649500137807,0.0035557355826928666,0.03915726925394426,0.005272361154683051,0.03708763095523235,0.005166297618346534
208.5,0.00994808672209141,0.0033321405114516813,0.007520590255395928,0.003309357120180901,0.033591812197391074,0.004899871543160666,0.03117779131457304,0.004765334006070069
210.05,0.008175161068313218,0.003283704504524853,0.005759183175334107,0.0032122863660037546,0.02844049072221531,0.004525588388722511,0.025719229914241703,0.0043660537947726955
211.6,0.007027143615564001,0.0032553702881440044,0.004616550287400211,0.0031149167295461766,0.02363523876468245,0.004122467551121215,0.020637515110233862,0.003944443192755546
213.15,0.006126908658660441,0.0031404151510562883,0.003790553447017516,0.002920251068407018,0.019476239219437187,0.0037537033009420726,0.016256549544295975,0.0035659156945779345
214.7,0.005824332158734239,0.0031396340423063248,0.003617312879650309,0.002848435570683447,0.01615095321994119,0.003422192479990612,0.01276877800795844,0.0032303971121466915
216.25,0.00559746207794746,0.0032489333653995013,0.003485445979074058,0.0029126805066693635,0.013273040184925162,0.003086541736505494,0.009773083088262344,0.0028690698703740585
217.8,0.005038382737205791,0.0032309634320083335,0.0030586530879940198,0.0028782074634131015,0.010760668806634725,0.002789907626051229,0.007238302445074075,0.0024789371788689553
219.35,0.004541927982745507,0.00303037260247499,0.002647709093118892,0.002666336246347312,0.00883049780944421,0.0025280024265536684,0.005301515859218452,0.0021335059810714836
220.9,0.004338678840013736,0.0028054489088924915,0.002486498945579937,0.0023670656213028263,0.007542235349261912,0.0023559442345709343,0.004050563177902503,0.001824227230555249
222.45,0.003866776153334437,0.002582920506867005,0.0020963855641410786,0.0020517397967275653,0.006182821086846025,0.002250586978102832,0.002860118269776939,0.001534259518867512
224.0,0.0031574996973923243,0.0023713230654764028,0.0015557457500829782,0.0017639575971371984,0.004558567316003212,0.0021009228745054688,0.0014820932149790242,0.001230411113450143
225.55,0.0028968795672271374,0.002159116073042092,0.0014108854748054905,0.001562575624666446,0.00328485036671171,0.0019225074600821165,0.0006349920409085895,0.000930774957391857
227.1,0.0028724112858563434,0.002067369222894464,0.0014129733879293127,0.0015192697337507938,0.0023349013794948617,0.001713896762012924,0.0002355785835411409,0.0006446372067947464
228.65,0.0028521220131065383,0.0020352514106518893,0.0014678816280517596,0.0015525548365630786,0.0016959925601365373,0.0015006833800994262,0.00014431350774037936,0.0003988007671795243
230.2,0.003160299520692284,0.002116149938029446,0.0017909709942774033,0.001682616793678369,0.001111383520088623,0.0012990402689833243,6.333287523701425e-05,0.0002349204215506563
231.75,0.003353533473288475,0.002209307801743659,0.0019565958825916926,0.0018013161483129178,0.0005765237634642695,0.001134919242020595,-2.686221865943953e-05,0.00013619764521526038
233.3,0.003246855998584536,0.0023233762535543063,0.0019213769503182905,0.0019410361669775376,0.00018994092161094258,0.0010326159491703404,-8.365860861388396e-05,9.73290222520265e-05
234.85,0.003140727607572181,0.0022727526114788587,0.001909607342321082,0.0019189259842057314,0.00011757144168040327,0.0009311971399062559,-2.173039257959538e-05,7.038191645608951e-05
236.4,0.002613405455460173,0.0020387666263993165,0.0015920371125565569,0.001715084555789704,0.00011356177889414035,0.0008417464016863297,-1.98638576876849e-06,4.644267331432395e-05
237.95,0.0021255323162942064,0.001698699137582507,0.0012820326615574017,0.001400835193253893,0.00012051541188666259,0.0008038807652081904,3.1705297838892187e-06,3.988311640441261e-05
239.5,0.0015995336308727453,0.0013798444835628088,0.0009437532413677256,0.0011343888257442484,0.00017072041827102358,0.0007809020598817292,1.5457135466044036e-06,3.51476688271156e-05
241.05,0.001050754626081189,0.0011154740648968672,0.0005653906943544829,0.000900903486400924,0.00018545281055745632,0.000792262966572876,-4.590423960697379e-06,3.547792142551615e-05
242.6,0.0007935173037850087,0.0009243114901095569,0.00038712794125469275,0.0007088108814255442,0.0001735430057138303,0.0008264034744482447,-2.8894833858626355e-05,6.77108463598843e-05
244.15,0.0006667658551566952,0.0008848149741829663,0.00034469275323979325,0.000666023300240232,0.00020495716179199695,0.0009271356049278812,-5.563991097494479e-05,8.941097219874216e-05
245.7,0.0005825074288858032,0.0008870102214517244,0.0003046322523769457,0.0006563876100652205,0.0002740927399438361,0.0010555342179565054,-6.652811822185753e-05,0.00014672752617699524
247.25,0.0005943120636273505,0.0007763752654359111,0.0003032227646819258,0.0005404451184215008,0.0004486832589048966,0.0012082029756331832,-6.630967422672884e-06,0.0002802018556616467
248.8,0.0005501578107193787,0.0006106939708744151,0.00026960431573509844,0.0003901443296071123,0.0007376390406692242,0.0014161196585895843,0.00010095226030814893,0.0005124938510676638
250.35,0.00037816335598410156,0.0006006904746723231,0.0001395223705199018,0.00040670014073820225,0.001186421841427581,0.001630799684487212,0.00036904642915331227,0.0008039585081077576
251.9,0.0002514814007101327,0.0007764859652110692,2.3496176721884895e-05,0.0005867504684521211,0.0019205059843895647,0.0018661516520550793,0.0009624069738418208,0.001161904284610992
253.45,0.000703442860320811,0.0009569012844520837,0.0003419880646503462,0.0007051236334484333,0.002989695218682361,0.0021063542387488475,0.0019292234038627573,0.0015491627577947675
255.0,0.001178476623930423,0.001265849452286256,0.0006845937560332395,0.0010065363698367792,0.004417409822746032,0.0023277421420471243,0.0033444946644945123,0.0019282281944374576
256.55,0.001585519683632651,0.001584651926135169,0.0009379685435072671,0.0013525506192189412,0.0061937060991104145,0.0025243384783656107,0.005214849491889835,0.0022708317972546005
258.1,0.002902792635028058,0.0019400539822801927,0.0021161778860309117,0.0017562023759633285,0.00781487661493681,0.0026701219263282716,0.007005188886237472,0.002537886270905472
259.65,0.00413830865667717,0.0023246073513482164,0.0032817017354225403,0.0022236481705087854,0.009173332217600236,0.00281763254909098,0.008557986096206126,0.00273617618809641
261.2,0.004622703626850834,0.00264178819370761,0.003758751205953968,0.002603833107129027,0.010298086972578701,0.0029283785020760315,0.009867201707921748,0.0028608256041579338
262.75,0.00527890193516728,0.002837059436157682,0.004416170924584826,0.0028790190944764957,0.01120106764108191,0.0029739926357404104,0.01093506571777037,0.0029219361424298257
264.3,0.005728644102217854,0.002951284153589769,0.004895325085660841,0.003020707514035132,0.011855618386014857,0.0029614496208482818,0.011715385924570849,0.002929063657961961
265.85,0.005792613410686943,0.002924703974986913,0.004974650561598585,0.002974593534891748,0.012354865190146131,0.0029437157049036758,0.012321611458284079,0.0029385489932383354
267.4,0.00566044418257292,0.0028636818883942877,0.00484394185703593,0.0028951094664489757,0.012711975140920507,0.002905097622746242,0.01277005280630707,0.0029193054700141037
268.95,0.005779835023559645,0.002882081779423784,0.004970452224470269,0.0029168215296371622,0.013251396556227844,0.002842581156767523,0.013414428814573345,0.0028773685646838734
270.5,0.006211292429525897,0.0029875781230889868,0.005425392396865097,0.0030507667518675434,0.01413872211145784,0.0028277113160168317,0.014434853633086326,0.0028878550540116874
272.05,0.006856845591504853,0.003183748119502556,0.006118374911776669,0.0032920038958529725,0.015082074978559843,0.0028524438785397584,0.01551358997929032,0.0029407557411554393
273.6,0.008341637699520774,0.0035605627500772128,0.007710521538796978,0.0037278220241991652,0.015664482634641465,0.002859901009115493,0.016197085841807086,0.0029637875808068027
275.15,0.009516804364289278,0.003862760482891287,0.008960024666680848,0.004061041050074808,0.0159584723696227,0.0028445982464459525,0.016564530329048487,0.0029561287195708427
276.7,0.0098549012699104,0.003935219300168933,0.009337646311484033,0.0041286309308664094,0.01605626103050365,0.002844046764839368,0.016716408399591022,0.0029619218131330103
278.25,0.010813258030419961,0.003977595152666538,0.010372996000404033,0.004167642296513911,0.015799754857867283,0.0028309446902746106,0.016480768030597292,0.0029630412498840683
279.8,0.01176635773740275,0.004106824938582093,0.011406391480380746,0.004287561690760702,0.015250793881457194,0.002805181898316647,0.01592508765994629,0.002952700701244156
281.35,0.01198900975850022,0.004200049687463778,0.011625022093736375,0.004361540374660623,0.014649773541957954,0.00279747576078473,0.015310656653746584,0.0029591793099772072
282.9,0.012067763476769822,0.004298791576033644,0.011694249641953256,0.00447352186325561,0.014036279445534776,0.002785277382681964,0.014680403321367464,0.0029546953494085366
284.45,0.01265519250634838,0.004404201377577652,0.012321037575440561,0.004600071708773637,0.01366376299239886,0.0028365398283635296,0.014310201633080444,0.0030184141432317148
286.0,0.014111590646112808,0.004505658858966349,0.013915342700879973,0.004706062426717725,0.013381798004224638,0.0029806661879257347,0.014036198359556117,0.003170327407650201
287.55,0.014628342987042712,0.004592057888170764,0.014467709158770175,0.004797578046815966,0.01300956386118713,0.0031463804315007954,0.013661697871562935,0.00334649481934378
289.1,0.01461219261433361,0.004575654561154175,0.01441905026871175,0.004782596754908086,0.012668317382759997,0.00328661432295851,0.013318884585776325,0.003493108448504562
290.65,0.014666697401118286,0.004567717660055863,0.014443649338443183,0.004782733196614104,0.012428889500074505,0.003391935606297133,0.013084885134555534,0.003596247090830663
292.2,0.014186353484945688,0.004647593367091167,0.013877664584255487,0.00487346702224187,0.012189356073218117,0.0034451325232170886,0.012848851257778177,0.0036379391061116735
293.75,0.013834171176376026,0.004836978651059394,0.013455080389972306,0.0050870614265171405,0.011955559216877276,0.003442919566532646,0.012617310784246322,0.003625381021183857
295.3,0.01334082309441013,0.005022445871982062,0.012871119176741561,0.005312378414648153,0.012023910375410042,0.003440163436042854,0.012712850789812567,0.0036193055874705264
296.85,0.013040216281584732,0.004981353922580469,0.012498412057177439,0.005272740996068269,0.012462235412381572,0.0034462343610438258,0.013209014940562227,0.003629673454775285
298.4,0.013169481899327797,0.004918714203736617,0.0126031437058822,0.005210082955999525,0.013037182424697863,0.003434117912830711,0.01385213585427616,0.00362758491829128
299.95,0.013690242757457182,0.004845163969141491,0.013141877009470719,0.005134298351265668,0.013500002799185049,0.003404709439678796,0.0143716388604015,0.0036076294103774844
301.5,0.015090295081928117,0.004796124318759907,0.014662138671433336,0.005066033889198285,0.013582818893934485,0.00331359969853988,0.01447600661123183,0.0035158106107564687
303.05,0.015177199113679067,0.004692390698239302,0.014712514612597795,0.004968012338951107,0.013367740005031777,0.0031699820112267166,0.014254651248947835,0.003372850362663379
304.6,0.014748401670786964,0.00460175076414759,0.014181443421712325,0.00489723281028595,0.012842410387404135,0.003011881437519509,0.01369397707042359,0.0032172177733914005
306.15,0.01470950850010589,0.004595318254043052,0.014086186573469304,0.004892540749969127,0.011739508850490257,0.0028555882068246607,0.012504332393143337,0.0030627021725512073
307.7,0.014142559052674824,0.004624201466123056,0.013407546039174302,0.00489569687258824,0.010241005969762622,0.0026195109091908426,0.010882213586672313,0.0028189581198685134
309.25,0.013336149915036536,0.004690253518308042,0.01245978961490727,0.004950803430458665,0.008726107105267828,0.0023769126824061764,0.009240209819522966,0.002570858309305469
310.8,0.012789539653706227,0.004668377915471514,0.011802860070741104,0.0049068633232892,0.007400059833638773,0.0022059598995848345,0.007803797714831216,0.0024051813962548173
312.35,0.012772960098086851,0.0044667539870153535,0.011740008525742206,0.004639259294057991,0.006315975220067261,0.0020889949492222176,0.006627660555539788,0.0022984568433376627
313.9,0.012669583381674574,0.004250285132501153,0.011576086466789743,0.004361086760224011,0.005351048145920187,0.002004246766228218,0.005580881482482549,0.00221453391678961
315.45,0.012703969860217181,0.00412873713651777,0.011563451200977484,0.0041836657193230166,0.004381204058890706,0.0018773032152331391,0.0045381933910474195,0.0020703632973954797
317.0,0.01257659020701648,0.004004798325862772,0.011386867038806727,0.003986872784417477,0.003496302355028418,0.001732627946401728,0.003593430269624982,0.0018963601618360382
318.55,0.011734568290056792,0.003945584676832691,0.010407391916561695,0.003892484822613923,0.0027759865817083606,0.0015406522779163345,0.0028353364322483894,0.00166366819810338
320.1,0.010974569576552913,0.003957515485698411,0.009516830714064936,0.003896093712425838,0.0020830818934736445,0.0012997979468034237,0.0021170449433944483,0.0013815604807387194
321.65,0.011235600662336085,0.004113087237966849,0.009763391662493607,0.004047317545497211,0.0012704909832648693,0.0010571481321627687,0.0012688226411610825,0.001102974543744697
323.2,0.01098496890749955,0.004196515024328072,0.009442960962101076,0.00412307795318535,0.0006194889715592599,0.0007728760347799951,0.0005948522614120253,0.0007913265905758206
324.75,0.009968420834643152,0.004088808425771546,0.0082647861816556,0.00400116307783994,0.00017240851482202323,0.0005228206807197121,0.0001419757830979711,0.0005245993312745084
326.3,0.010128184304580273,0.004056588831905871,0.008401131539150364,0.003952623854268524,-3.6031726917807877e-05,0.00036008890929550933,-5.851345402790413e-05,0.00035231667656841076
327.85,0.010942717890942654,0.00406173772214776,0.009266324092253751,0.003960644147280145,-3.098927742017448e-05,0.0002321718589455277,-4.196747226553361e-05,0.0002199082110182291
329.4,0.01208709301135923,0.004194272744995517,0.010495349075707544,0.004134869189088755,2.559327080606022e-05,0.00020753860838168463,8.512291151697482e-06,0.00019025829301429906
330.95,0.01289523445418924,0.004314453532049787,0.011349383993896395,0.004287596347459948,0.00013354823137426089,0.0002724244902670879,9.702922392617302e-05,0.00024345589078591184
332.5,0.013242586941788658,0.0043652081367836935,0.011701149234629145,0.004354969444248536,0.0002827860044565037,0.00036567706281064597,0.00022631201701000576,0.00032699923065515564
334.05,0.013812607894286224,0.00451779358565435,0.01229446542772937,0.004537026782427409,0.0003333730659326524,0.000472225760712798,0.0002605137139886705,0.00041624718074875083
335.6,0.014412976932334884,0.004602324766194108,0.012919941907746101,0.004638714722519032,0.0004060606046191373,0.000613354262638748,0.0003212939337369523,0.0005477545137260328
337.15,0.015394447623470989,0.004572343512292966,0.01397301219409006,0.004579410420023471,0.000563141753054403,0.0007653703949793096,0.00046063403889506227,0.000700435514951637
338.7,0.015424771470641484,0.004468551328227961,0.013972084958723612,0.004444454729418261,0.0006812610369910184,0.0009307121901332886,0.0005569057574507638,0.000871164791399125
340.25,0.014670209420765383,0.004391272978802348,0.013091265196517387,0.004365549308603744,0.0006991890000480942,0.0010752971561894624,0.0005476827000621896,0.001024808225835452
341.8,0.015560415931346579,0.0044154130743640245,0.014053420750372494,0.00438093290339301,0.0007962816369133166,0.001213715826962559,0.0006162582324426471,0.0011781364741657435
343.35,0.016799680510045215,0.0044395512514798395,0.01540783210163127,0.004418536554434901,0.001216362641819994,0.0013442810951423026,0.0010252494473542882,0.0013277463515252313
344.9,0.017924972260357788,0.004517475254789555,0.016635048376619395,0.0045344398101063105,0.002125234966305305,0.0014685050425377309,0.0019504858413771909,0.0014788541641325384
346.45,0.020044596447393866,0.004670028548638669,0.018978988273454452,0.0046928565320803525,0.0033919478936365348,0.0015524852147807326,0.003260688396671517,0.0015934430411252377
348.0,0.02266587583313984,0.004883888469575397,0.021885232238958864,0.004904573574124991,0.004738950738143151,0.001610805746652476,0.0046751766647072975,0.0016845141537390378
349.55,0.024637699534611056,0.005002346880856883,0.02406355927701812,0.00502104328222754,0.005968364339509945,0.00167107949226223,0.005979299742673563,0.0017763219667751168
351.1,0.025319129907760293,0.005070310442829809,0.024796021719673787,0.005112181213093673,0.006907731734642363,0.0016835983747151913,0.006970382679620899,0.0018080515704935313
352.65,0.025712013073930937,0.005106153469249854,0.02520743538329129,0.005163175347718958,0.0075770205260906566,0.0016622625166611395,0.007667213677365132,0.0018019720710413837
354.2,0.025476070388255324,0.00505808417074619,0.024914966328995446,0.00511220738032491,0.0079017995492064,0.0016266400880362289,0.007995928820154048,0.0017667235134506765
355.75,0.02424617301616278,0.004963736634119332,0.023507819424232898,0.005010819056617506,0.007879988811295651,0.0015821080853784019,0.007951097117511267,0.0017117872637680076
357.3,0.023159126603054112,0.004798467717845699,0.022263302711981004,0.00485776675655147,0.007729491751457338,0.0016000226000092094,0.007762969846591472,0.0017270478989426647
358.85,0.022168301244935587,0.0046421249914469715,0.021129060643128743,0.004724298389576698,0.0076909857444034955,0.001654660174090576,0.007695631451605571,0.0017797416323854446
360.4,0.022021059561441382,0.004656701789194072,0.020941904882902918,0.004744514612761708,0.007835637611072933,0.0017260103159872466,0.00782736430791887,0.0018464200551863473
361.95,0.02319510301763227,0.004802800591137134,0.022238481237580612,0.004892120710762324,0.008043203631597669,0.001827103405127575,0.008027404173379141,0.0019415215000869082
363.5,0.024101147609433143,0.004816532469745737,0.023234959892552323,0.0048941794803776615,0.008314488173482652,0.0020100648460831872,0.008296690832494446,0.0021292078840913237
365.05,0.02438933622331894,0.004715911239898595,0.02353935639481921,0.0047690812913862325,0.008552630690343068,0.0022454834574231314,0.008530017119079261,0.002379263087349705
366.6,0.024645146142776103,0.004707136536758016,0.02381009201060513,0.004770233921850656,0.00844165997117051,0.0024612549796996738,0.008383637638893776,0.002610023600780842
368.15,0.025241270380730527,0.00479186467365715,0.02446438517784212,0.00487180991698387,0.008308095561836988,0.0026126059448567263,0.008212880459164861,0.0027715293521661257
369.7,0.025807975657604742,0.004938066916414718,0.02508651347305858,0.005028116443257159,0.008292401626719263,0.00268672073796921,0.008170308262467549,0.002847732128264335
371.25,0.026195331135552728,0.005119082673158636,0.025508082926415886,0.005199527239323341,0.008349584092601338,0.0027270116050602485,0.008206590506636205,0.0028848029975511334
372.8,0.026245815530496784,0.005192348987463899,0.02555370436003856,0.005267180690785576,0.008381816330994642,0.0027237359746286765,0.008215936701730889,0.0028761986633123317
374.35,0.026039918852492513,0.005194101192380241,0.025313090082463283,0.0052560898006672,0.008391223792893324,0.0026273726810865615,0.0082006610361083,0.002765362624299113
375.9,0.0258777005368371,0.0052418106282092055,0.02512295815111348,0.005295283175522569,0.00839409492205154,0.0024412960411552853,0.008178700751088216,0.002553842318888079
377.45,0.02517883362442973,0.005193753594356692,0.024332741914129156,0.005247026375673035,0.008659704896113667,0.0022587754073983926,0.008442661602656576,0.0023412724548739438
379.0,0.023980575950268698,0.005078417518786697,0.022983999773307305,0.005134661453912502,0.009229581633834945,0.0021171953844239034,0.00903770327476453,0.0021738482258234844
380.55,0.022391396678193464,0.004848394738489539,0.021199473732265287,0.004920719231168225,0.009861155582561763,0.0019996592946652536,0.009700212041355875,0.0020393476903043726
382.1,0.02090066313347994,0.004528329277154626,0.01952802230378529,0.004627356538626771,0.010484086388137028,0.0019569895696806595,0.010353691375232295,0.001987773398044211
383.65,0.01988633291479143,0.004333185372218046,0.01839234320494773,0.004463704673517305,0.011337927101867856,0.002024186304693445,0.011258635526759462,0.002059854744734762
385.2,0.019747179143011585,0.004340386387376936,0.0182383544488532,0.004485544351464209,0.01239131051800484,0.0022076169950433306,0.01238080010677257,0.002262736187312569
386.75,0.01931447944526652,0.004203510432616455,0.017759571717880153,0.0043223852638927755,0.013338352623345191,0.0024155443834037024,0.013387560878647413,0.00249159134117939
388.3,0.01842634202689906,0.004022610599158111,0.016770577737625376,0.004116955759546768,0.014076939859542479,0.0025886114686536955,0.014168123364963087,0.002682470402350215
389.85,0.017620379255507385,0.004006855388538378,0.01587459040827214,0.004108998632806719,0.014599825331229109,0.002723473999465599,0.014714774274006635,0.002830661534165978
391.4,0.01758820883622763,0.004044776473731622,0.015848221730584644,0.004179925981755915,0.014881979546092373,0.0028205958002847473,0.015000370899185121,0.002935108258072098
392.95,0.017864063069332733,0.004128525793843473,0.016167649251415186,0.004267673964173905,0.015232754100384558,0.0029504367032332983,0.015361103651990006,0.0030707179460376195
394.5,0.018165941849642524,0.004190898663222385,0.01651774938996257,0.004326483821076935,0.015375463463710328,0.003043961157820888,0.015496128173117341,0.0031673438569775757
396.05,0.018453516889748875,0.00410502333848422,0.016854686689386385,0.0042510309942916154,0.014983050848431769,0.0030455729713579674,0.015049941030583264,0.003168812412141843
397.6,0.018650801037977532,0.004138225640461726,0.01709086819172888,0.004314819432980906,0.014604396189713138,0.002989160924127293,0.014619611857936907,0.0031037886850179344
399.15,0.018729245676183216,0.00425813993326451,0.017193321653245365,0.0044678181142995725,0.014230726936336115,0.002903516582444495,0.0141954834364012,0.0030074925328667725
400.7,0.018076203416718645,0.004226672602609221,0.01648148304979937,0.004455632020597361,0.013691898728298296,0.0027676416220169713,0.013592421360213372,0.0028584063116888865
402.25,0.016670262389484818,0.0039910684743485626,0.014928700216590651,0.004243916183646223,0.013086229569428676,0.002591207604278003,0.012917484735950084,0.0026670529670200817
403.8,0.015368690264427458,0.0038207337486316946,0.013491735858216124,0.004073215577687932,0.012435901241963558,0.002413447115794997,0.012194650944834733,0.0024760852578476406
405.35,0.014408311255598296,0.0036849040167592764,0.012437709121779357,0.003891450825201339,0.011673308848351964,0.0022543276524362383,0.011350454225592187,0.0023067687832289347
406.9,0.014466944561738708,0.0035685478086334107,0.01252691854238646,0.0037398777928559896,0.01087458627623594,0.002115417579610121,0.010467566160123877,0.002157729342760553
408.45,0.015057697080514583,0.003639523117653785,0.013209634707264101,0.003739297102115262,0.010170170680489681,0.0020441243829113515,0.009687816007306433,0.0020798224254465632
410.0,0.015752345212394728,0.0038298684682014686,0.013995970175237286,0.0038663434011075404,0.009474738078947728,0.002003989498755009,0.008918532810978364,0.002039586130706644
411.55,0.015606025699883707,0.0038907900431918133,0.01388453589157965,0.0038671489000337224,0.008910569311480225,0.0019655250014665652,0.008292788748517932,0.00200763682485281
413.1,0.0151880194155657,0.003939705778182322,0.013462791226145687,0.003868211514791306,0.008705866613232093,0.0018845836871138999,0.008059000130979793,0.0019237831026656922
414.65,0.014408582834904314,0.0039505363301616135,0.012631256269449512,0.003860684750498887,0.008680787601504208,0.001806208912558723,0.008021505219232221,0.0018386143424307046
416.2,0.013351680602947886,0.003963660734358459,0.0114891839854945,0.003896448270100164,0.008831296236846968,0.001768608995774185,0.00817587526201742,0.001797027159555195
417.75,0.012751385805484405,0.003998078715886609,0.010852009349707346,0.003980676847125227,0.009456054637623,0.0017396927553809819,0.008846769864076636,0.0017620342602017265
419.3,0.012502323306044696,0.004034653089656575,0.01060197613625127,0.0040404032018052935,0.010271759365369688,0.001742256994154996,0.009726079982995602,0.0017602927705896924
420.85,0.012808590707561353,0.004041869314572499,0.01095810999371297,0.004058554094683474,0.011183125016307877,0.0017704670807890369,0.01071033732509178,0.0017871977862836852
422.4,0.013140944060707172,0.003984791058362295,0.011367409854225859,0.004004251893266717,0.01236809160364333,0.001805695317542927,0.011992913459642514,0.0018212612553038395
423.95,0.013431022765949145,0.004003959029683771,0.011721915420591091,0.004032763224272855,0.013973537539352307,0.001844291569099415,0.013733509604367297,0.001860880298463173
425.5,0.013296755800324774,0.004047553346709936,0.011594927189886204,0.004091299064742858,0.016096171952625672,0.001919272028979747,0.016037234157324606,0.0019442598424823938
427.05,0.012220086135472152,0.003969256867468176,0.010454434505738958,0.0040119123611006,0.018669141180156577,0.0020545291854096584,0.018831338554846252,0.0020944321926430836
428.6,0.011627262172142747,0.0038046235331554937,0.009833412782759,0.0038824993072027665,0.02130779628120622,0.002263599139634001,0.021697594021773146,0.0023188275121773937
430.15,0.011442099057783463,0.0037174049913570894,0.009665600071668765,0.00386129448689569,0.023918435991054747,0.0025105511961382547,0.024534273205386706,0.0025820506132126202
431.7,0.011490816324520259,0.0037150465056107113,0.009754612929303921,0.003907226822437478,0.026445865690595757,0.002720067504024428,0.027281430201626142,0.002805859937931137
433.25,0.012428338677471638,0.0037669679979732483,0.01083548666106749,0.003966436110441135,0.028929543073445703,0.002921112065026908,0.029981992842762283,0.003017765028971132
434.8,0.013902325387377401,0.003920500255381136,0.012511591359614313,0.004115051622324667,0.030883810190216233,0.003059170331086338,0.032107915095406475,0.003163773095942141
436.35,0.015022861643860077,0.004101625591070555,0.013787898976990226,0.004300207450765662,0.03197210473291822,0.0031058262856238365,0.033293235533443294,0.003211246792342957
437.9,0.015007033171129574,0.004064123518265246,0.013828564940591512,0.004225997726408455,0.032399610491201054,0.0030361594552575913,0.03376086211922773,0.003131462369035757
439.45,0.014410488090254865,0.0039625655891173065,0.013214648171938457,0.004078184589403723,0.03203146931182234,0.002866952871966128,0.0333643738595877,0.002946382383411118
441.0,0.013305542654101372,0.0038725895336257144,0.012031879389872449,0.003949539673621889,0.030782135206913704,0.0026200292229563572,0.03201072807436758,0.0026790339754342485
442.55,0.011902357306740788,0.003798360653204378,0.010514225476994196,0.003862192734373911,0.02865749159012879,0.002351178095612766,0.02970595947954512,0.0023887002290388605
444.1,0.010698440790162422,0.003713180237420562,0.009213081998587927,0.0037696901412784074,0.026203975669130814,0.0021777981154529184,0.027044094546789844,0.002201105309979135
445.65,0.009757514501336783,0.0037265479816366944,0.008196782181680745,0.003789844753832392,0.023653882871046087,0.0020884058650791565,0.024277923016599846,0.002111697737455776
447.2,0.009197308777154805,0.0038143056853665773,0.007579819750337069,0.003892638209138674,0.0211185284223048,0.0020697763537764566,0.021528664199042265,0.0021088910559326963
448.75,0.009029456882093823,0.00392969757474743,0.007467612965910054,0.004012028332816342,0.01913765022993527,0.0020728684461404703,0.019383200632324196,0.0021158056788900263
450.3,0.008718302789509153,0.003966570977024196,0.007187762317922278,0.00405102498791321,0.017472080479162457,0.002093890495597781,0.017581344760969675,0.0021422211609082808
451.85,0.008363592476958401,0.003925365385478535,0.006848434435431265,0.004000943657290294,0.01590510705985435,0.0020811837047366713,0.01588745974593486,0.002133753788080178
453.4,0.008329325897973446,0.0038840485829051002,0.006855339730975596,0.0039338112032171685,0.014310197483504867,0.002027323780349642,0.014163563307472675,0.0020789395870037895
454.95,0.008114318769242063,0.0037444864170055768,0.006665281273527746,0.0037339545736003723,0.012792394974421561,0.0019654558852577274,0.012524496885889712,0.002020684439072413
456.5,0.007640397154248071,0.003547212342001449,0.006183312310564445,0.00345779362899644,0.011378747662318413,0.0019028305329322132,0.010999389564849355,0.001967225314473227
458.05,0.006974083155813759,0.0033437368080430434,0.005513035731104996,0.0032133334211466736,0.009888275896493392,0.0018196270292143556,0.009387645199403355,0.0018850834328550756
459.6,0.0070932371824115985,0.0034027322942007383,0.005703659499138951,0.0032404770043532836,0.008542253694115752,0.001722972203782746,0.007939866279458103,0.0017819795229658823
461.15,0.007686632770253733,0.0036039596435241744,0.006389995166747902,0.0034322185663028726,0.007281933957398158,0.0016316656464607606,0.006584636660346277,0.0016822613326240767
462.7,0.00811282028333957,0.0037723716755762066,0.00686807294787812,0.0036039854431583317,0.0061544898957922945,0.001550612106800198,0.005363430732159581,0.0015922035470815
464.25,0.007813425378557474,0.0037648667014038937,0.006616000532112404,0.003596283621868661,0.005305472703501046,0.0014561627414750866,0.004465198445795807,0.0014780972484597038
465.8,0.007208965926759136,0.0036275775222221417,0.006015600335116144,0.003461670757797782,0.004542088277723916,0.0013863083530071393,0.0036597441682457935,0.0013920913017399603
467.35,0.006661111944166028,0.003420195024956249,0.0054671382869351795,0.003275754322358145,0.003844850559140664,0.0013409729013813259,0.0029252090205516418,0.0013391359584577571
468.9,0.0069098238640154,0.003370410723422961,0.005773965053092969,0.0032707472381702605,0.003272591163973117,0.0013203796850226703,0.0023222047326541236,0.0013108027199378652
470.45,0.006845428406468821,0.0032399355131658607,0.00574104058899888,0.0031433170567004656,0.0032629544295955694,0.0013203915811755905,0.002326729163236462,0.001309899732740785
472.0,0.006300744581448704,0.0031258833885505115,0.005172046081555665,0.0030288621217223924,0.0036218159835209197,0.001366509196248905,0.002725681347908447,0.00136541802299768
473.55,0.0056401969062163096,0.003044046540748335,0.004493630644009559,0.002981536125621165,0.004041020769776676,0.0014537475624088905,0.0031729469604342623,0.0014687918638596712
475.1,0.006349460519536111,0.003170302860501421,0.005290090588089728,0.003126984310433185,0.004253544145540652,0.0015928248771977516,0.0034118099249231633,0.0016289671700083024
476.65,0.007171629576087001,0.0033465162119836215,0.006162799167247898,0.0033176656889828773,0.0042819396002649855,0.0017313637299630244,0.0034584472255625985,0.0017784203313338431
478.2,0.0073015883960153675,0.003320636049137623,0.006332306974665984,0.0032760712906043108,0.004050391249292184,0.0018196263606982416,0.0032484107049258384,0.0018645918089160913
479.75,0.007154796659234122,0.003235003559688372,0.006201265806670301,0.0031624711781160835,0.0034449776688369998,0.0018186529676951437,0.0026789296830363957,0.0018480093764264
481.3,0.006354539855175937,0.0030195939070339754,0.005399875451424253,0.0029079032883482492,0.002812756460476325,0.001758030401193228,0.0020551103934368566,0.0017598786191155898
482.85,0.005162596365208235,0.002699668363000793,0.0042481406477931655,0.002551134437649439,0.002302391137084767,0.0016509943127687456,0.0015316065116672687,0.0016290910006588654
484.4,0.004012088783553444,0.0023029713987453323,0.003219159920296779,0.002125733475851779,0.0018639870759667486,0.001541065300747608,0.0011008401682146862,0.001497420450796617
485.95,0.002901580691858454,0.002050590855074514,0.0021898495903078714,0.001823449622803014,0.0016306938210604493,0.001386779548260916,0.0008741794138430856,0.001309011374365772
487.5,0.002014666281331976,0.0018959636834233534,0.0013218707373760202,0.0016369963418987918,0.0016083211421444987,0.0012073799185249039,0.0008569312772279125,0.0011020005572010543
489.05,0.0014607258787018857,0.0017227963951670748,0.000758202315635961,0.001501174343653338,0.00168676361942549,0.0010779672988030036,0.0009342995919861555,0.0009370564617087673
490.6,0.002526303888193141,0.0018230136562805864,0.0018838438987079198,0.0016359144932512621,0.001756645838668053,0.001025467187468587,0.0009954965986290268,0.0008592572759589395
492.15,0.0035494767596161284,0.002076538062160414,0.0028731304163631282,0.0019219524072811632,0.0017605378408011695,0.0010428421997325688,0.0009914466052888392,0.0008682810029679698
493.7,0.004108078662054279,0.0021997110813338325,0.003387362363971629,0.002092728862563713,0.0016459460288053718,0.0010812828939784811,0.0008948824657131482,0.000901833544646279
495.25,0.00462437080332748,0.0022694546776979726,0.0038476858421708972,0.0021847411635490402,0.0015019071136814681,0.00107073349552232,0.0007841216883261563,0.0009011180929178894
496.8,0.004671580882971806,0.0022162512636827946,0.003882987310150873,0.002135100609699801,0.00137485625142799,0.001028211869506758,0.0007178980135974066,0.0008700366503127105
498.35,0.004414958731502403,0.0021636231296241273,0.0036569688256487976,0.002055215966230397,0.0011805351659637852,0.0009344122093606667,0.0006147456098416272,0.0007888042555233473
499.9,0.004081542345426256,0.002198290465856233,0.0033518524883654898,0.0020779819515473574,0.0008616528769951423,0.0007674169308682365,0.00042753872003969094,0.0006371502661260522
501.45,0.003872966947417684,0.0021648244189152437,0.0031648592300110795,0.0020794469231137707,0.0005587337638882609,0.0005931641043173961,0.00026677278673235236,0.0004621391044659636
503.0,0.0033702910300088982,0.0021560868438527648,0.0026714769239513493,0.0020898713337961397,0.00027877842987966564,0.00043895873671304407,0.00011262419938400674,0.0003043910529763223
504.55,0.0027737424993262844,0.002184373577099089,0.002079266096743959,0.0021444559191660575,0.00010213829498365994,0.0003758891028580212,4.962958867633734e-06,0.000254553269835364
506.1,0.0033148055152596133,0.0022046361385715616,0.002662979512809828,0.00217203149138333,6.839331351519271e-05,0.0003365358554347673,-1.3219757282667618e-05,0.00021070837347377558
507.65,0.0033653515138391417,0.002161355282561666,0.0027186923908483285,0.0021187275908224495,0.0001617104820329291,0.0003400487342726324,2.9372975527595203e-05,0.00021479608123365057
509.2,0.0028199084282882363,0.0020649897949793577,0.002184873831951431,0.0020052719064900895,0.0003759542776761549,0.000442268675836214,0.00012600194776054213,0.00030812749081846936
510.75,0.002190055133632022,0.0020299830854013496,0.0015541143976842823,0.0019429909672455136,0.0006775944739760921,0.0005786613281731929,0.00028406758536003436,0.00040891085049459165
512.3,0.0025520984067526594,0.0022166682630396,0.0019790540274354255,0.002130391521646126,0.00092347875823714,0.0007034071314389109,0.00041700598314038743,0.0005191441563570428
513.85,0.003617210795262685,0.0025274845841157193,0.0031028571300600266,0.0024603768397741233,0.0011478442104760217,0.00081180406260165,0.0005437074444002216,0.0006249940282927668
515.4,0.004904134767846746,0.0028293389318891846,0.004415339377177236,0.0028140700967288113,0.0013522107931670966,0.0008953534780937151,0.0006727578038119422,0.0007183392990199613
516.95,0.005758513546291488,0.002952497453485652,0.005304594966794439,0.0030117845537296073,0.0013704242127297928,0.0009802799475170075,0.0006461930776702394,0.0008057266056778833
518.5,0.006410169784786693,0.003027829471951852,0.005984980525187187,0.0031562040783867694,0.0015884124014231061,0.0010599318406980499,0.0008402008178840679,0.0008960021625432072
520.05,0.007060270802301987,0.0030484464588430692,0.0066505223152498304,0.00323451926256252,0.0020461214399308536,0.0011253105703107852,0.0012919838479344067,0.0009729157884029784
521.6,0.007864866767679793,0.0030167462890738606,0.007472120682925142,0.0032278615524593242,0.0025322496836617837,0.0011979443513626634,0.0017968994728300844,0.0010573495079544395
523.15,0.008179423776326453,0.002894646598150445,0.007824302636039015,0.003095728231084247,0.003504527470019408,0.0012901403602298507,0.002812342213407812,0.001178121543020646
524.7,0.00819780980881056,0.002774472252352859,0.007879506138294828,0.002961824961575681,0.005042709664978714,0.0013847712686084902,0.004430190517200195,0.0013148814656922692
526.25,0.008445219637181194,0.002789559579592102,0.008164904640735457,0.003006937201531457,0.007029248181014819,0.0014857948622138632,0.006554045989994023,0.001469523371861656
527.8,0.009622212424933533,0.002760624666445558,0.009481506088637874,0.002990287315578091,0.009014037909678863,0.001622546062604813,0.008695267266546793,0.0016515371107112338
529.35,0.011035549852958095,0.00284300244812681,0.011056151513272897,0.0030788766836265646,0.01113588651268123,0.0017905744733627544,0.01098805555945338,0.0018450835852387032
530.9,0.012479512410996114,0.0030549749115817587,0.012664087086561826,0.0032963347127831382,0.013174340578104514,0.0019874007745869313,0.013198623108663042,0.002049443456089429
532.45,0.013966651231520397,0.003320656257298361,0.014338526652982153,0.0035844687276412428,0.014751002021426738,0.002278663479564689,0.014912839890113369,0.0023403910271688156
534.0,0.015310611010914575,0.003526269500737228,0.01584632855376306,0.0038043477759668533,0.0163364849267801,0.0026686317059594344,0.016629374555412843,0.0027514247668952224
535.55,0.01640328802067692,0.0037287927003457934,0.017071040544370097,0.004023062891068685,0.017869700836708448,0.0032088289647201553,0.018289095688883324,0.0033320841261177893
537.1,0.017209510263152934,0.0039074572847682424,0.017974325122986384,0.004215445727956789,0.01935937679165263,0.0038896906460593357,0.01990142878101416,0.004069400943622119
538.65,0.017805937450821596,0.0040178764256554745,0.018640759478005593,0.00434091052465409,0.021254500351983365,0.004590490358883957,0.021954519955591802,0.004829211128971585
540.2,0.01829076876866928,0.004093729373443541,0.019182272395436878,0.004426909900371239,0.023580651556730708,0.00533873348910248,0.02447630414743588,0.005638761607436639
541.75,0.018589380419481678,0.0041087137403806335,0.019515013392616142,0.004443664441690293,0.026150888816062735,0.006128062793303531,0.027263577838340224,0.006491901277122607
543.3,0.018616004599035632,0.004124197424963746,0.019542114611282108,0.004466033298128293,0.02860935475525372,0.006869706745429076,0.029929637422616846,0.007294969032445207
544.85,0.019302669767479026,0.004331359444611306,0.020309695515250515,0.004695621616980849,0.03103475350936635,0.007486521416167075,0.03256023608131659,0.00796165462098272
546.4,0.01966567037825281,0.00453694964558426,0.02071438798822471,0.00492423245325514,0.03302076613895702,0.007981914450812316,0.03471339509302487,0.00849519361594578
547.95,0.019249290515554168,0.004567481300139421,0.020244830840781165,0.004959461148679735,0.03420680563151418,0.008341363486721822,0.03599702780511304,0.008880056371139798
549.5,0.01904536403442263,0.004492467493038778,0.020012609199108897,0.0048642768372921825,0.034787711302142886,0.008498780722135052,0.03662350779642821,0.009047445385030498
551.05,0.018192424234067667,0.004344995095076293,0.019052240336852096,0.004694133482457365,0.03431194250486784,0.008572972376124281,0.03610169287717511,0.00912824383835638
552.6,0.016945565801663252,0.00416303316393833,0.017650196853243826,0.00449093762324665,0.032915938911607254,0.008529483897304879,0.034579896115932575,0.009083977605984332
554.15,0.015955031146878497,0.004111331076777625,0.01653510226796796,0.004438988953436247,0.031004153606921447,0.008285974836766512,0.03249789394880816,0.008823201959619114
555.7,0.015119206426146736,0.004025940746760833,0.015583440778655054,0.004353584255342088,0.028756160762719786,0.007914730068708123,0.03005124147773611,0.00842501431791286
557.25,0.01347084787072829,0.0038796775866815035,0.013749150903290064,0.004199904523576206,0.026240962500351666,0.007442583704253697,0.02731480355642452,0.0079174377087145
558.8,0.011180541524875178,0.003684878262068062,0.01119958380287678,0.003996753608864164,0.023665019861697383,0.006853626556342687,0.024512985825312864,0.007282899105159573
560.35,0.010626155424770394,0.0034539322077845836,0.010592543650173558,0.003727281083810586,0.02142615071952645,0.006206940127152181,0.022078150456630672,0.006585037482293585
561.9,0.009920394447777918,0.0032845775219158537,0.009809779800007513,0.0035388553019835684,0.019371515779171854,0.005527084034518527,0.01984400712673231,0.005850584113036314
563.45,0.009285684652832051,0.0032365273445440954,0.0090994416628262,0.0034975793648370883,0.017597570678976004,0.004857460963791595,0.017915490576834586,0.005125630506165882
565.0,0.00973178850212404,0.003323209537736326,0.009591860322148088,0.0035980622864440217,0.01623799492176842,0.0042503173204556785,0.016438097815943933,0.004467715185503253
566.55,0.010205606874226529,0.0034484407732615525,0.010104815845992331,0.003742917576507574,0.014888617499911064,0.0037462037043914024,0.01497213663497842,0.003922002933860228
568.1,0.010350411143001042,0.003495776729331386,0.010253869615938573,0.0038083431785573413,0.013596224631527033,0.0033102977448091525,0.013568443429435379,0.003449156547599792
569.65,0.010263049861546738,0.003448554835952044,0.010150924428407948,0.0037638679827023606,0.01245405644554092,0.002898726801299071,0.012328462890379845,0.0029993602346080994
571.2,0.010087782727424405,0.003370989756007309,0.009932783238780787,0.003656892790301176,0.01142604166589204,0.002514622559426908,0.011213171616277516,0.002578274170214193
572.75,0.008805376923665354,0.0030804016981684614,0.008500629242929497,0.0033193292459611614,0.010358935665187158,0.002227042864378697,0.010054353019295742,0.002266099957380832
574.3,0.006957295243727136,0.002707156450094896,0.00646399900113368,0.0028775375226535106,0.009138749044112639,0.002020426851411973,0.008728625378560919,0.002048596000315596
575.85,0.00581135207138111,0.0024404087505633305,0.005243633991810069,0.00252776454021645,0.0078099905474532305,0.0018654758309707684,0.007292517622584071,0.0018858582763725408
577.4,0.005148094116103453,0.0022944397382524137,0.004522963738827528,0.00232731527753415,0.0064031797681176495,0.00173467161091669,0.005769324239301372,0.001751623589352685
578.95,0.004540360358577414,0.0020887860251206027,0.003862035791725451,0.0020668306436768084,0.005215727185082728,0.0016287231506439607,0.004479774724303585,0.0016458852485754074
580.5,0.003974818533821065,0.0019041928803363493,0.0032967723353383906,0.0018630141440662093,0.004283051915615122,0.001523765104816789,0.0034694047689086886,0.0015307134353652117
582.05,0.0035739748231976847,0.0018868296243876414,0.002916891118988278,0.0018344517326035507,0.0034226133822663814,0.0014125393573641337,0.002563787815383987,0.0013997087379326915
583.6,0.0027949886152290153,0.0017632123424933745,0.0020865126995196714,0.0016957907499251933,0.002733015994485502,0.0013180752517779905,0.0018443644620128985,0.001274115787019014
585.15,0.0029302320229987215,0.0017154698327929681,0.002237463014798923,0.001667794157994324,0.002346621402276758,0.0012810999060444592,0.0014509957984556294,0.0012041998593530973
586.7,0.0046479688355262035,0.0019381101584159182,0.004102423957885737,0.001928479512212068,0.002316921910123562,0.0013045416223749081,0.0014398559914988967,0.0012033936832226292
588.25,0.006113168263603638,0.002131761389791547,0.005672986353631571,0.002177819023350775,0.002401321965860574,0.0013038263602800646,0.0015439829528096868,0.0011910463018274264
589.8,0.007318662093798372,0.0024290522934518046,0.00697028108326399,0.0025530827874252838,0.002295270943822966,0.0013226550867069496,0.0014639406271119175,0.0011900010993384207
591.35,0.008309065833954542,0.0026802065292963317,0.00801963858275071,0.002848584892008904,0.0020949671120655284,0.0013656401561694268,0.0012729041188308116,0.0012109604112010112
592.9,0.009419343174133189,0.0029203045787327925,0.00916558540774307,0.003117395267489398,0.0021964621030867845,0.0014097979915983062,0.0013871166203199704,0.0012538018458813603
594.45,0.009689135412209225,0.003103599370999145,0.009416023868662766,0.0033274157555649043,0.0025123807613257514,0.001417699523746662,0.0017161743359104076,0.0012736982711112036
596.0,0.00967637054853453,0.003189490401126991,0.00941826147159497,0.0034348154989558765,0.002687141031192594,0.001399474310344643,0.0018978874175653321,0.0012793036703817855
597.55,0.00954121817793439,0.003230027847838163,0.009284504022116067,0.0034763805030072455,0.0026762364370479853,0.001363531908337587,0.0018936709068244463,0.0012624578145848805
599.1,0.009172422507932371,0.0032572282975653647,0.008875863285647823,0.003512299099560424,0.002876193839038068,0.0014257244391565882,0.0021017656500973013,0.0013607516190824204
600.65,0.00974754414375568,0.0033565596117158714,0.009518001614496766,0.003624400157329167,0.0032113262278033283,0.0015240605340597231,0.002452927917723831,0.001494025665044668
602.2,0.010672095850480446,0.0035548095635839524,0.010549007085705468,0.0038502250361894066,0.0036132603309771815,0.0016275432334528106,0.0028743535843134423,0.0016247745239454793
603.75,0.010983640797327068,0.0037455250841675917,0.010901157080044393,0.0040724322676084935,0.003997895595968908,0.0017207033116908082,0.003283743993708323,0.0017451176842284558
605.3,0.011470990305637817,0.0038553065348215514,0.011449869386983183,0.004196635834783599,0.004269377987618147,0.001780093510819335,0.0035951536711766653,0.001824542997330756
606.85,0.011816973569112982,0.0038473811138045773,0.011837886879593336,0.004185606196961076,0.0045732091999159084,0.0018278851128368586,0.003928095272340041,0.0018909195771527243
608.4,0.012255402510398451,0.003742177644696503,0.01233145226559946,0.004066369620227278,0.005025548036994183,0.0018651935699768023,0.004420079200638527,0.0019484314275545996
609.95,0.01331342747271668,0.003532364019456141,0.01352189373668173,0.0038348695511848207,0.005538832083632026,0.001840559409529526,0.004978566507099659,0.0019393603699528919
611.5,0.014595533852770943,0.0034845124971959254,0.01496401989577071,0.0037871424210731523,0.006005197949097474,0.0018200497251561103,0.005494609513769135,0.0019292089498448841
613.05,0.016024452830722402,0.0035105082289600075,0.016570048697854244,0.003817398880131497,0.006330439460033573,0.001781004320725005,0.00585805186905495,0.0018955057109520865
614.6,0.017105343061787452,0.003424420295557121,0.017786536882727952,0.0037143042245760963,0.006639599501046344,0.0017459370033172863,0.006203183830529417,0.00186661663831056
616.15,0.017775296510221795,0.0033551967387562115,0.018540551757098612,0.003640650343026893,0.006925723742940407,0.0016934884462049943,0.006526083750238434,0.0018077716405038272
617.7,0.01828149211105477,0.0032808384160597373,0.01911206489579798,0.0035619827773789164,0.007295467230402656,0.0016612311631348286,0.006938539533324062,0.0017755294760245061
619.25,0.0185106900178985,0.0032552637175362405,0.01937563908266628,0.0035374801788126842,0.007796913027590299,0.0016647408458560376,0.007494861694564338,0.0017808271603306047
620.8,0.018627833468832778,0.003299381809419991,0.019512193473634257,0.0035889017801377003,0.008268780649135185,0.001677259639891549,0.008018980120838445,0.0017920362343412876
622.35,0.018521696080172644,0.0032394509964262215,0.019398328500743342,0.0035215704923569867,0.008544512914836688,0.0016488078097668612,0.008330321015106045,0.0017626632640919083
623.9,0.018779369481582275,0.0032582781861836396,0.019693126455053205,0.003549245581818476,0.008728007055029453,0.0015891567902321972,0.008541249836000938,0.0016980393226219326
625.45,0.01930469899173487,0.003331525679149212,0.020289144894577095,0.0036418033726128033,0.00893124743477994,0.0015428591818946265,0.008773671705227061,0.0016483341361382263
627.0,0.019362500646965333,0.0034373501093857913,0.020361286534595537,0.003766508702554724,0.009205530348359194,0.0015664510574795517,0.009083462354348709,0.001676820635225855
628.55,0.01945607503928481,0.003370117766051655,0.020473909886300726,0.0036812707090457955,0.009383724968123681,0.001586290475367885,0.009288790597803883,0.0017026413421833452
630.1,0.019594939838206177,0.003292528090504097,0.020638494967419336,0.003587387164966409,0.00940108699972119,0.0015617876998426307,0.0093193166106914,0.0016785288894810267
631.65,0.019645572745422817,0.003280456827085642,0.020705453854689786,0.003581223470897214,0.009385544676025792,0.0014916769194652972,0.009314261349864673,0.0015983871771312623
633.2,0.020325907700777742,0.0032523693784826564,0.0214787827511343,0.0035484527060012094,0.009513527548692377,0.0013825917423852243,0.00946535795061843,0.001477446867533507
634.75,0.02093374388356428,0.003260803342302672,0.022170173513132295,0.0035551391192009223,0.009633384144443747,0.001287570056347196,0.009607688234020908,0.0013738033362878212
636.3,0.02106198005785186,0.003265701743801963,0.02232384940835739,0.0035683419557739618,0.009521308875689147,0.0012114885755358895,0.0094979680250213,0.001294881446885158
637.85,0.020790159052936904,0.003141334244459062,0.02202970192961448,0.003443438388546577,0.009155091992133957,0.001159794126107297,0.009111960533650045,0.0012487362082105936
639.4,0.020622943743120462,0.0030002861899527315,0.0218525275812829,0.003289370856390663,0.008823314953704454,0.0011485302855488153,0.008763503976176647,0.0012408816906847543
640.95,0.019873953295396513,0.0028819172727029526,0.021022986390593225,0.0031759351299381054,0.008698289898695796,0.0011954715117362318,0.008639819391678542,0.0012950852034300255
642.5,0.018646300847484764,0.002818212616882097,0.019656623054709325,0.0031253860681323483,0.008833218862448705,0.0012560018648524163,0.008798661488527565,0.0013626148189551165
644.05,0.017478454584072347,0.0027264573434355424,0.01835757879377628,0.003022661809635434,0.009046741983527149,0.001297929267329157,0.009042926158154252,0.001402770495171488
645.6,0.017508196927518586,0.002808385285618611,0.01840226825150181,0.0030892952149398916,0.008874729521455384,0.0013177603377023423,0.008867593908150583,0.0014193902299590936
647.15,0.01767529133675424,0.0029192796512219747,0.01860061071166046,0.003187964298695627,0.008640394255482275,0.0013225072922710298,0.008624484303157985,0.0014172705211190372
648.7,0.017591531630726794,0.0029359926806842005,0.01851669404828166,0.003181563561236191,0.008424023529430546,0.0013571633692069556,0.00840061025977991,0.0014429256514388916
650.25,0.017105348831730177,0.002977906637501553,0.017981466123213607,0.0032088461145150598,0.007931105477588712,0.001443200766096312,0.007875533633646374,0.001525761320868663
651.8,0.016128586928051986,0.0028924100697272494,0.016897934805337664,0.0031214210855230896,0.00725646610985544,0.0015585025865836098,0.007150465818035111,0.0016518327846309698
653.35,0.015226840394466508,0.002912762347996617,0.015899213105352954,0.003155277778968219,0.006311371930713668,0.0017337343120059144,0.006138349363132575,0.0018450370000872858
654.9,0.014646483271561223,0.00299880287038872,0.015259809935111087,0.0032473922691378747,0.005299674525842529,0.0019838897547980495,0.005055824714668248,0.002117022103992814
656.45,0.013681509786321853,0.003059187923558099,0.014182409269628769,0.0033280464014460976,0.004598203795926355,0.0022771299575587733,0.004304058124316298,0.0024344756010846696
658.0,0.01204192362961492,0.0029746346928065785,0.012364412129371198,0.0032421226885854582,0.004084462183030863,0.0025456206982774677,0.0037607001809002675,0.0027231610139360645
659.55,0.01083575008101882,0.002874603414527439,0.011030676895936007,0.0031182823418521473,0.003565384527583805,0.0027794797669470545,0.003200738231211232,0.0029763470533084747
661.1,0.010670479208671473,0.002860357737675307,0.010859455422024766,0.003069687069981187,0.0028473736227958607,0.0029295115781449925,0.002439750689577235,0.003138679767163452
662.65,0.00994782374216693,0.0027647316853063207,0.010059941275159065,0.0029361408746999113,0.0022744103638732776,0.0029767120834008763,0.0018778424107944768,0.0031826467831890894
664.2,0.008985210165083357,0.0026891482613435633,0.008979031203419198,0.00283832525411915,0.0018931049774751707,0.0029570728473026346,0.001528518567594911,0.003152678186993705
665.75,0.007578415268711853,0.0025804111772259135,0.0074470432800063935,0.0027292349729413396,0.0015279159463384964,0.00285571430205339,0.001218137790024961,0.0030315109967228256
667.3,0.0057674770565937835,0.0023852862522469914,0.005481167092314134,0.0025205859741985535,0.0011825739003129116,0.0026640928555075436,0.0009501867813877572,0.0028119297883461222
668.85,0.005273253142846376,0.0023771198054682217,0.004970530990222781,0.0024993633266847774,0.0007687682500066805,0.0024541187417880294,0.0005962629873460258,0.0025760357977299493
670.4,0.0055421313024797084,0.0024506903447872037,0.005294947559950587,0.002554251641152988,0.0005131732186462487,0.002221195880649948,0.0003727198773426687,0.0023169996101040416
671.95,0.005859920743450075,0.002557139841392446,0.005655065746442448,0.002651776623680407,0.0006347166572007444,0.001948106750951706,0.0004951744498701879,0.0020164948905085924
673.5,0.005668254985724419,0.002641165427698729,0.005436384014721463,0.002722227723120519,0.0008408784715603843,0.0017104857847601816,0.0006634540820024315,0.0017578464119353534
675.05,0.005905071030302662,0.0026883156933357644,0.00565824359207425,0.0027632309911406814,0.0009863554262343672,0.0014723202420106822,0.0007716485052878738,0.001495379453607853
676.6,0.005994880379203724,0.0026761581974431357,0.005774935547348375,0.002773444012460902,0.0011035437572670564,0.0012977622107107714,0.0008472523474240836,0.0012976203477767917
678.15,0.005444306200122793,0.0024800711342402634,0.005251136376625168,0.0025815003640318624,0.0011355226744379505,0.0011863615909116086,0.0008525700787942564,0.0011589726025481631
679.7,0.004456766631122526,0.0021631869316424183,0.004267560380912001,0.0022509498372750483,0.0010910897977392776,0.0010789128382384383,0.000803640737617508,0.0010255888267183637
681.25,0.0031465434260528075,0.0017577784958556612,0.002928602056159508,0.0018168450510882535,0.0008880393753032645,0.0009510763095710531,0.0006419237140208603,0.00087374192245021
682.8,0.0017262485945313284,0.0013782387147092574,0.0014391284470225956,0.001395683088719506,0.0005898333650939821,0.0007743138868257218,0.00040154847054380064,0.0006826094378480983
684.35,0.0013140585237985032,0.0012761229877073742,0.0010272665781917633,0.0012756843475953087,0.0003528070730031839,0.0006150212016627077,0.00019567936104847663,0.000519152775430176
685.9,0.0012632000056847562,0.0014488164187544746,0.000967249718054565,0.0014427254787917254,0.00020322838114616683,0.0005318321113345802,4.209502886011251e-05,0.0004378927010747921
687.45,0.0022701483807918603,0.0017543705406477825,0.0019734122820067724,0.001734145603691453,0.00047958061419243846,0.0005493794121434209,0.00029302038276770995,0.00045499181784622116
689.0,0.003116769544862086,0.002083098017654307,0.0027861333483535046,0.0020551384386928535,0.0008766548239164447,0.0006584716079071677,0.0006499662221189877,0.0005630736951157569
690.55,0.0035006422581353776,0.0022590982583286503,0.003167800873095442,0.0022449003644251318,0.001215590726184581,0.0008354715755653962,0.0009594817924028373,0.0007625523830870984
692.1,0.0032898766415285796,0.0021622821717624417,0.002975830835876445,0.002164790520476331,0.0017222736205279006,0.0010779819643174492,0.0014132280422141904,0.0010242222230183453
693.65,0.0031456080916449315,0.002005363537245338,0.0028807497539870396,0.0020153641141455385,0.0019814236568143472,0.0012786739952443593,0.001624657865619146,0.0012364400957625336
695.2,0.003015083285674854,0.0017904078931451066,0.0027680610611911494,0.0017917402804484336,0.0021664668730443162,0.0014088843707884217,0.001794286370419666,0.0013837394189922594
696.75,0.0031037210206266075,0.0016989218860501826,0.002846333203434305,0.0017031997239982716,0.002464373345066573,0.0014911523783876432,0.002110518060587353,0.001476905241596426
698.3,0.003303135063935163,0.0017439737148929862,0.0029939935754078194,0.0017495053954659347,0.002766673889403957,0.0015234500270916531,0.0024397401583395066,0.0015101468666033778
699.85,0.0030948825089189974,0.0017551589688849236,0.0027543504607197037,0.0017829897589461939,0.003091991906073203,0.0015463339408537263,0.002793984434512114,0.0015256567345035101
701.4,0.0029035780024949547,0.0017304692486131991,0.0025228766689590044,0.0017866813523312374,0.0034251706730264123,0.0015967027540768524,0.0031539745610105357,0.0015833865576665115
702.95,0.003393713037269456,0.0017717483711980806,0.002984022908444782,0.001811552357909033,0.004028486596093545,0.0017064420662714227,0.003797227575606668,0.0017112083769657998
704.5,0.0033356026521876104,0.0017815389805516503,0.0029007670427177146,0.001792238220685938,0.004718785909002845,0.0018215847105853339,0.004535136681281061,0.0018477326891541176
706.05,0.0028353726373137496,0.0017567903611209567,0.0024158080194986113,0.001754511213925949,0.005350213375519965,0.001868712253721529,0.005208746747868699,0.0019074373933076379
707.6,0.0024696368061646445,0.001830842469240244,0.0020329470708181797,0.0018374213762229548,0.005864511441148805,0.0018759284973594475,0.005751223770855462,0.0019205883130556222
709.15,0.002708581644613511,0.0019689615115103727,0.002270854497456273,0.0019751223629001,0.0058273784166308655,0.0018447523534483156,0.005705618055421684,0.0018848274547169752
710.7,0.0034179531482633886,0.0022001633662688913,0.003005240566028395,0.002242679300560423,0.005488504312472261,0.0017617315089179762,0.005340539801544404,0.0017949260814272682
712.25,0.004683978736796013,0.002358128657644604,0.004331720867736925,0.0024514783842788713,0.004887993251321467,0.0016413552719126302,0.00470010927589614,0.0016588079816278855
713.8,0.006238588806236219,0.002581368892337119,0.0059520269683271225,0.002732050656105407,0.0041244619797319235,0.0015255599170260095,0.0038796624992139157,0.0015245098262387231
715.35,0.007098936026079542,0.00272623406600752,0.006891160999021924,0.002927550410677214,0.0034842525970177796,0.0014485588222807194,0.0031880799456710266,0.0014362784045833907
716.9,0.007445628032732259,0.0027459328245068608,0.007255316392041477,0.0029878280946440297,0.002878704841714095,0.001392710998789238,0.0025282329852399045,0.0013775621989190608
718.45,0.008027641966710977,0.0027724892137232448,0.007864295303736852,0.0030261083082859727,0.0027233363642468057,0.0013764213014942068,0.0023517305104379365,0.0013658025415740154
720.0,0.008479359425522678,0.0028139529395127512,0.00833945953482165,0.0030544229319735368,0.0030542622504968024,0.001382520410452856,0.0026980852587949024,0.0013802262329709993
721.55,0.008215557127274994,0.0027086506100750707,0.008040307094149097,0.0029256101386569266,0.00359907036869816,0.0013919962410182695,0.0032707052407673675,0.0014030905273555133
723.1,0.0074100267463350885,0.002600623439699052,0.007134192712878263,0.0027789632536919908,0.004318262455568104,0.0014406825096616204,0.004027702544381394,0.0014606421454463245
724.65,0.006665589546102267,0.0025674941633681745,0.006295679120498101,0.002716840404203,0.0053040688563315485,0.0015673368381671298,0.005077580628877687,0.0015921676917547175
726.2,0.006645887209207446,0.002640768654755668,0.006262523297210866,0.0027737831631676805,0.006705562872140307,0.0017551705656361448,0.006597297258957933,0.0017867686075446457
727.75,0.007189449522449927,0.0027477240128140853,0.0067696231966944236,0.0028604382596036683,0.008515096267153507,0.002024123016389842,0.008564255523205958,0.002067067733219125
729.3,0.0070645453101182065,0.002747758686609731,0.0066272256780411974,0.002870618448204412,0.010512296399912786,0.0023261105195097405,0.010729723948961793,0.0023816885297248663
730.85,0.006100764213424671,0.002584691016637162,0.005674071592251036,0.0026872564393237777,0.012513469673238771,0.0026248085681890706,0.012898822084247995,0.002697987898682887
732.4,0.004919447018000913,0.002373834727078434,0.004467642915699685,0.0024472060787516384,0.014046761736086884,0.0028199199799790638,0.014561128682880935,0.002906288468904519
733.95,0.004643865808705253,0.0021457568572985112,0.004182887482065988,0.0021922951076292,0.01499226127729924,0.0028964465689933806,0.01558410093762879,0.0029884507087916856
735.5,0.004039935606829733,0.0019536819844310975,0.003568480548904917,0.0019512468637732485,0.014866820607593513,0.002791463021238223,0.015442664012416705,0.0028757276110609395
737.05,0.0031254603682900712,0.0017893881809987683,0.002575115652987457,0.0017244192642308135,0.013861559617091708,0.0026122117076649446,0.014344610041300722,0.00268686488177803
738.6,0.0025864189429265455,0.0017259259462755298,0.0019507943159482158,0.001666458787908212,0.012257726131142984,0.002393444690630213,0.012595686311265732,0.0024602821770471866
740.15,0.003201427687450201,0.0018879397790397675,0.0025499915742232555,0.0018648403742894434,0.01044804713057776,0.0021662689707529176,0.010623288252040675,0.002229795681018034
741.7,0.004590046312240047,0.0021002097517214247,0.003944304870613869,0.0021191571424101136,0.008943058104230926,0.001994367094707473,0.008982458450812582,0.0020635977699284113
743.25,0.006045711468375799,0.0023721787714912563,0.005354989410077836,0.0024185960188250377,0.0075550530890309275,0.0018630564897652725,0.007468012370403069,0.0019412551391593531
744.8,0.006707946212526255,0.0025668547444304525,0.006016975850557653,0.002654979882549337,0.006200455805247849,0.0017154341283965176,0.005991821715616133,0.0017989733238585708
746.35,0.006961861098281678,0.002678613125569989,0.00628503312295595,0.002805257493366397,0.00527454922476241,0.0016048470305360563,0.00498179341930129,0.0017003203059815265
747.9,0.007071776041345025,0.0027714786382596313,0.006331716219504894,0.002948951243327025,0.004672620836917756,0.0015185608109628164,0.004323939290547879,0.0016262806003865034
749.45,0.00787181850138204,0.0028657118993826542,0.0071315371487688664,0.003087653370088852,0.00448754396779867,0.0014540418799960837,0.00411933439989767,0.0015700387213951176
751.0,0.008569570118096339,0.002951938378425912,0.007911105237073555,0.0032042532688991957,0.0047359157434984705,0.0014928922287452352,0.00438602427366325,0.0016195082090854965
752.55,0.009481833572852108,0.0029888970312345526,0.008907332388398031,0.0032518006772792474,0.0056038344730751566,0.0015983902149814832,0.0053267901285021365,0.0017283923984671766
754.1,0.010319893696816478,0.0031818715640897265,0.009807517231378146,0.0034759427164973433,0.006718691647216208,0.0016855611886850638,0.006536076425168735,0.0018121224205176814
755.65,0.011543802241664682,0.003328851087047352,0.01113756647285808,0.0036440352280437136,0.008019444161187921,0.0017509282365024388,0.007947352362083987,0.001873134561080846
757.2,0.01271704473439181,0.0033321291938547015,0.012417339606075599,0.003649730516377965,0.009645797774646116,0.0017791038063121314,0.009712677631582851,0.0018917751784401065
758.75,0.013881167812976943,0.0033490824225520005,0.013692521021645108,0.0036539654323338154,0.011221812539950533,0.0018063410716240168,0.011423545319639315,0.0019110795752778718
760.3,0.014722051169280494,0.0033848866298364774,0.014604598832290617,0.003677056963092447,0.012625553161283783,0.0017992411046098486,0.01294936515494374,0.0018916440370383785
761.85,0.015371326532552047,0.003362819365305014,0.015299147292923447,0.003646976972459216,0.013908817201139482,0.0017955194810500446,0.01434348556159567,0.0018746850029364732
763.4,0.015946475026123768,0.003235728387507046,0.015909719360178678,0.0034934105503428617,0.015052688693573466,0.00184710779169566,0.015586170328603925,0.0019185994998449937
764.95,0.0171984417821286,0.0031925480109790388,0.01727932219746497,0.0034326324474402165,0.016275570239721922,0.0019310253459788919,0.016915200304424973,0.0020011047420485668
766.5,0.018989184567580634,0.0031642971196793896,0.01925334105062137,0.0033927074303898574,0.017324919184557648,0.0019693455480298484,0.018056196487201512,0.0020421930944541115
768.05,0.02041401044767247,0.0031517152799633084,0.020816457433393977,0.003371068794725821,0.018416292471385057,0.001984020515022332,0.01924331237470122,0.0020576146739010267
769.6,0.02120463576007412,0.003288084502223292,0.021668273538920507,0.0035203379510767847,0.019341498018828233,0.001982409846641999,0.020249548106186604,0.0020521807472474183
771.15,0.022141174919421244,0.00342864571434406,0.022684806265059615,0.003684254190285532,0.020177621580662112,0.001996185860033163,0.02115891437454991,0.002070289946620736
772.7,0.02279311582663779,0.0036079663535600907,0.023383259709654772,0.003900331841614711,0.021226141769053006,0.002012351645367154,0.022299809791468332,0.002090795276950901
774.25,0.023359254574848776,0.003786537983843645,0.02398533480697994,0.004111857345358598,0.02245639160908387,0.0021075627464294893,0.02363873014646708,0.0021956163174693183
775.8,0.023567718720948195,0.00392541458467022,0.024185969615772934,0.004276023111967166,0.02357275648092509,0.0022001702220456167,0.024853684278925016,0.0022940719845542033
777.35,0.0234192427774794,0.003999898986120342,0.023985458769695378,0.004373095802748118,0.024402582506930615,0.002273323155713797,0.02575724968082442,0.002369484179821703
778.9,0.02260571089788496,0.004091751337435638,0.02303894798876208,0.004499514214113399,0.02478088592095245,0.0023339357214226687,0.026169885382447425,0.0024336148845885116
780.45,0.02149354675280816,0.004197465983428451,0.02175771460084912,0.004636190439253016,0.024805033500029414,0.0024032462497247313,0.02619751731038714,0.0025085954224178778
782.0,0.020341954138292814,0.0041741533503001,0.020431950834298402,0.00461601688455315,0.024424849633349975,0.002444030678786764,0.025785754440002185,0.0025551856513644625
783.55,0.018834919985247812,0.0040873107672310385,0.01870647548748332,0.004508492538710988,0.023840499021662017,0.0024802219595233127,0.025152109239765595,0.0025953166108537095
785.1,0.017301316333446497,0.003861475742285231,0.0169511138690113,0.004228127737024546,0.022521239740813045,0.0024485419685203115,0.02371922126737945,0.002566810697789677
786.65,0.015803722543414767,0.0036629482925505394,0.015236005977202118,0.003967759212035588,0.02082875139291411,0.0024027140955543776,0.021880450759163977,0.002527783494066145
788.2,0.01428164503616406,0.0035595981416571194,0.013493750321505769,0.0038344273727394748,0.018766904098786282,0.0022933953396180773,0.019640352403424276,0.002418545664218931
789.75,0.013397587165597398,0.0034301242358652584,0.012464924981263028,0.0036874743925803415,0.016340970040416528,0.002146976412635754,0.017004521783935994,0.0022667842082137388
791.3,0.013151537415666367,0.0034328822570225564,0.012073106189627172,0.00368700786855196,0.014012036030444066,0.001978377903131543,0.01447424540475846,0.0020828473976344415
792.85,0.012053485775176388,0.003350541597108624,0.010898822922451132,0.003599985546095876,0.011498180275788979,0.0017890197486318989,0.011743011437303844,0.0018814633535209355
794.4,0.010573571878291135,0.0033707628113331875,0.00929749542685327,0.0035940525750513003,0.00936519679235895,0.0016928847529964833,0.009425730589263262,0.001780569249476631
795.95,0.0093440428011189,0.0033754436223257436,0.007949795457852876,0.003526980738651023,0.007977203602570461,0.0016614736245475848,0.007914536705811,0.0017433637189479458
797.5,0.00799719530121613,0.003264611006932402,0.006480776554190475,0.0033497547239679636,0.007005212292767725,0.001708145098357254,0.0068426169187989615,0.0017923285463403887
799.05,0.007069274364203681,0.0031734220398657058,0.005465790901516808,0.0031673840345646325,0.006145774789831176,0.0017547935803091754,0.005917513173912001,0.0018280129823738446
800.6,0.006396992050736164,0.003123256090572415,0.004718562605080607,0.003020610135431661,0.005207810845340615,0.001739134158068341,0.0049198416646054665,0.0017879583268831233
802.15,0.006062838679395477,0.003167979696911337,0.004316504136696218,0.0030127339669219046,0.004396980191555952,0.0016474443343488725,0.004086979401255631,0.00164792417011707
803.7,0.006363434642086928,0.003305961562171867,0.004576535186996897,0.0031711799262377004,0.0033096714803058074,0.0014636881572703893,0.0029853424111100473,0.0014116882968444023
805.25,0.00741385327292317,0.0035957593492428955,0.0056167121597066536,0.0035318033447421307,0.0021757608132555524,0.001229475454084592,0.001842120601852628,0.0011347484542276486
806.8,0.008414428067731586,0.0039216853709287056,0.00659294833370862,0.0039467248529064195,0.0012864620926408507,0.0009942427610651443,0.00098234628939252,0.0008696295338800435
808.35,0.00813470464512961,0.003976011441092701,0.0063509894372022506,0.004038864523353752,0.00042852851819416094,0.000722690111051804,0.00014983925027877942,0.0005802035220253871
809.9,0.007639983672167375,0.003965337570440565,0.005817225880569263,0.004004172968542791,0.00017365028711767205,0.0005682077615187721,-5.556414838970995e-05,0.0004161196719933241
811.45,0.007308432155145221,0.003950827745710602,0.005438150250514057,0.003954659327497341,0.0002289314754685483,0.0005246694602296235,5.7501879539381096e-05,0.00037104033340862086
813.0,0.0068008435290345705,0.0038089377380747776,0.004860968707585748,0.003774848378316499,0.00020067944034113833,0.0005342740791329184,7.456827461532249e-05,0.0003736739017308805
814.55,0.007197951182635273,0.0038228027840806634,0.005268302225852152,0.003791967594049906,0.0001461574375579254,0.0005088275173655083,4.9164089335495014e-05,0.00033959458313088356
816.1,0.00833612053820353,0.0038962483723554617,0.006475247422653037,0.003922541611519826,0.00025994553640413165,0.0005288006706847735,0.00013178245283982067,0.0003578965710487154
817.65,0.009226062200956888,0.003915366984402156,0.007391708488094509,0.004018528122936457,0.0003903668695878342,0.0006507898765931194,0.00022021390577231514,0.0005026787642710331
819.2,0.010070383985546938,0.003924795066585572,0.008241629023886091,0.00411946050637068,0.0005928085746981225,0.0008216368870465685,0.00037199477730705857,0.0006883210922674634
820.75,0.01100041235520604,0.003877688333185709,0.009175388818444624,0.004162969501058361,0.0008391375158005683,0.0009909210789776635,0.0005476176494051156,0.0008725780724829244
822.3,0.011500757844037604,0.003814452121817576,0.009674708759567224,0.004170013827093051,0.0010503035119385318,0.0011278622252793727,0.000688262718285352,0.001029366658599223
823.85,0.011242242319994211,0.0037968740084580593,0.009368296120376233,0.004163378935201254,0.0012587151964412228,0.001234913560589101,0.0008203124658317401,0.0011525873123269185
825.4,0.011412698888320593,0.0038158123081888672,0.009546014093154247,0.004175537400685038,0.0016095287997679162,0.0013174330269121596,0.001109090207838131,0.0012503427475443973
826.95,0.011659401220695826,0.003779022584384628,0.009794534705768144,0.004123310983151396,0.0018837837453770886,0.0013279153047139663,0.0013512207723940682,0.0012812875313369001
828.5,0.011868468316718435,0.003721310741032876,0.009989240794595029,0.0040813719295639235,0.002063036284830585,0.0013205067607238259,0.0015249906077263143,0.001291976835952065
830.05,0.01312476991301073,0.0038169625902546886,0.011353088393258664,0.004243593433424198,0.0023874668245139324,0.0013506751281970905,0.0018449218936226071,0.0013524483892211345
831.6,0.015419322456906472,0.0038209775496252946,0.01387820493871143,0.004312919050531483,0.0027164431796652994,0.0014012964849105588,0.0021550400342773093,0.0014315890869993056
833.15,0.016576295790515706,0.0037243221407583407,0.01515074588194016,0.0042460653258715435,0.0030031883051659003,0.0014290605591029053,0.0024439111347417915,0.0014786195428711571
834.7,0.017262621227422642,0.003535024357801684,0.01590116173991421,0.004074000647479202,0.003401179650328544,0.0014377961316333829,0.002855777876239204,0.0014982947512087843
836.25,0.018251776188599907,0.003478944179415211,0.016984080427592575,0.004031974195769497,0.0038925368560345803,0.0014395713675081916,0.0033710422514042627,0.0015124839982839213
837.8,0.01891635012593752,0.003543455435681591,0.0177033395337347,0.004103631331433558,0.004184432065896187,0.0014408302433782,0.0036746457677331195,0.0015202145260222483
839.35,0.019152557125267887,0.0035886442625518013,0.01794154195762579,0.004140978613493864,0.004681790697654444,0.0014147298849591522,0.004202979743354951,0.0014961106113434263
840.9,0.0195497566973511,0.0036973178124692736,0.01836087059967426,0.004234274630644472,0.005583953501231594,0.0014169821338215467,0.005167250772537157,0.001514154699400996
842.45,0.01914197087087487,0.003676297605668733,0.017879021436671493,0.004176265508545564,0.006635459829804713,0.0014094859672922422,0.006293522344242928,0.001518728306144279
844.0,0.018605945335494166,0.0037232734335549836,0.017253289305855513,0.00421788291317921,0.007731510840359243,0.0014587813931500166,0.007467204949967834,0.0015901021773211065
845.55,0.019278679930953082,0.0038460437985976792,0.017982081890748104,0.0043806633698408055,0.008725397971350853,0.001525572164678087,0.008529611629349,0.001682387184055663
847.1,0.02053196936256731,0.003993268116399267,0.01936369903647878,0.0045776726839865485,0.009128327919899778,0.0015578055894742819,0.00895486453129052,0.0017274797467556734
848.65,0.020864184078269222,0.004096226529060297,0.01971256655577158,0.004705545779411098,0.009096660288798433,0.0015741550076514904,0.008903972917555339,0.001743870504158742
850.2,0.020706840411411135,0.004229001418127749,0.01951160256512863,0.004862161832326786,0.008892921679009326,0.001603407521398459,0.008665448951163413,0.0017769787246239821
851.75,0.020669459140458268,0.004254498119204556,0.019445360652713684,0.004882134306009271,0.00863263695110794,0.0016126714948787439,0.008364925263065464,0.001781734184058954
853.3,0.020199467190581907,0.004273481796074032,0.01889405840900583,0.004905879036342773,0.008319244281338926,0.001554211970972484,0.008007325761733903,0.0017063852658964396
854.85,0.019351883961221082,0.004161244218008471,0.017918932529864363,0.0047881789292355675,0.008256872341766119,0.0015206515928113849,0.007921719114744596,0.0016580202196028683
856.4,0.01800605413840579,0.004007621631128299,0.01638545145493689,0.004599725001274842,0.008227150928280235,0.0015203514380375763,0.007871227606004432,0.0016344316646410143
857.95,0.01737994074919633,0.00396852735884806,0.01566026471865244,0.0045449451078558275,0.0082360472063403,0.0015162686432220094,0.00786254588583999,0.0015986691703381815
859.5,0.017204579079087165,0.003941825898434533,0.015438230586415884,0.004513896494165896,0.008339534081226065,0.0015068346068927475,0.007956460697411414,0.0015641265560492634
861.05,0.01737834821472341,0.0038957365735329745,0.015606314893758409,0.004444233890678414,0.008366262357986442,0.0015327645727778439,0.007966310031176904,0.0015572774798692124
862.6,0.016993527055276254,0.0038493799480345974,0.01515749258668433,0.0043393484061902835,0.008103626679347142,0.0015705024572106358,0.007660890749791538,0.0015556991820912325
864.15,0.016157639950425955,0.0038588504275195966,0.014209515899089746,0.0042940073555894085,0.007680969117581543,0.0016432987308804283,0.007181003367238428,0.0016002064325394527
865.7,0.014602695531853236,0.003923335206488617,0.012473874395613715,0.004275075379276581,0.007222104708959522,0.0017213638822875831,0.006661260688437017,0.0016712560682645037
867.25,0.012985396977102846,0.003900004193750784,0.010663107384587448,0.0041474893744746655,0.006819021240920448,0.0017712333337330534,0.0062036220629287965,0.0017127861193683737
868.8,0.011532206064295497,0.0037671547398101775,0.00902694510415257,0.003925312323720931,0.006546351063992566,0.0017507966875260214,0.005887063885144403,0.001688952072678043
870.35,0.01037148041049427,0.003647375967485888,0.007710071552633832,0.003725604373865724,0.006222428697304879,0.0016933694458567009,0.005515134317030366,0.0016276075316630232
871.9,0.010683675987937458,0.0036378251215980137,0.00799594239331389,0.0037579821893318284,0.005861584113917381,0.001650012399422107,0.005094134134525886,0.001589977180988578
873.45,0.011580898970691549,0.003668821751908909,0.008955898445024105,0.0038419230063594066,0.005342938939435859,0.0016053671280115238,0.004512812321711049,0.0015389425717413914
875.0,0.011776180130832958,0.0037174716449284223,0.009198554066573718,0.0038653877421006367,0.0049076009483846736,0.001586044155788136,0.004032517058192822,0.001528210596555465
876.55,0.011348723306260577,0.003739471450797263,0.008736409020964645,0.0037915134639644886,0.004621890216400761,0.001576901958626288,0.003698654633839138,0.001534252587053969
878.1,0.010271537873232593,0.0037163067959388764,0.007651640808528447,0.0036298612499206817,0.004159064785367976,0.0015421106157720809,0.0031993554479579685,0.0014935813577656113
879.65,0.00902043427198072,0.0036755811323021287,0.006409280354485114,0.0034402871897500566,0.0037376677252053203,0.0015124732213945545,0.0027449429124059965,0.0014555434564516574
881.2,0.007670497386568114,0.0036823323356485515,0.0049978130779164045,0.0032864096442888685,0.0033258089485126217,0.0014715452544717942,0.0022918120690832784,0.0014130136282618107
882.75,0.006685849464354334,0.0037083893176133634,0.003885782501465863,0.0032155773041067453,0.003030954175347547,0.0014201606795493334,0.0019589464783472867,0.001366935466205089
884.3,0.005861588735039477,0.003800128442866298,0.0029681614461026227,0.0032748400079695124,0.0029815191867897132,0.0014034395606113536,0.0018786390376203774,0.0013598765314263058
885.85,0.005784585579524204,0.0038030857080011884,0.0028387132167742206,0.0032799444985947227,0.0031930965289980557,0.0014266557761483203,0.0020614749318432156,0.0013960537878086763
887.4,0.006837251898960207,0.0037598982475396344,0.0038820821107825782,0.0033096691756954386,0.003471413472697295,0.001462889229738227,0.002310972360516018,0.0014420572470481197
888.95,0.007540040008294197,0.003801490398624514,0.0045374981662694765,0.0034092600155096503,0.0034371726742734566,0.0014682817420088405,0.0022578723781738128,0.0014176843785419979
890.5,0.0084878795825713,0.003911049808133762,0.005474702990298158,0.0036035541467668414,0.0032776886728853507,0.0014085495894282415,0.0020931039453963144,0.0013294855671827771
892.05,0.009342155612461425,0.0040612661221214935,0.00630682872156084,0.0038189998515586604,0.003009451978725571,0.0013611058350526668,0.0018414465752915996,0.0012141550575754754
893.6,0.009808102234414896,0.004162502243444596,0.006817817172386161,0.003943425557580458,0.0025282092770189074,0.0013653516040030018,0.0013881461759899984,0.001105885844816946
895.15,0.009931930006813002,0.004110767604815075,0.006984101561712269,0.003872972849385707,0.0021741895821817455,0.0013946299656906573,0.0010480218947694568,0.0010269115008162632
896.7,0.009944711625680318,0.004010907009017416,0.006981325673768689,0.003731740282023686,0.0019628116134823514,0.0014338546982478105,0.0008290114952646598,0.0009821652596473634
898.25,0.009952510465718586,0.0040047217098409926,0.006821681477251243,0.003636355773061564,0.002008037512089016,0.00148300830357244,0.0008356509740332463,0.0009720618624678178
899.8,0.008733481483077283,0.0039486253962187955,0.005676856339165932,0.0034237189594462877,0.0021345146322864672,0.001539705141320003,0.0009275129301318469,0.0009709961805340788
901.35,0.007064084533335922,0.003799238994865659,0.004140670236533536,0.003089766401470683,0.0025021896604537804,0.0016458937300719496,0.0012302386045729193,0.0010935321673607998
902.9,0.005723247274574077,0.003788999142316189,0.0028599358290079197,0.002965385812326267,0.002837243868781512,0.0017887236500251287,0.0014662554379087018,0.0012517832297566334
904.45,0.005425210810009862,0.0038926280498255343,0.0025894365483731573,0.003085234901208133,0.0029189892005163204,0.001901982399402433,0.0015279932981914007,0.0013492884984391254
906.0,0.005095638903736407,0.0038622164358451836,0.0022600143869004837,0.003106214848531839,0.0028058595704822777,0.0019465682228650399,0.0014482453181655925,0.0013810764237411639
907.55,0.005685616008831449,0.0037729473110229223,0.0028568780294734486,0.0031579977517412297,0.0024935469475571704,0.002004734844579263,0.0012045234082446138,0.0014148579993403995
909.1,0.0069439527270004344,0.003883764621001624,0.004112155230400788,0.0034479337556196812,0.0023412739245054458,0.0021130374079814294,0.001091572315183402,0.0015131354458271218
910.65,0.008289080128077685,0.004109622913626158,0.005410180544622031,0.0038367214247537504,0.0024391050263508347,0.0022967824907829952,0.0012007913738098707,0.0017140047035109555
912.2,0.00988828483310805,0.004302244881442981,0.006907165462850846,0.0041404721812897255,0.002623482831556998,0.0025579541281067235,0.0013569182825261448,0.0020331072918216477
913.75,0.012014973257944603,0.0044162557182809035,0.008938329192863729,0.004359267628196961,0.0032987265926915027,0.0029040701209130126,0.0019932843254162813,0.0024635795761931527
915.3,0.01333788152517171,0.004287278661600896,0.010424653613658819,0.00429813833365373,0.004195285174660117,0.0033548404064819414,0.002863578122905511,0.0029954581936381826
916.85,0.014344324030224702,0.004114446734688019,0.011574343485083714,0.004174178117696128,0.0053880427556148415,0.003837753560320293,0.00399994271475235,0.0035845170023494086
918.4,0.015520216861718788,0.004043420563313191,0.01283034070025665,0.004189406478483876,0.0065801198632972095,0.0043667926880106836,0.005134224999607588,0.004227216176867333
919.95,0.016947122589515945,0.004100570580423659,0.014357640910298355,0.00434846919059856,0.007855818907349498,0.004916699309883607,0.006459364157786394,0.00485886216135648
921.5,0.017119475323281296,0.004199126205912209,0.014581571245452953,0.00450625310397187,0.009272870170947333,0.00542318283152009,0.007973019244814045,0.0054240501713731055
923.05,0.017903157473431186,0.004220530472558865,0.015439374422553815,0.004610981478798438,0.010639199243156745,0.005932230821505187,0.009448833115076,0.005981031716163386
924.6,0.01846339249436357,0.004217143899805631,0.01605143027711604,0.004642911018166784,0.012051252212411167,0.006447863415117534,0.010957653138558749,0.006547946720491316
926.15,0.018310605336860047,0.0041882749688039395,0.015868258543888458,0.004609368598783177,0.013401319629686343,0.006877811337439571,0.012397731530163804,0.007017132444842547
927.7,0.018420365390371226,0.0042497648899496665,0.01597950988969906,0.004667481659830044,0.014349841174937514,0.007213353847233087,0.01340722003686687,0.007380939605283995
929.25,0.018498960162529273,0.004224451569601041,0.016055509506918586,0.004638380659429995,0.015031359523135996,0.007462837068918725,0.014123207157507572,0.00765319538088113
930.8,0.018348051868534845,0.0042193513296899425,0.015874660075728807,0.004645593648651945,0.015261616522190656,0.007617859179188719,0.014349073130534643,0.007822675701967048
932.35,0.018022253451410283,0.00428355164625025,0.01549555463756309,0.004718599490348474,0.015129306297652316,0.00760919209231414,0.014181424025834785,0.007813530720891628
933.9,0.016812063065943073,0.004379583229244766,0.014133401992508364,0.004778604123560186,0.014717584419307525,0.007413772795690389,0.013710634098368151,0.007601838513812433
935.45,0.016782017721600456,0.004536984160012886,0.014095017045106614,0.004950174363299121,0.014252564898507047,0.0071137331578053145,0.013182590366785348,0.0072803906481250635
937.0,0.017098694137972353,0.004773483496058063,0.014443418414370903,0.0052225263354648485,0.013541250134870281,0.00671211065515547,0.012387576664945145,0.006850287666361807
938.55,0.017278690522553163,0.004971374313701274,0.014643777122265755,0.005437332508809931,0.012590964979212096,0.006264272718922034,0.011333537176913664,0.006372406800509391
940.1,0.016624624284051825,0.005071794906419931,0.0139121646097463,0.005537121652754582,0.011617284225315305,0.005785798671571986,0.010255360852042483,0.00586496974962337
941.65,0.016664655692089202,0.005236895383109317,0.013957433540489353,0.005736401801394356,0.010541994573508654,0.005335744264156714,0.009067426231263916,0.005386369993237164
943.2,0.017475455493861827,0.0053573892266713845,0.014867031779449471,0.005883836888423345,0.0095432751573253,0.0049552593591440765,0.007963544840301113,0.004991440031955214
944.75,0.01831917028535262,0.005332914819161435,0.01581100028342514,0.005866187139742577,0.008654205680759466,0.0045855687759377714,0.006979446028671233,0.004614175589988819
946.3,0.019173148206542368,0.005279083308384326,0.016766479745617967,0.005823149087341785,0.007977909984029708,0.004214636205943927,0.006227462865130457,0.004235745469428841
947.85,0.019347984484761632,0.005317437305373732,0.016960936899035835,0.00586788971128148,0.007468511107689167,0.003848363412820357,0.005657316286464004,0.00386171601298852
949.4,0.01936251917355967,0.005254320686003272,0.01698238783886039,0.00581269606427852,0.00713271497545613,0.0034374121247626823,0.005276983569963023,0.003434552011023546
950.95,0.020573109553568454,0.005223807266269054,0.018342324882642935,0.005827921266933401,0.00698131667783196,0.003126224842382519,0.00509807627126679,0.0031272315063792314
952.5,0.021664617119822302,0.005108513591317811,0.0195687086416485,0.005737649284735255,0.006911493327093454,0.002883654555381058,0.005008879986302862,0.002901150807751857
954.05,0.02176036277710812,0.004886377180797511,0.019686094048404833,0.0055199053679541085,0.007051898399618852,0.002694355556768045,0.005149276465175091,0.0027403813212566732
955.6,0.021018893495428074,0.004679761355709788,0.01886741924736111,0.005318416653153395,0.007477006797412688,0.0025816797264488086,0.005600422948030562,0.002669951189533135
957.15,0.022072161904197155,0.004608686551958103,0.020061925175274883,0.00526846215386186,0.008034968252915352,0.0025362627657186244,0.006196994470198509,0.002669850493424434
958.7,0.022935712144457818,0.004585622866070103,0.02104537035107378,0.005240736051944431,0.008712474982449571,0.002528316878795493,0.006924594140590542,0.0026987377119160696
960.25,0.023329541848679507,0.004547596064263044,0.021503897251805258,0.005175742822049594,0.009409282214219454,0.002510461056438863,0.0076742725059351456,0.0027120114822261512
961.8,0.023363975199391814,0.004452947706252586,0.021561795076976385,0.005035602639959045,0.01010954512792969,0.002532174743632126,0.00842880245946035,0.0027761567323685244
963.35,0.023860295338477777,0.004498160231176338,0.02213962822687766,0.005061721940082716,0.01048461163473958,0.002550149312758966,0.008830614298036044,0.0028225316697527473
964.9,0.02438231561751864,0.0044811355232248825,0.02274693655244036,0.005046902895039231,0.010763654700567993,0.0025345840749026304,0.009129537252219454,0.0028352473447272783
966.45,0.024462506729785588,0.004499936397468723,0.022861749555132902,0.005059690523678981,0.011138064121784044,0.002603327997293941,0.009533367629631558,0.0029312113771240516
968.0,0.02468593527809813,0.004485122065230346,0.02313936758281441,0.005045157940481228,0.011629315657425731,0.0027082552556205986,0.0100655186529736,0.0030569185555700093
969.55,0.025228005133316037,0.004421049498916474,0.02377564738326278,0.00498550243452821,0.012197368808439935,0.0027812717328750606,0.010682330902999438,0.0031469722845051742
971.1,0.025281873564862164,0.00442488281569942,0.02386558649052795,0.0050081567831732595,0.012962845646540513,0.0028436480930496472,0.011514831475937161,0.003225846334652053
972.65,0.026553572151147998,0.004334981486886719,0.02532362723660462,0.004939458188275921,0.013836384806302084,0.0029169110292841037,0.012466243196743635,0.003318355571964189
974.2,0.027627978047610333,0.0043065667340342825,0.026561196973844958,0.00491950828330839,0.014642565664405258,0.0029657584354053365,0.013345394694289832,0.003375763507131832
975.75,0.028565372204370974,0.0042997360080520115,0.02764638965065533,0.004902218498807301,0.015544911024348749,0.003043045475274947,0.01433041035505401,0.003463517420999731
977.3,0.030014136204543625,0.004215530232631501,0.02930772315444444,0.00480317316408392,0.016500091941247155,0.0031925247583855943,0.015374170034892203,0.0036242632844335375
978.85,0.03156492348716117,0.004079621725907052,0.031086321020974642,0.0046394939644274465,0.017091843253463114,0.0032723998291804947,0.016023888114959212,0.0037050317961738275
980.4,0.03234870664030767,0.004050882666052275,0.03200719505812384,0.004586424886241743,0.018160625517795882,0.003395461362238639,0.01719397543013227,0.0038386222727758755
981.95,0.03372582077682307,0.0041293904706101135,0.03359644952665342,0.004657288564129706,0.019512823662529183,0.0035640509107589284,0.018673803258791328,0.004014867843247113
983.5,0.0362672407390406,0.004208568744878549,0.036494367958065925,0.0047284440098892475,0.020895073314239173,0.0037446197289745064,0.02018771381920035,0.004202718181595251
985.05,0.03954105210164683,0.0043279556409127175,0.04021596456988778,0.004840358848048475,0.02277055604207452,0.003904501057149924,0.022239642512848636,0.004380470474658844
986.6,0.0440447673375299,0.004474891550514744,0.04531843142844211,0.004995161279243339,0.025333656563270118,0.004117689947301323,0.02504086603899283,0.00461793901374992
988.15,0.05001273000001825,0.004497332325885027,0.05206522712761333,0.005016676686286636,0.0286088518072788,0.004315115709011261,0.028617860580037183,0.004842466441143103
989.7,0.05571741012969195,0.004659136238965356,0.05851818634442838,0.005181052765959066,0.03218219031536799,0.004503473954584636,0.03252019628264385,0.0050569409990559545
991.25,0.06044852739251445,0.004886140151166294,0.06388055616334268,0.0054123829037145505,0.035599943443137466,0.004696156690060322,0.0362545710920923,0.005272615770665685
992.8,0.06483197279555786,0.004969281967609968,0.06885357369420401,0.005466697764977762,0.038687724798543766,0.004847352278695558,0.039631287437380286,0.005434817668458172
994.35,0.06658808502336779,0.005057753663875504,0.07088096436336307,0.005537184605961315,0.04121828357411274,0.004929626252967462,0.04240326178174837,0.005519005114446657
995.9,0.0661499120162823,0.00510722163777428,0.07044803519058042,0.005581802804810289,0.04337755282028966,0.004932701438753722,0.044773012283943946,0.005515366287260928
997.45,0.06410946182102677,0.005110098182212059,0.06821978323359469,0.005592299614048079,0.04456691119479876,0.004846088492225489,0.04608911197946121,0.0054077625565031205
999.0,0.060848178256129704,0.005145663867865924,0.06462398411024393,0.005648795425637635,0.04483263008483506,0.004681770999629602,0.04640179086375942,0.005210298651799487
1000.55,0.05688012714092944,0.005176317262124761,0.06023540910380677,0.005692292157142184,0.04457342281130261,0.004445450184311164,0.046145323123614315,0.004935976135895777
1002.1,0.05328937803662722,0.005243904187281581,0.05627065662220291,0.005769435932049393,0.04405478081041617,0.004283099514151962,0.045608120167524205,0.004739779322179828
1003.65,0.04971897773850371,0.005237174754916542,0.05232979018118972,0.005771196615460897,0.04347561305781955,0.00414506573909627,0.04500644852426014,0.004568386853284806
1005.2,0.04559567490060761,0.0052456942459213965,0.047770053820609254,0.005801611301984354,0.04274092944991168,0.004067548876281592,0.04423686922963291,0.004463087069092193
1006.75,0.04149034287873731,0.005260071988448913,0.04323145954988414,0.005835834366484235,0.04201694266167499,0.0040783595694783605,0.043480038637286826,0.004458335206599157
1008.3,0.04019295659304279,0.005067084690391744,0.04184163374383938,0.005609384986643893,0.04167872778248249,0.004152996935057165,0.043143660397381225,0.004524682696098151
1009.85,0.038935232448465855,0.004881355214634268,0.040497172505060665,0.0053928278353260395,0.0412829691377884,0.004222787457364504,0.042745743999576036,0.004590983526350676
1011.4,0.037751798477636204,0.004715838401842901,0.039236529257552055,0.005196338107321599,0.04058497939760405,0.004205960992123363,0.042020276397442984,0.004567780082813971
1012.95,0.03641271541871079,0.004635344671117778,0.03780229544090285,0.005094316233820012,0.03947027906289707,0.004129435893639169,0.040842458801375096,0.004481558035174932
1014.5,0.03468522276439652,0.004595645189618212,0.03593351763114945,0.005037293060108947,0.03770012111839832,0.003983011057499618,0.038952488166623264,0.0043170619011688215
1016.05,0.03219179325859709,0.004553441249929169,0.03320531165654156,0.004974138791047667,0.0350319566648558,0.0037617961675222742,0.03608699814580208,0.004070698413527493
1017.6,0.02906558175910991,0.0044627855161915005,0.029768196252423395,0.004858264902399034,0.0317515548293866,0.003502675142194349,0.03255658542181401,0.0037838235275302213
1019.15,0.02574795017897256,0.004246385040954448,0.026116675389353285,0.004612627863093854,0.02821965946723153,0.003166059668223604,0.028753632962467548,0.0034108258654458566
1020.7,0.022006224815249165,0.004029597779208403,0.02199014421519037,0.004378207789808651,0.024775361187260758,0.0027825916077752343,0.02504673406503191,0.002985942699751818
1022.25,0.018607679336079833,0.0038741381707322955,0.018245683673049268,0.004208287628357179,0.021658987366566584,0.002445282980007859,0.021697039321018394,0.002607364408748307
1023.8,0.01704067461057979,0.0036165535808911757,0.01653466937957549,0.003924115043617381,0.019197582417432905,0.0022054891653331635,0.01906000438884443,0.002331434683057693
1025.35,0.014957833639106313,0.0034201125980000374,0.014294057562676826,0.003705854508176672,0.016890181430049608,0.0020270174193455096,0.016591000772683134,0.0021214514705405643
1026.9,0.012896704737407777,0.003150341514936541,0.012077299110465256,0.0033962123131733787,0.014865390029488564,0.001967485267207121,0.014429586637512171,0.0020398769807432188
1028.45,0.011146230068645418,0.002912695028900455,0.010191134378827288,0.0031187703994844875,0.013038835673148477,0.0020718630171283974,0.012477707102667554,0.002138641758639615
1030.0,0.009515533092073218,0.0027990316064312646,0.008394854689636421,0.002956999680983514,0.011200909828831943,0.0022946554130942793,0.010504480971067513,0.00237348452647526
1031.55,0.007553884543735596,0.002647774275584198,0.006327663003472919,0.002723478418392814,0.009259363328626034,0.002582989794624561,0.008411615509390933,0.0026692173607635616
1033.1,0.005789008616029076,0.0023300692777658166,0.004519784878370831,0.0023082273385130175,0.007259646723487985,0.002885405607492022,0.006283175869653256,0.002964479411707839
1034.65,0.00419829044467046,0.001974588163596736,0.0030225836774283423,0.0018817073211567347,0.005450868201111038,0.0031406979109444475,0.0044291007557416264,0.003206816182834814
1036.2,0.0028697002416703675,0.0016808109908316696,0.0019109172779088238,0.0015411453906876333,0.003848751747556992,0.003325689185257897,0.002885122575691425,0.00337770001060317
1037.75,0.001958968544086486,0.0014574657163310184,0.0012448711113795614,0.0012798089961712918,0.002498705827736458,0.003431120228069219,0.0016840534214829345,0.003469530437036301
1039.3,0.001317755275365871,0.0011650872883983818,0.000826392868635965,0.000988725239524077,0.001553452648646628,0.003399569060452418,0.0009398787657968312,0.0034245533409446175
1040.85,0.0005656713700852347,0.0008927993741675378,0.0002440850007311653,0.0006941211994249878,0.0008247693297198032,0.003334674004601214,0.000406127428964812,0.0033484658544483186
1042.4,0.0002854616776169746,0.000778583994090254,4.812445728009448e-05,0.000579526306955886,0.00039226065890599077,0.0032440175177792198,0.00018344715689911837,0.003244265972875984
1043.95,0.000488535564353766,0.0008566242992238885,0.0002444925396389762,0.0006514810829849417,0.00019119674814319846,0.003112898824660398,0.00012023595446950315,0.003098982394122329
1045.5,0.0007807191747182077,0.0010579597380684278,0.00046280257929777295,0.0008258010399162608,0.00028339344970436137,0.0029234845325472256,0.00021847913561518138,0.002895022871693867
1047.05,0.0007306352919396954,0.0011634301917641727,0.00042935148303903386,0.000927852533569019,0.000424447800440083,0.0026433998995996216,0.000271235205431979,0.002593198577386366
1048.6,0.0008668919708160461,0.0011691753937232224,0.0005198677177456264,0.0009489814907639548,0.000701702333890223,0.002371056668754415,0.0003964614558153874,0.002297171591854296
1050.15,0.0009435300045057968,0.0010850110243937527,0.0006084917792501055,0.00089872846055232,0.0011227668588492917,0.002137782916276009,0.0006645763576443221,0.0020312803886030437
1051.7,0.0008524914462713552,0.0010066417939289727,0.0005561265082873699,0.0008585566409545349,0.00169540331648457,0.0019290479088634321,0.0011164914423998527,0.0017938439476802828
1053.25,0.0006914299985973794,0.0009587914750644637,0.00037498736252574127,0.0008143288386179189,0.002407324354049368,0.0017663001424742465,0.0017491714529148086,0.0016258832808948476
1054.8,0.0009914802715287516,0.0011544234121655804,0.0006337202778170248,0.0009605479553341696,0.0031753036267180255,0.0017062678797535027,0.0024686550582910726,0.0016043914449090362
1056.35,0.0015078367002794124,0.0013727164489983072,0.0010991610032148847,0.0011759592682286004,0.004001234882894891,0.001745631260655274,0.0032986447343530036,0.0017260439852301807
1057.9,0.0016326224022412859,0.001541989253397046,0.001115989374107039,0.001392171300827598,0.004936304685920337,0.0018707522302516908,0.004326316138460546,0.0019454921391133856
1059.45,0.002237890879403967,0.0018532232214382557,0.001648077775753734,0.0017417428663803161,0.006302656723920524,0.002069366893112825,0.005830320522179673,0.002213059145534539
1061.0,0.0037043051422353,0.002276163771742166,0.003193490909090007,0.0022381621082165257,0.008035490241570482,0.002335671274680458,0.0077209698725450625,0.0025292409713724515
1062.55,0.005285310330946786,0.0026670526159013708,0.004933719536039865,0.0027327090928137288,0.009748087426263138,0.002594757498714467,0.009621018668494295,0.002816668897622081
1064.1,0.006802358489709435,0.002944827177719389,0.0065473424005906885,0.003102614771631671,0.011378793195951382,0.0028021747243788166,0.01141592326827912,0.003050317506505462
1065.65,0.007700300652961033,0.003131348915201067,0.0075150256373735505,0.0033738856927464467,0.012743345990997596,0.0029842631564825366,0.012922473896520516,0.003249516495571921
1067.2,0.008409840509586004,0.0031946408916722867,0.008314360316055924,0.00348778626673604,0.013955470299296875,0.003158031276723764,0.0142595461609746,0.003441601342463981
1068.75,0.009235280406281583,0.003231532945330649,0.009237408269975714,0.003544629364548024,0.014651910769179323,0.003308215707707079,0.015036454914980775,0.003599707743646399
1070.3,0.009791988527015625,0.0032937726341985877,0.00984115926592388,0.003627532484807259,0.015076206784861936,0.003429757383423844,0.015515630877135853,0.003725757201986548
1071.85,0.010591042841519412,0.0032984342553314975,0.010752871567742699,0.0036367487228462746,0.01520918949683633,0.003463628755008933,0.015676190204561596,0.0037586446063677145
1073.4,0.01053813177346511,0.003342672686945358,0.010730410978941817,0.003670114076621001,0.015659611977546214,0.003523774672272233,0.016178614239740007,0.0038245870331335935
1074.95,0.011079192358329895,0.003698752172598404,0.011345701834562372,0.004057893754568212,0.015902369708075726,0.0035445054392717035,0.016455004678255343,0.0038438255037611386
1076.5,0.012524482135879587,0.004152665739857472,0.012968223057392288,0.004552175142846717,0.015759737529086736,0.003496777591608851,0.016311788788304037,0.0037873223895263054
1078.05,0.014186556236472853,0.0044019494190246245,0.014830429771561784,0.004817742848332342,0.0154216679246306,0.003389470604064685,0.015955191068433024,0.0036653060538738673
1079.6,0.015352928097106358,0.004491004814290459,0.016143642262611183,0.004914156182261945,0.014558218972490084,0.0032242894874842834,0.015025764439810962,0.0034805576343188713
1081.15,0.016281693952436723,0.004646467321188143,0.01718764013531546,0.005079574742197542,0.013434282756177019,0.003018928434562278,0.013812623368607547,0.0032483095383814805
1082.7,0.017958650368645624,0.005077105683745205,0.019064837539618632,0.005554638729973758,0.012345621598192308,0.002865390616816728,0.01263628511546598,0.0030698542075145133
1084.25,0.019466506082648067,0.0056816918723206445,0.02074932441450688,0.006230248829975226,0.010986332947861999,0.0027037373485096308,0.011158723538027082,0.0028858230277315935
1085.8,0.019490215248740023,0.006131619061861246,0.020774277764856394,0.006741682604689642,0.009566847998494762,0.002545904994272313,0.00960718109744949,0.002710801365705449
1087.35,0.01944497685298092,0.00633289974795682,0.020719459992183508,0.006972137291732063,0.008035444110737389,0.0023809273007580583,0.007938927753411356,0.0025179685699085325
1088.9,0.0185095221127844,0.006248584909522099,0.019660083592242382,0.006886725652016593,0.006707362982041784,0.002214250100718376,0.006517156354561345,0.0023246068508602606
1090.45,0.016599300622329057,0.005985255421758375,0.0175085887026888,0.006595224862889373,0.0049880143151146625,0.0019231925137432758,0.00470878412432128,0.001981356042120565
1092.0,0.014281182602356708,0.0056147029086322416,0.014909852992639994,0.0061778705856505006,0.003327446500391089,0.0015750418294173435,0.00299545785375715,0.001566694849616773
1093.55,0.012085591489873884,0.0052044463818725325,0.012441346402032231,0.005715135283011021,0.002024832445512876,0.0012737837403402341,0.001684904267757453,0.0012017616106595446
1095.1,0.009858262907362057,0.004813298700420049,0.009923190453568608,0.005257393565196581,0.0009105116197961763,0.0010120375191917264,0.0005936575098779422,0.0009021121174909152
1096.65,0.0075042658151398545,0.0043279427813676915,0.00735408225855593,0.004679630116539821,0.00027149755779168723,0.0007415392394286067,2.1231858804214636e-05,0.0006050650202406309
1098.2,0.006563985856461201,0.004131256320187674,0.006328966307549363,0.00444011880821843,8.665175679279282e-05,0.0005318212685707894,-7.181680695783308e-05,0.0003869533181530617
1099.75,0.005756961633469916,0.0039048743584102976,0.005437718834511868,0.004149683134358854,8.418914380251554e-05,0.0004567038722789429,1.1003298392723126e-06,0.00033196410800070324
1101.3,0.0045217199541818165,0.003540884424645241,0.004129026994612455,0.003703347775906357,7.642120412447515e-05,0.0006233727932401673,3.2837811228741684e-05,0.0005410517211045711
1102.85,0.0035841854381180732,0.0032601701191240988,0.0032061413724455852,0.0033483844822827873,0.0001084215764717471,0.0009358572242261175,7.963256774453555e-05,0.00087304079531348
1104.4,0.0035296384175250426,0.0031860658921469627,0.003200151685192469,0.0032417087633780494,0.00015289127246276846,0.001372623620191453,0.00012960742000096812,0.0013388932265304462
1105.95,0.0032418631927145307,0.0030907129556122835,0.002893364594013611,0.0031143184298000398,0.00019437985796682717,0.0019321294338691705,0.0001868120308403302,0.0019414302679008635
1107.5,0.0033397808737860323,0.0031099924535684348,0.00295832545853495,0.0031288532969878783,0.0002203825233477001,0.0025095842711711676,0.00021826572171793402,0.002577898938963189
1109.05,0.003940089804475755,0.0032276086081963013,0.003513133398844713,0.0032730408646241627,0.0003371083602953592,0.0030558630357400123,0.00031195621463445523,0.003169291573273557
1110.6,0.00449181908871662,0.003311904223174163,0.00399149512594883,0.0033677303852096764,0.0006074066075781442,0.003541349972807619,0.0005149563322286595,0.0036922940094776414
1112.15,0.0043732784561885205,0.0033051791154268496,0.003791106115236385,0.0033431320987049075,0.0009511415870671887,0.0038924192838300756,0.0007693039118842128,0.0040695183404279404
1113.7,0.004780666918710288,0.0033579863483046463,0.004152103899218247,0.0034166772049580344,0.0012451734997217514,0.004152451144639879,0.000975022987329021,0.004343133744539432
1115.25,0.005004713763327741,0.003435782331995085,0.004324912790482827,0.00348716239406607,0.0017358312216780964,0.004291296292965654,0.0013575887626771557,0.004489054943898943
1116.8,0.004817917513887062,0.003519267558193072,0.0041244832513206275,0.0035273021855932386,0.00229602696885292,0.0042880870575196,0.0018050431094634204,0.0044830128743747494
1118.35,0.004301201323865426,0.0036656455751500434,0.0035961137713163218,0.0036393513173351402,0.0027523859147027497,0.004203507638438677,0.0021728805011755536,0.004382663025938852
1119.9,0.004059408580705838,0.0038742000483443285,0.0033232012312554167,0.003835070253401521,0.003072419267273704,0.004166659171548782,0.002425594836977055,0.004341787149935852
1121.45,0.004507465802843896,0.00419068481963433,0.003786855605283078,0.004130060707210247,0.003315134595534624,0.004192870756334551,0.00262904596615867,0.004380900998784572
1123.0,0.005040509637918114,0.00452235807814305,0.004332439899625358,0.004494526072432709,0.003949035030966348,0.004258715719528457,0.003263729429622483,0.004459993744544353
1124.55,0.005497896020365667,0.004816696774305738,0.0047694460544454205,0.004832310865683307,0.004930247054696039,0.004462287655366355,0.0042611505041627775,0.004701189593623823
1126.1,0.005811708638245943,0.005107148758352367,0.005033198011871475,0.0051573053049128416,0.006062780101428436,0.004827566560087455,0.005395670961516849,0.005138987967266771
1127.65,0.006292869134329414,0.005454723377663917,0.005495591401841237,0.005561416414891567,0.007282364617155629,0.005311614898247008,0.00664032915011845,0.005700979786910606
1129.2,0.007878590664573339,0.005759873742070639,0.007209744382271935,0.005935118144740404,0.009093009707645726,0.005835415983873905,0.008544820473969402,0.006307491629298105
1130.75,0.010323474423251836,0.005993902568291692,0.009846225507998525,0.006244325567450358,0.011350785740917175,0.0063595808162643175,0.010909487038338512,0.006926817527354533
1132.3,0.01207491610217659,0.0062209894873890515,0.011721030296214165,0.006530368219308248,0.013707464571203101,0.0068574644732913095,0.013398968603220483,0.00750009622654567
1133.85,0.013094928569683854,0.006466744580709057,0.012794963119199802,0.006827837289800755,0.015896286982294203,0.007331458733416325,0.015740531444539484,0.00801914498499495
1135.4,0.013964918047681584,0.006774612607610192,0.013706477618470795,0.00719504459067426,0.018013597952387887,0.0077711976338931425,0.018006761596232084,0.008497618917120316
1136.95,0.01515240803474746,0.007114024429668408,0.014960487317200401,0.007595560855934317,0.020262246506232044,0.00811604895978395,0.020411211828854837,0.008874833645875579
1138.5,0.014968703156316073,0.007216783112426937,0.0147163739298519,0.007717770499745747,0.022484125827381397,0.008348244288277054,0.02278258462801852,0.009133438639714163
1140.05,0.014723186265395706,0.007378741704748192,0.014400235761854929,0.00790443950537417,0.02428660422422221,0.008524839190213995,0.024697965621096572,0.009330900427164331
1141.6,0.014742505318940636,0.007581510753997018,0.01437034507342527,0.008142791165781565,0.02558599903949908,0.008623184779153446,0.026066381237614848,0.009443029484072331
1143.15,0.015507048619395258,0.0077551515849898,0.015172728564549466,0.008352773034527883,0.026456758478338786,0.008626518858208879,0.026968740840206243,0.009453363126403356
1144.7,0.0174372819296573,0.007803395256757566,0.017279754758048226,0.008418135968373514,0.027017234699629737,0.008536881915604182,0.027533573447189364,0.009360767796266852
1146.25,0.01971502753615907,0.007749076767082403,0.019773786265089556,0.008370711330490587,0.026851927118995315,0.008420093941905769,0.02730936223933782,0.00923550121299893
1147.8,0.02059544073990359,0.0078018192455367435,0.020710026689364534,0.008425595118706507,0.02627100442270402,0.008202698857597399,0.026633385955719843,0.008998750644087922
1149.35,0.02049865931241049,0.007848297027570658,0.020548048007262305,0.008460822434368258,0.025261114643730997,0.007883913676628013,0.02549108423600138,0.008652005182335549
1150.9,0.020512121970631025,0.007800115768054631,0.020508711334603726,0.008391115338641689,0.02400454586596682,0.007497230375811367,0.024080755441152943,0.00823087571057565
1152.45,0.0204289073883938,0.007702192204891139,0.020359463996165866,0.00827712503406379,0.022720504154011917,0.007040092272231103,0.022640757931969225,0.007731099852496837
1154.0,0.019302275980591713,0.007534108703386001,0.019037133147275606,0.008088049636159483,0.02150206404952225,0.006537816166161104,0.021272339787162316,0.007180315076613941
1155.55,0.018702335677068693,0.007402129941146422,0.018307651811852038,0.007943413191106854,0.020857123669201796,0.005964462865150264,0.020527840266528784,0.006543297985793487
1157.1,0.017761389119648058,0.007163307633183156,0.017197923813687167,0.0076624266291172366,0.02054214854720943,0.00545130039405817,0.020142721364930557,0.0059617723901173696
1158.65,0.01708565827803531,0.006986644362064311,0.016384492245004573,0.007445691716315544,0.020666479504661696,0.0049589486683434885,0.020235843977136344,0.005394940035773654
1160.2,0.017359325902236114,0.00690401106016273,0.016635640419280003,0.007339153929034414,0.02124303365365092,0.004562253255782275,0.020821195642506618,0.004919887261197792
1161.75,0.018488231544541725,0.006812451042233618,0.017846160118657316,0.007229980869751678,0.022361301105705497,0.004285105681798897,0.021996172500864556,0.004561559262465262
1163.3,0.019210556185212085,0.00679946736148256,0.018599086838167994,0.007222642275275937,0.024019413183262082,0.004027485895100778,0.023758358165227263,0.004218152950567826
1164.85,0.019873163081058368,0.006725022142832632,0.019283529834395782,0.0071236268527005465,0.025785351921455094,0.003873107138290885,0.025638288925937416,0.003980915967530196
1166.4,0.021582179702054765,0.006564228746935537,0.02114146821964178,0.0069423874653096965,0.02762423771076705,0.0037791847438033133,0.027597984377679068,0.0037996627044742824
1167.95,0.02380457264409972,0.006320618318418072,0.023573785810021532,0.006691649427301417,0.029694559643882398,0.003766458945968109,0.029809646867643,0.003711270239613461
1169.5,0.02570485803618948,0.006052524945468941,0.02564381680626585,0.00641757846747928,0.03211712610272297,0.003932634068676896,0.032404840435290544,0.0038294089066423145
1171.05,0.027213762371962148,0.005756974663991022,0.027276965208458598,0.006100181842858545,0.03464496673450019,0.00424337604285619,0.035115409640086914,0.004120527914608821
1172.6,0.026988867062011788,0.00544825397396413,0.02696498477601478,0.0057504622477607915,0.03654759350615418,0.004579864266762256,0.03714681031901453,0.00446196858540456
1174.15,0.026392290124961085,0.005294224671797097,0.02623536599473482,0.0055627181561496535,0.03801184151634746,0.004900754721990259,0.03870203612303072,0.004794223404636002
1175.7,0.025179263976948058,0.005162640357437317,0.024813330272059956,0.005407312044175442,0.03846160374303718,0.00515658255175551,0.039154851752225384,0.005065740711701373
1177.25,0.023572335857213286,0.005024565252645695,0.02295049109613892,0.0052530081622387615,0.037870272531217004,0.005302445966672462,0.03847617969676064,0.005225506282579849
1178.8,0.021394325762608676,0.004954361234877648,0.020449882642125983,0.005160792522565021,0.03638535769493379,0.005300532643366902,0.03682641926354444,0.005228870699217528
1180.35,0.01883505795477576,0.0049087381916708495,0.017507576121385936,0.005070362521243923,0.03405674612607784,0.005184602238373647,0.03426010523258555,0.005109467293736413
1181.9,0.016494240975602172,0.004800449948019963,0.014828079542653617,0.004906186422351871,0.031127849266081187,0.0049292897859928445,0.03104161475915068,0.004840923344399704
1183.45,0.01470368952345716,0.004679204195598857,0.012771543168952062,0.004756648870369537,0.028139456299211215,0.004694404502515588,0.02775922539881777,0.004596789607614062
1185.0,0.013164051429337884,0.0045076774825168675,0.011032132375323689,0.004516997640342741,0.025281106417986077,0.00450383903560532,0.02461947776216601,0.004399650805179718
1186.55,0.012203436404461749,0.004317654710553271,0.009828681216183868,0.0042593133306062965,0.02278372759715251,0.004365094913561203,0.02187338326898818,0.004259119154047948
1188.1,0.010900408690495165,0.004198036124109417,0.008216551792317292,0.00402532418966701,0.020519030058865323,0.004293100063266781,0.01938105121942134,0.004191178960263818
1189.65,0.009227219801060206,0.004028807590785979,0.006658052830401263,0.0036913417075318034,0.018348930089807945,0.004218680328177568,0.016992153657841288,0.00411538339365649
1191.2,0.007450774940091566,0.0036603591999252974,0.0049783046943125235,0.0031350093034435496,0.01620945786644409,0.004136699641466022,0.014636686886064107,0.004024882613349748
1192.75,0.006218116240197953,0.003283248013677932,0.0038684686637369486,0.00257027265972117,0.01413320381338573,0.0039651210466207275,0.012348564411062144,0.0038312402977579104
1194.3,0.005628475112186194,0.003055347945430465,0.003314410126387452,0.002210418445167217,0.012365104323263893,0.0037571012314673944,0.010375433471925412,0.003579189031596292
1195.85,0.004743778592040604,0.0029933545963980405,0.0024524253514637815,0.002047497964869133,0.010620902626281278,0.0035049703219373167,0.008381380121496595,0.00325388997247927
1197.4,0.003930532962789233,0.0031144810254623402,0.0015773683856305698,0.0021373716073096417,0.008652871869028377,0.0031917479180041237,0.006270795424049471,0.002837005741257167
1198.95,0.004621460726957036,0.003286696483822767,0.0021134568180884925,0.002461188320791197,0.0067579139651893425,0.002897915986464309,0.004385040415757876,0.0023953714246251444
1200.5,0.005224543887495881,0.0035211423156154297,0.0025579500245721714,0.0027717048834087783,0.004985446919872061,0.0025809132066373073,0.0027095917335057894,0.0019107505970225773
1202.05,0.006043675151276905,0.0038132887921970525,0.0031239699905185624,0.0030485899363645653,0.0036825964965599145,0.0023456703255465435,0.0015325841010879679,0.0014955927973297452
1203.6,0.007093419418495544,0.003924591892712108,0.003979113951669552,0.003179500425918691,0.0027351413975154693,0.0021929878806828352,0.0006836158818235655,0.0011905506349760679
1205.15,0.007449071416182583,0.0038877481646310487,0.0044307000535929635,0.003189871515546387,0.0020952297505703655,0.0020945358276732713,6.333958327086818e-05,0.0009859782959078358
1206.7,0.0076630059122066016,0.0039307326805303215,0.004553574272104018,0.0032625704755674407,0.0020907200193292087,0.0020963033349594203,9.554157815879245e-06,0.0009579621175382861
1208.25,0.008479106003040157,0.004048176680842918,0.005317508110162183,0.0034338325046290264,0.0025470193106886126,0.0021231716661458304,0.0003334709125755711,0.0010132203791912312
1209.8,0.009445776921682345,0.0043060703660590515,0.00619565569910832,0.003823831727513536,0.0036309912725679305,0.002166171887981266,0.0012231216874994003,0.0011435031418671685
1211.35,0.010838084511741175,0.004453105699350526,0.007682119663000979,0.004055302223733744,0.004942824713967652,0.0022855223046380504,0.00230873272856214,0.00139067453083635
1212.9,0.012928896679304023,0.004639550179980214,0.009878035792687728,0.004340949428791057,0.006408874620628153,0.002370830416095742,0.0037063644841180154,0.0016010797359500444
1214.45,0.016151965511429795,0.004840487910096264,0.013269478961044738,0.004689641169956765,0.008270735659852384,0.0024285247084889204,0.0056467569515705925,0.0017736195951549843
1216.0,0.01899700861685254,0.004921029090362632,0.01643180484368462,0.004847633880307715,0.010501967313868463,0.002487767199532547,0.008045903066897153,0.0019127054382658743
1217.55,0.022152953065849773,0.004821090384961137,0.019947392819018802,0.0048005943608337,0.012819003480998686,0.0025206478960233154,0.010555219672160457,0.0019981949715031366
1219.1,0.025851652043170827,0.004618823659778515,0.024016774659583743,0.004680359188645691,0.015140254527161398,0.00257742583629772,0.013080966734483763,0.002087218214731377
1220.65,0.029113138867873672,0.004657284111731948,0.027629763353320843,0.004807372794859709,0.01767743696358265,0.0026561030324617897,0.01583236536588209,0.0021613900621910323
1222.2,0.03157951812674132,0.004816370075773289,0.030361774010450763,0.005040499005284264,0.02014735255665079,0.002737034159788476,0.018505133649145782,0.002228524124505879
1223.75,0.0344946553161126,0.005014627208930037,0.033586283740260174,0.0053222235416286396,0.022635921957308233,0.002837068251170086,0.021199009394306093,0.002323966752617996
1225.3,0.0373540444576151,0.005225902786739688,0.036750340143519605,0.005599150460094916,0.025053923738362956,0.0029601786422388393,0.02381651395023027,0.002448607654823379
1226.85,0.04006015680357197,0.005231941025192093,0.03974511998589799,0.005654433360688961,0.026916935018582118,0.0031057752315096785,0.025831680558573294,0.0025815040281645186
1228.4,0.04168805156759785,0.005232063597255439,0.04153374945779337,0.00568422501866994,0.02861262931706808,0.0032995327753973713,0.02766562527503307,0.0027747081782503375
1229.95,0.04187574805814565,0.005217951334144019,0.04170797896976957,0.005680808930177827,0.029516232609255226,0.003465668758659288,0.028639400066512763,0.002941992205783682
1231.5,0.041826028525726706,0.0050983332423860635,0.041617320348644835,0.005558034775413127,0.029626559958823514,0.003595326279544143,0.028751858825507733,0.0030707724658747566
1233.05,0.0417361223211399,0.004954023002484291,0.041482703588082384,0.005410223564577292,0.028768407732635434,0.0036515701449065735,0.02781194742638244,0.003113096256211073
1234.6,0.04111046487096295,0.004874822114185332,0.040749100542515,0.005326107212031261,0.0273061994338385,0.0036649933417177176,0.026216189238002476,0.0030993014296085476
1236.15,0.0403275622215995,0.004796099360919649,0.03983996971899705,0.005266588433588795,0.02561750818251827,0.003667243039198069,0.02437540328015854,0.003083327636343803
1237.7,0.040713912031933,0.004914816216183939,0.04024490010237033,0.005407890240474231,0.02321896445421559,0.0035365036044504423,0.021763553586420476,0.002933315967512078
1239.25,0.041227177077867445,0.005168910881827588,0.04079426039878527,0.005709493341407073,0.020834359619941057,0.0034265623361641444,0.019168104207997295,0.002823964643823512
1240.8,0.0416133361868288,0.005231791121609887,0.04120452866956239,0.00581054751366964,0.018367039154831784,0.003286243388392005,0.016483729818745158,0.002682219099882521
1242.35,0.04115197134047723,0.005166266134563813,0.04066619370530851,0.005781484747555091,0.016001587361991646,0.0031303693534848135,0.013910407088013901,0.0025412108674262536
1243.9,0.03983667920578784,0.005015715812646206,0.03917192855759648,0.005653350719287168,0.014110287070162392,0.0030205901408361722,0.01184807798298033,0.0024755857117545422
1245.45,0.03763140872485278,0.004830441173976862,0.03668073355433068,0.005473810214832175,0.011935017793090174,0.0028736343061752743,0.009488060536567887,0.002356080316622074
1247.0,0.03573570466735839,0.004628490417023703,0.034539936037355876,0.005273738068687104,0.01004069263636918,0.002783147080791397,0.007440643426769437,0.002277170490920813
1248.55,0.034258182004737674,0.004485904687359384,0.03287013593815081,0.005136651539621014,0.008446465310260182,0.0027157161625149437,0.005726210733504088,0.0021971646910624765
1250.1,0.03360078427260299,0.004460544074808245,0.03212288466145932,0.005124432691088784,0.007488252028073522,0.0027008073644251914,0.004699373031980275,0.0021602569397275134
1251.65,0.03357032349638045,0.004467545513833373,0.03208183736085201,0.0051476286159513615,0.007029277601883959,0.0027249745262610827,0.0042120872365476745,0.0021709658877321573
1253.2,0.034901941951506185,0.004615373911201793,0.03357278843568787,0.005283208766965839,0.006695072600630713,0.0027569881396631254,0.0038567765896734925,0.002224528154899078
1254.75,0.03581217200663868,0.004747673513394236,0.03459275812190434,0.005404496569987122,0.0067844262132917745,0.002775741753577323,0.003957985152088366,0.002254805150352523
1256.3,0.03598961148848067,0.004694467712635055,0.03479462673806083,0.005332672256855695,0.006892358698488287,0.002776888660880965,0.00407653037266973,0.0022861290991853496
1257.85,0.03689107833807777,0.004759818603610534,0.035810034592258226,0.005387366922463847,0.007675519954094696,0.0028229968991480272,0.004925806217996038,0.0023624454725694357
1259.4,0.0375095169084757,0.004754396781589238,0.03651097825027396,0.005364754899385502,0.008565243889463812,0.0028467544234732005,0.00588822972309299,0.0024202041928697705
1260.95,0.03799970003368801,0.004624184662551561,0.03707077408175842,0.005189929887579368,0.009495239929674729,0.002867267590536071,0.006907480908244393,0.002461765864304524
1262.5,0.0384881503810742,0.0046284956915325064,0.03762991637582878,0.005164032150359527,0.010477915008336391,0.002913215567696025,0.007988986503986556,0.002533142090538943
1264.05,0.039152507724587754,0.0048107286760992385,0.038388048437425944,0.005357306731077183,0.011519432260954993,0.0029772809925468283,0.009139390718413182,0.002636976082203979
1265.6,0.04025297013319821,0.004859207137493784,0.03963990926614122,0.005420187645260767,0.01295537537440129,0.0031059417346707783,0.01071545128825665,0.002810170547426582
1267.15,0.04049643899010451,0.004995129652753015,0.03993265675807691,0.005547302879788642,0.014382292442344284,0.0032067289517853825,0.01228295647978044,0.002924651827365449
1268.7,0.04046465488165268,0.004877125611938354,0.03991902446942608,0.00540308514355931,0.01551467980310261,0.0032522648603185616,0.013530618327536818,0.002994883480813637
1270.25,0.039941153633282246,0.004685595415504285,0.03935582158962738,0.005167864995305772,0.016391160175802447,0.0032760436747083566,0.014500542351369203,0.003053800682214036
1271.8,0.03830743343787637,0.0046035674836989535,0.03755016547611988,0.005057448673158566,0.016976274773451528,0.003291810035624404,0.01515564678896483,0.0030880052914260894
1273.35,0.03699993396799422,0.00463717341212961,0.036111925552693214,0.0050748433237589145,0.017513546594585983,0.0033220389079997763,0.015759253523865927,0.0031157712081816623
1274.9,0.03504315698648833,0.004653297278603407,0.03394681931021302,0.005098129912704364,0.017553299638726923,0.0032658207706035597,0.015822224386669036,0.0030409120010281045
1276.45,0.03341462150399371,0.004660201064069248,0.03215003075233281,0.005076939817855701,0.017288725241233746,0.003175901456225483,0.015554983430530458,0.0029163452363932265
1278.0,0.032136054337567256,0.004565988416518083,0.03074867528673082,0.004947089098033445,0.016706074035068217,0.003063560733109092,0.014942651140994663,0.0027602073881612265
1279.55,0.03014023548996976,0.00449972313140587,0.028546152892666342,0.00485812038761389,0.015670275027510065,0.0029529223642117837,0.013838574664542518,0.002605024538381847
1281.1,0.028284148326707927,0.004432771062847826,0.026503747346464476,0.0047603670102000254,0.01466106495246743,0.0029319163071597236,0.012764431884766957,0.0025394514317513485
1282.65,0.02648948082410804,0.004588692922967088,0.024531474066591223,0.004886429497043029,0.013610722121476222,0.0029362537043717994,0.01164448340039584,0.0024995916976133415
1284.2,0.024793907410399548,0.004554923206893084,0.022672599359262056,0.0048392911610965015,0.012275896923625311,0.00290235305446063,0.010203041764675435,0.002451896286143174
1285.75,0.023243393327204112,0.004539330408172897,0.02097817188278052,0.004824242427844385,0.010791883093870455,0.002875014565729043,0.00861742450992442,0.0024142647936635096
1287.3,0.021231806020837615,0.004533176919489672,0.018769551022276815,0.004839428142833542,0.009227252772238643,0.0028151588072212763,0.006959921721903542,0.00231883419479391
1288.85,0.020158739393180792,0.004499791771739554,0.017615056601420348,0.004834437896953421,0.007640254350174594,0.0027061088721309144,0.005312596859439617,0.002147892896744819
1290.4,0.019158704625449788,0.0043546604440591,0.01654341161936086,0.004723455258956559,0.006246593176120243,0.002560019378190998,0.0038756161620462416,0.001923783273671085
1291.95,0.018605306244058355,0.004181164653064335,0.01597431411373065,0.004557947744951848,0.005230761838904082,0.002458969408120546,0.002838160415963704,0.0017504059755378012
1293.5,0.01854531850558199,0.003945322393961994,0.01596239238953848,0.004303593626161183,0.004636604514786414,0.002415352272118925,0.002239506165490696,0.0016631277248693353
1295.05,0.017716059124359983,0.0037715043558201296,0.015087003292268164,0.004111004642768677,0.004109886909326552,0.002428047027224442,0.0017183302416616706,0.0016633559440333214
1296.6,0.01703262143408444,0.003705831963738891,0.014383313534322434,0.0039980689314488395,0.0038822607210543835,0.0024318824144308306,0.0015328409762669516,0.0016684858545981157
1298.15,0.016242732353538653,0.003651620014909872,0.013559148990279062,0.0038978055349730145,0.003972568977349425,0.0024447991522757355,0.001673739814731956,0.0016671026466888038
1299.7,0.015288929027188682,0.0036555044081445407,0.012552625103873987,0.0038572552506173936,0.004113755351257623,0.002480158718716855,0.0018446117990459025,0.0016925441413014185
1301.25,0.014706213917282423,0.0036473884728253823,0.011962922509224093,0.0038100203657762725,0.004174815708762234,0.0025346047507675174,0.001929578471396891,0.0017597901253573328
1302.8,0.014328017955656837,0.003676411555551961,0.011602791072330604,0.003796354894126188,0.004375302958439515,0.0026190157511643483,0.0021588227409595462,0.001859045086915861
1304.35,0.015176131106358499,0.0037686598871420054,0.012608949641424021,0.0038148637328869824,0.004958430655581633,0.002778280125604579,0.002810449707387546,0.002057218774376515
1305.9,0.015195770978751752,0.0037684070704891693,0.01268284939789929,0.0037544613630359526,0.006038062062293729,0.00299172209627168,0.003975611591910101,0.0023325258534016057
1307.45,0.014655329925605871,0.0038317597955190253,0.012173323104285197,0.0037688656315382372,0.0073276847448848405,0.003224489496926342,0.005354677761638908,0.002646491729923408
1309.0,0.014113996139372632,0.00391408421847242,0.011655391880779561,0.0038228983800714434,0.008767860119575824,0.003513036871466866,0.006896301191989727,0.0030347619872173616
1310.55,0.013759243124994255,0.003939649889642926,0.011338882634733975,0.003799080602546577,0.010071270479544859,0.003750317310317197,0.008318277045844391,0.003352604196509624
1312.1,0.013411573537328043,0.004013170579057411,0.01103022981195809,0.003832575343423417,0.011003663439366762,0.0038425647503974665,0.009361757487388298,0.003497576940110088
1313.65,0.012937148236378967,0.003947074138415788,0.010569247333683853,0.003763254698956209,0.011726580159400417,0.003894429866629692,0.010179000419014022,0.0035725740211932787
1315.2,0.012976910767358905,0.003836564862448973,0.010657748730105943,0.0036611455568444596,0.012234704107111407,0.003930890487607528,0.010767358640293705,0.0036271005095035065
1316.75,0.013153605567636138,0.0039094298631777115,0.010790796698482383,0.003738480506068292,0.012095412382008392,0.003813833000500027,0.010652438034733001,0.0035069759689756526
1318.3,0.01267816226697151,0.0038879829694034636,0.010481838801333297,0.003721746633128228,0.011826415552678443,0.0037079166077934136,0.010394675270494534,0.003414988548131238
1319.85,0.012255437282171617,0.003947986826903527,0.010141475254225683,0.00373610759150226,0.0115494705576842,0.0036302204426817736,0.010127520680507256,0.0033576150890893153
1321.4,0.010630841148840865,0.003823312690413312,0.008576371538563865,0.0034985560644005573,0.01109870961686659,0.0035078947077081075,0.009669640482147157,0.003255733337981861
1322.95,0.007949829215636082,0.0035278009026741266,0.0059241042251153495,0.003061152538438234,0.010348854566545435,0.0033205379717243,0.008885122303314104,0.0030821309178789575
1324.5,0.0058487339901870175,0.0032368688693376973,0.0038049641080511827,0.002617075644339387,0.009574520802830912,0.003134043360444129,0.008072617011861627,0.0029056872851348104
1326.05,0.005363703949610698,0.003211554337150331,0.0033224708796044168,0.002535855408820444,0.008588003829519394,0.002895913654030532,0.007037282115516175,0.002671927736970335
1327.6,0.004722636498942237,0.003125273055863957,0.0027346375845020555,0.002445033010172349,0.007387610829569078,0.002606453663622045,0.005779120518276077,0.0023695395981832242
1329.15,0.004567379059261648,0.0031540100565618937,0.002607254488485142,0.0025042909861138964,0.006519096059646189,0.0024031059382197016,0.0048371067865885,0.0021533399736302543
1330.7,0.005514204130693792,0.0032647843121077712,0.003579878297235626,0.0026751701322100916,0.005654511864493597,0.002204487900491024,0.003925840188127701,0.0019321824888262316
1332.25,0.005989428508809016,0.0034814012250004175,0.0039815765402483015,0.0029738441312392805,0.004532323014140718,0.001914553719015657,0.0028223460725884083,0.001605381867652682
1333.8,0.005832290498084083,0.0034865664401231094,0.00389096807677337,0.0030810255183816066,0.0035677712341219657,0.0016851756549804602,0.001970890454419295,0.001336066064317826
1335.35,0.006699463234121678,0.00358671104882356,0.004777201863812807,0.003247235178014758,0.002669965079858484,0.001507770684264521,0.001257168204111562,0.0010955232979545965
1336.9,0.006969802219979,0.0034863272125783863,0.005136041714892142,0.0031920501317286394,0.00198114698888959,0.0013709306248521158,0.0007291808678616271,0.000912588102349874
1338.45,0.007481808669435335,0.003408774880207436,0.0057653789095581855,0.003170741533644827,0.001635140095563259,0.0012693256178171119,0.0004889489844443693,0.000809174066774934
1340.0,0.009008742104789906,0.003548687116192564,0.007436503929619569,0.0033550373505458002,0.0016441236146721716,0.001222517010546104,0.0005479488406377847,0.0008666064886532353
1341.55,0.010504258126206065,0.0036427870462369043,0.009042086371802985,0.0035070263229870645,0.0016845665279110506,0.0013781639707433253,0.0005713249831544412,0.001181643731885409
1343.1,0.011626905369155454,0.003509240511816899,0.010405239380580373,0.003395109631381422,0.002224072123548258,0.0016981886046042362,0.001048859386442328,0.0016607513594617896
1344.65,0.013270459642637168,0.0035563572376198366,0.012310014462948082,0.003467682979402227,0.0034419578059769534,0.0020244926476364208,0.0021716119242211228,0.002123225977428251
1346.2,0.014648984845573233,0.003672923587788681,0.013907974136892551,0.003643258329667667,0.004675121755691009,0.0024574501567879007,0.00334335353514508,0.00266635224107542
1347.75,0.01593451524724964,0.003812104070733807,0.015435972981910528,0.0038284090795983505,0.006394780152708173,0.002869113093885286,0.0051305920758013554,0.003187788557621408
1349.3,0.016278303195940563,0.003915979414299973,0.015891933072440273,0.003986590480303604,0.008260494402698411,0.0033515268812487325,0.007154919101163655,0.0037561769559812832
1350.85,0.016834720419771868,0.004044208407359633,0.016583894825163294,0.004163217355143501,0.010464393991147878,0.0039026453883308537,0.009607783860537886,0.004361927917555938
1352.4,0.016660814402453598,0.0042563102541317,0.01645843453312932,0.0044476198705483885,0.012856981872940727,0.00458559751655504,0.012246309761087542,0.00510214228245413
1353.95,0.017183871316738875,0.004573625789050645,0.017111855521842557,0.004818969775438144,0.015489994777793977,0.005342272884718473,0.015135520622809833,0.00592728448309658
1355.5,0.01799662850174216,0.004841191017264028,0.018089153140954484,0.0051009041663867445,0.018463386745431094,0.006217967762502508,0.018398510437692136,0.0068745274293266715
1357.05,0.018031400413548133,0.005035447368537961,0.018193614257046735,0.005347593353006994,0.021613637514584047,0.00724191470434288,0.021861923594938923,0.007966541118422541
1358.6,0.019384588789340573,0.005276122323620477,0.019776327228819047,0.0056461371803595405,0.02511229979089055,0.008419257437613153,0.025697347259787544,0.00922522261082071
1360.15,0.021208234125804522,0.005445731618295781,0.021883722156466313,0.005830050710408116,0.029101768623341795,0.009708045048491647,0.030066073529315812,0.010601158527735015
1361.7,0.023667981519983616,0.00558415273332701,0.02470183130477045,0.005962294343487755,0.03325507241057665,0.011156005302516203,0.03461249565412624,0.012148763263677123
1363.25,0.0266503977014076,0.005665640043894133,0.02810542882950977,0.006046554454353776,0.03802188339554497,0.012764549800279848,0.03982569120805073,0.013868090132476377
1364.8,0.028491932269664563,0.0058058699138744336,0.030230572835634108,0.006212799554366397,0.04306935769544309,0.014481928056556511,0.04534375613343239,0.015703899246622074
1366.35,0.030012322280304527,0.006004974843096055,0.03199235149963271,0.006434086117118619,0.0485869472197936,0.016202370506849594,0.051373147538389105,0.017543181302999696
1367.9,0.03050699932487918,0.006205680188523534,0.03260257635218273,0.006659334097557149,0.054273874458661,0.017870246359698194,0.057586685563410046,0.019325875435859254
1369.45,0.031238822470209083,0.0064801736942273315,0.03347891684735861,0.006981966524149414,0.060118292085870974,0.0192340454038793,0.06397197058475729,0.020778875423063215
1371.0,0.03085990890992938,0.006491527158729285,0.03310790191592525,0.007015870073688052,0.06581599780196754,0.02025189463817183,0.0701983173994802,0.021856145662172595
1372.55,0.02950391753148995,0.006405967146989297,0.031640948218258164,0.006959337194644144,0.0708251948399858,0.020975261055747856,0.07567674024648388,0.022616599742393512
1374.1,0.028238064921537073,0.006387913731645351,0.030273750722422176,0.00696025514852126,0.07477716984481012,0.021300676843990857,0.08000635107444296,0.022947888185251376
1375.65,0.026509486664130336,0.006230058810571799,0.02838526931948379,0.006789235206837097,0.07778772268288017,0.021097054258190116,0.08331286008816234,0.02270717796498986
1377.2,0.02516672095698726,0.006030799374193498,0.026928337135940766,0.006569241236889443,0.07897684411771885,0.020472676378065293,0.08463936114818195,0.02201415150019295
1378.75,0.0240255440273655,0.005671147495884203,0.02569640579089925,0.006160310798656291,0.07792380933030724,0.01951793519572152,0.08352863673376812,0.020968138900390645
1380.3,0.023581490494917562,0.005246714138072284,0.02524445180267919,0.005657772484589277,0.07484123862758059,0.0181919575066191,0.0802119399897123,0.019524691767999355
1381.85,0.022778099599869043,0.004720736848888012,0.02438853347613499,0.005034869754843349,0.06984512080300773,0.016589079479612526,0.07481503467500789,0.01778614363962284
1383.4,0.021483011848724337,0.004284525360685483,0.022977599217498364,0.004500696765171017,0.06385923892159961,0.014820248134831572,0.06834193171683824,0.015870598367065152
1384.95,0.020265155141027714,0.0040574869010007834,0.021651528176637864,0.004243727243471882,0.056514534054314475,0.01297282384902856,0.0603912972585164,0.013874151709489234
1386.5,0.01891918226939376,0.003853334041254056,0.02017870891442578,0.004029586315214433,0.048607488702459095,0.011189735367173052,0.051828565615703565,0.011948676829271419
1388.05,0.017552115329171884,0.0038165257857833753,0.01867780492114306,0.004032947502800384,0.040915804644269055,0.009582534824853398,0.04349926242022754,0.010216813681100907
1389.6,0.015373468464319756,0.003736130267564344,0.01627073031526296,0.0039927018612752095,0.033942010609256834,0.008105658636828224,0.035949632192907977,0.008626162136135027
1391.15,0.013175089063334384,0.0035094207131784274,0.013839426692669196,0.0037927747590355085,0.028117183791493593,0.006793565642460954,0.02964702946005301,0.007212870224622201
1392.7,0.011484705595027891,0.003285238900535131,0.011954218692706707,0.003587250637643417,0.02308773009888139,0.005701187130002296,0.024208513048194776,0.0060331535591954775
1394.25,0.00992241890995416,0.0030828640380078346,0.010253090012150846,0.0033701415465355253,0.01850332843998872,0.004863291773914547,0.0192524992624193,0.005127224063602011
1395.8,0.00914466540757125,0.002919694774532807,0.009402683773658391,0.003179625635861719,0.014683628026780393,0.004129044827851273,0.015122599228796128,0.004332610000838322
1397.35,0.0075851445977479625,0.0027485886622814364,0.007731033525443939,0.002985804407318157,0.011467778235555438,0.0035421020827188527,0.011644103117156232,0.0036936836945256368
1398.9,0.005610355370668425,0.0025816462707808257,0.0056086927167898395,0.0027740237266103214,0.009003670058016139,0.003100955125054539,0.008989365182785843,0.003206713504378027
1400.45,0.004260593997832823,0.0024462132905882375,0.004156508226673388,0.0025902505669778654,0.0064219265796701275,0.0027657346830408038,0.006229500093885732,0.0028226353681567065
1402.0,0.0038712885267176127,0.002240879175322079,0.003748034331138948,0.0023382764871389596,0.004343535219249812,0.0024404150512199957,0.00403839518803042,0.002449139289976018
1403.55,0.0036130572458926338,0.002117952505439864,0.0034588229347397204,0.0021814729804982068,0.0029856957547786532,0.002137342595843419,0.002598697116388882,0.002102335306689386
1405.1,0.003009892081228025,0.0021433213007319186,0.0028129995877189972,0.002207330814860213,0.0019694595304587214,0.0018053156806506544,0.0015586703842019227,0.0017382090970969556
1406.65,0.0031533291520564038,0.002149060902714529,0.0029574600794588213,0.0022245669590559365,0.001334667077520675,0.0014628920773656323,0.0009525008129691478,0.0013712851738759547
1408.2,0.0034406689858151,0.0021134268028471783,0.0032477987605552304,0.002200906334517514,0.0009039978166940646,0.0011412889424049367,0.0005873825110690056,0.0010401680065289332
1409.75,0.003175547332313241,0.002019991013487354,0.0029643436057641276,0.002111658105202727,0.000581379721584627,0.0009285658220767323,0.0003384921313111137,0.0008446580264801428
1411.3,0.003141613554506645,0.0018923689209329481,0.0029219512475899584,0.0019870201360972393,0.00044764487133222265,0.0008380441169151521,0.0002671477939657102,0.0007904909321559449
1412.85,0.00253068433967017,0.0017722693270346027,0.002298543904704402,0.001860543160551934,0.00038458720334909097,0.0008877963552680408,0.000255215493188752,0.0008756231882955426
1414.4,0.0018072678746026414,0.0016866139058362155,0.0015637606313211744,0.001752987495359048,0.0003022068187328638,0.0009728401691931598,0.0002222617205491309,0.0009830874068389953
1415.95,0.0014591578647846224,0.001624959930987357,0.001242444186341817,0.0016521443692125845,0.00022106704032547354,0.0010540512659810064,0.00016794441028403082,0.0010796255966215125
1417.5,0.0014018576859448073,0.0015410900233423458,0.0012024563972138475,0.0015482962584188842,0.00018524603724747176,0.001064775971060453,0.0001407531825144295,0.0010932573970773014
1419.05,0.0013434256877010115,0.0014891895557108542,0.001154116602557458,0.001487753038288297,0.0002763304581853767,0.0010430593708449713,0.0002139824236191348,0.0010707730888000612
1420.6,0.0011019212691125147,0.0015089175922936423,0.0009375292557996426,0.0015255634041776687,0.00028688667549513447,0.0010226580543561108,0.00021750504250710512,0.00104575208122192
1422.15,0.0010667601212274442,0.0015299455262781762,0.00092067514857339,0.0015352334334966244,0.00029252325771040205,0.0009686694664605836,0.00021629110016157632,0.0009859030830061029
1423.7,0.0011280848055261019,0.0016330727996749098,0.0009816825441398638,0.0016441837545790232,0.00025836179082703377,0.0008913287079768777,0.000187441206871458,0.0009002458806767695
1425.25,0.0013253151453824245,0.0018667246207880893,0.0011259271093863974,0.0019030441185822469,0.00022716320202583143,0.0008130566231021181,0.00016334913480602992,0.0008045646387452619
1426.8,0.001211723618466195,0.0019721155485384776,0.0010034895142067943,0.002011966943539022,0.00019639819045305228,0.000715708392978395,0.00013779830165829007,0.0006928959950468647
1428.35,0.0015504312194794942,0.0020276366479228276,0.0012737873104534878,0.0020785157241839996,0.0001386608135159457,0.0005817760851867448,9.238387176275569e-05,0.0005489491846491936
1429.9,0.0016241041670808768,0.001954146165234962,0.0013352506999870408,0.00198918504276649,6.960485545515708e-05,0.0004293836465607647,4.6516240859266844e-05,0.0003896944334063066
1431.45,0.0015373809054970147,0.0017733218043193772,0.0012446931070891085,0.001810998027765516,5.27491407038006e-05,0.0002813582217340339,3.416045621130845e-05,0.00024045224260533938
1433.0,0.0014885403762219859,0.0016381963276342775,0.0012128722980503592,0.0016794092238712572,2.769547295934495e-05,0.0001595788980938108,1.6529279914614068e-05,0.00010593164487290276
1434.55,0.001219916249031741,0.0013477040657502214,0.000985099158310334,0.0013545134767529875,-1.296504388418952e-06,0.0001667073611418221,-1.386301244912891e-06,8.827487054497747e-05
1436.1,0.0010080306625654025,0.0010566419778893993,0.0007788267416531851,0.0010201224310617347,-2.9569626268724428e-05,0.0002564803836077155,-3.726534051719744e-05,0.0001472876894366881
1437.65,0.0007281805479678179,0.0010236106785912501,0.0004944189153978642,0.0009579448288845387,-4.854167216321306e-05,0.00036370046786457613,-9.749854887944487e-05,0.0002075615668402869
1439.2,0.0007976411290172147,0.0012298298396829304,0.00047930118871072105,0.001131222288833562,0.00021366940056575704,0.000520469750525605,5.56624131914001e-05,0.0002830590273337088
1440.75,0.0014156583237173142,0.0015210032166432929,0.0009446422867873473,0.0013630480697722383,0.0005125257656073725,0.0007425974589170524,0.0002071892131732222,0.0004571144629927764
1442.3,0.0020146687858126496,0.0018310673526346936,0.0014066437304418788,0.0016246424319244128,0.0010014276107929419,0.0010083022022027814,0.0005218356596176199,0.0007105477270837278
1443.85,0.0028804778635271684,0.0022813193317751924,0.0021055996831046827,0.0020825615343986158,0.0015875301163424816,0.0012585256605250155,0.0009167691351094997,0.0009507168985634021
1445.4,0.0031847537065315783,0.002595906306974435,0.0022866399925990373,0.002360874383562198,0.0022183282196434734,0.0014597168989884208,0.0013618882641910218,0.001152073527258801
1446.95,0.003600107020801566,0.002868922412768256,0.002552255663818311,0.002610508933475755,0.002862035065665759,0.0016159334193947973,0.0018303681992621842,0.0013238165523331196
1448.5,0.004083193545778277,0.0031435459395318982,0.002918763952959805,0.0028870587456028074,0.0034003753979129246,0.0017047462861415506,0.0022150469526265736,0.00143828977400739
1450.05,0.004159361078907186,0.0032814631142467957,0.002858381756001929,0.0030138843690880237,0.0036885267259359855,0.0017664613140019425,0.00240546359101696,0.0014738531538253713
1451.6,0.00489630513071058,0.0034609684934730515,0.0034688379002804476,0.003258911114848753,0.003635444352723524,0.001755332403986703,0.0023089357652472022,0.00137689387588583
1453.15,0.0058887553679146,0.0034835104198799264,0.004385100197083525,0.00333177682258117,0.003510265033835968,0.00177879500617549,0.0021062528853894825,0.0012996532196405998
1454.7,0.007356298658661168,0.0036534999822578486,0.005700241059293887,0.003586783259422949,0.003365333449214475,0.0017939963089689656,0.0018866581099449345,0.001233302285787483
1456.25,0.00849478633096167,0.0038883469579151656,0.006723559863704258,0.003869805753512306,0.002935785380504287,0.0018100870937807427,0.0014641305823769315,0.001157367575273501
1457.8,0.00865433969845567,0.0040267355802692546,0.00686393831265672,0.0039676524703589015,0.002583262671755644,0.001849687184726825,0.0011297374378713442,0.0011285596189953438
1459.35,0.008026618439732996,0.004021155891114121,0.006216533549307959,0.0038149258807252174,0.0023092324809733046,0.001894834511798604,0.0008466597720092707,0.0011158781935982612
1460.9,0.007193199948391405,0.004025052859720499,0.005282895072466484,0.0036154331212189836,0.0021353574538249317,0.0019415975879890546,0.0006600242285021076,0.0010985979006986276
1462.45,0.006801052328149869,0.004145781093403283,0.004743905067734469,0.0036049632328854523,0.0021309693176518266,0.001998680167333763,0.0006078683405454173,0.0011248710215172074
1464.0,0.00654164660553914,0.00439608253393475,0.004309252545859663,0.0037701948463555314,0.002073032319084604,0.0021076984733820196,0.0005698730043494494,0.0012009048933271486
1465.55,0.006339753940111018,0.004728876059828641,0.0038974177892753636,0.004105184284654914,0.0020492777713969667,0.002257405070181877,0.0005541902583870049,0.0013210812716904067
1467.1,0.006848070578733481,0.005097594891623515,0.0042777365553273335,0.004510052562033592,0.002060916054971291,0.002407153472341834,0.0005472557410901565,0.0014443580066181964
1468.65,0.007467128398084164,0.005455271755506926,0.004801504067134732,0.0048488727858814395,0.0022091778910130425,0.0025689808420422196,0.0006129523912680109,0.0015755624896355792
1470.2,0.007958136013669037,0.005849044864706928,0.005175257364086252,0.005217299398473638,0.0023339576743102047,0.002713355813799077,0.0006481391555167276,0.0016886380939338738
1471.75,0.007694246234599888,0.006179945492816329,0.004852024413961589,0.00547322936811627,0.002484288469563335,0.002846841795756821,0.0007036694115504574,0.0017983385704196365
1473.3,0.007135473174411844,0.006451832551288694,0.004234974302027462,0.005662030459380644,0.0026637001529177277,0.002970713579493337,0.0007715690160726291,0.0018960677605776794
1474.85,0.006668290946714494,0.006624048380134562,0.003614960143191705,0.005778746269199762,0.002737683747398331,0.0030928812282858434,0.0007393538315433235,0.001975221939074407
1476.4,0.00593578159107549,0.006732278659317371,0.002885136132644565,0.005815705002269406,0.003057708926265511,0.003281729549073502,0.0009063285594368901,0.002128199634449295
1477.95,0.005671342115794057,0.006714697476497685,0.0025817400575725213,0.005713490848165637,0.0034861883822478283,0.003526139355038692,0.0011463345661173587,0.0023590282929712328
1479.5,0.005793218235627995,0.006700385482699564,0.0025872190479309036,0.005633084278373702,0.004056749909585147,0.0037649555157020227,0.0015696757437928277,0.0026185927164113906
1481.05,0.006551898148172459,0.006553555503061767,0.003166685130277204,0.005434209252842141,0.004838074668023467,0.004021665508507763,0.0021370513045057995,0.0029566628819845922
1482.6,0.007574539562086192,0.006513583007893092,0.004009240137368605,0.0053533093635005895,0.0056987314282945945,0.004314752551088318,0.0027649183515357527,0.003390901885384445
1484.15,0.008864881673642307,0.006534535561614147,0.0050997562135386785,0.005407492930797565,0.006822540443971532,0.004638244430500398,0.003664733549264729,0.0038861627576963712
1485.7,0.010610600006677533,0.00657664741865953,0.006644756892626096,0.005569118471555087,0.008335681067664646,0.004964968095231373,0.004975822420081396,0.004393232541493798
1487.25,0.012794887137755773,0.0066205293283284955,0.008612180840389642,0.005797635554696303,0.009634907549017602,0.005272811353298326,0.006088180727290436,0.004867815474946297
1488.8,0.014666177824752775,0.006664792591982725,0.010228711184433583,0.006026792012075069,0.010761324325668,0.005629789652202107,0.007117339939958429,0.005331877773546115
1490.35,0.016055763725466896,0.006728157313332205,0.011411889414251855,0.006241884121805584,0.011832232218580666,0.005971380841034312,0.008167594189320256,0.005712595633960557
1491.9,0.01620556453486505,0.006946523777650535,0.011532872542570745,0.006457602845115086,0.012974037300115069,0.006327607926333811,0.009260453975648604,0.0061297849488859794
1493.45,0.01625467130540009,0.007306947621195227,0.011469030063785685,0.0067865289195330886,0.014100931070049868,0.006620201156890104,0.010357111484271,0.006460656073570327
1495.0,0.016609215128049727,0.007666389688859726,0.011732255370815426,0.007149649476903412,0.015418701302850663,0.006850578172920333,0.011648667971008709,0.006729184596593765
1496.55,0.017270633763889418,0.00801743320374712,0.012307233493454677,0.00755104754992467,0.01667115431354713,0.007006739207454052,0.012871181751267644,0.0069220175149976365
1498.1,0.017981366264160754,0.008360941948375972,0.012928187376003463,0.007944001807648126,0.017799948458828783,0.007115426477189377,0.013957656843100236,0.007071091423856652
1499.65,0.01941223325759927,0.00862732907207778,0.014342486284783748,0.008263311674715501,0.019035977539176237,0.00715917224192282,0.015161242407421102,0.007142654935354809
1501.2,0.02104627019640846,0.008840327775152989,0.015971474559534127,0.008546585266695836,0.020534887702752153,0.007122199384954995,0.016651833211081837,0.007119842745215568
1502.75,0.023533342924357697,0.008948780388318336,0.018544615858881546,0.00876825418591228,0.021526491880841922,0.007022266256120274,0.0175916935109657,0.007035270282425309
1504.3,0.026071710993736362,0.008883110424904108,0.0211972881640932,0.008791940463690133,0.022592007418322905,0.0068532733804110135,0.01861341907223384,0.00686883986271686
1505.85,0.028435141061198557,0.008713433305241158,0.02365303117685388,0.008666646937445548,0.023628002795591945,0.006625978253754682,0.0196042975038116,0.006645158520623194
1507.4,0.029802584345277442,0.008612962579838974,0.025035773704345288,0.008527814699398586,0.024427471857066677,0.006324073042963299,0.020339696213735294,0.006339104324891246
1508.95,0.031318077197421974,0.00851534918483215,0.02656965378562047,0.008421370542108318,0.0252899600752515,0.005963134840102541,0.021145618745990507,0.005968677234721408
1510.5,0.03345073297571572,0.008338684087012627,0.02879683558399904,0.008237596508389247,0.026240220296319984,0.005579008541436033,0.022049161971052503,0.005580344097028103
1512.05,0.0349581967466575,0.00820296011737005,0.030326823431898783,0.008069281521742992,0.027245201481731134,0.005151969830182588,0.02301428789781612,0.005154293787026772
1513.6,0.0361615852175803,0.008189372483788152,0.031518031804012206,0.008052865218347291,0.028428548766511373,0.004700781854153039,0.024175475089258314,0.004709992047348909
1515.15,0.03813640631609522,0.00829400679576781,0.033578876693198215,0.008183263669675327,0.029844151189831778,0.004219753695247465,0.025591767715432808,0.004240103018151188
1516.7,0.039116006155569295,0.008589534008910472,0.034527341711447355,0.008518971101064017,0.031866849729020326,0.0037017905110300875,0.027671183189808254,0.003730464420565313
1518.25,0.04110137992393879,0.00873320748856691,0.03660770573852768,0.008692237165566727,0.03401235639125553,0.003285322676819098,0.029886873991652636,0.003369613441180395
1519.8,0.04341619516956505,0.008820669075751741,0.03906093744978375,0.008812944732113867,0.036512571092768766,0.002953999900350195,0.03249134913844177,0.003119405085547341
1521.35,0.04561699908561852,0.008936239556638807,0.04139077099790806,0.008960470941541558,0.03897697162730953,0.0028456381888039596,0.03505990709551434,0.0031169001821837114
1522.9,0.047839890175908,0.009053805236574062,0.04374972799151609,0.009113125008061978,0.041043143447177986,0.002964572610910434,0.03719885992369743,0.003330310508501347
1524.45,0.05065731138766212,0.00897947348235266,0.04677886869377949,0.00907688712666764,0.04249284482433659,0.0032466979955134033,0.03867105543408612,0.0036703651490331527
1526.0,0.05337845357015623,0.008828577781401697,0.049702611409071486,0.008987046644805973,0.043175493267827054,0.0035513655784539344,0.03931261766481555,0.004007930667626023
1527.55,0.05569620619207262,0.008825470174849276,0.052178822416600844,0.009053982898610738,0.04350886995128807,0.0037703338514602273,0.03957792493604105,0.004233583664484614
1529.1,0.05897702148329805,0.008715276366631813,0.055739541079418836,0.009039786394426003,0.043456474433606646,0.0038800590133109543,0.03942761315848565,0.004317894016740257
1530.65,0.0635215954362047,0.008534990590763422,0.0607236645309948,0.008961942418857232,0.04339967030418843,0.004007156553609868,0.03927669420275328,0.004402938866319058
1532.2,0.06670424848666097,0.008413047685141697,0.06418552514114878,0.008912056878527115,0.04365933078759255,0.0041501825949846055,0.03947413922985866,0.004498228891431926
1533.75,0.06970305897502467,0.008255262969603536,0.06744807538413117,0.008771958779589806,0.04437289193622997,0.004315755412211224,0.040169073368422924,0.004644107550496038
1535.3,0.07312631659221461,0.008015547238766789,0.07119345170802144,0.008516790349441868,0.045794857009709464,0.004529814186712983,0.041638444480921716,0.004863001660304802
1536.85,0.07700781788595991,0.0077031811195696675,0.07545910671353419,0.008174205489431895,0.0477731114605225,0.004722640153581281,0.04371675178223234,0.005070445630850824
1538.4,0.08038245911139348,0.007465579259152903,0.07916379268940374,0.00788573445291409,0.05003537862547383,0.004900294981535386,0.046108163700671376,0.005277836265021686
1539.95,0.0832776895155308,0.007305800143157745,0.08233727111107793,0.007675765755428944,0.052397427290116275,0.005043540644567422,0.04861275019197038,0.005440954034355345
1541.5,0.08553366900733715,0.007205072570451996,0.08479919028412591,0.007556387943329519,0.054699638867013345,0.005140297538108527,0.05105685460883214,0.005557974820388138
1543.05,0.08738653513533558,0.007272775232330729,0.08681623723749073,0.007620651175816194,0.056950900907699456,0.00526332859967076,0.05345053472586827,0.005700362078153363
1544.6,0.08957171901235067,0.007199072418692509,0.08921090104437442,0.007560201755171075,0.058890540230552756,0.005431430473970904,0.05551058049022935,0.0058845002057790535
1546.15,0.09221673505697536,0.007146609139267015,0.09212765134513994,0.0075450148384752875,0.06047838908935172,0.005622621433819554,0.057193291315597,0.006090967139979957
1547.7,0.09350165859744024,0.007165747790022175,0.09352520768825508,0.007599537395250421,0.06164322007337278,0.005800853094675977,0.05842136318475128,0.006282124720337144
1549.25,0.09369659664465661,0.007196550791029265,0.09370713775340019,0.0076513297951607065,0.06271646918024204,0.006012892177051423,0.059555190086582915,0.006511536493836619
1550.8,0.0939727585672106,0.007138325111396175,0.09398563523786535,0.007617986122883122,0.06374396655175252,0.006237806671852125,0.06064441704036791,0.0067554492455837315
1552.35,0.09431549797073589,0.007064566099948247,0.09434504594508158,0.007574539697090651,0.0648519548581386,0.006434503876701647,0.061826493991869284,0.006969245049746028
1553.9,0.09359878579057687,0.006999020326630629,0.09352522763907085,0.0074755782377981805,0.06642661918602866,0.006623779478060248,0.0635215946458493,0.007177804317135119
1555.45,0.09264614441811098,0.006923992163431033,0.09244971165487206,0.007334210557045961,0.06840589781491838,0.006840016260975912,0.06566220540932614,0.00741170146961285
1557.0,0.09311647969148489,0.006685755170401895,0.09297615801325616,0.007041795506192884,0.07131750575323681,0.007128353474266655,0.06882218272912839,0.007730341565499139
1558.55,0.0937868617163044,0.006622858445613286,0.09373409214372694,0.006943482379251558,0.07493304846441964,0.007485062004349969,0.07275336134509822,0.008125167347519722
1560.1,0.09519111227024109,0.006519215508447151,0.09532186054008175,0.006817978215996917,0.07931256896509016,0.007926040529420884,0.07752060343809704,0.00861676000073573
1561.65,0.09754037251181046,0.006459184556010569,0.09797685586703767,0.006765203646210396,0.08419547808568416,0.008406274631848116,0.0828406281558166,0.009152541655402746
1563.2,0.09984618425142994,0.006430693683223636,0.10059007476400884,0.006762304828770719,0.08983098970121996,0.008998710610328822,0.08898489507998882,0.009805446474040365
1564.75,0.1016571450416399,0.006406363705444173,0.10265469021483678,0.0067609537344765,0.09593531602604811,0.009650274943785835,0.09564468757124789,0.010519591899106803
1566.3,0.10332565950313886,0.006389564716957478,0.10456650233307922,0.006762821674603085,0.10187613637977277,0.01032102477933317,0.10213192746030404,0.011254513516328312
1567.85,0.10496444315264526,0.006428358956225122,0.10645202972093985,0.006817270307870358,0.10749780332814553,0.010950731609243178,0.10827801651551316,0.011941959992420311
1569.4,0.10513292246765327,0.006379080978128706,0.10669478043986842,0.006727259316105446,0.11227284860628826,0.011499947028484685,0.11350906186504206,0.012538900815052852
1570.95,0.10408406618851751,0.006475930004482191,0.10557924356261555,0.006806095867836514,0.11583205169815494,0.011949387189872379,0.11742338789278588,0.013024049674739364
1572.5,0.10350300519471368,0.006575415546946792,0.10499370389988634,0.006916941669197867,0.11819956003601428,0.01221409201070053,0.12004828872034144,0.013307004543499406
1574.05,0.10210731344270348,0.00659070334129441,0.10350064286686872,0.006934933629482002,0.11817493181703422,0.012189452593628292,0.1200778711766783,0.013272830839597127
1575.6,0.09992948748736978,0.006639625805402054,0.10113574463939046,0.007010994112974084,0.11566622133898453,0.01184212984073844,0.11741177843308744,0.012885384057270017
1577.15,0.09735934498023452,0.006686276592890054,0.09833746216858513,0.007088660022858884,0.1110579869243883,0.011217289834012736,0.11246842189514156,0.012192630759052412
1578.7,0.09487402279676883,0.006688636311666981,0.0956411529222601,0.0071114589200532655,0.10490780964967616,0.010358774353113704,0.10585414423995036,0.011241443404863934
1580.25,0.09258129872237801,0.00669868717099867,0.09316722983881637,0.0071499373050220374,0.09751563603188038,0.009341059327402383,0.09789486549122285,0.010110850473021921
1581.8,0.09033514357522898,0.006732940365410956,0.090752777569122,0.007221024431435946,0.08952898109412138,0.008280978052581064,0.08929425203048616,0.008929038375985528
1583.35,0.0878632108823874,0.0069673409524756875,0.08809174751885834,0.007508332775424243,0.08212455429444866,0.007266418540789332,0.08133207990182839,0.0077904414691490325
1584.9,0.08524886643452691,0.007040859816638714,0.08527512954468383,0.0076002945336165716,0.07539974028252498,0.006387284470178715,0.0741134054626414,0.006797815237573212
1586.45,0.08234228355086637,0.0071137421744292065,0.08213716605370612,0.007679749155042608,0.06991771912235839,0.00574565206183237,0.06825090773439672,0.006066907892092273
1588.0,0.08005647852874578,0.007053580605065395,0.07970053634303077,0.007624623234784516,0.0656854701217826,0.005278794023425577,0.0637521882878798,0.005531246178906768
1589.55,0.07737290042663549,0.0069250645395290324,0.07682236543962906,0.007496453794755328,0.0618545752325561,0.0048962042827656975,0.059693950590892705,0.005097947635730769
1591.1,0.07417213691116435,0.006801368149645051,0.07336860243489553,0.007360562323149311,0.05887618084087384,0.004626827770904687,0.05656697365194143,0.004797630756825727
1592.65,0.07112738612978278,0.006615334952155738,0.07009468203107679,0.007146872112005134,0.056697240943951205,0.00440682574139345,0.05431346917247941,0.004560816374952723
1594.2,0.0682470943046275,0.006400351715368503,0.06700980326456835,0.006914392770144211,0.05456341744766022,0.0041908818834535625,0.05211294765619711,0.004333038226645421
1595.75,0.06538182423419257,0.006121214231680278,0.06394633968878789,0.0066243104570111655,0.05226794858469048,0.004023003628563906,0.04974073330596752,0.00415349272739732
1597.3,0.06305966380057143,0.005806503295599811,0.061496033652821296,0.006302305079102334,0.04993460782785309,0.0039058675250774086,0.047331321790272766,0.004030312078175432
1598.85,0.05979670721971262,0.005826734865665168,0.057995505619058724,0.006345632080692566,0.04771394333917114,0.003838608871459165,0.045047998244109884,0.00396405126214153
1600.4,0.05711887198551608,0.005818295839613816,0.055154543481781344,0.0063596407750284795,0.04510657805445979,0.003689643361092095,0.0423475178018777,0.003806581872886119
1601.95,0.05457112176361175,0.005791887340165889,0.052464037885363496,0.006362748730785985,0.042490203018230366,0.0035618193132079374,0.039640491987771705,0.00366521906039071
1603.5,0.05199736144489932,0.005604992539773334,0.04974943738405693,0.0061834866436666965,0.03955951086781286,0.0033925038797534236,0.03659425770288905,0.003481817722685549
1605.05,0.0482799723352507,0.00530418437902133,0.045756564007273175,0.005855817656095642,0.03652471788705429,0.0032312944975584146,0.03343737514962812,0.0033135140024107214
1606.6,0.04401633268096766,0.004943545030709556,0.04115415641461481,0.005435129386763785,0.034087673947289315,0.003092916058172428,0.03093317841657159,0.003168864026447795
1608.15,0.04018292619442339,0.004605314482953667,0.03703634314764582,0.005039770279384771,0.03185165730544121,0.002960789069468119,0.028650055466483887,0.0030295308731416535
1609.7,0.036833451530272426,0.00433852283552211,0.03346366720901589,0.004738863862438012,0.029411961190025128,0.00284729682334937,0.02614769673742799,0.0029111727302885567
1611.25,0.03340430533647874,0.004071712326719957,0.029804854029739546,0.004421114258587115,0.027178134685367925,0.002769837043063846,0.023871454162863445,0.002829352021086378
1612.8,0.03142108484554619,0.0038575444683235753,0.027768737221033443,0.004182860957496238,0.025126581912936947,0.0026647969340186147,0.02179527502898066,0.002714885637298453
1614.35,0.029367877335580158,0.0037429002568478593,0.025652955976373754,0.004069965247338222,0.023386211913363826,0.0024812111403562463,0.020058583793396444,0.0025255240110471045
1615.9,0.027494561106866877,0.0037115220195154818,0.02373305058364913,0.004069426336561368,0.02150745895409767,0.002281699091033114,0.01817268293917166,0.002319865476726927
1617.45,0.02509101579734281,0.003660649444422842,0.021246189074052117,0.004015523522888095,0.019804022143437728,0.0021417058072566455,0.016478510194525973,0.002170832695802553
1619.0,0.022147914998606195,0.0035292108402135195,0.018159248941413825,0.0038357318464327327,0.018191101140790242,0.002029382033334994,0.014883534617634617,0.0020561157821932996
1620.55,0.01929896441823655,0.0033329035383909715,0.015173180243283148,0.0035791315483935603,0.01667062733436342,0.0019330791925478467,0.01338942612038313,0.001963641185658984
1622.1,0.0167476860589974,0.003155774472618838,0.012515075860953843,0.0033516093181940486,0.015182191680111755,0.0018226213866317684,0.011931383100181697,0.0018520768319158624
1623.65,0.014999744468246236,0.0029842737585399864,0.010753617551398656,0.003150041867492275,0.013641595368571069,0.0017102232740901224,0.010416798885073455,0.0017299524544456264
1625.2,0.013955931508460228,0.002851927984101861,0.009773316296982578,0.003006148594267736,0.01205087855193921,0.0016365872343998798,0.008848231448080729,0.0016458897047061747
1626.75,0.012789661814522004,0.0028469099277090744,0.00863627370248808,0.00300945301466049,0.010632982328732984,0.0015906697895222727,0.007461934630139924,0.0016004236468143672
1628.3,0.012934334348808663,0.0028527421887169,0.008796339770701296,0.003048107030753015,0.009192020517607735,0.0015061879649684738,0.00605815092577198,0.0015159463364852338
1629.85,0.012069305134104091,0.0026830506481079304,0.008302405999570548,0.0028376174785132153,0.008023321643878567,0.0013905127092150894,0.004947936580713404,0.0013960041075226203
1631.4,0.01082793551588582,0.002594382768799412,0.007318472311949399,0.0026957130980965124,0.006927252884887293,0.0013013816294875041,0.003821189742117218,0.001307513649911558
1632.95,0.009512796803696495,0.002444837472407141,0.006116382968816419,0.0024939400283884765,0.0059064075552860175,0.001238671084916018,0.0028872740724627177,0.0012298350911557475
1634.5,0.00815229600433647,0.0023618625506981097,0.0048688897626208,0.002335393479672697,0.0051422797428416125,0.001206255506825844,0.0022943366747690177,0.0011376930371200273
1636.05,0.006966673558642571,0.0022589767291738816,0.0039492814373445415,0.0021313861160956516,0.004105693639688489,0.001095546075882679,0.0016014332235137865,0.0009634829731309078
1637.6,0.005825603491423593,0.002143894650990896,0.0030499491902923016,0.0019235893438619685,0.003046179901369959,0.0009323265490096586,0.0010114096297121902,0.0007491879298529377
1639.15,0.004740898253543906,0.002014371306050787,0.0022661188121855407,0.0016913395630937713,0.0021162955503840337,0.0007613158195810616,0.0006155914726160547,0.0005388590394161963
1640.7,0.0038658200539272236,0.001853208883694522,0.0018183574188059739,0.0014380759619143622,0.0012557299372706798,0.0005960983447796626,0.00028529312591698885,0.0003499146170805739
1642.25,0.0029332487493241434,0.001638103938388673,0.0013254736711462432,0.0011433843901596027,0.0005569647826417664,0.00042113380505398796,5.731864342833722e-05,0.00020267695141388742
1643.8,0.0023094210691470157,0.0014950772538541036,0.0009291805092824072,0.0008654200523507953,2.108866490947131e-06,0.0002675896378260315,-0.00013472794187901878,0.00013635041244093197
1645.35,0.0009075265520525443,0.0012329246209640296,2.803207220756671e-05,0.00063248575589323,-0.00018032778187470412,0.00015744401389400893,-0.0001070913727974082,0.00011384495171642869
1646.9,0.000207740255371642,0.0010777302251297656,-0.0002704529761874731,0.0005239901947657671,-9.380516137540112e-05,0.00011378907604752978,-1.1071018121934483e-05,3.6807219500109286e-05
1648.45,0.0007866107232371128,0.0010620915682202161,0.0002963204031079284,0.0005484937124678848,-7.669750219122898e-05,9.442365631262621e-05,-3.2189473647723057e-06,1.7910479840042967e-05
1650.0,0.0009367941195240298,0.0010873030656250598,0.00048803705954148944,0.0006736471328623543,-5.236402385257652e-06,5.583598402742331e-05,-1.8764391678586481e-06,2.0852942236511412e-05
1651.55,0.0011178165468820203,0.001107538235337478,0.0006506607517764499,0.0007699102408923103,-3.519891889328731e-05,6.377336083398816e-05,-1.0991314729627865e-05,2.5975326519161858e-05
1653.1,0.0013494642444291077,0.0011311544106775233,0.0007580404744746713,0.0008249587876155016,2.692902411057593e-05,9.657761790453144e-05,5.4985407363030865e-06,2.9574772607070116e-05
1654.65,0.001683658939283402,0.0012279240427168988,0.000960865710701713,0.0009365880014173357,9.802721346899597e-05,0.00016117201791657668,2.1040495608796314e-05,5.941616655624895e-05
1656.2,0.0019497928036020496,0.001390264487366447,0.0011557230196095115,0.0011087212332336145,0.00013315534013407795,0.00021036687686780718,2.8328933430711205e-05,8.033565248955618e-05
1657.75,0.0018093947015933927,0.001445718462321626,0.0010261987437126248,0.0011576745212007826,0.00014645564840482417,0.00024269841340693104,2.4905796647722382e-05,9.383843594933031e-05
1659.3,0.002162717702357131,0.0016161057840018893,0.0012428271925517596,0.0012575063344640923,0.00017946295993328203,0.00025823223090190974,3.70839689249187e-05,0.00010966667107992888
1660.85,0.0021614328817039464,0.0016816192976626461,0.0012548279824711325,0.001297736334695048,0.00020397695735605226,0.0002610323327285139,4.69550956380079e-05,0.00011615631496985208
1662.4,0.0018914159725424,0.0016753977098867786,0.001127189902735569,0.0013190910238260385,0.00015917811178698307,0.0002671375825116538,1.4182419799357837e-06,0.00014153369822687066
1663.95,0.002083600089960494,0.001757467465540932,0.0012967592202265455,0.0014350478902586006,0.00026583018406219284,0.00030117614282397287,9.97714875002347e-05,0.0001634554451018946
1665.5,0.0016305964133350823,0.001587156766742349,0.0009939378120300175,0.0013258790082212007,0.0003234552861411381,0.00038431594936199595,0.00017121338301703942,0.00026733981360407133
1667.05,0.0015423658542906373,0.0015052918855820857,0.0009734429698589361,0.0012796343723125855,0.0002621004685189086,0.000462375309917654,0.00012342427574883416,0.0003566183063239591
1668.6,0.0021839146309585765,0.001402789900515171,0.0017097273396243092,0.0012070196091673788,0.0003884225442542774,0.0005566814863223184,0.00020316127202604694,0.0004545229364667387
1670.15,0.002742349100795793,0.0014350607333688196,0.00230093032507118,0.0013158090182204525,0.0006263887389115233,0.0006384095505771398,0.0004330530507485362,0.0005546620213804102
1671.7,0.0028470582550647622,0.0015553758326398606,0.002415802965182352,0.0014857841230766938,0.0008864475504688909,0.0006734988760090897,0.0007223366234402516,0.0006205460705253133
1673.25,0.00312267024762018,0.0017210619934019988,0.00278382374993654,0.0016911762751560696,0.0011262532044721497,0.00069940858787899,0.0009971216224012043,0.0006727600774676927
1674.8,0.003814917602944989,0.0019643989181090745,0.0034989265637994,0.0019397762348805367,0.0013409971116148521,0.000732327731080199,0.0012479446557469946,0.0007303079470234959
1676.35,0.0039577573533394125,0.0021410579672880756,0.0036667752385652662,0.0021022554602477843,0.0015201813852168439,0.0007430153652414138,0.0014805292530342424,0.0007525910416484666
1677.9,0.004063981203290011,0.0021990553697069566,0.0038330038241348795,0.002165046343816101,0.0014413811885138996,0.0007270374222345313,0.0014466058386592199,0.000752883722151283
1679.45,0.004146297768170688,0.0022598986471675433,0.004025398463755329,0.002242837790392673,0.001561542773664309,0.0006964408908750738,0.0016107996038557172,0.0007323016652881172
1681.0,0.004516781228284154,0.0021845980153768233,0.004503976336169287,0.002197993009081518,0.0016884939129945583,0.0006998171743793336,0.0018152911335157713,0.0007453123450467719
1682.55,0.004992210086233318,0.002288304156957766,0.005074568639758677,0.002326326123979369,0.001670024944853165,0.0006859165820496004,0.0018655543064138578,0.0007489092084151104
1684.1,0.005737145284039644,0.002391623876958381,0.005923559175258191,0.002434329588986774,0.0016334099500800465,0.0007036932399597469,0.0018808471531527099,0.0007783108782587787
1685.65,0.0057404993103612025,0.002363368669293246,0.006002734401284387,0.0024137621966790414,0.0016521669599851617,0.0007227926022732472,0.001952206912292549,0.0008079622211436665
1687.2,0.00510266787303608,0.002274221282765263,0.005375733774049959,0.002335706366570822,0.0016012874522897541,0.000725968518072498,0.001945497364453004,0.0008204278873092563
1688.75,0.004518308378376382,0.0021351999670266943,0.004795907562190132,0.002206985717747933,0.0015726076736741715,0.0007187143920886729,0.0019608662921790517,0.0008158688065018231
1690.3,0.0036823988450172913,0.0018397392451287389,0.00393593561290313,0.001908702968572279,0.001687920305595981,0.000733600559684836,0.0021304646965020226,0.0008285180810602074
1691.85,0.002521797667686892,0.0015098696700440199,0.00270599594157087,0.0015845248771687605,0.0018044317211934574,0.0007579599234970127,0.0022992965526019422,0.000849068835977126
1693.4,0.002014408820528599,0.0013245146976470267,0.0021928222889354603,0.0014098993957460183,0.0017095157494667916,0.0007792518565394594,0.0022356218223262376,0.0008733197603174368
1694.95,0.002301392742806946,0.0013451017549821571,0.002546843467676835,0.0014398533082377815,0.0017656909545820465,0.0007621588352405207,0.002333328262950619,0.0008566907963337235
1696.5,0.0025645810731652363,0.0014119620485040054,0.002874913887683571,0.0015168122083223342,0.002051893836971937,0.0007364263426232657,0.002678991640756877,0.0008265353856035318
1698.05,0.002504847138066797,0.0015648385215138883,0.0028512387750275914,0.0017016094877984396,0.002215184315927582,0.0007232408178711122,0.00288855397096692,0.0008063628286772772
1699.6,0.0021024262145533587,0.0016199916343508528,0.0024323326403002253,0.0017632865944620156,0.002051752615762031,0.0006909429618249739,0.0027404537642957494,0.0007723465597289954
1701.15,0.0020292492285787934,0.0015744544111469098,0.0023742136358171377,0.0016813276478718907,0.0019287451129544181,0.0006485087960027046,0.002633777088611667,0.0007246543801455412
1702.7,0.002280778866336747,0.0014107727700170864,0.0026938501397017287,0.001457606559574533,0.001726165067432503,0.0005971775205053608,0.002438192786399231,0.0006663789830036173
1704.25,0.003117536003181646,0.0014002421185117507,0.0036652565466949645,0.001401631246861215,0.0015992281535635714,0.0005633705656719733,0.0023226333024783633,0.0006291102589459632
1705.8,0.00444290014668689,0.0016393175938041414,0.005170101400221054,0.0016410192180606295,0.0016370244893787788,0.0005451803384005254,0.0023841548170268354,0.0006064826844976721
1707.35,0.005469597132965009,0.0019230357094906579,0.006332705788860399,0.001959368587511496,0.0016274229624541284,0.0005631317401915159,0.0023920709260297776,0.000619303959524027
1708.9,0.00655925223866852,0.0022548294262814098,0.0075577814120873655,0.0023063362756390524,0.0016162508994044722,0.0005691012886883124,0.0023962029914502444,0.000626485393519356
1710.45,0.007680778345692601,0.0025536628216199955,0.008812137334722851,0.0026013729081547326,0.0017784119750293736,0.0005855972630323671,0.002586910435002822,0.0006417162511940765
1712.0,0.0074070014179797505,0.0025112991299053727,0.008521456554462035,0.002573214045262554,0.0020654921238711685,0.0006450141160071225,0.002911841334477375,0.0006930681983047175
1713.55,0.006651932090332482,0.002237407550467113,0.007695276338108125,0.002291704950820291,0.0023128982675622296,0.0006943182465062199,0.003191772865779132,0.0007431340196187693
1715.1,0.005137697661993567,0.0020265791289817547,0.0060150420477046405,0.002097131281431163,0.002308621198066356,0.0006882133733327131,0.003196003204702441,0.0007473937983611749
1716.65,0.004177271143464827,0.0018485624845564653,0.004948481135735912,0.0019077748165788127,0.002213469537152741,0.0006812325196732479,0.0030997652150531892,0.0007561629259095492
1718.2,0.0035737083665974573,0.0017227058517832537,0.004280390307746054,0.0017691195930117944,0.0019335214399217426,0.0006890281873621021,0.0028007824652097725,0.0007949273105679272
1719.75,0.003220360293038182,0.0016746950750254387,0.0038923129826552083,0.0017400275321793823,0.0016100884858227349,0.0006960440272391719,0.002452588476415495,0.0008307887969141562
1721.3,0.0033982947010359867,0.0016673310031225213,0.004096123513673837,0.001747719715392726,0.0015012073083692347,0.0006877997346056357,0.0023358946084887687,0.0008307635734952648
1722.85,0.0037920364131222768,0.0016558115048647749,0.004539345272246148,0.0017670273099701663,0.0016119009864019867,0.0006812279901386373,0.0024562991992277874,0.0008263663236435546
1724.4,0.004259497693501953,0.0016883233540698715,0.005062437048479419,0.0018153831319305674,0.001933906223631896,0.0006689960964632595,0.002804957776398731,0.0008061564290108124
1725.95,0.005232089710904347,0.001809704555423798,0.006147983993394613,0.0019111373785114314,0.0024653902459594924,0.0006668530253962991,0.003380005063312066,0.0007849025466765386
1727.5,0.005819973862777239,0.0018768128905513352,0.0068027279425616075,0.0019711128004879248,0.0031442960588486486,0.0006903463381207611,0.004114004023618944,0.0007891585443222143
1729.05,0.006166544687039596,0.0018979606683793794,0.00718433187606203,0.00196633858921948,0.0038065068629117575,0.0007687757002556364,0.004828353648597275,0.0008497111981883798
1730.6,0.00668550211634245,0.0020117828113746907,0.007756208070165927,0.0020640891080005107,0.0040007606673887796,0.0007894751701092911,0.005032385969945962,0.0008571934534443212
1732.15,0.006876980554013222,0.0021426258921744172,0.00796096967172732,0.0021885490459097596,0.004179456685293636,0.000765909963264947,0.005218345202868512,0.0008180070075641204
1733.7,0.0066495129672626,0.002140751968129724,0.00769526032820186,0.0021745056005425716,0.004017655368136873,0.0007353964201266774,0.005032883361027378,0.0007876837103183493
1735.25,0.006186707340954218,0.0019339912501797302,0.0071658664040685485,0.0019660130368257104,0.003969854470633614,0.0007502076261774269,0.004970127834333081,0.0007987892621986787
1736.8,0.006038831458764768,0.001851046681801784,0.006986440543212062,0.0018818678854680409,0.003998682709460422,0.0007675697562749094,0.00498963935694036,0.0008154211255091657
1738.35,0.00605389878092411,0.0017813021066969668,0.006988945285043719,0.0018149225201926583,0.004029900774588204,0.0007718212139699502,0.0050106773246975725,0.0008264368079588793
1739.9,0.005901290216314314,0.0016917852333962033,0.006801799841740231,0.001733713579269405,0.003932792830244878,0.0007644220175434452,0.004890929810274135,0.000831022401539115
1741.45,0.006324140124697734,0.0016698937987317173,0.007258535681667175,0.0016836677994603664,0.0039949196865439966,0.0007813206494644441,0.004943377951998303,0.0008603184771557308
1743.0,0.006575547025348499,0.0016413677971949547,0.0075212867481715615,0.0016333369053386775,0.004310116617136108,0.0007922259294458674,0.00527015679183879,0.0008807214873312254
1744.55,0.006545805943466576,0.0016158943131654275,0.007467665559780955,0.0015871573315617722,0.004419330927084748,0.0007782236659712393,0.005371838190992084,0.000872315849363396
1746.1,0.007027994681741725,0.0016950395135428378,0.007987110165170605,0.0016401087483145298,0.0043709282488553205,0.0007900748764842127,0.005301131079439096,0.0008874245474087905
1747.65,0.007076939949910126,0.0017272484352503796,0.008021582182673466,0.001686393026142142,0.004689584603553409,0.000785216312931877,0.005628895251537025,0.0008798643392516176
1749.2,0.007485493046177366,0.0018757058693846332,0.008457452650314666,0.0018512632247930573,0.004776524458955272,0.0007536937587344006,0.00570391210274246,0.0008571974921059341
1750.75,0.0077688880408896994,0.0020018441193769016,0.008752224228845662,0.002007878441972745,0.005120703528976193,0.0007789197903826638,0.0060580376244459035,0.0008837934364341489
1752.3,0.007612309793616404,0.0021123422436590475,0.008552714110356983,0.002145168735292095,0.005319844388965968,0.0008155371789623174,0.0062537081861953996,0.0009231009020521254
1753.85,0.00800354520663288,0.0021473074335822237,0.00896279054208589,0.0022051554808852564,0.005465666240284038,0.0008669694296200445,0.006390481797256994,0.0009694025898080655
1755.4,0.007366123521121845,0.0021032173855644915,0.008228675222714359,0.002227639340638984,0.005515541077549258,0.0008385412474791831,0.006422091291574026,0.0009375388584863133
1756.95,0.007571602242403814,0.002014163857761272,0.008436586717172383,0.0021571584233163925,0.005707367222478694,0.0008184321206340092,0.006607379392967215,0.0009086675896204351
1758.5,0.007181004189485263,0.0019180548482204333,0.007975451133537162,0.0020998158423004426,0.006080829624836415,0.0008481029924970071,0.006989978201968266,0.0009366264091904738
1760.05,0.007540988097580503,0.00180515902398009,0.008353588188539296,0.001977697726072096,0.006192040937775858,0.000855215667733908,0.007086728731682157,0.0009494302652651831
1761.6,0.008452892540608164,0.0018187113464521918,0.00934945874274174,0.0019704242635719045,0.006202605485649071,0.0008349380540917907,0.00707325010384293,0.0009249054123339318
1763.15,0.009444280021603186,0.0018127921071119054,0.010431424817082853,0.0019329311546124326,0.006240785265367845,0.0008155960734551667,0.007089329261567075,0.0009029433435267815
1764.7,0.010762815106324921,0.0019687035847852107,0.011877703048894503,0.0020450744772107948,0.006161617092191049,0.0008192640847342654,0.006977381489579504,0.0009069240887758822
1766.25,0.011935574091006257,0.0021875940294993606,0.01315867582750366,0.0022259047611637313,0.006047071923414669,0.0008497772764001934,0.006826649988031997,0.0009347456702347537
1767.8,0.012357183518501465,0.0023287220349488356,0.013595198354373745,0.002348747077198493,0.005956489262145525,0.0008640305379045253,0.006701660614444497,0.0009471071168299075
1769.35,0.012858367713277039,0.002462087994868634,0.014119554917917953,0.00247542941951134,0.006092145614101164,0.0008433486241692311,0.006822497738800211,0.0009215572666817283
1770.9,0.012528342880462956,0.0024584560091085116,0.013720938493875663,0.002473168969439612,0.006249957171448054,0.0008228431242080093,0.006967095241816875,0.0008950874523238528
1772.45,0.0119083724270485,0.002328560501392125,0.012994572930240983,0.002353383122160338,0.0063776762558753865,0.0007301846172332195,0.007078661151009005,0.0007937116021657792
1774.0,0.010963415745176222,0.0021713718414232315,0.01190602589080683,0.0022150580720576287,0.006780201042206315,0.000754475415517634,0.007489384394953547,0.0008289242901575424
1775.55,0.011048646775505839,0.0019406237545704647,0.011970782953979037,0.0019456661247429746,0.006919661511038661,0.000749772220626349,0.007613437322052741,0.0008372180684787124
1777.1,0.01064588120078058,0.0017832960096560882,0.011488962220423306,0.001819620459041664,0.006938291544924112,0.0007475452393868179,0.0076057378613189845,0.0008369749830569749
1778.65,0.010062141929550836,0.001826690318252476,0.010804299903029741,0.0019181164369360263,0.006786154672736696,0.0007212642575202001,0.007412225029652256,0.000809429788995137
1780.2,0.010007814082837239,0.0019428382420641345,0.010713055680870321,0.0020699383182593263,0.006722228226597035,0.0007384945236583446,0.007314589236298821,0.0008253572092883987
1781.75,0.010405789580932143,0.001997686726339547,0.011128701897619895,0.002126106256739417,0.006667060415800651,0.0007312334328627141,0.00722632977864086,0.0008150569415766638
1783.3,0.010856439923365031,0.002005856314728413,0.011602197999994419,0.0021118890469978345,0.006867028390751306,0.0007701467511211385,0.007415660651933739,0.000852922035631427
1784.85,0.011219417473682856,0.00201776659411958,0.011976643254585055,0.002110110672255319,0.007074165237501259,0.0008519704718920647,0.007612725822756756,0.0009357687392812079
1786.4,0.011648787215077672,0.0019737376496026713,0.012425785321378259,0.002070097796309824,0.007023910364022806,0.0008344587487216882,0.007529732308901541,0.0009023523668109777
1787.95,0.01108431472683685,0.0017748990213604962,0.011761720619957611,0.0019101001194344704,0.00703423017471023,0.0008152396068417473,0.007512872661893128,0.0008687838350584369
1789.5,0.011032266648726547,0.0017687000523204266,0.011670782594021364,0.001918664393396343,0.007310966535322772,0.0009015665207711965,0.007786035375762041,0.0009619876759737118
1791.05,0.011182958503691049,0.001814248523635796,0.011806315754561918,0.0019763394575542273,0.007264683460898854,0.0008879312480067213,0.0077076982670967915,0.000949226663377125
1792.6,0.010426078549134212,0.0017239765632341714,0.010924862550462792,0.001919796506393083,0.006997246245853326,0.0008436754699608773,0.007389017658301831,0.0009004252534150428
1794.15,0.009678887469302,0.0017587394123656842,0.010055091888529993,0.0019528145560625727,0.006590279371443643,0.0007930235449781063,0.006918552400583966,0.0008449975646056194
1795.7,0.009989738879163226,0.001855887155718342,0.010371232507838892,0.0020256000746840808,0.006497568176300748,0.0007685640664786442,0.0067899756024593985,0.000825668886708171
1797.25,0.010976671529345198,0.0019743055859212056,0.011437579780127523,0.0020733674214215387,0.006296631188317386,0.0007441185192718597,0.0065436225321682554,0.0008016239436421225
1798.8,0.01081237507838774,0.0020279709133045297,0.011233425930870834,0.002102125487271696,0.006183855161830681,0.0007210313945236645,0.006393436489977879,0.0007861987686792785
1800.35,0.010842676326282982,0.002129319556849898,0.011235905194347202,0.00217544452188685,0.006044186772580428,0.0007033293616981326,0.006214119012974421,0.0007709245511260097
1801.9,0.010058824384401348,0.0020199027387873877,0.010342057669008514,0.0020666603673333513,0.006040758232150695,0.0006950656978177021,0.006183312110537814,0.0007618528171319546
1803.45,0.009077246111869098,0.0019230888259159772,0.009221910297944965,0.0019933173430543706,0.006304806210965716,0.0007591152162153811,0.006443918435053365,0.0008220327017336434
1805.0,0.008452111145351483,0.0019349031074378197,0.008494504779119732,0.0020216536498225413,0.006909850697270543,0.0008660135210249657,0.00707573098360619,0.0009427029491339943
1806.55,0.008148591726519211,0.0019006396087050087,0.008125812223201695,0.001987385135639778,0.007279278245252712,0.0009412261388822002,0.007451415748274739,0.0010299554089891923
1808.1,0.007536766026776672,0.0018177551557888732,0.0074065040447571714,0.0019030302950590744,0.007259177871743256,0.000932544325148282,0.007403712556862682,0.0010241907804009222
1809.65,0.0067619552572774745,0.0017068551489812442,0.006506329591920918,0.0017971665616620723,0.006993329721424789,0.0008977998848611276,0.007088931851509569,0.000987926174195795
1811.2,0.0065123176798185965,0.001640856203182595,0.006194113756150974,0.0017315817992737306,0.006595497997015519,0.0008721235999840735,0.0066309379915481595,0.0009603268954192487
1812.75,0.006465478202912512,0.001653767077645277,0.0061029832148432155,0.0017141614705519718,0.005823503669614208,0.0007926462322187019,0.005766003636130799,0.0008660084313223451
1814.3,0.0059726576928821095,0.001610330983893368,0.005526194833571401,0.0016440066873445645,0.005049405526958718,0.0007354513520041064,0.004899084943514823,0.000800997989454756
1815.85,0.00676342098792353,0.0016940525804434719,0.006374062803526886,0.0016937424267094087,0.004563916128317044,0.0007212961514508923,0.004346513564680797,0.0007789775473946441
1817.4,0.007436404350912366,0.0018383961205930925,0.00710623110406135,0.0018608481280767194,0.004399930051832928,0.0007226776891945271,0.0041442619507658365,0.000782730968851342
1818.95,0.008365870266125713,0.0019072326152443065,0.008113423814213585,0.0019434819468225441,0.004454588737148418,0.0007319828868349118,0.0041803399961829095,0.000776921915035944
1820.5,0.009453509465285259,0.0020361517572169176,0.009239972376711883,0.002051740976961157,0.004846058514430647,0.0008130256092221755,0.004583152196263688,0.000872507568910636
1822.05,0.009287697253473816,0.0020472474609118186,0.009097775663226114,0.002082862760582319,0.004978489265999692,0.0008378007638722319,0.004704430334137641,0.0009053684146002055
1823.6,0.008519307357686592,0.002005339754887681,0.008272969864188667,0.0020477960174316917,0.004882549001726691,0.0008471231360582985,0.004577874254982105,0.0009211272044300814
1825.15,0.007217645366222446,0.0018115275771477092,0.006843595201028899,0.0018484272943227328,0.0046077548759011966,0.0008301409621636999,0.004255300567437788,0.000893528059929472
1826.7,0.005892814563780183,0.0015568913467055609,0.0053692476815139605,0.0015859404171813386,0.004117833045673203,0.0007889711657840678,0.003705320453818532,0.0008468915983673797
1828.25,0.005450837545613085,0.0014518899648780358,0.004861193232772283,0.0014557215654912783,0.0035396041624760543,0.0007692606640623019,0.0030585495375864613,0.0008171291423763862
1829.8,0.005189743101745401,0.0014528933839769024,0.004534976673998537,0.0014779237274663598,0.00319490833596385,0.0007427206687108641,0.002664994224140854,0.0007831115755010194
1831.35,0.0061141339387949115,0.0016131645850899806,0.005503895411145361,0.0016621201039397886,0.003041626976468467,0.0006982283313883162,0.0024791135688776523,0.0007287051858435415
1832.9,0.007009255989178486,0.0017405776678019603,0.006451547795396902,0.0018190564047111393,0.003078000557677765,0.0006582236813783831,0.002499006380345911,0.0006863618825121244
1834.45,0.0072430204585537125,0.0017134031395625627,0.006635906503204709,0.001788650074838163,0.0032301463243124234,0.0006694368695825891,0.002644264174569028,0.0006986812055216458
1836.0,0.007798845012239569,0.001784674134497941,0.007164031352413241,0.0018395574946158486,0.0032881311200094665,0.0006425148612832953,0.002686412187260197,0.0006775174143240254
1837.55,0.007441284517099697,0.0017822123489558217,0.006800603833733181,0.0018397779985413678,0.0033259889498637733,0.000590120384081928,0.002706216693233743,0.0006210365306517781
1839.1,0.006850498373323045,0.0018211268593242933,0.006123366094150351,0.0018920174061426865,0.003552284666441494,0.0005879384241771035,0.002931244386917744,0.0006234342252958282
1840.65,0.006548453668378189,0.0017637274735640641,0.005764131283756512,0.0018301599329402572,0.0037217932801488695,0.0005995410164977877,0.0030950522001305077,0.000633504920206984
1842.2,0.00667315058930816,0.0017439239265761221,0.005879486183788323,0.0018094386835192718,0.003913861558684506,0.0006206958984701268,0.0032899825220559266,0.0006620765654143473
1843.75,0.006894030077098844,0.0018613829142794774,0.006096461493708951,0.0019381029740067307,0.004088767168182408,0.0006873023996242835,0.0034641391417878143,0.0007348592416501384
1845.3,0.006474847645733868,0.0018118350155668327,0.005597054603771943,0.0019031926811241657,0.004257636244123244,0.0007363213465192902,0.003632286093500034,0.0008002896724665168
1846.85,0.007127094710174142,0.001777178829141365,0.006292434147830519,0.0018338827321057265,0.004373585700012611,0.000776627483638578,0.0037433300849754885,0.0008564596502361595
1848.4,0.007040161495377299,0.0016965568090185166,0.006190625622826402,0.0017528268453499167,0.004527276995281268,0.0008031982965719288,0.00389594512505297,0.0008956820374249368
1849.95,0.006696524865732042,0.001632209120983821,0.00579605300495554,0.001715481435853989,0.004752460354043207,0.0008349253075433204,0.0041237262458585265,0.0009295393683100731
1851.5,0.007383860984650064,0.0016396432145406722,0.00655230237520184,0.001725236810758985,0.004655842367614116,0.0007702672439915954,0.004008902517039834,0.0008603760625072488
1853.05,0.007475696399081442,0.0017343005155218214,0.0066478446796105995,0.0018293160227932691,0.004479491861465112,0.0007286053767307631,0.003807045969483498,0.0008150596280920772
1854.6,0.007078145792851442,0.0018018094122120942,0.006191968943781426,0.0019206457252491163,0.00433053248654949,0.0007179020533332507,0.0036345130372024376,0.0007948019806990517
1856.15,0.007516824669316164,0.0018638611907755788,0.006667644574045832,0.0019832722289674946,0.004292443312138898,0.0007396966929799569,0.003582219545452966,0.0008021831463411527
1857.7,0.008106137781089474,0.0017900722503857449,0.007311845557247516,0.001900210330934302,0.004368488540027072,0.0007776720636560688,0.0036537876774994753,0.000830786082313368
1859.25,0.008226699754063161,0.0016522660160300925,0.007426534383410278,0.0017594427173655033,0.004335124246975489,0.0007774261733761457,0.0036061022338058114,0.0008235188601993584
1860.8,0.008328054317588984,0.0015782230684241861,0.007521797776008148,0.0016933997523050106,0.004299980995053865,0.0007520916051156184,0.0035562745475086134,0.0008014864552303451
1862.35,0.008841543072628218,0.0016031408648971685,0.008075953615675048,0.0017150181321363659,0.004597158927136603,0.0007275490574672129,0.0038674682854147303,0.0007885204506057317
1863.9,0.00906676220618068,0.001682405613658895,0.00830993006765702,0.0018156649565010032,0.004991229008421439,0.0007376685279721121,0.004283693976030862,0.0008095360494820679
1865.45,0.009187315431633253,0.001715400316413538,0.008432328321463288,0.001847049916070839,0.005345892900427478,0.0007490653469639265,0.004656687561626549,0.0008233164414204719
1867.0,0.009206739312141249,0.001715814754724384,0.008441020809333576,0.0018162396795423632,0.005381283674122494,0.0007115827354421415,0.004690022209412697,0.0007860420512498232
1868.55,0.008436482464801907,0.0017508418455025882,0.0075746676199982465,0.001858482412626262,0.005361154202271606,0.0006710854349763744,0.004660459309723208,0.0007485119103917899
1870.1,0.008311555535903238,0.001777908467704396,0.007428025433303429,0.0018897906195780528,0.00547959187176647,0.0006758276217094319,0.004782154992135048,0.000744664684390641
1871.65,0.00899237861562887,0.0019499531844176783,0.008184364297327851,0.0020713922075460737,0.005476334452928191,0.0007018824348986477,0.004772206316653566,0.0007702724492465151
1873.2,0.009429442179077934,0.0020197828664769765,0.008667574935193087,0.0021470152154745535,0.005435447878533528,0.000699317795374913,0.004721862374137089,0.0007734544733716469
1874.75,0.00996286131232656,0.002095460706118059,0.009253208216109575,0.002246527845237022,0.0052436251871580495,0.000643629476027699,0.00450775526188164,0.0007174180733952156
1876.3,0.01029878755216248,0.0020132004577055477,0.00962559697584266,0.0021802346269272923,0.005003546632388437,0.000611078977657266,0.004241884653044994,0.0006776817092204951
1877.85,0.009836718012381944,0.0018240785331981536,0.009112102758694783,0.002003447991256776,0.0049838070910370735,0.0006586925897239732,0.004216082166971457,0.0007354895236564865
1879.4,0.009365349080727774,0.0017701743020128767,0.00858468828819441,0.0019421942009085389,0.005231292822706552,0.0007672526995026076,0.004481361850798246,0.0008561215898583176
1880.95,0.009623118086640674,0.0017461827180367418,0.008871693589332189,0.0019170113115579152,0.0052163205940402215,0.000748526594927619,0.00446155556527348,0.0008290121940552436
1882.5,0.009517238242660642,0.0018162765448374502,0.008746369861991784,0.0019725543096376905,0.005313837305800917,0.0007989744452708502,0.004565008549209174,0.0008741958071092668
1884.05,0.009050895760765806,0.0018423651827900052,0.00822906075886712,0.0019975357034955005,0.005331827578709751,0.000768952600547783,0.004582661956941993,0.0008420759182662517
1885.6,0.009369755220511384,0.0020388715935025933,0.008586493663662667,0.0022030427791154476,0.005466068423932768,0.0007611288508841864,0.004727383229224119,0.0008265266911037174
1887.15,0.009574710690358828,0.0020943047114480753,0.008813165596291833,0.0022551336769534094,0.005340759516838948,0.0007595605541449068,0.004589758479953287,0.0008200252324710957
1888.7,0.010026035929518397,0.002124235127123077,0.009312726798403226,0.0022771225580860313,0.00520413895387083,0.0007756268972607581,0.004441432852338554,0.0008358398201502155
1890.25,0.011167865581352621,0.002236281981885527,0.010579918087308227,0.0024165883501310118,0.004762688208458741,0.0007382408603288913,0.0039627423934770695,0.0007914549443700737
1891.8,0.011235059494837212,0.0021302350099117236,0.010649669851986288,0.002319139810170972,0.004294864478929099,0.0006710698080246294,0.0034556909367999783,0.0007045455560684647
1893.35,0.010187167818589509,0.001970313762651637,0.009482297815160842,0.002160357974516225,0.004137785035188707,0.0006551606535961756,0.0032866761528245344,0.000687895719932084
1894.9,0.009315462147145287,0.0017656436956463657,0.008519672177764968,0.0019234095234118742,0.004502415767187947,0.0006933709946085433,0.0036852496834605085,0.0007335237807552053
1896.45,0.009152117847349877,0.0015925295597268305,0.008346524794479863,0.001754539005524142,0.0047947066894467455,0.0007042386802211814,0.004005233228228501,0.0007550064371840861
1898.0,0.008728253794417488,0.0015695828101065705,0.007876028046756169,0.0017126895944080136,0.005011328768526596,0.0007554433100021794,0.004242815219651067,0.0008273644368841709
1899.55,0.007894544489870519,0.0015288563092891263,0.006950050324296781,0.001652086445065281,0.0048260381088843255,0.0007021814864680038,0.004044657149596877,0.0007863552755196891
1901.1,0.007076163375978337,0.001582616347942311,0.006040156275077344,0.0016980221028266157,0.004771573663557436,0.0006384284194717217,0.003988560059165085,0.0007203136249577233
1902.65,0.006301341729099028,0.0016190365735282337,0.005173646082207213,0.0017374344340199304,0.004565046414364985,0.0005981648898160415,0.0037679029837387502,0.0006703060320094337
1904.2,0.006820293109132589,0.001565163266247046,0.005747020090207959,0.001675038040651425,0.004166730149116385,0.000576990750469044,0.0033402427478623885,0.0006504020105415802
1905.75,0.007311973765545651,0.0014799313310978905,0.00629668412206832,0.0015925000681600375,0.003685836582223733,0.0005680776791357836,0.002823187932262651,0.0006372141296953306
1907.3,0.007309981196239395,0.001425169490532832,0.006288131259672581,0.0015176470833149329,0.003233499678145539,0.000561473899525885,0.002336785077704924,0.0006126527651056607
1908.85,0.007168304460068397,0.0015966019601388122,0.006129802235413794,0.0016763571023915922,0.0032198126107105974,0.0005455846521426666,0.0023274520148466346,0.0005972763231167974
1910.4,0.006556040991630625,0.0016506190128133553,0.005476488085237382,0.0017570308810395793,0.0035651580449306704,0.0005496111918898433,0.0027085378949824497,0.0006051364158329593
1911.95,0.006924792987065474,0.0017113650945337,0.005894193081181914,0.0018264869007626797,0.003784982979118333,0.0006163447525654273,0.0029539604400363535,0.0006798944528835458
1913.5,0.006639178349498061,0.001735445797776709,0.005607904646456129,0.0018603718100612164,0.0038644052080489,0.0006494053721269927,0.003045471100282822,0.0007038892342799272
1915.05,0.0066178463058773574,0.0017159279546019443,0.005604647648935531,0.0018534077363220065,0.0038245967538010107,0.0006779125540929521,0.0030109416321954818,0.0007345390396614994
1916.6,0.00677330079624342,0.0017693513741822951,0.005787527386196396,0.0019058489844950247,0.003797462507213527,0.0007070590228097466,0.002992379442592055,0.0007643237443313315
1918.15,0.007645165160912648,0.0016648661171443225,0.006745831932125357,0.0017651088822757159,0.003668781568482134,0.0007666828478195212,0.002859943159037231,0.0008316169316517299
1919.7,0.008412425987570122,0.0018323173137097329,0.007645093187551979,0.0019378627074795477,0.0033896114713793356,0.0007767079179290607,0.0025712014755599906,0.000846161545947447
1921.25,0.007953611790270997,0.001914886525687002,0.00721682381688994,0.0020082126315716245,0.003252416364211785,0.0008175263880808219,0.002434481677078103,0.0008838385887815115
1922.8,0.007680003515294897,0.002207665298090127,0.006960248411594122,0.0022766918545156917,0.003042178408515734,0.0008002430364030019,0.002218252267775339,0.0008542861621779902
1924.35,0.007332949058947471,0.0024531026181306044,0.006597937822934913,0.0024996071975030847,0.00292443728440136,0.0007643361749056339,0.0021013018193875342,0.0008138393014757938
1925.9,0.006694411444408741,0.002498666054258779,0.005905018831896281,0.002537366799135437,0.0029878920779330543,0.000717735075829022,0.0021793801668643672,0.0007556914860468782
1927.45,0.006770629394081025,0.00246113420782222,0.005969849031045486,0.002496621547835377,0.003040398698277816,0.000714199358228777,0.002237737754379464,0.0007405265193907782
1929.0,0.005584863500461564,0.002031483777873828,0.00464579426153864,0.00206146723301855,0.003082083514208067,0.0007044185697348057,0.0022935512546251617,0.0007269410246425246
1930.55,0.005624408918275978,0.0017374569102139065,0.004652261740350874,0.0017858023708445855,0.002875479363174845,0.0006266342647258765,0.002090447304003236,0.0006385178113091722
1932.1,0.00633848856031193,0.001810860801795048,0.0053885693859547805,0.0018909766494148578,0.002693123520682218,0.0006305612258497594,0.0019091776176135336,0.0006259947118053463
1933.65,0.006925187868500986,0.001957631421827712,0.0059960197646994375,0.002024257274719916,0.002543851796058346,0.0006463551173052653,0.0017608953340684883,0.0006431909120601061
1935.2,0.006850558427234953,0.002034615300587567,0.005936714635719423,0.0021049313471514283,0.0024530211277310186,0.000634881471393275,0.0016801469439229914,0.0006383042250313245
1936.75,0.0066605273645567965,0.002002726653814526,0.00576108166659697,0.002084950372847251,0.002587874008867469,0.0006085123260510082,0.0018274789085022582,0.000620089762551189
1938.3,0.0066509151701767645,0.001954209795787571,0.0057618404977091316,0.002047031589715478,0.0025131685558592637,0.0005848800288692004,0.0017660570762980425,0.0006065608910321432
1939.85,0.006760802170531393,0.001967752861114046,0.005892491899741645,0.0020846535364915483,0.002341509250744419,0.0005418684996435848,0.0015971016121275434,0.0005613730024959685
1941.4,0.007246012577357378,0.00217741967386652,0.00644190015324401,0.002323753326459986,0.0023926520355868506,0.000536048935597447,0.0016657423447965836,0.0005564191156504614
1942.95,0.007734978529551922,0.002311300120159482,0.006995742608286329,0.0024771063970137406,0.002443574293951648,0.000566459290532519,0.0017264658935456886,0.0005889098822219738
1944.5,0.007792528434030468,0.0023865341574523815,0.007068899752604222,0.0025683972054384315,0.002269916809730737,0.0005691802786637471,0.001554640583710369,0.000578230060823452
1946.05,0.007862275344004807,0.002430851157893397,0.007167050052352955,0.002608067082639016,0.002020325045730454,0.0005806608012586972,0.0013006356415495674,0.0005683490397663344
1947.6,0.007648332909660701,0.002434113385220112,0.006947164986197551,0.0026060637673099426,0.0020336285576305524,0.000589264713524077,0.0013227694333500764,0.0005799378375677245
1949.15,0.007166814285791063,0.0022546683659096793,0.0064286736376390355,0.0023986772448588165,0.002315672735744882,0.000628480055917814,0.001633144686670612,0.0006501379428241679
1950.7,0.006365940251761658,0.0020254751569807636,0.005562174096946311,0.002136946309741165,0.0026983397759554302,0.0007185391861252317,0.0020355611674659616,0.000765122162464484
1952.25,0.005857778331236126,0.0018218971152871705,0.005017527320519025,0.0019152256689202749,0.002844201268026558,0.0007553190309063463,0.002213100777005122,0.0008078399701834093
1953.8,0.005640663959781517,0.0017882142610647703,0.0047950823606963565,0.0019004381971978604,0.0027825447066495714,0.000738133454163601,0.0021840447232092802,0.0007871198179572916
1955.35,0.005991507370258537,0.001871113989195399,0.005199721987585209,0.0020090178699048652,0.002625493333852847,0.0006767453707329858,0.00204431876683624,0.0007064204539053056
1956.9,0.0065541884861269415,0.0019175218529013261,0.005839931987835042,0.002058777728286555,0.0025514310724813033,0.0006576662394146021,0.0019830881487436242,0.000665557402114635
1958.45,0.0079332535066472,0.002185034106611464,0.007376766486962361,0.0023524176496188204,0.0022965164416699595,0.0005644714113007521,0.0017292784820230262,0.0005632696508528046
1960.0,0.008429872385795624,0.0024020911202588396,0.007946211259118402,0.0025918219856559217,0.0021921024091285076,0.0005666183993318798,0.0016277468175140914,0.0005583888010062062
1961.55,0.008845212956359417,0.0024265880721475136,0.00843096987492512,0.002612260796229837,0.001981096370876072,0.0005630907306630608,0.0014125970274567951,0.0005542686584641427
1963.1,0.008574458442397489,0.0023216566176803752,0.00815727007844631,0.0024756193127818764,0.0021391912155630296,0.0006350103515247096,0.0015870692461575347,0.000658352768222145
1964.65,0.008334089814873468,0.0021746039048618094,0.0079063684587897,0.002292862117767227,0.0022060217682034738,0.0007141019471508758,0.00165791897205072,0.0007497136098563775
1966.2,0.007282456769264114,0.0019099270045121507,0.00676787093641493,0.00197898008497647,0.002311828268550144,0.0007502366890426075,0.0017674083586654568,0.0007857588239547936
1967.75,0.0065369417863721255,0.0018257242388924082,0.005954046306790128,0.0018758240892405604,0.0024448254881047743,0.0007621293071069577,0.001938515793317503,0.0008113424911619914
1969.3,0.0057276713731118445,0.0017898443487544152,0.00506730071594657,0.0018511680792189127,0.0027167256020029003,0.0007975542166905123,0.0022433215126238986,0.0008555463263408367
1970.85,0.005707499437861506,0.0017630528879252264,0.00505232782846056,0.0018290798945943896,0.002965181509065583,0.0008013796833153651,0.0025215823279407922,0.0008604398860000885
1972.4,0.005522184329862702,0.0018064636405754797,0.004848920721988223,0.001880538375670081,0.0031676713503397624,0.0008198183855765251,0.0027462949559605527,0.0008802319051904557
1973.95,0.006256720103551222,0.0018039813696712624,0.005663181849720616,0.0018695200790897076,0.0030077584375325676,0.0007062132403312741,0.0025873407718208486,0.0007598047171161247
1975.5,0.006420987229826663,0.0018348133297910007,0.00585785415488343,0.0018966674697801283,0.003173092120691034,0.0007862331318970435,0.0027737684748567353,0.0008367974610303858
1977.05,0.006690985024500504,0.0018334615151138155,0.00616300281856722,0.0019062767778477996,0.003073184433593916,0.000824562856466943,0.0026810520342731726,0.0008708893936141068
1978.6,0.00659535324962742,0.0018697524273941736,0.006074598477166248,0.001958704855687606,0.0029664348955306206,0.0008653438345042414,0.0025765196358940316,0.0009077432682073704
1980.15,0.0070312116565228525,0.001849263362380736,0.0065697593633041885,0.0019406154212800683,0.0026825384561709282,0.0008109126451375907,0.0022815253207753698,0.0008460609455597586
1981.7,0.007191071190507773,0.001875504553153131,0.006768116936992121,0.0019857774440495916,0.002616874895437451,0.0007876269505133961,0.0022243099565045442,0.0008352050615425468
1983.25,0.007454116787502741,0.0019823580153501934,0.007062184789235131,0.0021065032606433147,0.0026241067371897877,0.0007546234592414848,0.0022433110238561055,0.0008099544795011121
1984.8,0.007265811430219457,0.002061953166057062,0.006822025495207589,0.0022073520150591706,0.002478827226919757,0.0007131626941316685,0.0021015145651583985,0.0007616444676485461
1986.35,0.006969341682957347,0.002069998680386922,0.006561926612658069,0.0022320263107220707,0.002257602702778964,0.0006313049087627998,0.001883312054465759,0.000662936347414204
1987.9,0.005572982196272213,0.0017474427238426133,0.005098967001380072,0.001885102361183633,0.002061354647504122,0.0006006070663589446,0.0016812680333696407,0.000611374066937506
1989.45,0.0047168741591542464,0.0015792641559756997,0.004213084080819117,0.0016841759298719058,0.0017174982617252435,0.0005920899247572193,0.0013296941706178755,0.0005786859585659767
1991.0,0.004768040124135542,0.001549397835572834,0.004319906184499719,0.0016134554783443311,0.0015334772696069523,0.0005948837642478138,0.0011628945831113756,0.0005633569998949468
1992.55,0.004830558726123011,0.001545986525560277,0.004413129642585656,0.0015826031399105301,0.00131468118368007,0.0005950707823710555,0.0009542729432875925,0.0005544280346013157
1994.1,0.005050563612771762,0.0015740253594389692,0.004667802952360155,0.0016289322249233846,0.001135393885398672,0.000582218841893867,0.0007810265905751183,0.0005347411140696926
1995.65,0.005223715007779328,0.001583343708657523,0.00485176061016951,0.001655534294351318,0.0011742788352880292,0.0005416697734292103,0.0008342741527793421,0.0005022469465837688
1997.2,0.005828526136100255,0.0016924567380883658,0.005490779838082189,0.001777257624163451,0.0013207458677476547,0.0005552768435314008,0.000998530042627514,0.0005486762155087682
1998.75,0.007014183140599386,0.001929583419307338,0.006690404886266603,0.0020115526161663174,0.0015801618835983619,0.0006552852087434621,0.0012746126541340014,0.0006711108745837444
2000.3,0.006950416468608774,0.0019838049137991505,0.00661778036102553,0.00204507540594087,0.0016911044905713382,0.0007030746950710152,0.0013971605209584532,0.0007339547258895196
2001.85,0.00552369953713672,0.001796336342237335,0.005129180911925973,0.0018500210747071431,0.0017974377887559406,0.0006548345767393673,0.0015126444726538493,0.0006902352993058583
2003.4,0.0045148175278278135,0.0016365654823208894,0.004072874589687216,0.001689059366920553,0.002011873931169764,0.0006380225493879301,0.0017354626112281721,0.0006764652112941078
2004.95,0.003995003164472232,0.0014982202296254163,0.003526844964560819,0.0015362910133631634,0.0019716799320464483,0.0006076171186835073,0.001701947538333432,0.0006409399687171501
2006.5,0.00484985726564698,0.0017096242781119346,0.004497874545150078,0.0017567323063699188,0.0019772609203656606,0.0006127041254881098,0.0017245954862522969,0.0006369469250501696
2008.05,0.005642498045970165,0.0018427981127805877,0.005375854639314016,0.0018980731989834908,0.0020177254161119983,0.0006220460323243974,0.0017783363632725782,0.000637411857514958
2009.6,0.006314845156703698,0.0019287468655006638,0.00610061368361781,0.002000422906449713,0.00195539770192256,0.0006154786086227447,0.0017220616496887362,0.0006313208409045228
2011.15,0.006029779582920143,0.0018948458703764053,0.005767347814738052,0.001967190962893641,0.0019313701882245243,0.0006379949314661255,0.0017047106932924396,0.0006553311244336484
2012.7,0.00693285994826258,0.002106934772439121,0.006731376706943859,0.00218849203656318,0.001998847069354073,0.0006888688901317549,0.0017837058722618782,0.0007069008504554589
2014.25,0.007662255957277133,0.0022431964416243524,0.007482521078103697,0.0023197481167802946,0.0020992766548114375,0.0007324575851092491,0.0018978327093115627,0.0007523983052658883
2015.8,0.006818848907950082,0.002113096518974503,0.006610128670353538,0.0021897307269800243,0.0020749411271911277,0.0007270604713589334,0.0018817135076638423,0.0007511652320914575
2017.35,0.006347191722444849,0.002038478634322599,0.006099052666209929,0.002107919238408982,0.0021624476866177987,0.0007078019020537715,0.0019795784625898627,0.0007272542460283722
2018.9,0.006499963226179941,0.0019513661304076007,0.006274662870979522,0.00201745702135458,0.0020691926266000553,0.000676537322402144,0.0018912392755463703,0.0006954547498193461
2020.45,0.0058658230297791636,0.001762272717561212,0.0055766876651452725,0.0018360582266732208,0.002040601471661511,0.0006809874253452035,0.001868481423871364,0.0007049912092074496
2022.0,0.00644570471687512,0.001986207315286508,0.006206394461813979,0.0020886611996918433,0.002115253969584675,0.0006962293178578388,0.0019537786115413017,0.00071896851628918
2023.55,0.006120109329270592,0.002036361146537756,0.005858447200316625,0.0021407184190984805,0.002058344278437294,0.0006642062960812266,0.0018981798166765034,0.0006821650717501877
2025.1,0.006594827177311236,0.002090101276484183,0.00637304464908693,0.002173833892804569,0.0018246584615895702,0.0006149137078765574,0.0016665665565775225,0.0006331485340541631
2026.65,0.0058312873685082145,0.002114747102369236,0.00555903847327403,0.002192108665990491,0.0015713149600512391,0.0005841453405565507,0.0014103907146872008,0.00059325308086371
2028.2,0.00640438306818614,0.002276105011668996,0.0061912872590012425,0.0023398349067832868,0.0012803645112969783,0.0005339832050898859,0.001120588417937049,0.0005377995283974312
2029.75,0.005662866221041441,0.002182807262239183,0.005403245591737016,0.002234960207982575,0.0011138083410113303,0.0005055719645502816,0.000958871264072612,0.0005036030908145998
2031.3,0.005631839457636932,0.002247600344681374,0.0053556615729254764,0.002301446193144519,0.0009815938156280905,0.0005050767972171259,0.0008314676601426747,0.00050297632414401
2032.85,0.005373622848278724,0.0022144177317111684,0.005119426649055895,0.002255493490218599,0.0009227463688472092,0.0005104874915624659,0.0007804140103422712,0.0004963176533390265
2034.4,0.0050349696165773805,0.002142216222073428,0.004770171682091352,0.002176079656700974,0.000740534098361547,0.0004986679097211116,0.0006005252957857738,0.0004828771427645431
2035.95,0.005085161751964183,0.0022008223186962316,0.004827205883394022,0.002249385610029735,0.0006768134461052984,0.00048800913204685226,0.0005431665224223447,0.000478146720962899
2037.5,0.005434932502441282,0.002223636571985894,0.005201803099505275,0.00227485577163611,0.0007331691460997485,0.0004527834952388927,0.0006003562840981564,0.00043379592504025143
2039.05,0.005277532459470879,0.0021480182381636913,0.005020654724511087,0.0021927913337392176,0.0008058856175656926,0.0004460647436080743,0.000670388606218533,0.00042842776204156694
2040.6,0.0060120656886786476,0.0022179376995033486,0.0057860235364027,0.0022494588320952002,0.0009162913866126012,0.00047948626993783093,0.0007808059451430765,0.0004693061583126605
2042.15,0.005653847587580621,0.00223153510249058,0.005395513130281272,0.002275674486667232,0.001042822486991386,0.0005315589735292702,0.0009019045369733725,0.0005182165128068697
2043.7,0.005711528770056797,0.00225675210893953,0.005386163456790434,0.002280455611399833,0.0011453789961831495,0.0005859927545217107,0.0010046774089537596,0.0005781555202455007
2045.25,0.004410220431956376,0.001960699327250072,0.0040314786316857,0.001980488910058659,0.0013192059675743344,0.0006530896307046234,0.001175647627578504,0.0006460816415599718
2046.8,0.004262172106445964,0.0017926204083417929,0.003884044488659122,0.0017919791479366486,0.0013980694490649777,0.0006723838058264888,0.0012474711826918172,0.0006643599016610427
2048.35,0.0028187980539634543,0.0016184416926264726,0.0023767720102097546,0.001598261131493894,0.0012902234754942781,0.000663187164686656,0.0011452637119771728,0.0006540521228447881
2049.9,0.0024780300748142516,0.0016682407331271127,0.0020187292964694015,0.0016450816752753808,0.001120763676625444,0.0005850679269818364,0.0009778519961783012,0.0005742766497946923
2051.45,0.003122446303641774,0.0016673540473575678,0.002690364491727324,0.001635847617503885,0.0009144685540972892,0.0005154253522585987,0.0007693641918632153,0.0005011452204590998
2053.0,0.003280690633705064,0.00159403899281675,0.002854348887203168,0.0015780516353331017,0.0008311639966245356,0.0005161498128212335,0.0006925974724468964,0.000492450473959718
2054.55,0.0036726058531474782,0.0016391182252114965,0.0032441864076064586,0.0016506243442964538,0.0006758270636250084,0.00045806624213922103,0.0005394376153585827,0.0004284254362780639
2056.1,0.004298422565354459,0.0017053860331648907,0.0038518051519243796,0.0017056429511205621,0.0006900671206901469,0.0004508412991457842,0.0005504626672740774,0.00041880776117824206
2057.65,0.0043242610179874295,0.0017247535352917696,0.003856771582821133,0.0017325418624875816,0.0006960402715675057,0.0004755646370752177,0.0005550797871476121,0.00044659060262938635
2059.2,0.0045710843473317254,0.0017215648958922372,0.004006359081187308,0.001682687899852887,0.0007048230262372188,0.0004988607863047335,0.0005587334397956598,0.0004754196526502204
2060.75,0.003779228580090543,0.001578456106976698,0.003254951156431104,0.0015372489468568028,0.000924401790275739,0.0005633228512864019,0.0007684217330567819,0.0005342890643185008
2062.3,0.002999809132893963,0.0015407145353365274,0.0024666413291918312,0.0014888774956020232,0.0009880708573226729,0.0005774587994459702,0.0008245380226669706,0.0005497509823910525
2063.85,0.002602698026178334,0.0015091965104487024,0.002053446724291786,0.001420668537205759,0.0009306295087936029,0.000581789710619572,0.00076868697715543,0.0005534562940134476
2065.4,0.002720937778439311,0.0015189833822987437,0.002172462786687296,0.0014322057715017834,0.000997548954770101,0.0005688601920621896,0.0008282126457564129,0.0005345285204154749
2066.95,0.0025071252541996837,0.001476169163313982,0.0019865363227755586,0.0013822589585453801,0.0010869543425148804,0.0005894149378758615,0.000908349990024757,0.000551655265206776
2068.5,0.0023065045377515035,0.0014286178887526848,0.0018089943787855318,0.0013523307043764269,0.0011966881953948598,0.0006159866784116353,0.001019619304994616,0.0005823940565650592
2070.05,0.002562327280371965,0.0013774501657180882,0.002062458999044878,0.0013136147583776548,0.0014345683940695864,0.000705775221148334,0.0012449110162033898,0.0006771357736304506
2071.6,0.0032986974242866784,0.0013963138354815966,0.0028004071242559133,0.0013144222326563998,0.0016219901341754008,0.0007426469285530408,0.0014293205820712954,0.0007299916589594565
2073.15,0.003720266623916142,0.0014709181620094355,0.003187029077013261,0.0013961530848488927,0.0015382871149502173,0.000726563140043996,0.001361675501591933,0.0007166168155653572
2074.7,0.0042674971220646556,0.0016759705652373245,0.0036532932091672067,0.0015978235340020003,0.0014087428784189907,0.0006676353378339971,0.0012407275719280107,0.000657027809567686
2076.25,0.004687920133542181,0.0018502197357029245,0.004103218198916611,0.0018122072107022644,0.0013452826816112624,0.0006488621773403628,0.001178993528305558,0.0006255835917570878
2077.8,0.00511035931619507,0.002009085156299161,0.004505639880506768,0.0020051638583335743,0.0010024776884844451,0.0005228362583579117,0.0008420274155795213,0.0004898357330856702
2079.35,0.005793609098284044,0.0021687699717592435,0.0051577703776886285,0.0021762529689887417,0.0007271388231191627,0.0004252799168771992,0.0005593363650306179,0.00037522436828801706
2080.9,0.005914987677353242,0.0022142088492090326,0.005243654999630427,0.002218727893870571,0.0007743420736184814,0.0004155757789946384,0.0005907912528438286,0.0003607022118086898
2082.45,0.0055235975918378945,0.0021136136727545425,0.004840475904434913,0.002142299536458701,0.0008397633824362847,0.0004808185235478991,0.0006376347399821238,0.0004323502195103275
2084.0,0.005430287577528622,0.0020294614170983994,0.004712865314052724,0.0020553681264158887,0.000943541588492049,0.0005170661985599533,0.0007343841792617104,0.00047806980633030544
2085.55,0.005532794671889799,0.001891157312261799,0.004805217747334337,0.001904707046732113,0.0011585259144334262,0.0005675816844391802,0.0009279057219794065,0.0005272126980953868
2087.1,0.005279882203254467,0.001780158507936287,0.0045150842531221464,0.0017842607310995448,0.001147320334440049,0.0005849607047385962,0.0009110330562447038,0.0005490078536754258
2088.65,0.005214296157328523,0.0017607227687813734,0.004427930465843726,0.0017488463054040793,0.0011874163474838476,0.0006085838002056369,0.0009505096391476302,0.0005617132063601564
2090.2,0.0053053379469925185,0.001850510632535945,0.004513098891708993,0.0018547488296996948,0.0011505653901457288,0.0006212080149748244,0.0009044258664656847,0.000572762409575952
2091.75,0.006227787309772814,0.00208265396256135,0.005519072941529701,0.002121082321622287,0.0011084801058414981,0.0006384926150384655,0.0008474789993622862,0.0005874921312671046
2093.3,0.006957104959238689,0.002263621783027772,0.006306848844761609,0.0023276699317028113,0.0010887586718911445,0.000633092670870423,0.0008151311570155327,0.0005856434286457453
2094.85,0.007872461842894023,0.0023787184849259745,0.007312687236965093,0.0024513689204484113,0.0011179382750424562,0.0005935787001917473,0.0008152279535192939,0.000551200441252906
2096.4,0.008691839963280261,0.002512965051887783,0.008205221826343978,0.0025946981855870313,0.0014307371964799422,0.0006135305616757028,0.0011079606993821191,0.0005795246161467297
2097.95,0.009697862080988117,0.002527728750770827,0.00930811066051369,0.002629098894136902,0.0017841295460848247,0.0006494811308478107,0.0014639928885839043,0.0006263372055247971
2099.5,0.010289376501128824,0.0024827292521224955,0.00995508814746009,0.0025788450042421585,0.002077623708528294,0.0006974239342087228,0.0017734068104641567,0.0006835101186984214
2101.05,0.010557163648256027,0.0024351684130819408,0.010238158433442444,0.0025328449864316224,0.002381192244867748,0.0007338936321924776,0.002082913460466007,0.0007291364883185282
2102.6,0.010841420076076826,0.002390654824503675,0.01054626781651981,0.002504202325069128,0.002636057516790139,0.0007372536930973282,0.002345556087113838,0.0007356216980494273
2104.15,0.011578912915894484,0.002299673394139874,0.011360297205766267,0.002422253422521922,0.0029422319219604655,0.0007384058340882553,0.002656476195175811,0.0007395871943329865
2105.7,0.012864157662655386,0.0022557020897421673,0.012789252891751778,0.002381635309601183,0.0031446969052877703,0.0006933969403658243,0.0028712735936977257,0.0006960173884429198
2107.25,0.015048704297791277,0.002328079824529902,0.015226007033200858,0.002425783240868483,0.00346963072773011,0.0007082848307089279,0.0032145415629864387,0.0007113520466033671
2108.8,0.016047040423450717,0.002391214225829033,0.016334232487582676,0.002488586801253544,0.0038750998834689494,0.0006957400364048859,0.0036448272499547706,0.0006968934722117909
2110.35,0.01774949403456194,0.002495727874361352,0.018231778457010878,0.0025693113376110046,0.00437809754984584,0.0007380877728290756,0.004184012525178347,0.0007475365415555121
2111.9,0.019264508456043026,0.0026243666670159064,0.019921147180499945,0.002713146462376029,0.00517098736199871,0.0007873084143703386,0.005036753436054563,0.0008035277509985005
2113.45,0.020336472257124854,0.0026058735671743013,0.021114581860342253,0.002691753280305091,0.006278466275091338,0.0008377669423195066,0.0062318332906640414,0.0008575981584471753
2115.0,0.021121637795550156,0.002530072353489026,0.021986794287700298,0.0026221236414471554,0.007223276044398085,0.0008953039658211085,0.007250442358917752,0.0009228696872152533
2116.55,0.02126771817519322,0.002424444176879779,0.02214306858573159,0.002520013690402005,0.008398357184297057,0.0009714420066972715,0.0085211091113088,0.0010115646834123445
2118.1,0.021478872401217063,0.0024142669473323298,0.02237285602812321,0.002546504917480598,0.009411108529870532,0.0010017215706814974,0.009614603597094075,0.0010466219328400242
2119.65,0.022391552813576014,0.0024921470036747325,0.023390735365862086,0.00266775336932109,0.010477423561278502,0.0010157535061253158,0.010766968545610434,0.0010698123763130288
2121.2,0.024353657226880935,0.002483637932990647,0.02558610028790511,0.0026590661920694674,0.0116149507065962,0.0010244261740963315,0.011996747684581734,0.0010818052026859667
2122.75,0.026354591887440163,0.0025640145189017257,0.027824785720556598,0.0027294316210993443,0.012667083487692727,0.0010785974176311945,0.01313411229428384,0.0011448183677913695
2124.3,0.0278460601819822,0.0026666854840067342,0.02949325158664585,0.0028263159139451785,0.013683889570924278,0.0011144521870967432,0.01423341534239065,0.0011903734827754028
2125.85,0.029411469461321015,0.0028135513270552697,0.031246268669420457,0.0029754722874036793,0.01489754370218289,0.001136473225277219,0.015547231722809696,0.0012102217168747016
2127.4,0.0300639549834623,0.002881943408916178,0.03197714286127934,0.0030700263780813345,0.015836010508071034,0.0011468977768928118,0.016562299550275474,0.0012271117030290628
2128.95,0.03017000317426931,0.0027182399628273655,0.03209570013652302,0.002907935019794327,0.016537277914711903,0.0011694799925150597,0.01731969130869847,0.0012578291857319453
2130.5,0.029972521388583556,0.0026452494532527376,0.03187359457676438,0.0028451487344406936,0.01696260967797986,0.0012339834824808722,0.017777259813094536,0.0013282726767371148
2132.05,0.030355205708645156,0.0026368047268240723,0.03230194049587917,0.002807692287615895,0.017449723271087667,0.001330846669667277,0.018302817533427943,0.0014352668969509976
2133.6,0.029552387263391218,0.0027524105622008066,0.03140208405590232,0.0029571404551522146,0.017587296889853988,0.0013758745100792608,0.01844861524369683,0.0014843791317957944
2135.15,0.02953619931511169,0.002820081209574233,0.031385458761096545,0.003020646133459495,0.01759841793479421,0.0013579660761242837,0.018457488808303783,0.0014659698238273986
2136.7,0.029154415059521446,0.0028432379810094206,0.030960483703471015,0.0030594743326302137,0.017333945204289086,0.0013403192833206265,0.018166974117764644,0.001444855095747086
2138.25,0.029033834516214902,0.0028487011572089793,0.03082918178030614,0.0030501949657410635,0.016951818047822306,0.0012971486218200207,0.017749146400410133,0.0013900217360210514
2139.8,0.028619695939336193,0.0028793224240602888,0.030369947122082346,0.003063445264167871,0.016374790595539722,0.0012483559881271925,0.017120238999928577,0.001334452537850847
2141.35,0.028100536983049307,0.0028640433546357333,0.029794146763175645,0.00302677520491457,0.01596181388843564,0.0011759563223132873,0.01667023377332204,0.0012461664627519474
2142.9,0.027029197904961996,0.0027565555331860686,0.02860070031432405,0.0029117971957300206,0.01523092130124445,0.0011290461939489377,0.015875050280550716,0.0011998802144408858
2144.45,0.025400782922426625,0.0025898203817159827,0.026782324679881703,0.0027390006375923844,0.014642631504640678,0.0011147399335148204,0.015235243810663752,0.001183011502428669
2146.0,0.022908021856666013,0.0024543938570833366,0.023994720863790127,0.002607074537369133,0.014109677336899003,0.0010928109387046611,0.014656162092679448,0.0011510654116269042
2147.55,0.021667401816708898,0.0023824650581313524,0.02261097767987352,0.002503310329139711,0.013546739087696187,0.0010518377157979933,0.014045012383659388,0.0011097396541004418
2149.1,0.019750006015393118,0.0022756748013155097,0.020469947437536294,0.002395099974628332,0.012997676496672219,0.0010024746373605519,0.013449337084921277,0.0010537275112296048
2150.65,0.018104821640197895,0.002108109593980606,0.018635019321679124,0.0022012237109625176,0.012352860128352088,0.000992171926207415,0.012749599952916508,0.0010350287580274842
2152.2,0.016349696930746022,0.0020029733595274602,0.01667816819539053,0.0020995837120926387,0.011449261996805727,0.0010083289236854224,0.011769012778478232,0.0010499642327534194
2153.75,0.015170359981597941,0.0019269421562610241,0.015367733847231725,0.0020023153881629113,0.01045407359191184,0.0009695985896679806,0.010689328990457875,0.0010007178562242613
2155.3,0.013533092493475028,0.0019028990693502083,0.013543737862121485,0.001969995704567678,0.009413224711319652,0.0009378191187455944,0.00956052957299718,0.0009628526088176736
2156.85,0.012663601484501344,0.001968751937057619,0.012581260973546672,0.002043493842338316,0.00863703080263976,0.0008878847706355657,0.008720058804120962,0.0009045476997440855
2158.4,0.011982980160391534,0.001950852461455649,0.011832401323857256,0.0020281452712212753,0.007975999672333634,0.0008960589894336839,0.008005318599926895,0.000912526077938036
2159.95,0.010578927408266573,0.0018499065119147358,0.010272256971706998,0.001927250774904487,0.0075903611388636995,0.0009250847303121123,0.007590574718126178,0.0009426040116943289
2161.5,0.009188371524032813,0.0017097913920871095,0.008727783301944712,0.0017848310802992056,0.007007689878338461,0.0009089501090785766,0.006961902716464527,0.0009260165037987107
2163.05,0.008688277556587978,0.0017326161495670978,0.008171677057141474,0.001806846533306882,0.00649899057037964,0.0008830096471763268,0.0064139438129729685,0.0009008844176673073
2164.6,0.008222750944480918,0.0018075464059673755,0.007675696939084151,0.0018964035259940982,0.006018097808780756,0.0008530537188769456,0.005896507351912331,0.0008661328646478856
2166.15,0.007404393001844301,0.0017240818702668594,0.006786158912759249,0.001793029285643054,0.005462476404645389,0.000840898291249447,0.005291481900918282,0.0008563138333917886
2167.7,0.00669376887334732,0.0017692787492806386,0.006022417103845161,0.0018327705966480665,0.004518087223819904,0.0008020140459061925,0.0042773787811152585,0.0008221814262242318
2169.25,0.006139320310586925,0.0018535822211432217,0.005418639616378428,0.001902259971849122,0.0035780770712729244,0.0007326072968405646,0.003268386783606579,0.0007468174423891306
2170.8,0.005480600400832918,0.0018819983694048255,0.004681398372981604,0.00191016040770692,0.0029776403001126866,0.0006828170409326919,0.002619775360854498,0.000687833651226315
2172.35,0.004711429758048125,0.0018662705356439443,0.0038630092984343737,0.0018891103002981993,0.002491963358617294,0.0006594831337019219,0.0020986103498190985,0.0006554341939894237
2173.9,0.004518479940529167,0.001847400644685586,0.003727539575537731,0.0018618548060298703,0.0020650975208779307,0.0006658483661554424,0.0016621196977108005,0.0006511250072401438
2175.45,0.004277974447987789,0.0018334336872631676,0.0034766168072584776,0.0018235159560206606,0.0016934845693474235,0.0006511788020594383,0.0012929560393733193,0.0006247350016839238
2177.0,0.003941704878923023,0.0016982630647264935,0.003195168100352829,0.0016647860070981284,0.0013381384656364367,0.0006159484783148868,0.0009344784038032645,0.0005689132002044248
2178.55,0.003664941773298436,0.0016501263863496418,0.0029401679151258376,0.0015735209691032758,0.0012924207295957968,0.0005919332021398762,0.0009015124258650495,0.0005224946846213178
2180.1,0.0027067950149363405,0.0015000969538108747,0.0019963712694238255,0.0014046845441389403,0.001369695462225648,0.0005783162963272903,0.0009793399972661569,0.0004992244032922691
2181.65,0.0019473046909443247,0.0012439211517768138,0.0012236390620417442,0.0011194369092377815,0.0013025059594804953,0.0005854473056240222,0.00092141026425647,0.0005123108032087532
2183.2,0.002302743802474713,0.0010534226044534099,0.0016344975286536096,0.0009155731060746777,0.0012752297480563004,0.0006294182303067993,0.0008946106163905823,0.0005659868513006005
2184.75,0.0031540323411577476,0.0012616375884258722,0.0025442233313295154,0.0011531979954797554,0.0012684225863467272,0.000672575732510855,0.0009071576457837475,0.0006223795331631161
2186.3,0.003737488096062641,0.0014707088200852628,0.00316688374454426,0.0014044843831576862,0.0012996492836567148,0.0006840721654824262,0.0009560581389502701,0.000635448878565734
2187.85,0.00408680926929943,0.0016933791176317182,0.0035459200973188437,0.0016412847073783326,0.0012241833878906428,0.0006395803302420419,0.0008943923422996299,0.0005928599256595571
2189.4,0.0038523287148380008,0.001664652127543813,0.0033165940250320263,0.0016373613766990554,0.0013109453269401791,0.0006615799928436573,0.001001587229396406,0.0006050478581520588
2190.95,0.0044699519791661655,0.0018302251848665984,0.003920860298034026,0.0017821592635453094,0.0012498861570986002,0.000578214925269806,0.0009634808533494038,0.0005266373917653592
2192.5,0.0039504730777272625,0.0017350473212146965,0.0034440765301906127,0.001717190161392239,0.0013804288452386832,0.0006320764774558861,0.0011108402757027157,0.0005920854247511388
2194.05,0.0038947463775297554,0.001758176822813023,0.003401552597716067,0.0017364571460005303,0.001488031599005568,0.0006818424544662775,0.0012177355225013401,0.000657225108283858
2195.6,0.0034699112965719736,0.0015666563887269437,0.0029762628016197674,0.0015581299035889124,0.0017832783423971752,0.0007468891406280238,0.0015126762750975174,0.0007284715977423949
2197.15,0.003171011789629323,0.0014821120873030169,0.002699011108212404,0.0014886746059499677,0.0019158005216440464,0.0007672694741589717,0.0016523965754037162,0.0007599177874080637
2198.7,0.003255415414923526,0.0014345750943900151,0.0028498354062210956,0.0014303373400135185,0.0023053641527949254,0.0008891830979322609,0.0020373092140281083,0.0008852410563263175
2200.25,0.0027881064535795414,0.0012971610444504353,0.002368263624779409,0.0012739742456861832,0.0022855263594438804,0.0008514247340383105,0.0020374111212505008,0.0008541142602981663
2201.8,0.002839254300835987,0.0012243701781915525,0.0024475286597314986,0.001197549942033271,0.002088668884525277,0.0007652677926419706,0.0018401461368431544,0.0007620027532938936
2203.35,0.002814502963002849,0.0011837761706520065,0.0024010219794811695,0.0011395391050027265,0.0020607278854501187,0.0007872603462096463,0.001809406448866456,0.000771233754183297
2204.9,0.0027257253597253723,0.0011736243729132444,0.0022844504692286823,0.0011317330296500491,0.002009199881632678,0.0008153024696473701,0.0017611691355891052,0.0007972819305757014
2206.45,0.003803226198347773,0.0015542952021505526,0.003392743204202733,0.0015187662647310014,0.0017337708617729411,0.0007258132483783969,0.0014929273472358206,0.0007087147340869275
2208.0,0.0044774797062446196,0.0018486041848108919,0.004128845374287603,0.001866674774661062,0.0015297881996416557,0.000693221444515481,0.0012944176114644062,0.0006674159924339531
2209.55,0.005466490560789362,0.0020961366535576786,0.005143645402139902,0.00214792911841794,0.0011595830349455762,0.0006650871193352233,0.0009168623660643767,0.0006363117489895716
2211.1,0.005782431053158743,0.002072998433169959,0.005430721766406172,0.002120979387392284,0.0010984654617958887,0.0006597994957707187,0.0008614929033055165,0.0006258258420759841
2212.65,0.005583239084914442,0.002064560487437523,0.00523298111063357,0.002098178743151111,0.0011384191919725042,0.0006331113733969573,0.0009002896032625644,0.0005938208801368179
2214.2,0.005132514875559938,0.001980413539313141,0.0047668347821235935,0.0020009136176133676,0.0012072595033237998,0.0006226011417851093,0.0009734717654742484,0.0005746787908700623
2215.75,0.0049159110019818845,0.0017956010425025902,0.004546894530361541,0.001800683658887039,0.0011143652270863052,0.0006218970759507117,0.0008888712135275132,0.0005763660937152104
2217.3,0.005309934494173097,0.0018171977515619036,0.004980642640770542,0.0018312848876206544,0.001177603610693445,0.0006367616314469064,0.0009506903222365346,0.0005910970737938462
2218.85,0.005060761626388727,0.0017646902790596274,0.004719937071097993,0.0017875736440878074,0.0012713155187755267,0.0007048645442979728,0.0010458324923927076,0.0006652516337470999
2220.4,0.004659332905424324,0.0017811733585516498,0.0042978584558904746,0.0018156320654313222,0.0013036852283013468,0.0006923237740103657,0.0010873232783851843,0.0006604174436655909
2221.95,0.004762457543275351,0.0018154724022805587,0.0044313014809420044,0.0018537199187170328,0.0013122817627569028,0.0007155587451078421,0.0010954329860351519,0.0006879686724479565
2223.5,0.005325638354576248,0.001939071182635668,0.005032249821713647,0.0019695835077141754,0.0015323001858745895,0.0007847042199263075,0.0013364231595630815,0.0007613436164088627
2225.05,0.004589909170557171,0.0017988965275425183,0.004272224208313263,0.0018398670106914154,0.0016289387899546034,0.0007807588882005004,0.001447688439753084,0.0007593914967175118
2226.6,0.004363089050050453,0.001721203144012681,0.004060136482378592,0.0017679584340881526,0.0017893064755868195,0.0007854938064288866,0.0016196533610100944,0.0007698730701553424
2228.15,0.004345794078955829,0.0016817958032212528,0.004071290978436106,0.0017184258669885816,0.0019619569408515654,0.0008173491306026995,0.00180184120461543,0.0008079366597058611
2229.7,0.004401315810970719,0.0016186598148153779,0.00415690056083073,0.00165277667712178,0.001957230986083565,0.0008082482857378333,0.0018078153874570937,0.0007957770095471901
2231.25,0.004514888313958613,0.0015682240278121673,0.004295664815376076,0.0015944252973838881,0.0019112841063625393,0.0007733088684464884,0.001766151347333664,0.0007583318909717459
2232.8,0.004351317650679875,0.0016342669308855953,0.004104304400385269,0.001665024358047488,0.0018771992975957295,0.0007243900702387703,0.0017339237594623782,0.0007073802099756885
2234.35,0.004605300190888593,0.0017289406584646509,0.004391080213477011,0.0017681289791507365,0.0018004621210704682,0.000709781706516128,0.0016586363246603663,0.0006956303882623845
2235.9,0.004784685312566216,0.0018368233764926838,0.004586833939494508,0.001876327377794784,0.0017073321718083815,0.0006890589477635038,0.0015659790391673875,0.0006751364208112059
2237.45,0.005738046507016073,0.0019706052495747123,0.005619054672099926,0.0020251875389112927,0.0016285884272379504,0.0007037166406863605,0.0014793223069093189,0.00069625022777225
2239.0,0.006032909517935983,0.0019648095094883414,0.005903355235868924,0.0020086788510106646,0.0016519565037538663,0.0007113482394856442,0.0015155758643953044,0.0007042038066778704
2240.55,0.006045294870996258,0.0019101733064013314,0.005949399257369956,0.00195810320388676,0.0014319606453542162,0.0006506111340062446,0.0012914960574816122,0.0006383109507462038
2242.1,0.006679976634924223,0.0020593908929998563,0.006649312265723819,0.0021183681579012505,0.0012550404751116367,0.0006000131339578623,0.0011079471846936668,0.0005791906795419501
2243.65,0.007133351364844606,0.002173160306666828,0.007153699550126225,0.002231328962102107,0.0012307189125260862,0.0005663090333861599,0.0010848646001577096,0.0005327088558109631
2245.2,0.007384299565318926,0.002219249725164799,0.007441076944413977,0.002280020182849893,0.0012487834124450565,0.0005581122785660273,0.0011069798143220008,0.0005158719438147413
2246.75,0.0072102585995472155,0.0021320357485826347,0.007250657263670885,0.0021758541644683912,0.0012759634284454555,0.0005742771165989754,0.0011294929188144383,0.0005327614821427401
2248.3,0.006417719307433205,0.002031950999957078,0.006372997563489138,0.0020655398845670103,0.0012815988613492952,0.0005811120945402561,0.0011416451228777901,0.0005498102381641908
2249.85,0.006268088546492658,0.002157667355653614,0.0062095912382886444,0.002204924526610179,0.0011818586163014082,0.0005389930196313974,0.001054346155490328,0.0005208725625644274
2251.4,0.005958129853676827,0.002183059096711986,0.005867831246995681,0.002235081113675227,0.001056701863208772,0.0005240769694543659,0.0009372517450336668,0.000509631696407931
2252.95,0.006038861213922363,0.0020706587372216778,0.005957036871949744,0.0021119907808668285,0.0011545984206341882,0.0005497906235320041,0.0010468962409088457,0.0005268250001604924
2254.5,0.0054146262189831125,0.0019211152705757297,0.0052680240523323325,0.001960378418239362,0.0010851160885488504,0.0005408264840298378,0.0009873614178859777,0.0005191253933800952
2256.05,0.005350140573009792,0.0018700483226172452,0.005199195817876138,0.0019206208184094806,0.0010447196394360338,0.000515908879551254,0.0009474615649134772,0.0004975912459456059
2257.6,0.005279357532555983,0.0018213850007116966,0.005122989020220603,0.0018729574255386358,0.0009769361856853834,0.0005091834893398388,0.0008784978233729038,0.0005005075636434057
2259.15,0.005092974712780525,0.0017946182019517544,0.004926284700140401,0.0018492771073669746,0.0010504064536719705,0.0005580735257050627,0.0009529210170365614,0.0005533726004750209
2260.7,0.005483609552453687,0.00188132260142186,0.005370923107143036,0.0019280875108779445,0.0012800399135692248,0.0006312946836492586,0.0011855652086440126,0.0006200195984030226
2262.25,0.005836636407890917,0.001964104202584368,0.005769195602441765,0.002009531238880259,0.0015655025504993283,0.0007186247566361691,0.0014668053668130748,0.0006977953599086273
2263.8,0.005473562351087554,0.0019075361758727717,0.005371784943643556,0.0019434825967347758,0.0015032899076692788,0.0007320368641393794,0.0014119634605323647,0.0007150716730970608
2265.35,0.006067913080044031,0.0021292515100142916,0.006026611967060259,0.002169864754835275,0.001314288298014933,0.0007165948474256252,0.0012265000961714982,0.0007066288070660637
2266.9,0.006189208593394839,0.0022185180756186945,0.006172695314670033,0.0022839602393337336,0.001324735991019626,0.0007717413359714391,0.0012401544614400449,0.0007682020124730674
2268.45,0.0064313352425374275,0.002212927240223032,0.00644890078047801,0.002280954881477483,0.0014148551086538741,0.0008090990774998576,0.0013316230223115234,0.000807069755744899
2270.0,0.006306511716397366,0.0021542174371510054,0.00630923370965051,0.002213977387724529,0.0013410177603876067,0.0007146994081831283,0.0012540093947452167,0.0007154083179048306
2271.55,0.0056857673608072985,0.0019799897015282566,0.005622033349475347,0.0020252345586562206,0.0012136212400580169,0.0005803740144360876,0.0011192144475787686,0.0005777118017591275
2273.1,0.005414132541862841,0.0019032083154306898,0.005293364352320776,0.0019189566890720979,0.0010401948264539946,0.0004890145796273269,0.0009368828448853371,0.0004852625062154579
2274.65,0.00439625853534556,0.0016528265739956772,0.004187542729543617,0.0016692426308676576,0.0010841636776901934,0.0005245253517453502,0.000981534489478721,0.0005177256093415368
2276.2,0.0036408156322320162,0.0013706877691674424,0.0033856588112510734,0.0013883122908285275,0.0013008572211585063,0.0005945953647825385,0.0012084879140710114,0.0005854330948859911
2277.75,0.0029768698382047747,0.0012470265721351923,0.0026697048063433503,0.0012572452288261416,0.001438199385248751,0.0006408237098220903,0.0013476857074383878,0.0006307948782990795
2279.3,0.002449949129718253,0.0012700935043432806,0.0020898882170761546,0.00129111489271003,0.0015236558304754916,0.0006476725157604303,0.0014447141530523654,0.0006426754057633838
2280.85,0.0036379776298251015,0.0014734130641000955,0.00340833162533259,0.0014671003168161125,0.0016795838591170784,0.000640002414245726,0.0016086917190005151,0.0006296115042980252
2282.4,0.00444478417629551,0.00150614787084184,0.004306620719822632,0.0015122058876640867,0.0017104434843497299,0.0006223005857774937,0.0016399771063636765,0.0006109587695093224
2283.95,0.005205217898779274,0.0016316203015398422,0.00514248481490408,0.0016532741739325129,0.0018440286742494115,0.0006444796097557719,0.0017792000504813158,0.0006348109884609399
2285.5,0.005262232763312827,0.00170544157552675,0.005200246951466937,0.001762108093317342,0.0017121897356478103,0.0006018765760667997,0.0016428650015220534,0.0005979069942589669
2287.05,0.005625425154445877,0.0017896173135180811,0.005594687935771976,0.001859599448252107,0.0016269050923136714,0.0005810302602844673,0.0015542598668370977,0.0005771983416155356
2288.6,0.006404441883776586,0.0018931895451780765,0.00642878933481812,0.001950561102825924,0.0017105968179147158,0.0006110694786327642,0.0016457328833026806,0.0006078074074623303
2290.15,0.00647485962162717,0.0018831448982304761,0.006519438920345181,0.00195594948538869,0.0018595604696888493,0.0006707167317509731,0.0018056715465037587,0.0006662839588284462
2291.7,0.005726327649149815,0.0017168719550866441,0.00570281172105007,0.0017999447736592893,0.0017795021547157713,0.0006656572995251045,0.0017189781502077795,0.0006615567467826492
2293.25,0.004773440292624134,0.0016442089132002622,0.004638967496436424,0.001723317916882147,0.0017202513486719473,0.0006613704754243981,0.0016529055249995797,0.0006570447351648686
2294.8,0.004450097544431322,0.0016742793065518918,0.004267437595941247,0.0017487418176666718,0.001938306134563495,0.0007044494456295657,0.001885217919403394,0.0007003675256147235
2296.35,0.0049314925396344135,0.0017620755125414972,0.004787338169634443,0.0018208524643884704,0.002158024510779555,0.0008115355280590465,0.0021190764345761664,0.0008162607101859453
2297.9,0.004945640966275543,0.0016578271094571627,0.004780956402946993,0.0017001212637727074,0.002154854122196293,0.0008799152216818965,0.002116422278604254,0.0008901043062621183
2299.45,0.00511171287507948,0.0015480300328755614,0.00495796331743188,0.0015625327994294644,0.002139889936141039,0.0008925553591610308,0.0020982460936991676,0.0009095166115480179
2301.0,0.004908069500379716,0.0015775209342170431,0.004734365443881913,0.0015933212431949587,0.0020200829811539813,0.0008471305829332619,0.0019694580524188894,0.0008684466786140596
2302.55,0.005751330568690079,0.0018771098672218842,0.005655060252811376,0.0019222931859275878,0.0022209566105221203,0.0008281194329460262,0.002187337275393817,0.0008455286394223316
2304.1,0.005994882080924997,0.0020966142875539057,0.00593754851599942,0.002161273777596954,0.0025095425359057183,0.0008470707919182433,0.002497726637429182,0.0008623093072031442
2305.65,0.00621905605429301,0.00208413647142824,0.006180243323900653,0.002130538899329021,0.0024854953178457305,0.0008482643493795177,0.002471852463695845,0.0008679334705114223
2307.2,0.005894301830421293,0.0019993298612011046,0.0058178902037846845,0.002030756991865067,0.002314549764507358,0.0008221526894636313,0.002287045609894272,0.0008468297156260986
2308.75,0.0050495221703606265,0.0017589333642559514,0.0049218133874381785,0.0017664665634741048,0.002289635122954532,0.0007960760666159773,0.0022604968992163475,0.0008188230305748588
2310.3,0.004418218460974286,0.0014931714531266134,0.004256540902719084,0.001480472240355403,0.0022984358367187934,0.0007547336080934087,0.0022692700029442697,0.0007664280927184311
2311.85,0.00371703086845799,0.001251459671120165,0.0034982827110647025,0.001232948850951923,0.0022314045349527893,0.0007182618747844953,0.0021953675256221107,0.000718500389988094
2313.4,0.002819088682151817,0.0010539888753964106,0.0024989199900102574,0.0010646172849145036,0.00204489662806008,0.00071836352854735,0.00199149522934677,0.0007121609588146669
2314.95,0.0033921179608522507,0.0011806394171947102,0.003128213407224433,0.0011971026216373085,0.0017903613827056747,0.0006946346310136801,0.001713541868816485,0.0006875979914585962
2316.5,0.003957538549673966,0.0013925463801505386,0.0037329295492424426,0.0014173234435970274,0.0016743577744405267,0.0006813380202031238,0.0015874845913473553,0.0006775207229560784
2318.05,0.0048784467892047,0.0015419590153570913,0.004712332701460178,0.0015547675981146813,0.001628919463818191,0.0006871221773051315,0.0015411208720017059,0.0006807592710400931
2319.6,0.005102324944549264,0.0016730334170855618,0.004936527319120656,0.0016946154560839772,0.0015858094205154869,0.0006900938493225589,0.0014937485681003003,0.0006788746329530992
2321.15,0.005264194843076813,0.001731775787678745,0.005089871969387828,0.0017597186007318785,0.0014170696532368279,0.000659192970322658,0.0013124106412801676,0.0006470463054024428
2322.7,0.005270796421898593,0.0017672177817039984,0.005082317296474645,0.0017920038324872514,0.0013174824290201057,0.0006201808705675381,0.0012067389618546551,0.0006065407497101987
2324.25,0.005191656646817738,0.0018089079685173818,0.005014722255020505,0.0018441687781195362,0.0012247623867752508,0.0006098499676957894,0.0011088884465761636,0.0005920601976893147
2325.8,0.0050029832224673,0.0016569206229629064,0.004818011068124046,0.001673040807969185,0.0011696744449364719,0.0005546397112243439,0.001048553374342828,0.0005284276260677346
2327.35,0.004396124296067123,0.0016397396601500894,0.004158809049755714,0.0016531510585802048,0.0014124263122043477,0.0006055042902219458,0.00130863337729321,0.0005827617233515112
2328.9,0.004146038583058827,0.001597396512667762,0.0038829235086837856,0.0016139071297307077,0.0016922146865400993,0.0007006432583771573,0.0016071044515063066,0.0006872892454231899
2330.45,0.004477572359024224,0.001649181011833175,0.004252958919717245,0.0016584736626755697,0.0017968427680292581,0.0007493429847825389,0.0017176758271595838,0.0007428807011037765
2332.0,0.0046485913891407445,0.0016104895904421185,0.004432679898660249,0.00160358552036339,0.002019373182579212,0.0007977023164117788,0.001957778632239953,0.0007966780130545425
2333.55,0.0049102852887975765,0.0016189633444636032,0.004699543938035584,0.001597439824012597,0.0020402167195658605,0.0008112308780042415,0.0019799850642967156,0.0008141081084405528
2335.1,0.00478226726823212,0.001629591645584176,0.004538166094459073,0.0016108703915210082,0.0021482466000296513,0.0007703898937596064,0.002093188845146143,0.0007672339354295774
2336.65,0.004450933993310496,0.0016059155808900445,0.0041631030327534645,0.0015975146453846062,0.0022668624788247105,0.0007281848483418363,0.0022184120324683803,0.0007181748141364658
2338.2,0.0044204813263506405,0.0016256876592687403,0.004108741098807585,0.001619333352083665,0.002193126996973438,0.0006635445820932942,0.0021386112532000828,0.0006488717782492334
2339.75,0.005070700211400309,0.0017447229247097792,0.004808157545304426,0.001752227174062145,0.0019721353782102403,0.0005808098270127311,0.0018983224127629148,0.0005725819634445063
2341.3,0.005610604364874812,0.0017577851473014536,0.005406515392044839,0.0017626446236038297,0.0020024148998766516,0.0005792445663088606,0.0019290578921016442,0.0005740967816212002
2342.85,0.0058386448710800445,0.001832632651720831,0.005662291359307343,0.0018563182430032825,0.002227979686840267,0.0006929887214138558,0.002170520025384357,0.0006940920617788974
2344.4,0.00655621508898076,0.0018966532330793172,0.006459106960256121,0.0019400576550436554,0.002213348408252243,0.0007590254504894506,0.002154531228882485,0.0007708986276185467
2345.95,0.007068530669392104,0.0020477651066491765,0.007023360168854555,0.0021019466263318986,0.002060267252809579,0.0007313505061405864,0.0019891507052779457,0.0007446703359529636
2347.5,0.006943322756179663,0.0020620089104039776,0.006889143645651138,0.002126238342706125,0.002088287718817858,0.0007660134207835852,0.0020189485165975993,0.0007816457525853977
2349.05,0.006805798635409075,0.0019977423860375204,0.006735911709434129,0.0020586676682420152,0.00201208165100471,0.0007870286275567059,0.0019355981557251508,0.0008047265170408539
2350.6,0.006255613906452156,0.001795204507456375,0.0061213055832158225,0.0018369418812910522,0.002113025932929474,0.0007917849955052241,0.002042938900542655,0.0008052882063531247
2352.15,0.005968350797160114,0.0016909910267789141,0.0057952893122274,0.0017112851803794556,0.00210520013682971,0.0007712801151253327,0.0020335482532714984,0.0007782073581605683
2353.7,0.005561623920643013,0.0016554742087032488,0.0053380302160934,0.0016671983991650749,0.001911670479524097,0.0006929617298630818,0.001823616689327842,0.0006914863564654835
2355.25,0.006078884459917867,0.0017413303141158769,0.00589795347751864,0.0017488599002640824,0.0018526677797559617,0.0006691683895342418,0.0017588838323465631,0.0006683739581634901
2356.8,0.005855571474722285,0.0017960269756111488,0.005659139368805539,0.0018177908206289915,0.0020407123155128572,0.0007543272779572923,0.001959892124338722,0.0007528537067192242
2358.35,0.005780923210114789,0.0019343187894238136,0.005582405909679647,0.0019755505690721535,0.0020957804319946052,0.000773358763242886,0.002019594010992653,0.0007711558926998829
2359.9,0.006035699733373725,0.001871542297092502,0.005865295903520804,0.0018766364331063718,0.002105446819319794,0.000733841811861381,0.0020250207210630784,0.0007229954523674204
2361.45,0.006249157887088098,0.0019067356830127133,0.006099858725390302,0.0019041014607321155,0.0018404003212082443,0.000619174590726331,0.001747294406662609,0.0006141984961780527
2363.0,0.0056809557901238835,0.001795947724671053,0.005478539700406658,0.0017877646439654119,0.0017612580925929382,0.0005662369196661261,0.001668966551005192,0.0005613641622621152
2364.55,0.005343450242027983,0.0017045263590518066,0.005100336264645532,0.001674760053010711,0.0018102977285221515,0.0005552760236622983,0.0017243219485962597,0.0005447014738210679
2366.1,0.004891410670559708,0.0015853975930582053,0.00459638717776164,0.0015501206368088412,0.0016859666719312163,0.0005168078394215165,0.0015944597781693776,0.0005026824159215884
2367.65,0.004713788793607551,0.0015516149671054096,0.004387031913404973,0.0015231698564092055,0.0014757345521902727,0.0004650781444074843,0.0013693843091064464,0.00045244607454212373
2369.2,0.004573012305835549,0.0015424153875423284,0.004210805336101045,0.001537848229720766,0.001536880468157835,0.00044578458490943617,0.0014344391272900232,0.00042953019631244315
2370.75,0.004549483717458238,0.0015997761551761718,0.0041670066802388835,0.0016047465921653823,0.0017651648044516924,0.0004952571446578532,0.0016773566761217466,0.0004798088729356389
2372.3,0.003644612099767846,0.00153256517990012,0.0031709083309450757,0.0015624672955995048,0.0019466825850734818,0.0005585139811705054,0.0018646748842246247,0.0005455835402807983
2373.85,0.004087524185818862,0.0017262942772591932,0.0036585487110456726,0.0017699492653653701,0.0019353558084396958,0.0005756395879893867,0.0018459387772267542,0.0005632515851996178
2375.4,0.004330278131268898,0.0017059780319710462,0.003925121061739187,0.0017224620654002875,0.0020878555349015285,0.0006476586597288982,0.0019975233104541877,0.0006390999893249364
2376.95,0.004969065289046528,0.001744293027239127,0.004637263025340116,0.0017521520613614314,0.0018951153451521327,0.0005996346868280183,0.0017981683393796682,0.0006009627415208992
2378.5,0.005615909341586503,0.0017956052346166716,0.005358890177020658,0.001796437234050355,0.0018233536881242796,0.0006291602328760467,0.0017239045433263612,0.0006299437214881791
2380.05,0.006322183512531432,0.001898564819277843,0.006140995153283754,0.0019026966559207088,0.0017322490503583119,0.0006588142015417574,0.001625990125047256,0.0006529117273726858
2381.6,0.00692101901201487,0.0020289931143046623,0.006804534685441701,0.002056799099537609,0.0016184241481351073,0.0006416791511714796,0.0015075760573006738,0.0006344305698719999
2383.15,0.0075510820698853455,0.0021733562930188396,0.0074942863994264895,0.0022192456073191545,0.0016711687690879069,0.0006512585670760321,0.001564969646929963,0.0006440638929097999
2384.7,0.007938954671406474,0.0022122052848018926,0.007909381758948284,0.0022526633324912474,0.0019724556599537164,0.0007140968035821163,0.0018900420527557717,0.0007096465606013873
2386.25,0.007036686379120174,0.0021195639027445008,0.006899043318160868,0.002149234161304799,0.0021654479952373626,0.0007396415362602487,0.002093337245680936,0.0007402559045279578
2387.8,0.007089575628407719,0.002004379523268101,0.006941463839631477,0.0020173621842507305,0.0021808978260008773,0.0007562962535361848,0.0021071767473284033,0.0007583815460976538
2389.35,0.007059223913338182,0.0018679254762408333,0.006916429593194672,0.0018742558567487156,0.0019956016862435044,0.0007138393203361596,0.001908151811416231,0.000720373342647215
2390.9,0.006134137568787485,0.0016643003992516288,0.00590752499312707,0.0016521696527508523,0.0019342486873074219,0.0007052383669264796,0.0018393446963938878,0.0007131693249605198
2392.45,0.005949171258664847,0.0016488499911400752,0.005715534472362815,0.0016510424535629738,0.00184711488795481,0.0006706938629748376,0.0017505667869073846,0.0006742907961965398
2394.0,0.005526960286782522,0.001624033715170875,0.005253886916467927,0.0016239524255599925,0.0017272577802540697,0.0006177624169163325,0.0016232305739980765,0.0006100832086246776
2395.55,0.005500570016908611,0.001602142826748153,0.005225463781599302,0.001584431773446642,0.0016605461531110333,0.0006186431715188575,0.0015501597112584301,0.0006066350738314125
2397.1,0.0055168677348655095,0.001667333812922217,0.005237947790191921,0.001650945685219776,0.001671541092546103,0.0006531130551589631,0.0015601160245521605,0.0006472347116857487
2398.65,0.0056520211944997255,0.001781958952727889,0.005375505043170028,0.001761231825586159,0.0017629984882237368,0.000671740887991345,0.0016552759362201029,0.0006709040986087326
2400.2,0.0055749899435786725,0.0018468993129887627,0.005268009054084405,0.0018260534339256552,0.002017542041501447,0.0006961905006283589,0.0019252663680295672,0.0006965747427998012
2401.75,0.005560293956920379,0.0019302421632875232,0.005168712765443632,0.0018790381654575441,0.0020185927433512088,0.000647196648878662,0.0019203717333786641,0.0006424775542659061
2403.3,0.005950225188351908,0.0019180763347435299,0.005633748886110485,0.0018830961470467018,0.0020134655237096424,0.0005935454511518073,0.001915489096093864,0.0005836825189950566
2404.85,0.004908461941518266,0.0016733340198515573,0.00456397386025926,0.0016548659015998592,0.002042984736638425,0.0005922833634428956,0.0019497918756344185,0.0005858008534739104
2406.4,0.004012181455650403,0.0013985909179673945,0.003631373814466721,0.001375418631702109,0.00221136089772167,0.000643846930293823,0.002132570383488944,0.0006444993522014484
2407.95,0.003914650668193137,0.0011692394584416263,0.003563102994203902,0.0011489993992466086,0.002509786329112228,0.0007180844615548115,0.0024519533370099193,0.0007240252291219835
2409.5,0.003634589233566452,0.0010448928895508696,0.003268079144433761,0.0010119486417690267,0.002464895369335791,0.0007370669873007169,0.0024079887951371413,0.0007463381579699794
2411.05,0.0040279719067940105,0.0011954053746543324,0.00369980357933258,0.0011707127114428217,0.0023503004098324206,0.0007581896018263791,0.002286736399657251,0.0007618702860218117
2412.6,0.004889705642529694,0.0014805583183405769,0.0046318513370613495,0.0014708170965456375,0.002150689666044276,0.0007555874589957113,0.0020705060065930024,0.0007540192778326396
2414.15,0.005139842992163628,0.0017305781187488035,0.00485838825307665,0.0017347597024618955,0.001822338875965166,0.0006944967434382126,0.0017222203331703672,0.0006880765011419889
2415.7,0.0063468615465166744,0.0019176503440894693,0.006132919010977324,0.0019070404748020688,0.0015520792072730816,0.000674795863281804,0.0014333671317755777,0.0006630680914652141
2417.25,0.008087142805856989,0.0022914313395427264,0.007967267525363676,0.00227719275238155,0.0013118913277724,0.0006659988164961154,0.0011751305855983653,0.0006518183687568517
2418.8,0.00821869184872288,0.002320752032462572,0.00816394269982548,0.0023188395419368453,0.001315811977349545,0.0006365359443448521,0.0011806610879439045,0.0006201636764788458
2420.35,0.007684541588023982,0.0022760819882856106,0.0076003562289725535,0.0022795211607589444,0.001607919489959887,0.0007120569836361796,0.0014808196471035764,0.0006968365132747648
2421.9,0.00743370543692618,0.0023672033153662743,0.007327887942289188,0.0023855419831404906,0.0017753465452272571,0.000712358961571158,0.0016687260405110315,0.0007016226813096274
2423.45,0.007273400084849601,0.002355818514676034,0.007150223887712064,0.002378921349188231,0.001775249535885908,0.0006715886909015011,0.001684024456956624,0.0006687936749705
2425.0,0.006669443570421498,0.002238422934266337,0.00647445775804538,0.0022492690666792497,0.0015477869360084459,0.0006145099197724427,0.0014561755930477046,0.0006095819652179081
2426.55,0.006433663039895311,0.0022089514643625304,0.006203443489986151,0.0022159415650658196,0.0014566173052280279,0.0006126168347519562,0.0013642620597133395,0.0006039390657433975
2428.1,0.006428272135333012,0.00215170818269351,0.006174734617096844,0.0021668303667019806,0.0014748242110564176,0.0006059022618425246,0.0013810853659453348,0.000592826544378801
2429.65,0.005415387509973826,0.001948968263236217,0.005055962586046655,0.001975929711467373,0.0012257139015328699,0.000508533085663778,0.0011169067773618216,0.0004928036223691675
2431.2,0.005432360058564206,0.001864922488521398,0.005083524006373683,0.0018990566465328137,0.0012159450165640095,0.00046699178262906316,0.0011019657800680307,0.00045340659675758427
2432.75,0.005854349620614786,0.001836545134660437,0.005551558015378888,0.0018447491024368658,0.0014708474754165743,0.0005252714444580761,0.0013652451248211744,0.0005137710845773644
2434.3,0.0054996998371565665,0.0017578010608930378,0.005177026646142316,0.001746081796190794,0.0016874063307403353,0.0005935320249402307,0.0015820145033104349,0.0005864887610005255
2435.85,0.005089149924649801,0.0016750002373002153,0.004726271902076002,0.0016454732295534368,0.001901660133218064,0.0006717681443357087,0.0017923941607867091,0.0006615602516116169
2437.4,0.004777881600290811,0.0016915637310982046,0.004378896996458229,0.00163600951291225,0.0017963897195813036,0.0006802955461935196,0.0016873053830515224,0.0006723036008162193
2438.95,0.004549447796646141,0.0016563655466189672,0.004116114235893178,0.0015782940447121715,0.001507011926234349,0.0006208770899893981,0.0013828417271659146,0.0006104427999475595
2440.5,0.004698022703971277,0.0016601454118256602,0.004264454554495767,0.0015767632321292114,0.0014110576827015319,0.000639539004138221,0.0012785105481938005,0.0006247179110705726
2442.05,0.0046137864928890125,0.0016377412328358418,0.004158036752749501,0.0015625397684002186,0.0015137068159835282,0.0006893013728438909,0.0013776241259647352,0.0006676953263976348
2443.6,0.0049546548027333695,0.0016176361269664601,0.004523762748259242,0.0015484536058863248,0.0015016578500147515,0.00065124906629427,0.0013701542356735854,0.0006367728617684406
2445.15,0.004879081551976564,0.0016019466305242087,0.004458331100332626,0.0015454377043455842,0.0014562865409247865,0.0006376894862488969,0.0013288910796923415,0.0006351363039168538
2446.7,0.005280770438279923,0.00169613925679812,0.004906735552618723,0.0016565387442973199,0.001575411797021829,0.0006190639800233753,0.0014558047705543922,0.0006187465860534226
2448.25,0.005477661244688566,0.001917730527445059,0.005124619482674408,0.0019113412775578734,0.0016881776523312694,0.0006411327857716231,0.0015800942370289303,0.0006449827918475536
2449.8,0.005719046467904204,0.002036779393891586,0.005394884445334904,0.0020352922746397066,0.0015377538032074506,0.000608661773903421,0.0014245642133767682,0.0006146399784755686
2451.35,0.005875869675357422,0.0020418954501792447,0.00556832935115395,0.0020423980239388556,0.001361654064871117,0.0005801666960277914,0.0012391690667851907,0.0005818210692119458
2452.9,0.005589146969254364,0.002024997595365453,0.005241774557586489,0.00202470718282631,0.0011432008408277044,0.0005366141188251133,0.0010041694738126509,0.0005321444687146916
2454.45,0.005890151777282571,0.002143888935092984,0.005570896846584764,0.0021525056719224685,0.0011197904790998514,0.0005221139987977864,0.0009745035408678354,0.0005090884797156488
2456.0,0.006532418768595159,0.0021538259912818845,0.006283961947722672,0.0021666000035417887,0.001454126807416239,0.000628111727783788,0.0013255961853466014,0.0006150052136665629
2457.55,0.006839644135564831,0.0021125995405598436,0.006633459109171874,0.002126097575789337,0.0016764864869035637,0.0006879949964900901,0.001553496093416208,0.0006735550936123924
2459.1,0.007583262302970998,0.0021986940367580555,0.007467174313483541,0.002224442958106561,0.0017157409061575465,0.0006536655376679761,0.001599603724171913,0.0006467112452434179
2460.65,0.0077480092967585025,0.0022187828720571594,0.007652842247103612,0.0022457501087668552,0.0019833225111444016,0.0006733750798783411,0.0018801744030382639,0.0006676528524745567
2462.2,0.007811736155549532,0.0021897649534828173,0.00771764850587946,0.002217471332954861,0.0022935936319973993,0.0007198428391108663,0.0022024365619380125,0.0007124811272377923
2463.75,0.0069233258792792155,0.00210802409040563,0.006732163262587734,0.0021341788875289002,0.002293390397409044,0.0007072955916498545,0.002206150906410093,0.0007055215406151437
2465.3,0.006459464769447059,0.0020734349921836467,0.006220569285555191,0.002082512499033624,0.0020913916177615873,0.0006675957145883321,0.0019932845430247464,0.0006650465914232727
2466.85,0.00547330068853763,0.0018818121131092505,0.0051352207232916395,0.00186307801787762,0.0019417850534740608,0.0006450630578954676,0.0018331842794612405,0.0006399967396549936
2468.4,0.004511683608900828,0.001701896439430923,0.004071268527195946,0.0016501814156016051,0.0017858529027088396,0.0006483345129097901,0.001666251488456304,0.0006409424143815388
2469.95,0.004287638333013839,0.00159683579269543,0.003830110275138913,0.001524074578753103,0.001785942024283357,0.0006807198719975579,0.0016655334638486679,0.0006724067606543691
2471.5,0.004473902264141541,0.001577384325761046,0.004043111934015595,0.0015303769438200522,0.002022346073515097,0.0007600160342958644,0.001918883523666218,0.0007587421336173842
2473.05,0.00491931804807688,0.0016557444746941492,0.004530518953265076,0.0016340328288280083,0.0020514522717787324,0.0007762701757715138,0.0019476162601898266,0.000773984517788039
2474.6,0.0050465771289686,0.0017692213381353932,0.00467395079143128,0.0017683241925114306,0.0020361555443925315,0.000712824315685393,0.0019290420662192386,0.0007107439860116903
2476.15,0.005329378137013591,0.0018620604372532477,0.004984071137550998,0.001865258805918455,0.002047099876453847,0.000672629115999959,0.0019384857686204837,0.0006698879371831832
2477.7,0.006044730234841681,0.001977607007158178,0.005746078325412281,0.001973128795006561,0.0021869237569091737,0.000724864104269232,0.002085477242572432,0.0007236526818215912
2479.25,0.005827754285492763,0.001981872570543855,0.0055332510913257546,0.001987982155825298,0.0021542742710086832,0.0007327673722237753,0.0020504843168795434,0.0007301940853495171
2480.8,0.005687417298525133,0.0019181540860126374,0.005389850268982638,0.0019058552141189991,0.0019838077636976127,0.0007128806688060186,0.0018685349848598487,0.0007105563061110122
2482.35,0.004534522665806149,0.0016807569139123363,0.00414192670397686,0.0016493733537039908,0.0017653986761247012,0.0006904242770749516,0.0016339315928110246,0.0006845003678013849
2483.9,0.0042306218915615125,0.001615038982637034,0.003824633305217107,0.0015657860643056138,0.001695297691448166,0.0006737789706513086,0.0015537787624437251,0.0006665937567269125
2485.45,0.004343354283026831,0.0015436707716392187,0.003960398400563831,0.0014921984901482743,0.0016039065513606388,0.0006521665625362577,0.0014468060420031253,0.0006349962047139125
2487.0,0.004484182004536188,0.0015508575467683195,0.004114818806464221,0.0014989044445308038,0.0015170292236766911,0.0005824405491126739,0.0013660910199991877,0.000569862216513574
2488.55,0.004815197423473954,0.0015859114763525925,0.004468603801807726,0.001538195803367398,0.0013416355102645978,0.0005257933545351919,0.00118561122860801,0.0005137537157299192
2490.1,0.005359066904532622,0.001699366836383934,0.005063879912287229,0.0016653211507464542,0.0013157840862081085,0.0004979878557981931,0.0011661301367178276,0.000500180852583103
2491.65,0.005953109500706048,0.0017692605735825679,0.005698756010047466,0.0017330465194941797,0.0014385239048003,0.0005157914991249236,0.0013009111563666439,0.0005248560558229633
2493.2,0.006813575932238866,0.001974044159319135,0.006619228410615615,0.0019450147258879948,0.001641851843427816,0.0005384486294044932,0.0015187867365105791,0.0005438319965339702
2494.75,0.007290301234902822,0.0020978968813776286,0.007133366586184267,0.0020798839754092515,0.0018262313092161613,0.0005995698313833518,0.001709124387382689,0.0006017250764056197
2496.3,0.007225599667035393,0.002108252644613561,0.007058165559742294,0.002086711526599745,0.0016715739546132981,0.0005969930936322625,0.0015455894319800195,0.0006038538886739167
2497.85,0.005909822894917648,0.0018868117247949293,0.005669137993127662,0.001872115154580568,0.0015995782768296251,0.0006127132569730367,0.0014641406586982223,0.0006126603818358866
2499.4,0.005425751270069892,0.0017704492244691502,0.005178236875049225,0.0017557248511507904,0.0017354842384557625,0.0006698327551884161,0.001601030634991719,0.000660729235282534
2500.95,0.0049061836000330915,0.0016711693219489156,0.0046342537149685606,0.0016579215518833063,0.0018988971959905574,0.000739278968999464,0.0017711493541296625,0.0007200387487674965
2502.5,0.004379188550937294,0.0016436220171687692,0.004059579974881067,0.0016264184587827836,0.0019199444035632957,0.0007186543267056478,0.0018039608316649308,0.0007058594694803553
2504.05,0.0043105617990420704,0.0016074285111565857,0.003963979115856112,0.0015662366892963038,0.0020383054876418312,0.0007774812615354234,0.0019292779341688042,0.0007735275030342848
2505.6,0.004088164829107002,0.0015527652868644584,0.003729016359097737,0.0015202031074006224,0.0022384029478581136,0.0007846663720802322,0.0021407586423310546,0.0007858768548267763
2507.15,0.0036713766237413403,0.0014931700078952132,0.003270098210180099,0.0014738631186655554,0.002615473101414451,0.0008635751258022119,0.00253905199810755,0.000870489128839991
2508.7,0.0033463632045181886,0.0014727971887023128,0.0028966315504218272,0.0014327694641636183,0.0026946509038789142,0.0008390075054436995,0.0026205322596193053,0.0008519974115881384
2510.25,0.003956127205306437,0.0015921511353993736,0.0035372438823439763,0.0015369774307410124,0.00254031089226168,0.0007629074012959588,0.0024485133002101855,0.0007749701984819805
2511.8,0.004071696962597758,0.00160178852526451,0.0036719618893578075,0.001549375477354027,0.0023455184490412165,0.0007064768663329948,0.0022443724676582126,0.0007191829905548156
2513.35,0.003936401490914978,0.0015529570392071536,0.003547690119956815,0.0015181765568574464,0.0023007064090239814,0.0007010574472341461,0.002196270065259428,0.0007178634949175881
2514.9,0.00487623096396198,0.0016841353871995227,0.004528175101027141,0.0016568011014141087,0.0022982029537970223,0.0006694416669479694,0.002192398141888445,0.000686234359384241
2516.45,0.005094089273288393,0.0016755994190018114,0.004801157078454281,0.001675509311902965,0.0022500173063439485,0.0006688180789655033,0.0021395923534262545,0.0006833594881567751
2518.0,0.005307687670315392,0.0017765734566743492,0.005046085474798489,0.0018006778050910477,0.002279952999918005,0.0006714397255617781,0.002169092675594242,0.000680841323465026
2519.55,0.005604489288308133,0.0017920088000975313,0.005369190238448527,0.0018105743006949962,0.0021624314535423463,0.0006274792205549178,0.0020413988203493703,0.0006320891170072404
2521.1,0.005569699865173487,0.0017485748163015523,0.005351076993760226,0.0017560170615973229,0.0020799078833461378,0.0006074017356340957,0.0019506045120776926,0.0006091740085862916
2522.65,0.004915520658494822,0.0016383330260152295,0.0046462555013947505,0.0016119559429534703,0.002061964229886265,0.000598318999958285,0.0019288708139722577,0.00059470913085734
2524.2,0.004385537023174894,0.001587231359994671,0.004059141305435715,0.001546324033163421,0.0020345075964906534,0.0005976155540550657,0.0018993492619668404,0.000595469863675421
2525.75,0.004357589319477763,0.0015845218379216765,0.004020931998883606,0.0015469551540289385,0.0019054049366748693,0.0005687287269352346,0.0017602658836706824,0.0005654778346487487
2527.3,0.004219075265303128,0.0015425758830432364,0.003837743771505109,0.00150064011198127,0.0018614871547642964,0.0005430677690170077,0.00171787123913687,0.0005396848061257806
2528.85,0.004956909780218956,0.0016272737014136813,0.004616562743225687,0.0015572159968412318,0.001936959147483566,0.0005992516094988867,0.0018033133592502174,0.0005949679274142208
2530.4,0.006014230679988175,0.0017399792898350533,0.005725523073076437,0.0016423961212281447,0.0019657573133960104,0.0006729846376604746,0.0018326660709517203,0.0006710278810192067
2531.95,0.0057562507075636345,0.0016112183455116674,0.005488388586279032,0.001540627643354505,0.00189138579884585,0.0007481934526528081,0.0017505958893157569,0.0007462242666229256
2533.5,0.005673354692723658,0.0016440463224581263,0.005397721330826344,0.0016017166380140743,0.0018326272241594973,0.0007522412442213834,0.001695132764571403,0.0007500168651433269
2535.05,0.005480598869045554,0.0016450773239942227,0.0051770133815911175,0.0016176657879586915,0.00160493972736186,0.0006904615438920831,0.0014563245009144717,0.0006855261732360084
2536.6,0.0061926414894022015,0.001746176135334671,0.005954276695716845,0.00171187838332004,0.0013666087750714827,0.0005977803341974835,0.0012029263353704669,0.0005841238665962149
2538.15,0.005869096983419091,0.0017504576061298034,0.0056115319047359705,0.0017184402630992545,0.0012601438710569818,0.0005929058427331749,0.0010881795585271337,0.0005746547091678034
2539.7,0.005758346397702694,0.0018201802629584098,0.00548987497119961,0.0018052845539516442,0.0014507790583410296,0.0006275356330490363,0.001290181347186616,0.0006081477357710971
2541.25,0.005139291297644538,0.0018086085617812844,0.004805208454919246,0.0018140435736996457,0.001474547752433478,0.0006351838987251869,0.0013139494171719483,0.0006184077217229555
2542.8,0.004964399184092439,0.0017601426327742084,0.004604782498009408,0.0017615292606551964,0.0015192160915883449,0.0006177475882724014,0.0013572842568620599,0.0006038720738750101
2544.35,0.005704069330336209,0.0018938835410364258,0.005423351601119497,0.0019123567013675802,0.0016502161164052885,0.00069080222395343,0.0014968920372674416,0.0006838920091362143
2545.9,0.0061931914694630975,0.0019084090492947556,0.005946862366850184,0.0019120441705071085,0.0018108696733189062,0.0007070262852597404,0.0016641754908385163,0.0006977081437090182
2547.45,0.005776598041184345,0.0017949455310115408,0.0054969657279518415,0.0017961377714691374,0.0018922617265025765,0.0007165028534152341,0.0017493438507502404,0.000706699373668856
2549.0,0.005480805906036184,0.0017619202516819658,0.005169710453167691,0.0017550446416487568,0.0018704248017908077,0.0006904573771227741,0.001731315070474965,0.0006833495377521012
2550.55,0.005179011447536578,0.001678714122539261,0.004834088643475473,0.0016569579220846273,0.001831821027441822,0.0006768365114567627,0.0016887610153750502,0.0006704495743293114
2552.1,0.005634231925588528,0.001729274480154381,0.005339559666109892,0.0016961560167788954,0.00179288438506686,0.0006362404928337098,0.0016465385414853786,0.0006240095409246517
2553.65,0.005170329665324417,0.001597080225437822,0.004833903390664574,0.001555261692364532,0.0019990456878069543,0.0006612570557332762,0.0018617390426466276,0.0006463293309702867
2555.2,0.0053346882970383425,0.0016591350916507154,0.005017035550957219,0.0016383660501384178,0.002028583240232357,0.0006197613928583744,0.0018981205609395044,0.0006128953917092944
2556.75,0.005150622344414974,0.0017014633689711508,0.004809074004257473,0.0017025529187962762,0.001947054877462024,0.0006042724310656533,0.0018132666522662855,0.0006036819843196743
2558.3,0.005284350875784724,0.001709255305974249,0.00495081561877214,0.0017218807227090197,0.0019216323561915738,0.000591076679289612,0.0017862985528848381,0.0005878221286563322
2559.85,0.005887922883777089,0.0017399401805008202,0.005611131480767904,0.001744257318111901,0.001719382504767416,0.0005168207998529829,0.0015737175669415671,0.0005149961026837626
2561.4,0.006095250783030448,0.0016674486519842823,0.005830487565291247,0.0016670868665129726,0.0016524183103417474,0.000497044658533993,0.0015033961094178903,0.0005019369820252398
2562.95,0.0056055048457602005,0.0015390386852423277,0.005298815537966433,0.0015374578393769233,0.0017738868800737317,0.0005567638576077946,0.0016358636511735808,0.0005685381574983046
2564.5,0.005601626284326786,0.0016035245264809871,0.005297159603832582,0.0015982141550623776,0.0020441655834326005,0.0006098963171602542,0.001927115366146945,0.0006215871726238507
2566.05,0.005960168472556723,0.0017599931152887831,0.005699700572435947,0.0017582586652763574,0.002313296796701079,0.0006786047511881932,0.002213622920079468,0.0006910051402054743
2567.6,0.005837543071000342,0.0019174618750237608,0.005564608625784637,0.0019342480881527242,0.002572973768444621,0.0007662899331472327,0.0024833346061265867,0.0007804434768113762
2569.15,0.005880961442272923,0.001967148562084509,0.005613891729694138,0.001982412566945185,0.002627105622372854,0.0007737130348076974,0.0025387661994194454,0.0007789102065934721
2570.7,0.006439794087635034,0.002109811947087013,0.006236143910941244,0.0021117358571733935,0.00228415783568663,0.0007151463022323307,0.0021863075273676493,0.0007204928275963342
2572.25,0.0065923831804176195,0.0020381289812831356,0.006405972227297079,0.0020170349383045023,0.0019635877623275485,0.0006889120494626635,0.001848334388274179,0.0006860312307977453
2573.8,0.0068059465372997075,0.0019816407657432555,0.006640792278823328,0.0019524554857079698,0.001801881832174107,0.0006546097205802293,0.001678463229951614,0.0006436991919160288
2575.35,0.007006779581084537,0.002052133967493011,0.0068565757261314034,0.0020418340440015404,0.001718868107124615,0.0005903884406851558,0.001590149420221816,0.0005734976274373685
2576.9,0.00645977913701932,0.001905709753024148,0.006250117566451119,0.0019174798313136574,0.0015605560046064342,0.0005073261031787757,0.001420150256055844,0.0004931030220832738
2578.45,0.006135989781841826,0.0018104727556470816,0.005886331218368584,0.0018023322035196263,0.0016840180249048445,0.0005540675835243377,0.0015526048571812597,0.0005465173621089108
2580.0,0.005504318026532464,0.0016426338345597036,0.005192888274651329,0.0016300060542833198,0.0020086763245676293,0.0006534519188783086,0.0018984722499587891,0.0006587007506820407
2581.55,0.005757711927965942,0.001678059549867223,0.0054841791224309435,0.0016677673440280247,0.0022500414001861203,0.0007338506508615244,0.0021514952227417545,0.000747283646346378
2583.1,0.005505638181855537,0.0016886473382752658,0.0052008869250560665,0.0016842934655894517,0.0022865036151549127,0.0007623722915820853,0.002181307678843309,0.0007752442472762965
2584.65,0.005263795054566477,0.0016555241096455982,0.004933927557467352,0.0016287724401065056,0.002185620765002363,0.0007448361485266922,0.002073036042051465,0.0007527424862698154
2586.2,0.004901086811576978,0.0016857096293996792,0.004558304387907036,0.0016571636726786293,0.0020392499613165293,0.0007232048590210253,0.001911749760745867,0.0007260561851484995
2587.75,0.004474984776082384,0.0016272168852255473,0.0041189375717014445,0.0015731444503058014,0.0017290117409369927,0.0006550553396128765,0.0015904647190704004,0.0006621108404550645
2589.3,0.004196794307130455,0.0016408679348347956,0.0038311312140102177,0.0015641283956152946,0.001646018902368708,0.0006374480193886619,0.0015114333477559297,0.0006468657569277709
2590.85,0.004072241802374161,0.0016773644647829148,0.0037022346859983436,0.0016040517644763182,0.0016592706356876952,0.0006118488427647495,0.00153071345776118,0.0006165333920057001
2592.4,0.003467562298456094,0.0016068085036326707,0.00302835369534132,0.0015450884771041268,0.0014504388871238354,0.000517085986998947,0.0013106263414365737,0.0005225115574630465
2593.95,0.0038453383857956366,0.0017009298055009605,0.003437079545851077,0.001639226018278869,0.001307078421292224,0.0004937234444200297,0.0011627871339748358,0.000493740554628744
2595.5,0.004152236242863493,0.0016977492012992628,0.0037726453957848062,0.0016623154819252475,0.0012407545373265348,0.0004862062830256372,0.0010944442362824268,0.0004851838658564946
2597.05,0.0057570239284759905,0.0018919873966013743,0.005537901077413307,0.0018882864175317378,0.0013109082052535402,0.0005297838959528244,0.0011698139829945428,0.0005205985955658703
2598.6,0.006387105370790872,0.00195906767572747,0.006207173121234476,0.0019759018515585827,0.0013993925385718767,0.0005592322205581267,0.0012605431238274841,0.000549486735671262
2600.15,0.006637599766982281,0.0020268283246801136,0.006468912782921863,0.002051641307591181,0.0016011614310696585,0.0005984618464446863,0.0014687372738244686,0.0005902491014897437
2601.7,0.00753270815126422,0.002097868599063368,0.0074703281573656214,0.0021179054417021998,0.001796668905351348,0.0006303010615608117,0.0016672363653894087,0.000626362455383499
2603.25,0.007458597475331996,0.0020761331233748732,0.007412155271343179,0.002095955284079917,0.0017525400636562813,0.0005695091080975913,0.001629587546509883,0.0005728635400706349
2604.8,0.00779239451871009,0.0021464951980187416,0.007781335115533119,0.0021456341242372685,0.0018569550122298991,0.0005864390289521116,0.001740394816184711,0.000593424000408715
2606.35,0.007189955539133894,0.0020611089659078857,0.007135716875901472,0.0020565064667247266,0.002083181299667437,0.0006307362321705064,0.0019785692497319655,0.0006381795853500072
2607.9,0.006073329312018006,0.0018585933288311023,0.005914272059264239,0.0018374714930132544,0.0020890139279599275,0.0006368385068024685,0.0019807612749631583,0.0006412108529948329
2609.45,0.005848647424292993,0.00180113893313587,0.005679420751512114,0.0017844087392836106,0.0018007298956603313,0.0005524347795254494,0.0016836132872418805,0.0005556670013404875
2611.0,0.005221235253086967,0.0016723833307266697,0.004991686657132371,0.0016355682589101704,0.0016231895931180396,0.000537332788021337,0.0015016795140061084,0.0005366052705573547
2612.55,0.004997965933235362,0.001655145074983326,0.004745348674463857,0.0016220501469072582,0.001739437895967471,0.000625947438125833,0.0016341737256772896,0.0006249764446238108
2614.1,0.004786118046136234,0.0016308262574880968,0.004503954016602493,0.0015992474882299153,0.001865314052838839,0.0006602743727526323,0.0017706160620307833,0.0006641230762807853
2615.65,0.004813126463405093,0.001569092928205288,0.004519458940743833,0.0015316323339057722,0.0018246816435473134,0.0006907041364205511,0.001731364296012448,0.0007008239784737818
2617.2,0.005580495076121343,0.0016716474910739164,0.005356789653057358,0.0016394240740588634,0.0018391406742496602,0.0007028961705183912,0.0017471359206552544,0.0007144887386748876
2618.75,0.0059971273788583255,0.0017399807159490762,0.005815631564560615,0.001719774275283041,0.0016273269403586307,0.0006398078386637732,0.0015192680939532122,0.0006455602926988382
2620.3,0.006601581502970889,0.0019230245446217905,0.006474918873978929,0.0019061649666066703,0.001538939547529372,0.0006155378954084916,0.001419649913897845,0.0006204300753721582
2621.85,0.005913309621298043,0.0018095752921743482,0.005723902739052633,0.001796415555164913,0.0018455911179605772,0.0006237592003222609,0.0017446655032282256,0.0006259464761632958
2623.4,0.0060316677694639866,0.0019118924423324234,0.005856718315156437,0.0018961206732607486,0.0019528903135276926,0.0006286276052902368,0.0018562051903102353,0.0006311299560609164
2624.95,0.0056311830895153965,0.001880093343145477,0.005419219303652712,0.0018487046721897182,0.0021617161866330243,0.000619104483072068,0.0020887361577835513,0.0006305791810738341
2626.5,0.005345347964255781,0.0018941860818223574,0.005109707350597173,0.001842479019322641,0.0024839395331781853,0.0006565143881638377,0.002434444283431734,0.0006692863168830575
2628.05,0.0049913643706204405,0.0018665332270374022,0.004728017435148132,0.001805894087217099,0.0026150831698667255,0.0006657679787381834,0.0025802488244920357,0.0006795992576618619
2629.6,0.005533493707557163,0.0019157585524860947,0.005319699011594529,0.0018514320251272415,0.0025908491397793683,0.0006424906237856871,0.0025541447673321344,0.0006530607750589349
2631.15,0.005403950400840829,0.001872851033316619,0.005178422068259493,0.0018155978741316921,0.0025491716423507184,0.0006508318896898535,0.0025146175664160046,0.0006579997948444887
2632.7,0.00463829289980146,0.0017598734415669014,0.004385425568127122,0.0017219343679695882,0.0023905473006891375,0.0006526361164283392,0.0023459001347731247,0.0006540362096819548
2634.25,0.004696069437326992,0.001704535139837903,0.00449289606449089,0.0016760658799172155,0.0019607798979422598,0.0006134971879065115,0.0018855062771863235,0.0006123910448832066
2635.8,0.004455680903200526,0.0015440914043348846,0.004253032795307866,0.0015050805750176752,0.0016077832517643062,0.0005804900805337137,0.001504889340300289,0.0005777037743864811
2637.35,0.00367113852469296,0.001395616349114257,0.003391385452038102,0.0013508953474388088,0.0017174864156394695,0.0006029784045611698,0.0016248752138440454,0.0006025690035299183
2638.9,0.004201609518505671,0.0015153193301095877,0.003978899838559978,0.001473397277161672,0.0018186246394812484,0.000653971621894242,0.0017327012525826166,0.0006583548852730979
2640.45,0.00399106182469641,0.0016417471206783447,0.003739417264016361,0.001623945485511039,0.002142718800056226,0.000680312801645094,0.0020804920252086422,0.000685539513729132
2642.0,0.004971279067246302,0.0017869002767436086,0.004809038940707751,0.0017756960016648102,0.002306333035464552,0.0006973831375919058,0.002255773198528292,0.0007022316697251105
2643.55,0.005492738962618552,0.0019578512965917234,0.005359369465679352,0.001959990245026111,0.002313369312828112,0.0006533994894112932,0.002267448174604409,0.0006582418175398248
2645.1,0.006291900577597499,0.0020927998920792653,0.006196918894782053,0.002076390291529156,0.002306301208947177,0.0006317331302988666,0.0022570656488887643,0.0006342309489015041
2646.65,0.006966967476457625,0.002223323638960913,0.006926274592669651,0.0022085865959195136,0.0023175315116495863,0.0006195209576015093,0.0022715770572695236,0.000619730680660513
2648.2,0.006613883410388234,0.0021233601133716393,0.006579855829829876,0.0021178654200826254,0.002084338036078116,0.0006036471934258702,0.002023595841680019,0.0006042841804477561
2649.75,0.006442057510165411,0.0019991667486054087,0.006400713125674542,0.0019875355395413945,0.001781849980155295,0.0005617206632555412,0.0017004447907938488,0.0005648754137691938
2651.3,0.006397853327305566,0.0019367282521892798,0.006353925339333402,0.001922284215894773,0.0015264681976824997,0.0005437758207834935,0.0014259182702802287,0.0005486215366082173
2652.85,0.005158697355356404,0.0017369449049183332,0.004984443367571773,0.0017290693104547367,0.0017067585128724865,0.0006086720055887581,0.001618829712841751,0.000604535490521779
2654.4,0.005362136893539735,0.0018032847750443486,0.005221613395138293,0.001784161873680199,0.0017013902035819368,0.0006493857462235112,0.0016203887390746187,0.0006507387843056654
2655.95,0.0053466079023894485,0.0018474032552707428,0.005211309661706029,0.0018347502813180388,0.001671866513478342,0.0006083627226963632,0.0015946387404369802,0.0006120226328476644
2657.5,0.006036890209510996,0.0019449118910849152,0.005977662949608397,0.0019418767704977799,0.0017194198853478818,0.0005948098799244349,0.001650854433971479,0.0006006770247171439
2659.05,0.006055820446658677,0.002018534523098201,0.0059996346048049164,0.0020138593773369583,0.0017667660458683663,0.0005701178237854255,0.0017031817507546353,0.0005747163681348101
2660.6,0.005925463898244604,0.0020418743590291635,0.005847165305105373,0.002035433017080658,0.0018491126161210155,0.000604019577812678,0.0017900814454334777,0.0006061095245888474
2662.15,0.006022852150508167,0.002027927947219142,0.005955172153928976,0.0020068241165220155,0.0016594217885967017,0.0005556664933748048,0.0015921725156873804,0.000554383947719228
2663.7,0.005216578390210547,0.001998269663296271,0.005077343876496914,0.0019824327925234454,0.0015904173493756588,0.0005540598104331883,0.0015200449611284745,0.0005538306081985909
2665.25,0.004666605115840045,0.0018466167355341717,0.00446822324278294,0.0018127563927191799,0.0015852208876714474,0.0005682214753136002,0.0015141886056032974,0.0005685439296978078
2666.8,0.00412468392969313,0.0016597339961160274,0.0038631328313680612,0.0016200624698707788,0.0016085606002090999,0.0005710153802623856,0.0015363936545699564,0.0005708394073531925
2668.35,0.003982770452579501,0.0015776182284914862,0.0037119485219013534,0.0015519274779933912,0.001739954575455338,0.0006143006057845972,0.0016757720075815997,0.0006096923358986307
2669.9,0.00475637695884636,0.0016688091524270697,0.004579246450238793,0.0016447063849576644,0.0015161232746481543,0.0005509732897085826,0.0014481799796526864,0.0005471591926570014
2671.45,0.005613962499592512,0.0018131570719151302,0.005517577499402609,0.0018168966761244463,0.0013909723604227972,0.0004995409316207948,0.0013186714006437187,0.0004940526772727209
2673.0,0.005598007559505334,0.0017534160752429152,0.005510097504797532,0.0017688262639583123,0.0012441550082609055,0.0004707350272121679,0.0011644327217879208,0.00046703744115024075
2674.55,0.005785032301873834,0.0017727527054121792,0.005737895603327664,0.001797788173716612,0.0012507306512168446,0.0004826184060807951,0.001172737296579286,0.00047626283336809207
2676.1,0.006267107059443662,0.0017596325609597152,0.0062830768696613215,0.0017649090364821787,0.001294171633659665,0.0004941118296135758,0.001219665267231268,0.00048765047338198114
2677.65,0.0060722816515497635,0.0017658698712877583,0.006083949091552221,0.0017556160789584327,0.0013068394930280045,0.0005138161392844667,0.001236682747725213,0.0005185929612757267
2679.2,0.005714124390906943,0.0018381502718989092,0.005688261372796754,0.0018304744227726176,0.0015817526750233266,0.0005712658210318214,0.0015315451550222381,0.0005785034656968458
2680.75,0.00582551648920462,0.001888036906560042,0.005772673993551595,0.0018709423530277097,0.0018183532506386498,0.000606570963963382,0.0017837473100557899,0.0006125676670857257
2682.3,0.004770274776002464,0.0016904948921314213,0.004648410188270566,0.0017061737342536148,0.001834096577897207,0.0006069121454233007,0.001798553868311361,0.000612674965982439
2683.85,0.004745209722223197,0.001666948726673208,0.00466081900158051,0.0016858206343814876,0.0018357535526816442,0.0006229364924931106,0.001800850476572773,0.0006286973081022964
2685.4,0.0044738643041502294,0.0016185654791955315,0.004379769807191138,0.0016355716907313022,0.0019139188308487918,0.0006335992132698792,0.0018915949746102067,0.0006379489857346239
2686.95,0.004269758475044432,0.001533333558017037,0.004153347381548209,0.0015394530021147874,0.0020681531291426285,0.0006838247654611909,0.002059351824274752,0.000688098816243445
2688.5,0.003899572637413618,0.0014533669560872482,0.0037574327144221814,0.0014625638508842984,0.0021677868144458785,0.0007385726365170511,0.0021696726863509263,0.0007468106759906069
2690.05,0.004064287208139901,0.0014562349317446149,0.003940679460381037,0.001482836994669448,0.002336967707727302,0.0007869481720247845,0.00235126302614345,0.0007952651900459079
2691.6,0.004350659169956529,0.0015496910061335216,0.004241245542357932,0.0015648409498375743,0.0021675488652112113,0.0007577020102210105,0.002172455862918092,0.0007675721230412622
2693.15,0.004702833627855992,0.0017343517753044707,0.004609682602102615,0.0017424110087859673,0.002111806153500794,0.0007439012926029027,0.002114949396602613,0.0007543856408435514
2694.7,0.005531417045450092,0.0019055933506789673,0.005493328328739499,0.0019023147571690245,0.001991997678905491,0.0007383614249623192,0.001987927733710832,0.0007491500442261894
2696.25,0.006497671105601791,0.002075130065888059,0.006522505702327405,0.0020602009580653812,0.0016122151857131597,0.0006209264061896858,0.0015795698051848024,0.0006240838998795506
2697.8,0.006884150341583673,0.0021780156492676424,0.006989982545327811,0.002199244289654733,0.0013270592316029063,0.0005299682276693077,0.0012742237841059012,0.0005272388254472952
2699.35,0.006591321698192468,0.002239092050353599,0.006679695383336012,0.002272272087002361,0.0012676449630138781,0.0004942096146956274,0.0012114379649223884,0.00048643005629390155
2700.9,0.006972234599145137,0.0022884815252889887,0.007118833226085176,0.0023415487284420785,0.0016305211223201933,0.0005392702018136581,0.0016062326078831438,0.0005350876535304935
2702.45,0.00707890002187866,0.0021862797940763452,0.007244027801827776,0.002236221743018798,0.0022580649424619867,0.0006422250633658685,0.002287046104627554,0.0006455106278426135
2704.0,0.006685353262709585,0.001962100300223673,0.006805064145410501,0.001989440639274644,0.002840629339377537,0.0007533649055942465,0.00291649693694012,0.0007668589879631654
2705.55,0.0062582455785528904,0.0017445026353936244,0.006333298465931032,0.001743812929730866,0.0030787462999467743,0.0008063974015162881,0.003171586547858796,0.0008238430443246732
2707.1,0.005826903705755944,0.0016369113515531876,0.005852721988524041,0.0016224893145939197,0.0029898466909765247,0.0008040316807290171,0.0030798847612363164,0.0008249881463060987
2708.65,0.005585270244021514,0.0016506699438161585,0.00558343556771776,0.0016416967082862773,0.002738847190709953,0.0007369634012560634,0.002810413269657613,0.0007520116203366086
2710.2,0.005819442808974552,0.0017481616190876859,0.005840344439883179,0.0017460711644946437,0.00228586170603927,0.0006268469085212429,0.0023217907375991044,0.0006354551114631251
2711.75,0.0060455499484282785,0.0018853027884561157,0.006075181829688992,0.0018828504273183512,0.0017921332376039684,0.0005219623793076412,0.0017877516485202449,0.0005221841657119246
2713.3,0.0059964033334687404,0.0019505031665930507,0.006016295595040634,0.0019475953332923276,0.0016535490419979715,0.0005560676766710742,0.001638053706755839,0.0005548551981646937
2714.85,0.00495651515465527,0.0018796537892125584,0.004882674834018649,0.001870015587334893,0.0015501900594066661,0.0006072834523914864,0.0015249865162212343,0.0006060143797676266
2716.4,0.00511136851000917,0.0019600877528694344,0.0050472387462084526,0.0019429164525376524,0.0015605871095504598,0.0006276075509291165,0.0015394064026902298,0.0006292138971367247
2717.95,0.004524374722077252,0.0019138363069209213,0.004415360024654447,0.0019031828920836997,0.001728674846652455,0.0006453870480757559,0.0017235767837513372,0.0006467971578799819
2719.5,0.003424867722575306,0.0016769675397183689,0.003220940230099254,0.0016641207771914926,0.0018115997394185445,0.0006630145711779754,0.0018128470193278135,0.0006677651229516854
2721.05,0.0032204437300815242,0.0015673990537366474,0.003015412833991444,0.0015597647877944466,0.0016428280340088604,0.0006207650359743404,0.0016341170493722726,0.0006265811170745658
2722.6,0.0027299708594519983,0.0013763751803172832,0.002481148034555519,0.0013533890609781388,0.0015261860837786309,0.0005623076271815063,0.0015116097618890344,0.0005653227627054094
2724.15,0.003070015582927492,0.0014261553664874766,0.0028483046743987333,0.0014031874245027148,0.001353204442978909,0.0004860748570837203,0.001325902539451272,0.0004844524340732016
2725.7,0.003629040369656349,0.0014793715595906405,0.003467838762218331,0.0014659007159913528,0.0012964474136569891,0.00047074089624898197,0.0012649371411490432,0.0004722916077253695
2727.25,0.004050008285708307,0.0015833663806286403,0.003920517113588495,0.0015795479864542548,0.0013962400395880702,0.0005012044747055223,0.001371900598178726,0.0005031293184605246
2728.8,0.004328320993594689,0.0016152587266054339,0.004221617373992532,0.0016132778324679214,0.001601608418234425,0.0005581291408477654,0.001588193357276357,0.0005599162467255354
2730.35,0.004361340357709745,0.0017179005658664425,0.004235135932301165,0.0017178141767483501,0.0015151779805611994,0.0005180154292115257,0.0014965593379011003,0.0005170217098349094
2731.9,0.0052485126742131795,0.0019293079435871116,0.005188668714055076,0.0019371304099686235,0.0014360589015956127,0.0005320191839351915,0.0014131463847789191,0.0005285822987183603
2733.45,0.005315242570723322,0.0019474862850922404,0.005269968757477598,0.0019646361718635165,0.0013638316614423545,0.000566627780692664,0.0013348614252603117,0.0005604410843457314
2735.0,0.0049618755220497135,0.0018457822663056267,0.004878505620169785,0.0018753218749626482,0.0012845316856129575,0.0005841208420910852,0.0012534864169378862,0.0005798863712803062
2736.55,0.0051559690058236626,0.0017816505428186011,0.00508925949596226,0.0018116878586047023,0.0009328044458014647,0.0005419949636231067,0.000883660312655373,0.0005444517309563656
2738.1,0.0055390732714514414,0.0018756486421041905,0.005506286846254317,0.001924062232325997,0.0009032490899658066,0.0005166747901299061,0.0008546039664589799,0.0005143740130566833
2739.65,0.006559051333665199,0.00212214151016158,0.006627201747481751,0.0021763118528257868,0.0008521495949120824,0.0005217852573678302,0.000800350753006197,0.0005171577619606305
2741.2,0.006646637541843803,0.002204627909223938,0.006733965020264233,0.002261544417435044,0.0009253538377560044,0.0005300625902902853,0.00087694852007509,0.0005250661530318476
2742.75,0.006614626533846238,0.0022160873335943525,0.0066944344291191785,0.0022681329540170147,0.0008963326176252884,0.0005221269991140133,0.000846175698672365,0.0005193105649689248
2744.3,0.005978616122499669,0.0020437043316473753,0.005991392666635012,0.0020835331146996177,0.0008995487574494513,0.0005055492072533868,0.0008465741629251538,0.0005021718354924211
2745.85,0.005219337023811842,0.0018955405641147211,0.00514536674228531,0.0019282248463088924,0.0008198920649571582,0.0004730973527281363,0.0007616218109206463,0.00047746288327707415
2747.4,0.005493495749074346,0.0018038956911906406,0.0054501976778659166,0.0018163237311378904,0.0010236504323096604,0.0004882680073915414,0.00097505307695749,0.0004876274572484865
2748.95,0.005054473259237638,0.0016535998480232434,0.004959542272946021,0.0016524816632040651,0.0012034015037075694,0.0005524823579611039,0.0011629829390832332,0.0005560943931796754
2750.5,0.004761557819532609,0.0016170045775584418,0.004622522762459666,0.0016175620803764682,0.0013179411454680237,0.000572658793297335,0.0012827581255085744,0.0005784061838636729
2752.05,0.00472351259902408,0.0015890399765930787,0.004579787737604818,0.0015882679851350718,0.0014895641398664202,0.0006469189992214131,0.0014640915413966186,0.0006602558327742412
2753.6,0.004811087035385229,0.001553397646637925,0.004652370850491055,0.0015397253061727708,0.00182285248000896,0.0006954347081074257,0.0018156318477417488,0.0007084602110214922
2755.15,0.004368189888276228,0.0015175942704758662,0.004184318426386626,0.0015059367234015796,0.0020175168261499653,0.0006957332437419867,0.0020187067285530667,0.0007034934814757904
2756.7,0.004295725185515378,0.0015281621389805517,0.004115240785748515,0.0015156319116292184,0.002170065633637697,0.0006867598687320981,0.0021765524142952197,0.0006938448870442093
2758.25,0.004131177069710679,0.0015166324922975564,0.003929140377053248,0.001492518549346964,0.002157461946215132,0.0006701492138004917,0.0021623565687263176,0.0006771181706354798
2759.8,0.0033270935633361682,0.0013824620242176822,0.0030696339959271246,0.0013503787147515656,0.0020183917879162444,0.0006218908475981737,0.0020109110892473575,0.0006210783537168339
2761.35,0.002647378204984369,0.0012884486567634424,0.00232897031743925,0.0012489179028323891,0.001778532748407953,0.0005587620443913834,0.0017501801962779618,0.0005561113498300864
2762.9,0.002922708619850566,0.0013046622302363975,0.002636353811237571,0.0012537294454738233,0.0018122366987851776,0.0005536430735372578,0.0017847841933517376,0.000549451722811458
2764.45,0.003670042054975804,0.00142699246850305,0.0034560836642771055,0.001383570818932465,0.001739841050639807,0.0005640886727634087,0.001703641011843298,0.0005585586477825424
2766.0,0.0044864211774069285,0.0016141962273129543,0.004336101012092853,0.0015900508961158362,0.0018091511557999044,0.0006484270643272662,0.0017723741581035413,0.0006505148101040651
2767.55,0.004695327846361789,0.0016217953044395654,0.004535776249007782,0.0015955712442366542,0.0017710291962070265,0.000712782464300838,0.0017294315114267623,0.0007276798813529253
2769.1,0.005541266988959055,0.0017914997788625762,0.005422479918662189,0.0017887699197099522,0.0018405158364035248,0.0007449351512981164,0.0018023533265558204,0.0007646006936260784
2770.65,0.005661592525929456,0.0017992473898937966,0.005546009627267123,0.0018138103874934684,0.0019494990231529682,0.0007872678852408788,0.0019142526542523133,0.0008083627644446483
2772.2,0.006148685559682025,0.0018909149007610357,0.006065889424157195,0.001921067553986307,0.002052330519753397,0.0007723404853380348,0.0020119574242756623,0.0007895515062914392
2773.75,0.005844330045109191,0.0017910692278649513,0.005698772544477574,0.001795423230642041,0.0018501653550425505,0.0006630685338239211,0.0018007269768664763,0.0006707809701894148
2775.3,0.004480353905544117,0.0015029599209048148,0.004256115843357795,0.001492598484068044,0.001703623659224584,0.0006339109954601646,0.001641822784853469,0.0006346975557231258
2776.85,0.0035150114252853293,0.0013138703378053644,0.003198177923837622,0.0012792773727863889,0.0014307733882948596,0.0005798302859789775,0.0013562418350648025,0.0005759230767326462
2778.4,0.0026975165670048433,0.0011189390156907525,0.0023322834638854904,0.0010891819771791079,0.001374761871321287,0.0005778186106385538,0.001299726180942358,0.0005725020836115878
2779.95,0.002788396285658345,0.0011233019794084113,0.002453567763925543,0.0010801311962373432,0.0012549296714596478,0.0006087643456871493,0.0011670524309409795,0.0006070661515857472
2781.5,0.0026405019864042182,0.001086944485012201,0.0022819681093737363,0.0010430313501343718,0.0011999695715400245,0.0005920865875155781,0.0011016729328686774,0.0005908944718505337
2783.05,0.003356600941451775,0.001161071938233065,0.0030158239353569437,0.0011234692100977343,0.0011127796103024793,0.0005600553490717837,0.0009992962814109343,0.0005619594552812489
2784.6,0.00419279554288554,0.001383724531570721,0.003929085994460056,0.001374603010369168,0.0012876487481580372,0.0005865032206231242,0.0011711737034787533,0.0005825572639026964
2786.15,0.00454230321236508,0.0014831478190162357,0.004285522865117351,0.0014700576860067365,0.0013753388101829717,0.0005704386487986107,0.001249146665465395,0.0005626915626510999
2787.7,0.00485875140507916,0.0015580828991895333,0.004602515809599943,0.0015577349427606994,0.0013403929787324633,0.0005351229844543272,0.001199733544208471,0.0005194317343299614
2789.25,0.004713301030419368,0.0015877474568594943,0.004402186136793991,0.0015909537946943461,0.0009974286313612407,0.00046670725586772817,0.0008396775806735346,0.00044969685204665976
2790.8,0.004451834116001482,0.0015160637244713716,0.004123784024881377,0.0015025290734683398,0.0011233490094558153,0.0005058296383487305,0.0009696864007250912,0.00047700245159406496
2792.35,0.0045215666620974475,0.0015999242727492461,0.004156572037503907,0.0015738067791089727,0.0011462369635022204,0.0005135546795779573,0.0009953723325283324,0.00048258056798188427
2793.9,0.0048654757870264685,0.0017283989869207722,0.0045231049555658044,0.0017199396591726043,0.0014186235594516948,0.0005347208685059957,0.0012594701997583613,0.0005061451469367572
2795.45,0.005261640414551295,0.001814106088827263,0.004944839072901071,0.0018229589976335994,0.0015672588994209374,0.0005627862513074008,0.0014121761025490365,0.000548786866256224
2797.0,0.0056077663251319805,0.0018737115198317737,0.0052918446209801176,0.0018985824015092798,0.0015096181880104296,0.000546591918293383,0.00136371205703176,0.000547507714811806
2798.55,0.0066211876529836235,0.0020956336837162754,0.006354060533897544,0.0021320744615947558,0.0014815891581364848,0.0005529894631623491,0.0013470126061412725,0.0005632787527614502
2800.1,0.006178044004550488,0.0020003467907153977,0.005898851376699933,0.0020395223870123963,0.0014185511097608405,0.0005534125291930209,0.0012856655086205058,0.0005551041534295074
2801.65,0.005925571853359086,0.001975053580795472,0.005614811322624984,0.0020117306806774335,0.001223504071990439,0.0005020864747740432,0.0010771364490287298,0.0004925102329220552
2803.2,0.005575632207213429,0.0018806614201342007,0.005212318718075358,0.0019151686842771214,0.0007777133304732546,0.00039970108612182373,0.0006235967814427361,0.00037762679590899365
2804.75,0.005095717558215127,0.0017339043410990298,0.0046641890294245505,0.0017648042180540375,0.000537937547162167,0.0003305370416203896,0.0003612230059748191,0.00029127234003350664
2806.3,0.004949389448735481,0.0016852056064224513,0.0044801118934322684,0.0017122818108460892,0.00042986136490375687,0.0003250089321790503,0.0002514740830425488,0.00027545921489411507
2807.85,0.00470643409616132,0.001657220163746865,0.004182319750903108,0.0016761456053387821,0.0005849926611386637,0.00039438436220462297,0.0003962080927778708,0.00034098528589265463
2809.4,0.005322826457109073,0.0016901948375268392,0.004814694231974824,0.00167690894921966,0.0009203542316040057,0.0005119398098079957,0.000707198176065555,0.0004544304451441739
2810.95,0.005109189726255507,0.001576555808841907,0.0045774208183699885,0.0015568386962084015,0.0011414876479340778,0.0005705416168460636,0.0009190582863543797,0.0005235703885737765
2812.5,0.005070504987180971,0.0015988444446211959,0.004522679579162733,0.0015704439766411598,0.001340954563274172,0.0006484583185287908,0.0011113778241398288,0.000614564655302322
2814.05,0.004875904954256041,0.001666408584687998,0.00429309351122489,0.0016177596988619703,0.0015206708195149932,0.0006869464916354238,0.0012651068880176392,0.0006698269492404138
2815.6,0.00462445326443407,0.0016529465067845793,0.003982976259389602,0.0015931377937285756,0.0016270880296751532,0.000701348164087745,0.0013521501292553617,0.0006867190172293909
2817.15,0.004242978804951874,0.0016404677536786423,0.0035996820052164955,0.0015766711911942817,0.0016131452032898687,0.0006843282275195933,0.0013151840002736891,0.0006635940715660402
2818.7,0.0037616304973862647,0.0015721481054508468,0.00309361371976936,0.0015269414187094423,0.0013433040235247232,0.0005876056150011627,0.0010443572668994029,0.0005505051348507442
2820.25,0.0037467123625301445,0.0015354409442111824,0.00305773513745538,0.0014766104165148738,0.0012328142306213012,0.0005834819084721641,0.0009157360699731745,0.000526040678232475
2821.8,0.0032546933229279586,0.0013722771272210359,0.002539304916715418,0.0013125843816322888,0.0008511858336539546,0.00047960409036653913,0.0005290467778748257,0.0004064081944883547
2823.35,0.0032368252855782763,0.0013297074896501352,0.0025157578617822723,0.0012864562819475955,0.0009256252240312888,0.0004845542908339108,0.0006016686117088341,0.0004100642600933743
2824.9,0.0039548599889867985,0.0013809412290339107,0.0032562555772696128,0.0013425744586137655,0.001003216534140461,0.0005326017871608303,0.000663159125224814,0.0004665983314671658
2826.45,0.004216136776848658,0.0013436332997572174,0.0035400675616364045,0.0013388847525665033,0.0012980910922126268,0.0005708109278273568,0.0009472424257288233,0.0005154037102062323
2828.0,0.004320332771543618,0.0013185304797298655,0.0036293482641413626,0.0013062263841517661,0.0016314211913353025,0.0006491739039784166,0.0012656100219314691,0.0006094960868512686
2829.55,0.004423807283885403,0.0013068748976519963,0.0036817279646018564,0.0012901080421303948,0.001948679592793991,0.0007269380256682702,0.0015565279465732244,0.0007021122756172624
2831.1,0.004827809445591687,0.0013792427950541262,0.0040513961766625835,0.0013303690203944685,0.002045345902801776,0.0007316128237659111,0.0016392650607321168,0.0007223626451813761
2832.65,0.00476254587598442,0.0014002569689790805,0.003985684367897762,0.0013442956590235039,0.002124793164623731,0.0006912688929122382,0.0017072478923595266,0.0006856719230412673
2834.2,0.004458114374547238,0.0013904802489521338,0.003616360621042729,0.001345572830856029,0.001975769273169195,0.000613457935496311,0.0015438182766724642,0.0006013603186481208
2835.75,0.004582116211415129,0.0014339683234643123,0.0036932542420841097,0.0013862007843875666,0.0017931537875975326,0.0005872094628322498,0.0013317554048714864,0.0005695723640147228
2837.3,0.004213549989209123,0.0014022113541338466,0.00329800472532104,0.0013692950027738393,0.0017005593937613264,0.0005301363560383987,0.0012250691722710738,0.00050756269050534
2838.85,0.0046617712339951135,0.0015231671149240676,0.0037636012029685227,0.0014889028687790796,0.0018565023092543215,0.00052955118129624,0.001376376158868526,0.0005110140157514145
2840.4,0.005344544109980381,0.0016874179486783011,0.004461463346935899,0.00164085510916111,0.0019818929890058094,0.0005627005215569825,0.001491069084561436,0.0005538971574488073
2841.95,0.005224919051835083,0.0015776323684415401,0.004341472597956076,0.0015273381561465016,0.0022755219731244196,0.000600729268575388,0.0017843250960673045,0.0005969364309226257
2843.5,0.004780791865801537,0.001517249507508998,0.0038452275679170204,0.0014552275081760166,0.002506841935744031,0.0006569810044999682,0.0020110137541640124,0.0006635429285321831
2845.05,0.004681739387812787,0.0015617882433309096,0.0037131290888085073,0.001509664325877306,0.002712573082216141,0.0006840501616641101,0.0022096073212059517,0.0006881315000354745
2846.6,0.004747784139636155,0.001546278249141909,0.003771937588536716,0.001473787072645747,0.0029616932174447042,0.0007129994038947785,0.00246606192967346,0.000727519032008072
2848.15,0.005465670620637616,0.0015935254646248821,0.0045472719590273535,0.0015256086249517216,0.0031572001053282077,0.0006627238127284474,0.0026655607254687636,0.0006853399928980222
2849.7,0.006593091240363133,0.001677882643304979,0.005783090038998373,0.0016315796436958013,0.0033620205563222143,0.0006337353835746808,0.00287507811187706,0.0006591589187171242
2851.25,0.007443051399113164,0.0017724816502178962,0.006693229326797407,0.0017485844015680068,0.003498772366524407,0.0006048202882939064,0.0030088172067888413,0.0006272268751857929
2852.8,0.008364471057943256,0.001892309382284081,0.007697419209502215,0.0018811539482541525,0.003530586938694824,0.000548589894888631,0.0030331883383265673,0.0005716580354760182
2854.35,0.009063795868879116,0.0019786847183688658,0.008435595460837466,0.001973761257902102,0.0034154751913420215,0.0004866023090118666,0.002896838157535678,0.0004973838037886138
2855.9,0.008896066712952318,0.0018514000747598001,0.008201980063706347,0.0018197018786767446,0.003395456255523936,0.00048694212224537574,0.002861488055059236,0.0004876610977132815
2857.45,0.008443742522934835,0.001828585236532872,0.007695042258535123,0.001793478307774188,0.0031694767629612403,0.0005002560862574161,0.002604391124154402,0.0004913754159619645
2859.0,0.008050102635019027,0.001810099362477013,0.007241984845572824,0.0017843370686554145,0.002858241255998737,0.000497212025216075,0.00225332287331325,0.000488838930308718
2860.55,0.008325981169264151,0.0018165371064770173,0.007532769029425623,0.001805833531822483,0.002886712450666797,0.0005351281060000763,0.0022706577786501783,0.0005311272658964381
2862.1,0.008119612984803883,0.001857692908687912,0.007284541847000963,0.0018578821421820183,0.0029898425591892482,0.0005648679600994915,0.0023679015851256094,0.0005790630198237921
2863.65,0.008936152957164416,0.0019602157651857754,0.008182259041019914,0.001971662005926568,0.003121208842987594,0.0005675181122260721,0.0024971486278405268,0.0005812195855230931
2865.2,0.0097012196238983,0.00193769372116564,0.009021466347251783,0.0019332485135417966,0.003342654041972192,0.000571393265383006,0.0027224239351553523,0.0005860789845043631
2866.75,0.009555149342631577,0.0018527430211020765,0.00884379874166155,0.0018385902589162953,0.0036358811571447795,0.0005616908831299883,0.003027000055045583,0.0005771732690507734
2868.3,0.010199517434969614,0.001937182628980713,0.00954030148451772,0.0019216932871639638,0.003882238168812195,0.0005707900654427987,0.0032844803080968434,0.00058499148218334
2869.85,0.009540066991381057,0.0017653945389764956,0.00879983268202083,0.0017504061407166138,0.004220571424701621,0.0005633754928704916,0.0036399885206953803,0.0005757853009048466
2871.4,0.008652293645009536,0.0015666770408775132,0.0077958061570834345,0.0015516925953762007,0.004776481965464193,0.0006247098589710933,0.004231966015191293,0.0006395501120481693
2872.95,0.0080447802045703,0.0014571217344495316,0.007108981404994262,0.001404368547005433,0.004900681968117791,0.0006184182513363901,0.0043578076309348426,0.0006340892451373849
2874.5,0.007565829747021247,0.0013856927124544286,0.006566944777924784,0.0013434411686236761,0.004969069051682041,0.0005718100960604474,0.004422034443860119,0.000592062426867438
2876.05,0.0071371795557518625,0.0012887581086966943,0.006078022302915353,0.0012349042575841406,0.005026588039601983,0.0005789253330327712,0.0044749361869580425,0.0006040011174242969
2877.6,0.007065068059043037,0.001491382259741127,0.005987885070828763,0.0014578275408070347,0.0049600239444360485,0.0005692979389653596,0.0043932361385284335,0.0006008010481707925
2879.15,0.007319062993010118,0.0015355787740249686,0.0062589502119484285,0.0015177494114990268,0.004965949003475141,0.0005982885790546539,0.004390856671063664,0.0006260186317572303
2880.7,0.007841070678514202,0.0015931800550040224,0.00682739322779988,0.0015721335128437341,0.004908380578028672,0.0005873743702056735,0.0043197333009490305,0.0006109866392668668
2882.25,0.008730630876018665,0.0016887058549900046,0.007804536009294181,0.0016658526239046632,0.005103733208312415,0.0006046550972475466,0.0045241854084222925,0.0006257664014046913
2883.8,0.01028107115792513,0.0018383462638516352,0.009519610559590047,0.0017995221971246593,0.0053946072750242135,0.000631292444813799,0.004832922959757161,0.0006457127632369412
2885.35,0.010832958972969644,0.0019146688682637346,0.01013539947383717,0.0018892791433735626,0.005725278386551246,0.0006528665044939862,0.005185270376533307,0.0006628849356142714
2886.9,0.01116270529318265,0.0018882230585064326,0.010491755773400701,0.0018493515693848613,0.006098811405749868,0.0006459782948167695,0.005584825661236621,0.0006437730561091653
2888.45,0.011335018720332846,0.0020331322165467102,0.010679509710825335,0.0020114962475757717,0.006309762951239387,0.0006255774568325635,0.005808022925651358,0.0006157406382827352
2890.0,0.011172469417724236,0.001995400956263601,0.010493205528972429,0.0019836783382185257,0.006375731240350805,0.0006037812222055125,0.005873989445947225,0.0005924379958177397
2891.55,0.01094225892510178,0.0019138752285284936,0.010230212521775138,0.0018963703994083207,0.0065374013097965165,0.0006360188726911599,0.0060447282566098715,0.0006303825871807498
2893.1,0.01094268459010777,0.0019440448156577725,0.010226290806731486,0.0019174998953835033,0.006783461725001567,0.0006721824683541097,0.0063076476269144435,0.0006696958553598577
2894.65,0.01024138446575605,0.001831695753321256,0.009435807796357939,0.0017973877389561945,0.006857111378254411,0.0007147818675873988,0.00638365076946463,0.0007152001385946213
2896.2,0.010748810268592115,0.0019317375435152636,0.01000134925988454,0.001899464438984809,0.006955207807693558,0.0007573221885179953,0.006486494259006081,0.0007611785526023362
2897.75,0.010488431261278503,0.0018086424013622007,0.009707578114408241,0.0017564260912974034,0.007344548644509135,0.0008306957523622028,0.006906763312497043,0.0008373471418979895
2899.3,0.010656516095089155,0.0018845196591563114,0.009894507406938546,0.001834030107064721,0.007571944864023727,0.0008641409120014735,0.0071515031723922325,0.0008766495359304229
2900.85,0.010909522015539073,0.0019292848856199644,0.010176980118176132,0.0018809424731926648,0.007709539703782302,0.0009201523988385977,0.007298883807602954,0.0009388148745182788
2902.4,0.010697292208110592,0.001855950111244705,0.009939493365772455,0.001798878265292004,0.007905244874336718,0.0009734051148231075,0.007510309309255547,0.0009984333882506657
2903.95,0.010773267932894284,0.0018385254216268401,0.010025688905287579,0.0017775621993283246,0.00814681284619785,0.0010579420227800453,0.007772007447643912,0.0010924877237180562
2905.5,0.011011563207770365,0.001796073727503983,0.010295080400638389,0.0017175736013232963,0.008414402156665036,0.0011609989077958594,0.00806257092718547,0.001208156140520908
2907.05,0.010839298692862188,0.0018311241681399364,0.010104655690875857,0.001784723011596134,0.008798253375435133,0.0012778558353703782,0.008480417009934387,0.001335870094141506
2908.6,0.010917595689637303,0.001900693965928082,0.010195784176374281,0.0018568336083971842,0.008976640172204469,0.0014040716129991651,0.00867503061578094,0.001469766209445083
2910.15,0.010795106092056271,0.0019342169904131132,0.010061885626499461,0.0019101264810916468,0.009055600035305313,0.0015376510845159096,0.008762260040600678,0.0016141507813860832
2911.7,0.010983054857874182,0.002004595953093194,0.010276892994723891,0.002000578174780049,0.009099779511402646,0.0016823214585575971,0.008811852069091339,0.0017697983175263888
2913.25,0.010701602434208679,0.0019568459430599782,0.009966805244963815,0.0019819700761097916,0.009467433991853062,0.0017643638167418301,0.009214257360946127,0.0018550740276773773
2914.8,0.010685934798244827,0.001916933631362829,0.009955400668449847,0.0019361748883054391,0.009699158135081497,0.0018319327177369312,0.009469444440473011,0.0019289106779850633
2916.35,0.011081511173514198,0.0019147817212737568,0.010404390346353133,0.0019209667608448748,0.009891146373361498,0.0018753190596319206,0.009682037924823077,0.0019754049104717506
2917.9,0.010489700570413684,0.0017004117011687292,0.009750190282590148,0.0016811330396285572,0.00995192524155488,0.0019213461725811302,0.009752848216802645,0.002028086790591028
2919.45,0.010782357982354229,0.001653170212364733,0.010087745031769577,0.0015986963985054974,0.01008567854189484,0.0019198255654017265,0.009903402304379383,0.0020260089857916225
2921.0,0.010703000540911082,0.0016680153091790698,0.010008426223609366,0.0015791411318507333,0.010052946926388884,0.0018984293582479466,0.009873618783195455,0.002005114281506657
2922.55,0.010667637439921005,0.0015756677982855434,0.009979399507459621,0.0014758531970280164,0.009788945524671168,0.0018911470732782551,0.00959288210689529,0.0020004372764696647
2924.1,0.01111308480000949,0.0017174524397720384,0.010488904916085881,0.0016105228426765085,0.009458972992694737,0.001832819533841761,0.00924080836364759,0.0019374811726057246
2925.65,0.01119933135640667,0.0017922350031022447,0.010596847762071046,0.0016934309022557526,0.009111398970827531,0.0017535807789832677,0.008869887985643737,0.0018548714776253099
2927.2,0.010814482918416626,0.001804253931962878,0.0101772266969527,0.0017394400253618195,0.008807952367134254,0.001674408142506066,0.008547472851738552,0.0017691076591192264
2928.75,0.011165123736967753,0.0018428824384859035,0.010583073561321186,0.001787165765601157,0.008559573968936189,0.0015549580864762113,0.008285753516250296,0.0016404231490346464
2930.3,0.011009939330498167,0.0018757862624416751,0.010420823645742676,0.0018412230668230466,0.008348129678885515,0.0014292979814094081,0.008064574719377979,0.0015010555066405323
2931.85,0.011039503104179917,0.0020332832433183254,0.01046785659280395,0.002011668395837127,0.008090366582246546,0.001333157647674376,0.007793719044374834,0.0013962631325368483
2933.4,0.01013892986595461,0.0019137620839639348,0.00947507331329716,0.0018839725676591474,0.007770007137201993,0.0012340085386513397,0.007455330653889461,0.001289016739750968
2934.95,0.009967169677229392,0.001927268885193786,0.00929926805786566,0.0019102882025820345,0.007555951447627183,0.0010887852414020248,0.007232885763181578,0.0011281168950656147
2936.5,0.009335369648473486,0.001844111416490679,0.008606847974958367,0.0018202329908925138,0.006986038783105101,0.0009901977154791258,0.006624150094331031,0.0010256033919235246
2938.05,0.009796224936180875,0.0018539902013079057,0.009140076984784381,0.0018366130230245315,0.006553985313122285,0.0008875753861507089,0.006165691815586466,0.0009173356188442316
2939.6,0.009790947818681396,0.0019988509211239197,0.00914540941817322,0.0019966290162685223,0.006334720628150812,0.0007973083025360862,0.005939160236758821,0.0008203757921360323
2941.15,0.009809741564648389,0.0019348250322784835,0.009190276046316413,0.0019253809155079138,0.006275467375404123,0.0007015153428924554,0.005886564273157011,0.0007134431007449469
2942.7,0.009591174539600428,0.001811506026049373,0.008968011891635685,0.0018132786394081193,0.0062656370522790154,0.0007065067982621964,0.0058883800363728365,0.000711964836863113
2944.25,0.009581226723133942,0.0018240413344005322,0.008978482349752952,0.001837661703749312,0.006015908800622166,0.000696026512644365,0.005629571636074414,0.0007034841135396128
2945.8,0.009739792159780367,0.001814770354059826,0.009157058603343808,0.0018346610825911045,0.0057751238828727515,0.0007097543843486621,0.005380766686059699,0.0007182318713449896
2947.35,0.008807374552446708,0.001617425592982405,0.008156702785387288,0.001617780674289564,0.0055219270704425375,0.0006984734973260659,0.005118830825107145,0.0007059335168986766
2948.9,0.007566140553953847,0.0014486290088603266,0.006803126077686528,0.0014237649760578495,0.0050685478199160435,0.0006886378513830067,0.004639439563058443,0.0006990976137696634
2950.45,0.007297757511471314,0.0013304496438143198,0.006531716785067845,0.0013049177606818344,0.0048440802414229924,0.0007249080443877594,0.004409376657690926,0.0007437858017367194
2952.0,0.006966813722302476,0.0013076815336639435,0.006188536246030285,0.0012913387991215289,0.004458644833671083,0.0006692244024752407,0.004004359282976011,0.0006822098699089737
2953.55,0.006810234575533163,0.0014166003552197903,0.0060337148762737,0.0013891288249793035,0.004125261229144132,0.0006518618540998761,0.0036567495039642006,0.0006630686423106202
2955.1,0.00689378488125485,0.0015158405292901025,0.006141680522102882,0.0014745239373627817,0.003819352477727453,0.0006302205224041454,0.003339063667790405,0.0006402646675191695
2956.65,0.007595090666486428,0.0016317231135336966,0.006946308125436463,0.0015859214532467014,0.0037160830368431126,0.0006457881377811548,0.0032420295889664867,0.0006525443268986684
2958.2,0.008004047397320295,0.0017514847001501356,0.007414367466465659,0.001718992585550118,0.0035386708594996315,0.0006417308045767158,0.0030644480682093665,0.0006489919798162653
2959.75,0.0077553885924151475,0.0017969178628607072,0.007142149173884406,0.0017679837383017076,0.003411304556834147,0.0006196786997715928,0.0029393845796126523,0.0006241266610279366
2961.3,0.008289223192866648,0.0019527489915276979,0.00773469059120662,0.00192728790155228,0.003172484827362326,0.0006065863098137813,0.0026933518040941746,0.000613627099874607
2962.85,0.007189801120797499,0.0018227961199940293,0.006551492147880192,0.0017953020433390254,0.0028568541611018222,0.0005518673743434907,0.002364667611150999,0.0005552410070931386
2964.4,0.006731210093879083,0.001816826988077621,0.006063428216645651,0.0017776643724767695,0.002364667059814537,0.0005136800007762466,0.0018628426218965544,0.0005161335380099604
2965.95,0.006837328700118056,0.0018900276471659904,0.006198890953266174,0.0018446041173399849,0.002331590944679655,0.0005248132924384212,0.001853685383491081,0.0005201876979950662
2967.5,0.006321952197528061,0.0018533231177412346,0.005628636787847626,0.0018005172453964598,0.00202370982385807,0.0004952462501235954,0.0015457019015021882,0.0004790516311675764
2969.05,0.005278868127113846,0.001801048455500955,0.004526709031941455,0.0017654923506279765,0.0017668280912067724,0.00047784129021036025,0.001288345145937112,0.000457158770573303
2970.6,0.005475077464432258,0.0017554936440348852,0.004791181980214555,0.0017046343221193846,0.0017764722184019594,0.0004973454373640278,0.0013138570631532741,0.0004805795591474291
2972.15,0.005396660556793486,0.001744485311111604,0.004753608930360372,0.0016991487038858254,0.002001171045390769,0.0005661183184912044,0.0015590317308392487,0.0005617279141231327
2973.7,0.005003407767938977,0.0016242454265061324,0.004354309645846463,0.0015675306141730932,0.002107895703727195,0.0006287482137189126,0.0016780774239026292,0.0006302658324718641
2975.25,0.004526777649501898,0.00153127560378684,0.0038567828064245903,0.0014603881638079997,0.0020393761747712945,0.0006558491780004884,0.0016472635569890611,0.0006583832445981567
2976.8,0.0045043582649970495,0.0015154369214909413,0.003848605990093167,0.0014505926244226684,0.0019300652184394715,0.000646072595157212,0.001560695351247298,0.0006405642829534897
2978.35,0.004043192516525162,0.001552994650361504,0.0033504715567895717,0.0014966830631442602,0.0018297600811355871,0.0006431592929148736,0.001460330117411052,0.0006185210492742392
2979.9,0.004133319093421336,0.0016034104686474837,0.003454596401363124,0.0015425892411051322,0.001448150989915516,0.0005515865906090415,0.0011128566345377066,0.0005260238641551905
2981.45,0.004332408861340284,0.0017458786786002398,0.0036666070958835694,0.001683319540645036,0.0013411376210833027,0.0005308521199628006,0.0010188288073316525,0.0005002693509381301
2983.0,0.004805764592792132,0.0018265177901037976,0.004123328748459689,0.001755760819400509,0.000997120339028274,0.00047634025832548514,0.0007012029656842231,0.0004428984179669233
2984.55,0.004045376472894976,0.0016569479174409379,0.0033956501119546344,0.0016068447654492596,0.0009699478561361212,0.00048703584738357415,0.0006807313823677278,0.00045412184177716884
2986.1,0.004337403688024441,0.0017170329817997375,0.0037836810916949785,0.0016823840701493372,0.0009398598777054855,0.00047605710969468807,0.0006894013719677405,0.000445539111750645
2987.65,0.004455739646478996,0.0016942643862547242,0.003951317815374937,0.0016648734632764269,0.0008472342298258166,0.00043500986148298546,0.0006129200225562926,0.00039479564859482355
2989.2,0.004353532291956634,0.001631251605046553,0.0039123186809062885,0.0016135955166671292,0.0007505202667866717,0.00039701876863402124,0.0005306576405663426,0.0003464758285509273
2990.75,0.004047678647006363,0.0015386254205500564,0.003620726770109804,0.001517319007466225,0.0006848091061289806,0.00039717049721945904,0.0004795252870278494,0.00033595570135440086
2992.3,0.0034692028739092373,0.0013158094666498022,0.003061681015220554,0.0012916472945031516,0.0007499547735942329,0.00044751888799769794,0.0005422394658407433,0.00038297664821205227
2993.85,0.0029782908468401355,0.0012200472817273263,0.002588386342985834,0.0011825756693637636,0.0008632009626029323,0.00047384341742839865,0.0006416840483708816,0.00040166297261653126
2995.4,0.002516161905332996,0.0011092756765603384,0.002106011010971532,0.0010501752769739392,0.000925617288162458,0.0004727665786888185,0.0007151083677443031,0.0004205122253254298
2996.95,0.0021960376112830013,0.001066837147881614,0.0017281187758236116,0.0009980515372229825,0.001125832993809615,0.0005238594993421914,0.0008993095026664353,0.00047541707304053885
2998.5,0.0028117755454048266,0.0011062139406775484,0.0023414096133427165,0.001022497965218585,0.0011757304961738844,0.0005365550326796073,0.000954510401600452,0.0004975540112697847
3000.05,0.002830980748901491,0.0011293760898070542,0.002366884869953566,0.001067588797752792,0.0014186114025058665,0.0006339402217306996,0.0011832745335854592,0.0006087019212325371
3001.6,0.0031159444072552524,0.0012588038353045367,0.0026780888233252013,0.0012424923954123918,0.0014106833435166939,0.0006475070730134811,0.0012040279828303996,0.0006251296995156656
3003.15,0.0037548333180992023,0.001422893688544568,0.003334796984286247,0.001409233249769739,0.0013820414564001632,0.000615750864431059,0.0011875222732338807,0.0005943887221640018
3004.7,0.0032657895993256016,0.0013924323450217532,0.0028411793975877345,0.0013820304947614035,0.0014397351334469368,0.0006605451759604229,0.0012487738326066248,0.000638539507134448
3006.25,0.003400754276027899,0.0013126230376637328,0.0030079080589477756,0.0012722454086435651,0.0013546624994481976,0.0006508078699508045,0.0011682718818844641,0.0006292000584197214
3007.8,0.003380859975606913,0.001356280905343208,0.003049197118184246,0.001310846521577618,0.0012095378787379538,0.0005784278971538821,0.0010375821553526,0.0005531285444360288
3009.35,0.0032983779391084693,0.0013977033504920292,0.002992521341152872,0.0013552844367203127,0.0010097269360283324,0.000526330346225568,0.0008443780055447788,0.0005036616929404492
3010.9,0.003421144225969105,0.001582418894809715,0.0031191510768499757,0.001541292430466246,0.0009725577358200169,0.0004920636782616095,0.0008165391943798777,0.00046930856355797127
3012.45,0.0032306280345921158,0.0015874929092987052,0.0029055619159496717,0.0015613740014559444,0.0009761494650320848,0.0004615304550096307,0.0008284338671160564,0.000440755644854303
3014.0,0.003500536091804786,0.0016462282163169932,0.003176656830131042,0.0016110225901846866,0.0010412519284377839,0.00047069754355967986,0.0008968374852624965,0.0004555149508694755
3015.55,0.004065278077717872,0.0016937964500208468,0.003759919368659928,0.0016703918873706956,0.0011188917860467963,0.0005025631908903127,0.0009832581005925379,0.0004956116436761553
3017.1,0.0046989662802958,0.0017087146661952648,0.004462686376520065,0.0017055075744412745,0.0011924972015329772,0.0005369444550701077,0.0010668188089561776,0.0005312158657261133
3018.65,0.004939362720237815,0.0017157623846987238,0.004724970587292154,0.0017163556013064685,0.0011029318488671885,0.000540145921338821,0.0009788751987037517,0.0005373906035195519
3020.2,0.003875247019623708,0.0014326638286212307,0.003622213182812219,0.0014520798873796923,0.001054307998715101,0.0005103430282262059,0.0009293811136480695,0.0005038923939496631
3021.75,0.004200441731265414,0.0014968742665240578,0.004022299905032511,0.001505059585754093,0.0010848094006613743,0.0005058517354586462,0.00097780081923065,0.0004927863236319278
3023.3,0.004722787439790681,0.0016751777606602472,0.004623892506634109,0.0016661780811147585,0.0011848652552345843,0.0005428715121717426,0.0010882369201467735,0.0005269380654419903
3024.85,0.005226170814837978,0.00187466855664118,0.005167523467759243,0.0018641135330829497,0.0010163099378491067,0.0005292474240839688,0.0009260330659002353,0.0005126163743255634
3026.4,0.004872444051049336,0.001815870580766433,0.0048071122588303275,0.0017989252869399356,0.001095762765246564,0.000545578861128776,0.0010180438312557224,0.0005280375631977288
3027.95,0.00418301939406658,0.0016902584972045618,0.004082601809126598,0.001688284558977029,0.0010558003521910675,0.0005763209352089366,0.0009831184137234939,0.000560567030850977
3029.5,0.004118469678873371,0.0016863673408855147,0.004012554578193376,0.0016777840833216398,0.0011726306820690397,0.000579276699325685,0.001107506346209872,0.0005672099273836262
3031.05,0.00456853371235036,0.001684663474192155,0.004497096917700351,0.001685534391404267,0.0010515008072635036,0.0005096119850785686,0.0009919473464533558,0.0004970293714421005
3032.6,0.005015187054540951,0.0016471379801761153,0.004949859968842884,0.001634528710871249,0.0009804014864802622,0.0004476651869240537,0.0009183272217197369,0.0004301350957755535
3034.15,0.004696589476249606,0.001569207109530321,0.004597642697708203,0.0015555175093437646,0.0009582650704448741,0.00045225334093614955,0.0008984253534206703,0.0004343016418476953
3035.7,0.004939803292216802,0.001629373420032413,0.004880450099996786,0.0016369198365202345,0.0009937014134921676,0.00046235602255903567,0.0009377291084739894,0.0004504404775355828
3037.25,0.0061104939956196916,0.0018710457463088459,0.00613543682585093,0.0018699633780869687,0.0010867254539208824,0.0005365518568895908,0.0010327876945564849,0.000527168342541903
3038.8,0.0063793109409046745,0.0019074091609867926,0.006452340186803228,0.001928520869645792,0.0012457445582232276,0.0006186775847181238,0.0012025628293186558,0.000611687099680285
3040.35,0.006239910355890728,0.0018035330307931542,0.006301194679779507,0.0018174208999868714,0.0011947885314998283,0.0006392911011001478,0.0011547208573395476,0.0006327519367020384
3041.9,0.006044993958653127,0.0017130983193262032,0.006125902214406576,0.0017371304534104463,0.0015184109005677237,0.0007341681386066604,0.0015004145450954983,0.000734322193553247
3043.45,0.0054408771146976335,0.0015923533818688594,0.005494222536189616,0.001612043555688149,0.0015698454483531062,0.0007445006997189122,0.001557623201971957,0.0007484191580376937
3045.0,0.0052518588214864395,0.0016485641413736905,0.005308785623254637,0.0016700287822188162,0.0019130311637094363,0.0007880582407251729,0.0019241845276393704,0.0007933576560110657
3046.55,0.004727941713524159,0.0016503657098469627,0.004732819818484739,0.001661531831988496,0.002092134797420981,0.0007685787479396038,0.002121897356853564,0.0007737362932461647
3048.1,0.004096406709123565,0.001576051431172781,0.004021855334959727,0.0015831567885991227,0.0021114473948894833,0.0007266095435555402,0.00214595360958131,0.0007329209609625139
3049.65,0.004403931593725443,0.0016367301815965372,0.004346538537688441,0.001635335505378256,0.0022062994308905477,0.000764105030309488,0.002249735588628421,0.0007734886654171398
3051.2,0.005165478682579471,0.001735410262718733,0.005163688858917433,0.0017287271348483126,0.0020553639611949896,0.000695357231557848,0.002092058960220788,0.0007007738147880304
3052.75,0.005597295493651653,0.0018244703914851589,0.005598782276955626,0.0018067860997184639,0.0017993713945977216,0.0006435381814731669,0.0018191407960004389,0.0006479263530467904
3054.3,0.005359479488249941,0.0016665594132836308,0.005359030338523027,0.0016552325253632438,0.0016827054990769825,0.0006391222108497064,0.001695068627990394,0.0006395867828476456
3055.85,0.005616494034643796,0.0016685394811978083,0.005624927349957163,0.001672030344282863,0.0014461376525026553,0.0005792912976533241,0.0014396646306037355,0.0005775949521126065
3057.4,0.0059871127103997435,0.0017365144391059302,0.006018450043958488,0.001735201919487713,0.0013895237165308582,0.0005202625016888825,0.001378128963306902,0.0005168501499690049
3058.95,0.005638208641471029,0.0017167482874136835,0.005649535844034976,0.0017089352717237073,0.0014542753334203745,0.0005411652682397384,0.0014480486996178502,0.0005360849881439997
3060.5,0.005817000766014413,0.0018134905910046069,0.005844501166078655,0.0018058385272969229,0.0017666372532200388,0.0006214640090149517,0.0017823974916539574,0.0006146745053415287
3062.05,0.005496854157416308,0.0017139458272999756,0.0054878886522204415,0.0016997900758167444,0.0018867863874847944,0.0006446824951058906,0.0019125775799161179,0.0006402469845668306
3063.6,0.005052102647531778,0.0016674297225368847,0.0049991505248561195,0.0016561691183958629,0.0018242411811041867,0.0006231482204334376,0.0018490738238295665,0.0006196825626941037
3065.15,0.004920700008307439,0.0017631266649098874,0.004856452078074002,0.0017603453616014538,0.0018806376848562237,0.0006595251280832297,0.001910401593613438,0.0006560008807294223
3066.7,0.004579246418679538,0.0017042222257142878,0.004476705837603154,0.001704245413534133,0.001850328646507914,0.0006558007524216339,0.0018779629332682114,0.0006542705996727188
3068.25,0.0046543613116959434,0.001729509808021784,0.004556310094499523,0.0017297685232166471,0.0016572869241099479,0.0005972473570842006,0.0016702383621987487,0.000594735516061334
3069.8,0.004317315959360779,0.0016450723547835266,0.00418061005811906,0.001640779428677693,0.0016414979566827127,0.0006089430335871149,0.0016520599111004325,0.0006108002786133469
3071.35,0.004374684316665255,0.0016704527281617163,0.004241577080527944,0.0016777993991648078,0.001584071426444217,0.0005672618111039765,0.0015884718084553775,0.0005725655321167748
3072.9,0.004383622226671212,0.0016224726008511909,0.004250104324746777,0.0016163095843429,0.0015720202545438113,0.0005444377350855138,0.0015731920106118414,0.0005480457047345047
3074.45,0.004540246794277955,0.0016343727221636503,0.004418329694040466,0.0016223629844479299,0.0017755930361680367,0.0005987891438929936,0.0017884779532179368,0.000597122356049799
3076.0,0.0048222874228696,0.001696287316598825,0.00472835810843471,0.001677754246362917,0.001684060689588353,0.0006010844500460162,0.0016887563375315303,0.0006002482551925995
3077.55,0.005002554182377229,0.0017451634473558731,0.004931702372176952,0.00173491867968599,0.001585942492290565,0.0005715094993031272,0.0015859319115610572,0.0005714450270326275
3079.1,0.004801036215819188,0.0018572160006559168,0.00470541566169536,0.0018712770984013216,0.0016131604528709326,0.0005977660961287832,0.0016103432061908595,0.0005954139012519798
3080.65,0.004785721594698018,0.0019481395260808638,0.004683118619976145,0.0019681641229082206,0.0015264835516703695,0.0005532822190004671,0.0015188242362983125,0.0005519872879859825
3082.2,0.005774945110264686,0.0020324505271808527,0.005780916196476709,0.0020550266644474265,0.0014157134497031745,0.00048023380589982565,0.0014005659916223317,0.0004807610884624933
3083.75,0.006531749726319572,0.0021206725266516334,0.006590082059407147,0.002132643415698191,0.0013421787344071012,0.0004461253478029803,0.0013161622748350098,0.00044237135738617724
3085.3,0.0060926534310645165,0.001909618402594883,0.00614151261630149,0.0019207296496580345,0.0014450887551855126,0.0004886922405175031,0.0014224446344432548,0.0004842656845364696
3086.85,0.005715130470666985,0.0017246388533586855,0.005749568366931932,0.001740960732369652,0.0012751911021397539,0.00048528704164516013,0.0012446625359644893,0.0004829718046553095
3088.4,0.0049812844579826985,0.0015560545126182548,0.004946560986647455,0.001575969242813086,0.0012337914547925317,0.0004925484436867928,0.0011987978609709945,0.00048125656304934624
3089.95,0.005249920201309909,0.0015788217008559583,0.005260150118349951,0.0016058849728624325,0.0010177843403111307,0.00047174113784036935,0.0009676997544063008,0.0004570837117075852
3091.5,0.005637958212831002,0.0015667323701144382,0.005698139390463129,0.001577804571305748,0.0008139063277219384,0.000424368456889606,0.000750678207092567,0.0004067996300736774
3093.05,0.006093898287815065,0.001675656464586549,0.006199504154759401,0.0016967258915830039,0.0010014343182360096,0.0004865167273091897,0.0009481315533707044,0.0004722245513705957
3094.6,0.006522758815490735,0.0017554308286025252,0.0066481719239397585,0.0017742482571946226,0.0010955539261771426,0.0005133343762757891,0.001041626891229739,0.0005068785949407745
3096.15,0.006754313362429351,0.0018498922446073599,0.006888840759966831,0.0018684630841288156,0.001180827202002806,0.0004978131090317799,0.0011298421171837072,0.0004948481271183534
3097.7,0.006804902166953884,0.0018263947530810021,0.006914491885868183,0.0018259364827448085,0.001485228656018632,0.0005110926694900852,0.0014467095520439002,0.0005084191012164455
3099.25,0.007035722797160442,0.0019263810187188657,0.007136271832575331,0.0019057644341312638,0.0017273100750192438,0.000569619142017687,0.0016928401051625472,0.0005654920882462902
3100.8,0.006870265543054328,0.0019481146663867927,0.0069782570942005595,0.0019510115381498317,0.0019511699653095632,0.0006417011743744626,0.0019235287307661684,0.000633652556655094
3102.35,0.006019881779584928,0.0018918114638470371,0.006026911594875357,0.0019077514464339198,0.0019156267827355714,0.0006384572615460833,0.0018816472412607386,0.0006318534056414741
3103.9,0.005474374156310804,0.001829083334670237,0.005414403386780506,0.0018412304115528232,0.002023064253014137,0.0006742110242061886,0.0019879495441822996,0.0006677996361871008
3105.45,0.005772537947657922,0.0018902826286954538,0.005750923884897405,0.0018984334324811814,0.0020429298248838255,0.000702635280002505,0.002005970818658195,0.000699936785789332
3107.0,0.005654839111886193,0.0018111982456699583,0.00560958210203096,0.001803698770406742,0.0020258870235660633,0.00071927148374912,0.0019804156655115136,0.0007182203954783874
3108.55,0.005702944314709019,0.0017881287603636396,0.005655707364865123,0.0017642963253018818,0.0020573607767370213,0.0007241719765713791,0.0020089076904008935,0.0007235303973313964
3110.1,0.005381416777339666,0.0016706754561337466,0.005283229392284082,0.0016399575747169388,0.0018909844278042238,0.0006536798351150272,0.0018253430325089672,0.0006531141191875615
3111.65,0.004368843997559347,0.0015054991607599184,0.004155418634622042,0.0014752283467518253,0.001963067264988663,0.0006354190487436451,0.0018940996073540783,0.0006288670242042233
3113.2,0.004564014100981803,0.0015464313372362838,0.004350061019228019,0.0015068816252082544,0.0020120104957714957,0.0006370338221440297,0.0019362840416710526,0.0006253145094582751
3114.75,0.005201598103448977,0.0016169625721415195,0.005073153585497867,0.0015873284451433669,0.0018366543641206007,0.0005919120850997173,0.0017523867286363083,0.0005751903909524881
3116.3,0.006202599012092424,0.001781915912370312,0.006166933858167214,0.0017581084301547473,0.0015771032629302852,0.0005304729764822042,0.0014769099298928506,0.0005092084495966834
3117.85,0.0059797681365614495,0.0017316996394187427,0.005950137066541692,0.0017261704400649328,0.0013411043783925593,0.0004784497761709708,0.00122285086644897,0.0004529302911449329
3119.4,0.006049480801933849,0.0016380362396287396,0.006039502543029583,0.0016280738542970028,0.001424127452211263,0.0005080912782057005,0.0013020894711869208,0.00047962369043904376
3120.95,0.005147826241313126,0.0015475042800269993,0.005062953391898926,0.0015317404549302395,0.0013819419346134507,0.0005340786420821341,0.0012578680905208502,0.0005100724641123796
3122.5,0.004682695626325612,0.0014276889569183671,0.004553621275257704,0.0013976468533015017,0.0011752948262492599,0.0005407198084773515,0.0010337856500076863,0.000524082122321314
3124.05,0.004259023658707773,0.0013635494429692853,0.004083404845899818,0.001319629977351282,0.0012900986937624686,0.0005820740532805276,0.001147152283968516,0.0005695598715993678
3125.6,0.003401940862403,0.001299771090486084,0.0031148053465932623,0.001274335249224322,0.0013060139368107362,0.0006093821450802729,0.0011550831429037955,0.0005950889250495757
3127.15,0.0036662082560968874,0.00141256135037863,0.003380291404256451,0.0013795091337748205,0.0014597507880315815,0.0005918581478336822,0.0013064232493214035,0.0005757042203556094
3128.7,0.004918021339967512,0.0015919354415698098,0.004738110110889289,0.001542154642263967,0.0013820498185058091,0.000579476926102142,0.0012116129731520493,0.0005598437481286496
3130.25,0.00516897559052798,0.0015980324032135575,0.004996342789389799,0.0015580236273000428,0.001274125227795411,0.0005126776253110301,0.0010941496401820738,0.0004913220216843752
3131.8,0.005807174762263223,0.0016822229517695138,0.005662973049636849,0.0016316340923587197,0.0013635114325040124,0.0004910607856973375,0.0011806471918604786,0.000467148193373079
3133.35,0.005600787283444888,0.0016112896067977114,0.005440375711451876,0.001565326117095864,0.0016060226001640928,0.0005475148600300342,0.0014268195654660296,0.0005276055931241505
3134.9,0.0056186240633963455,0.0016458490819479823,0.005439340440053556,0.001618681329437878,0.0018439167238090324,0.0006087117331357271,0.0016621764976792368,0.0005899563981964365
3136.45,0.005615260740559275,0.0018060438778181784,0.00543315185971379,0.0017994092462990951,0.001833910516931026,0.0006132708218731543,0.0016444870077279856,0.000588917569588847
3138.0,0.00563691973155497,0.001831002669671874,0.0054589502545454175,0.0018472298270130168,0.001856505384902208,0.0006404687608497958,0.0016604816964663688,0.0006168390910958753
3139.55,0.005865520300214362,0.0017763330691441628,0.005711489856873845,0.0017879475313495017,0.0020258887970761455,0.0006882002705483515,0.0018278901507523847,0.0006646594690374002
3141.1,0.005586042056416457,0.0017201190653623765,0.0053929018129942104,0.0017298332718851744,0.0018709114087636278,0.0006568702042096974,0.00165663922593603,0.0006333851304610562
3142.65,0.005702534046475154,0.001710169535018684,0.005524743539148973,0.0017099283375749475,0.0017145015364593025,0.0005804335637556398,0.0014817739592126278,0.000553425518425055
3144.2,0.005513045647546423,0.001684502656430198,0.005311108095118544,0.0016796540360711624,0.0014663666861100663,0.0005356708568741874,0.0012070144197129833,0.0005098489911530247
3145.75,0.00519286335076818,0.0016181263629155966,0.004943407697738135,0.0016025577804967754,0.0014102640719557494,0.0005185430261193412,0.0011361093961538438,0.0004989643099179334
3147.3,0.004838999084567201,0.001664506719008549,0.0045401481087580286,0.0016570182147309705,0.001685550371250304,0.0005692907635447247,0.0014181157201884746,0.0005427728490790417
3148.85,0.004903308843774233,0.001728766312895376,0.004602206336822947,0.0017217407636159236,0.0016616067205135969,0.000556825900380953,0.001382189873692523,0.0005335530380276482
3150.4,0.005194100736384168,0.0017825027960322564,0.004910645456467025,0.0017729718429357224,0.0018482906805362806,0.0005924042179981785,0.0015680058094744173,0.0005588979256531201
3151.95,0.0060082322302332436,0.0020171621544922058,0.005796674494785337,0.0020078146484546217,0.0018555162312770474,0.0005867073763057135,0.001569628498507103,0.0005484366898989315
3153.5,0.006059311673563693,0.002021681866909084,0.005855672059318428,0.002026627663491033,0.0018349083562698482,0.0005823308899249414,0.001544333067791476,0.0005437767268666053
3155.05,0.006382210860993528,0.0019868417185285128,0.006204846923275811,0.001978794559859488,0.0019281788623417284,0.0005803063805682689,0.0016362284782421616,0.0005356349907414846
3156.6,0.006221172381236278,0.0019514861223303185,0.006016407056222913,0.0019503152070773596,0.00203457469718322,0.0005556963341088219,0.001744091482100073,0.0005202375889190584
3158.15,0.005984059213070937,0.0018765592374942123,0.00574537617622006,0.0018564364158505766,0.0021512409063299694,0.00055540100315256,0.0018611022273813075,0.0005146761811465652
3159.7,0.005439867172198437,0.0017850040340051446,0.005134162440656944,0.0017535127498271561,0.0022107195391926266,0.0005852069955511956,0.001912168669684373,0.0005490455324932064
3161.25,0.004821248186950106,0.001661524674666296,0.004427444758003594,0.0016064184784855913,0.002200135533179161,0.0006060217607389655,0.0018853550972121632,0.0005849434856858929
3162.8,0.004003346107340637,0.0014914058224880136,0.003562786076051578,0.00143909438137187,0.002454537985341074,0.0006860128580250603,0.002143462784026609,0.0006732223056727986
3164.35,0.003081260383592603,0.001294468302820344,0.0025758928245849283,0.0012275343447705645,0.0024430745228134665,0.000676305776221054,0.002119378133800544,0.0006693316060189258
3165.9,0.0027643238696488776,0.0012446993416939567,0.002243980650070484,0.0011501718016297617,0.0025870922349950924,0.0006643708939791587,0.002258499901141857,0.0006544449687096132
3167.45,0.0032930559422323503,0.001328512774972216,0.0028379888024311285,0.001214441298373576,0.002610259423109519,0.0006448362652043799,0.002274454875446791,0.0006378466083821652
3169.0,0.003538108162000139,0.0012667148398703549,0.003105172268568346,0.0011395322712259915,0.002474427361007525,0.0006341226517208589,0.0021199540265018956,0.0006261431561939726
3170.55,0.003938964542443574,0.0013761089155382628,0.0035222988055053765,0.0012679327980697772,0.0023933745218699246,0.0006163661832970477,0.0020240427826471942,0.0006107175428123454
3172.1,0.005390343561226112,0.0016288085615030507,0.005086991546643883,0.001573981346758065,0.0023445215305845112,0.0005995111020379074,0.0019616448279414925,0.0005809894767075356
3173.65,0.00617129105374741,0.0017236710462912553,0.005918471411680464,0.0016916116609153006,0.0023007628023696447,0.0006238876761915748,0.0019052961322185238,0.0005905631596500692
3175.2,0.006983130036414486,0.001947673006254268,0.006778545881697648,0.0019227276272886294,0.002300370743035837,0.000691087815573679,0.0018943903702668048,0.0006489942389262781
3176.75,0.007038128564005132,0.0020078636039683132,0.00681541057056434,0.0019750396694061157,0.002339829738430441,0.0007190312911015535,0.0019263739495111163,0.0006797238037834619
3178.3,0.0061828600404989975,0.0017794214135248478,0.005899846711233129,0.001750920862943355,0.002524926500973958,0.0007346907894437843,0.00211531437104361,0.0006953582675872757
3179.85,0.005150767280893849,0.0015711071902650454,0.0047552992488185146,0.0015338226487107312,0.0024853286583511043,0.0006859106196757828,0.002060128225477466,0.0006453770623422869
3181.4,0.00533012729738209,0.0016861710052706068,0.004950298575652028,0.0016472121760646842,0.0024868751693350433,0.0006525889853092957,0.0020483670715139464,0.0006157015342704471
3182.95,0.005635180892934451,0.0017382801107358999,0.005278150719305153,0.001710573353091095,0.0026069902826717293,0.0006473952689506444,0.0021645427577902305,0.0006165384722912172
3184.5,0.005117179807247575,0.0016785662729675653,0.004692171522427955,0.0016518286730628857,0.0026182507501635865,0.0006383961546623713,0.002168951652123297,0.0006145910024515006
3186.05,0.00481165256768726,0.0016658757129082817,0.0043312292840095,0.0016269163467122413,0.002591120752258738,0.0006183979031388744,0.0021276081148515523,0.0005998739519231211
3187.6,0.005613398083926548,0.001815814739794483,0.005198254630726533,0.0017979915377554913,0.0024658526501776645,0.0005752616228863705,0.0019813172916378122,0.0005534580381948713
3189.15,0.005501587206934321,0.0017855030754388818,0.005067991170958417,0.0017618154258287105,0.0025578105568513174,0.0005992209746349964,0.002070941734610868,0.0005814579501506397
3190.7,0.006121310973068659,0.001983452203103911,0.005734557366166729,0.001956599395264715,0.0026945291229304668,0.0006187305541768227,0.002208771801399026,0.0005941574434006132
3192.25,0.00625260439838159,0.002023099354478861,0.005875583161715087,0.001990382272317594,0.0027007929711632107,0.0005624592359449014,0.002204372187183305,0.0005304160339813981
3193.8,0.006503237520132502,0.002089364395204466,0.006140291011434228,0.0020623189282185086,0.0025899492701686754,0.0005406168147824798,0.0020734767535109597,0.0005104261924540152
3195.35,0.006686295982291065,0.002180899063551731,0.006330431715763881,0.002165825980188501,0.0024962038967413693,0.0005552131808735855,0.001960851513002678,0.0005326901697023874
3196.9,0.006756097200289645,0.002180715265629985,0.006396130407051941,0.002156484645685852,0.0024653276702866246,0.0005997686820793259,0.0019159851837994713,0.0005856777091669908
3198.45,0.00666695858956064,0.002163629488541449,0.006287512217646318,0.0021280873578250928,0.0025430914102097736,0.0007605943210633691,0.001988366484042345,0.0007685610030265
3200.0,0.006373197565536429,0.0027441038119447756,0.00595470227989492,0.002825612618030719,0.0027752659359161517,0.0012052224626794687,0.00222748413187231,0.0012637257571415635
