raman_shift_cm-1,measured_raw,preprocessed,dominant_component_fit,residual
100.0,-846.8365316986365,0.0,0.0,0.0
101.55,-589.5521488208531,0.0,0.0,0.0
103.1,-376.3288193514977,0.0,0.0,0.0
104.65,-154.2836877439418,0.0,0.0,0.0
106.2,179.38024788040713,0.004745379571641188,0.0013965033170528368,0.003348876254588351
107.75,486.54433404599814,0.009776445830471823,0.003571290247675891,0.006205155582795932
109.3,774.9845500473656,0.014482881515077603,0.005760147596128325,0.008722733918949278
110.85,1036.1860735005976,0.01871683052289905,0.008127369405669008,0.010589461117230043
112.4,1252.501019883437,0.022171584249390627,0.010180849067986636,0.011990735181403991
113.95,1481.0590103258191,0.02584103495000553,0.012134817342318712,0.013706217607686819
115.5,1781.2244590793407,0.030757942347356376,0.014092862406030165,0.01666507994132621
117.05,2048.1259797591556,0.03509851562365603,0.015863276810975845,0.01923523881268019
118.6,2280.2296415935425,0.038836305900822904,0.01768519637475868,0.021151109526064225
120.15,2453.4875014946647,0.04155327530456578,0.01973554281908626,0.021817732485479524
121.7,2624.327860099059,0.044231102775193175,0.02143922131795952,0.022791881457233654
123.25,2789.3863295725655,0.04681149080546632,0.022803702798426778,0.024007788007039545
124.8,2944.132356437832,0.049215854383808766,0.023653277297873334,0.025562577085935432
126.35,3100.871550831348,0.05165843466543803,0.02488303546969577,0.026775399195742258
127.9,3231.785629635011,0.05365559430933996,0.025826074774818915,0.027829519534521042
129.45,3319.064685341111,0.05489776616119831,0.026206530827190162,0.02869123533400815
131.0,3404.9246632552226,0.05611940541320914,0.026538917246440728,0.02958048816676841
132.55,3464.773827465883,0.05689297793414604,0.026711307483538605,0.030181670450607438
134.1,3487.4577394264265,0.0570246584582996,0.026580819206221188,0.03044383925207841
135.65,3489.390286100776,0.05680011102256209,0.02635032182563869,0.030449789196923403
137.2,3491.102049742557,0.056576595509079286,0.025900075038547733,0.030676520470531553
138.75,3492.9734190715903,0.056360894457078585,0.02534690714627223,0.031013987310806356
140.3,3497.78544522165,0.05620153939166936,0.025167065385499586,0.031034474006169772
141.85,3455.0967229586518,0.0552213597436236,0.024716365152586985,0.030504994591036613
143.4,3353.5361392255395,0.05322272764881908,0.023895236111241013,0.029327491537578066
144.95,3260.362451731907,0.05137561651422973,0.02329404864886325,0.028081567865366478
146.5,3175.6734789971883,0.049681866386436235,0.022399539104848053,0.027282327281588182
148.05,3094.934282392189,0.04806273477955564,0.02148352120751916,0.026579213572036478
149.6,2893.488466539916,0.04435020563638461,0.020801968573120454,0.023548237063264154
151.15,2825.155048332984,0.042959068669688204,0.020624366915539812,0.02233470175414839
152.7,2870.160934133839,0.04354553044803078,0.020831808012437635,0.022713722435593144
154.25,2856.15991656446,0.043112094022875906,0.021403721228830105,0.0217083727940458
155.8,2863.6022355658556,0.043058138504233824,0.022250324916729916,0.020807813587503908
157.35,2904.927433501205,0.04360013083269559,0.023343825141382356,0.02025630569131323
158.9,3082.3699330444374,0.04651633308532526,0.025174120009581313,0.021342213075743948
160.45,3269.5386666421214,0.049608527239198785,0.02735065080833472,0.022257876430864066
162.0,3468.236586693577,0.05290816505302104,0.029704444672105767,0.023203720380915272
163.55,3698.571832623489,0.05676507484916133,0.03194183657276424,0.02482323827639709
165.1,3955.673591781413,0.06109462155549394,0.03481182074849715,0.026282800806996784
166.65,4244.901127263782,0.06599009579921393,0.03820366443427089,0.02778643136494304
168.2,4612.862448186169,0.07226222020036903,0.04247826794268564,0.02978395225768339
169.75,4992.369198792058,0.07874245429481183,0.046631008407576,0.03211144588723583
171.3,5364.827830285194,0.08510745829429307,0.05063412565641608,0.03447333263787699
172.85,5698.852294829074,0.09081138501521649,0.05430984213310779,0.036501542882108697
174.4,5969.204972111776,0.09541531816385615,0.058598768316665203,0.036816549847190946
175.95,6213.371577420963,0.0995712773080748,0.06285320571659556,0.036718071591479245
177.5,6442.215937150941,0.10346823882370594,0.06650253292284156,0.036965705900864385
179.05,6642.455204804024,0.10687518683062838,0.07036693903520005,0.03650824779542833
180.6,6826.967500243683,0.11001611194173412,0.07444636618610458,0.035569745755629545
182.15,6991.358380428323,0.11281457295572814,0.07885988094174277,0.03395469201398536
183.7,7108.159461582643,0.1147927933665308,0.08264942375812274,0.03214336960840805
185.25,7162.865521815214,0.11569845324101324,0.08589728478388063,0.029801168457132612
186.8,7146.083889429805,0.11536814358657446,0.08839752355132431,0.02697062003525015
188.35,7138.944727307,0.11521290456800605,0.09080224672853938,0.024410657839466665
189.9,7115.765975113456,0.1147859832775491,0.09291329830680464,0.02187268497074446
191.45,7063.597004006496,0.11386205266134576,0.09393851377300225,0.019923538888343514
193.0,6830.064663268022,0.10979080278374054,0.09421734850312122,0.01557345428061932
194.55,6580.147208611249,0.10544159504707866,0.09365177159172831,0.011789823455350346
196.1,6345.702948538747,0.10136842894825435,0.09234168789041768,0.00902674105783667
197.65,5911.7862928043,0.09383264122991918,0.08888210149996052,0.004950539729958653
199.2,5552.017066083725,0.08759316092137495,0.08474002354154958,0.002853137379825371
200.75,5266.239163538703,0.08264713180185007,0.08002246698944628,0.002624664812403796
202.3,4800.032586155021,0.07456928522254713,0.0750980898183909,0.0
203.85,4433.620574090198,0.06823337679687919,0.06992984958418823,0.0
205.4,4138.210728823969,0.06313845569543416,0.06446192557577081,0.0
206.95,3700.472511347686,0.05557389837027971,0.0577506699192889,0.0
208.5,3267.7479179901957,0.04810224067453069,0.05142783287882528,0.0
210.05,2872.0122741115383,0.04127944413569246,0.04549888601458926,0.0
211.6,2716.612187904546,0.03864212063786658,0.040496547979962515,0.0
213.15,2282.3352513837563,0.031159432392639023,0.034131353765724085,0.0
214.7,1947.1467630877191,0.02540512051237347,0.028141504127566448,0.0
216.25,1928.010848266344,0.02515263480579472,0.026165060488857524,0.0
217.8,1724.8393704844898,0.021703755798928144,0.023182156722788904,0.0
219.35,1483.8269300710162,0.01760103619196783,0.019675380778417677,0.0
220.9,1332.897094475305,0.015069239032167362,0.016053008014329843,0.0
222.45,1105.604631227371,0.011213178612486023,0.013109195847587119,0.0
224.0,899.640758810503,0.007731784447650698,0.010565131591231094,0.0
225.55,814.3895370503617,0.006353428465659986,0.008467404151399172,0.0
227.1,713.7556769390277,0.004710797140808434,0.006964678731196599,0.0
228.65,648.7694841223076,0.003691245713648445,0.005499492169449757,0.0
230.2,657.1884726616381,0.003951275719901271,0.003802338123716946,0.00014893759618432503
231.75,525.4619939799941,0.0017763936002659667,0.002513253509833132,0.0
233.3,436.7985612150435,0.0003529246379342335,0.0015855075257246473,0.0
234.85,456.0884681687397,0.0008092889851759404,0.0010645785927877276,0.0
236.4,377.2284045152425,0.0,0.0,0.0
237.95,313.76163158346895,0.0,0.0,0.0
239.5,294.72360127563195,0.0,0.0,0.0
241.05,301.4233326874845,0.0,0.0,0.0
242.6,264.3297364407433,0.0,0.0,0.0
244.15,200.804736085405,0.0,0.0,0.0
245.7,251.8535017889119,0.0,0.0,0.0
247.25,253.9840801520137,0.0,0.0,0.0
248.8,228.11296947822063,0.0,0.0,0.0
250.35,267.3132900614977,0.0,0.0,0.0
251.9,309.3185169593625,0.0,0.0,0.0
253.45,359.57246155785907,0.0006836598973849923,0.0,0.0006836598973849923
255.0,471.40947420406246,0.0027628059829185128,0.0,0.0027628059829185128
256.55,609.6128435470251,0.0053008931682230935,0.0,0.0053008931682230935
258.1,723.2695054918009,0.007412342218919648,0.00024224959937188534,0.007170092619547762
259.65,743.5741227420489,0.00790037364277713,0.0006381092109887877,0.007262264431788343
261.2,821.2646776890595,0.009386717048532387,0.0012521084513206543,0.008134608597211733
262.75,881.9121965028974,0.010576779684760245,0.0016652486518425945,0.00891153103291765
264.3,868.1306508455136,0.01047239525980838,0.0016648323467936344,0.008807562913014745
265.85,930.0563206163805,0.011684825204092308,0.0018775688598792388,0.00980725634421307
267.4,960.5544564072331,0.012350623228215073,0.002148602514494957,0.010202020713720117
268.95,917.7466730037097,0.011741343701250006,0.0024796267881266026,0.009261716913123403
270.5,831.5577668272635,0.010377410167694258,0.002594241405662981,0.007783168762031277
272.05,786.3223559776741,0.009725593262511698,0.0028260254440527137,0.006899567818458983
273.6,805.8598212573743,0.010200123022386992,0.0034066157562576216,0.00679350726612937
275.15,833.5459908283916,0.010816076408178832,0.004311916461159701,0.0065041599470191305
276.7,848.1926689936953,0.011204866144994457,0.005186411009429372,0.006018455135565084
278.25,843.3557653367088,0.01125434762150404,0.0059282206984013295,0.005326126923102711
279.8,839.4760838315275,0.01131998320247733,0.0068630442486329055,0.004456938953844425
281.35,808.557205730465,0.01091476708268052,0.007635825124820343,0.0032789419578601762
282.9,766.1037187459556,0.010308303920032782,0.008430961985715227,0.001877341934317555
284.45,775.7862364261351,0.010607947406897392,0.009827161835099414,0.0007807855717979779
286.0,793.5592830332107,0.011047547755782308,0.010888394513086081,0.00015915324269622638
287.55,800.2909698323213,0.011294275329497538,0.011714360058029604,0.0
289.1,739.3290022819608,0.010362708184234645,0.01239656599107338,0.0
290.65,741.5232129811577,0.010528641665695043,0.013096153627065558,0.0
292.2,768.4813946532204,0.011124248770215884,0.013599549876640811,0.0
293.75,785.1953216890861,0.011540558924713777,0.013857772037440713,0.0
295.3,793.1951467007245,0.011804111271582799,0.014099930489081328,0.0
296.85,785.0459222573444,0.011785514104746755,0.014163518704127855,0.0
298.4,751.1422146881231,0.01131762334090799,0.01419558051378854,0.0
299.95,745.7066156624255,0.011343452493791248,0.013547466439370258,0.0
301.5,714.2906596043234,0.010915901769574807,0.012536507418884386,0.0
303.05,637.1917198112353,0.009692203489230033,0.011205622760981774,0.0
304.6,601.4833909133296,0.009186744238321913,0.010279421240686116,0.0
306.15,562.2445118397494,0.008618129126274826,0.009028878276948971,0.0
307.7,515.5071837990636,0.007917261107047597,0.0074240176573357455,0.0004932434497118511
309.25,427.95166443437256,0.006504526609175947,0.006177870255750789,0.0003266563534251579
310.8,334.10838338926953,0.004980427111516592,0.004922104717639006,5.832239387758634e-05
312.35,240.60672753190303,0.003460181509972415,0.0037347276390701637,0.0
313.9,189.7172780437894,0.0026789143396847006,0.0029977489397392514,0.0
315.45,166.1602681788226,0.00237077845393064,0.0022472012245835513,0.00012357722934708878
317.0,145.76695706087287,0.0021153207992140174,0.001460533060184156,0.0006547877390298614
318.55,77.59688883819452,0.0010264485142716237,0.0005290256631038667,0.000497422851167757
320.1,13.951738266581305,1.3755557076042888e-05,0.00026595866876087204,0.0
321.65,-43.99683485326293,0.0,9.418623698118538e-05,0.0
323.2,-91.42836419265137,0.0,0.0,0.0
324.75,-50.84776775214936,0.0,0.0,0.0
326.3,-77.51376122752055,0.0,0.0,0.0
327.85,-216.3126030515636,0.0,1.7506941563527522e-05,0.0
329.4,-175.45487909302636,0.0,0.000156352213458911,0.0
330.95,-109.14984770416592,0.0,0.0004828363453841532,0.0
332.5,-70.61284886814303,0.0,0.0009445317232243025,0.0
334.05,-92.32659721901834,0.0,0.0009421116808841464,0.0
335.6,-45.3445013158088,0.0,0.0011992749259751745,0.0
337.15,54.03332876562931,0.001563313716098245,0.001689080787435476,0.0
338.7,89.12814605753209,0.002234160285437284,0.0020706177940077205,0.0001635424914295633
340.25,78.08651266614523,0.0020998875198536306,0.002581329662621367,0.0
341.8,87.06480798360161,0.002311208198989239,0.003296670461670821,0.0
343.35,189.27299573054796,0.004141517656061035,0.004278796898282875,0.0
344.9,259.81936904303205,0.005418635058719656,0.004852058509297784,0.0005665765494218718
346.45,350.3485502124648,0.007040869810532986,0.005621904294015989,0.001418965516516997
348.0,519.4492459681627,0.010027309008721532,0.007070979166679912,0.00295632984204162
349.55,584.6091436634238,0.011203576832391114,0.007683263189240459,0.003520313643150655
351.1,632.2415001760502,0.012072710170664561,0.008063805303138726,0.004008904867525835
352.65,668.6869026504555,0.01274504344341888,0.008456670199169012,0.004288373244249868
354.2,652.8879353725748,0.012506517936084434,0.008887858897730177,0.003618659038354257
355.75,587.7592940874132,0.011407879168713034,0.008885392902154482,0.002522486266558552
357.3,500.14645778585077,0.009916098747915386,0.00856420313156463,0.0013518956163507557
358.85,491.42089026952334,0.009794375177354733,0.008736041272257286,0.0010583339050974465
360.4,452.2437172770973,0.009141027889933701,0.008695417495989283,0.0004456103939444178
361.95,402.31272496959076,0.008298705790750817,0.008353993332945073,0.0
363.5,406.92586501996016,0.008403179071291128,0.007619351973532877,0.0007838270977582511
365.05,419.7239454733631,0.008648168013736577,0.007409655597537646,0.001238512416198931
366.6,409.95816896775864,0.008498903147048195,0.007312225697834566,0.0011866774492136295
368.15,341.55123885032356,0.0073279357199441805,0.006854972749187266,0.00047296297075691447
369.7,310.5827799096455,0.006806417181638144,0.006177199732834493,0.000629217448803651
371.25,312.3192432380263,0.006852057986598096,0.005676783413925223,0.0011752745726728731
372.8,346.4737996584613,0.007459909560773137,0.0055127887708078804,0.0019471207899652565
374.35,245.82270135565918,0.005721494230768709,0.005013642889777952,0.0007078513409907571
375.9,179.2905582398198,0.004574951065907961,0.004276041037027333,0.00029891002888062825
377.45,170.4936884095141,0.004431076154468993,0.0034085763672514337,0.0010224997872175594
379.0,164.4971801106845,0.004334426132870892,0.0031621502985545854,0.0011722758343163065
380.55,169.0682088436401,0.004420132565372774,0.0023707460731040102,0.0020493864922687638
382.1,160.97177430489438,0.004284106744059956,0.0012986381940520081,0.002985468550007948
383.65,57.47121560780387,0.002487349065398223,0.0006248309192748472,0.001862518146123376
385.2,26.548221488805112,0.0019515956246842544,0.0005192672013639382,0.0014323284233203162
386.75,50.706458117338734,0.002372569034772857,0.0004257112432764675,0.0019468577914963895
388.3,140.07282226468368,0.003926441667730992,0.0,0.003926441667730992
389.85,188.59236765133585,0.00476863862855331,0.0,0.00476863862855331
391.4,165.1790461848297,0.004358516245426118,0.0,0.004358516245426118
392.95,69.3421934554101,0.00268757488622834,0.0,0.00268757488622834
394.5,79.05964417476024,0.0028514113026394177,0.0,0.0028514113026394177
396.05,104.6942852373341,0.00329100386570047,0.0,0.00329100386570047
397.6,115.32441026675059,0.0034685658271239425,0.0,0.0034685658271239425
399.15,64.90031146485816,0.0025831892712104955,0.0,0.0025831892712104955
400.7,105.42785898245964,0.0032787401821321306,0.0,0.0032787401821321306
402.25,191.09462582757055,0.004758437056383523,0.0,0.004758437056383523
403.8,151.1934184501966,0.0040532074366630725,0.0005295069421986071,0.0035237004944644653
405.35,145.21578081398422,0.003937114327063385,0.0010336225066293764,0.002903491820434009
406.9,178.5472129113483,0.0045038588993530386,0.0014119019081460557,0.0030919569912069827
408.45,230.63997627962772,0.005396085955840159,0.0016719802239307778,0.0037241057319093813
410.0,235.27772735656612,0.005462127280428232,0.0022104449048398153,0.0032516823755884164
411.55,229.68956542831216,0.005349537351394442,0.0028059795633965903,0.0025435577879978515
413.1,238.05058074671092,0.005478822144852656,0.003334010804948231,0.0021448113399044253
414.65,218.8044524212106,0.0051272227988350665,0.004092005918308064,0.0010352168805270023
416.2,261.8416072032659,0.00585822892400664,0.004846612542384066,0.0010116163816225746
417.75,345.7751818403973,0.007299887320643386,0.005704089888595411,0.001595797432047975
419.3,386.8702277769714,0.007995825976712232,0.0070985995062743034,0.0008972264704379283
420.85,430.773438261537,0.008740002851815422,0.008648746967168053,9.12558846473694e-05
422.4,512.3208208436506,0.010138345200069322,0.010145178316038143,0.0
423.95,682.290173020559,0.013074054437351466,0.01144664791246319,0.0016274065248882748
425.5,817.1823355930746,0.015399137507569976,0.012976653020781834,0.002422484486788142
427.05,917.0258940598894,0.01711411410625247,0.01455012179223612,0.0025639923140163487
428.6,979.7388575827591,0.018182793203204838,0.016130402581633386,0.0020523906215714517
430.15,1233.8276252131545,0.022579598446990985,0.017915460502723,0.0046641379442679855
431.7,1386.1087935899372,0.025205217846600556,0.01982270945541484,0.005382508391185717
433.25,1466.0440538812156,0.026572092822746668,0.02180290771430824,0.004769185108438427
434.8,1579.7029489011627,0.028525100155837955,0.023668906364667345,0.00485619379117061
436.35,1688.9648890017613,0.03040121966949458,0.02522525902531747,0.005175960644177111
437.9,1778.7402662700122,0.031938005453528706,0.02661911349681809,0.005318891956710616
439.45,1816.2531069713932,0.032565390170250924,0.02789202262782617,0.004673367542424756
441.0,1748.3179705497678,0.0313583220933742,0.02851152710400941,0.0028467949893647877
442.55,1707.9868420351063,0.030630967745872626,0.029079712338939145,0.0015512554069334814
444.1,1770.0005515551782,0.03168328648799705,0.029530932345250893,0.0021523541427461573
445.65,1647.3481875494156,0.029523298300934024,0.02929115257352559,0.00023214572740843514
447.2,1561.0070193100705,0.027994441959224216,0.02847144260993614,0.0
448.75,1508.0823790273657,0.027046355940512253,0.027338459386319004,0.0
450.3,1402.2694782907138,0.02517792639936639,0.02601938782312097,0.0
451.85,1345.635193574886,0.024164379046463836,0.024443481047820195,0.0
453.4,1247.8759477004837,0.022435044010520863,0.02228427660528144,0.00015076740523942145
454.95,1016.1879890717867,0.018375763551243048,0.019021127231610698,0.0
456.5,882.3095226475771,0.016017125414227933,0.01703025588809504,0.0
458.05,757.1441863676389,0.013809450284105733,0.014900118910399853,0.0
459.6,628.0512050999503,0.0115328467887096,0.012448951473052982,0.0
461.15,521.6443456385446,0.009650175150099236,0.010826032707543164,0.0
462.7,400.61279142174976,0.007512456231042158,0.00939099541092437,0.0
464.25,296.20319926765,0.005663127841295808,0.007983692132509605,0.0
465.8,296.20857222532186,0.005629135806256052,0.006226770727491833,0.0
467.35,222.90924241752623,0.004319372106937477,0.00503598938390572,0.0
468.9,169.3488829761203,0.003352106174043893,0.004010401347356602,0.0
470.45,176.26990825382632,0.003435932907891355,0.003029627034066864,0.0004063058738244911
472.0,137.7567247228045,0.0027286288968576275,0.0027394800504042904,0.0
473.55,127.09433457491967,0.002504800537779966,0.0023247240409506992,0.0001800764968292669
475.1,140.2094273772125,0.002693563330940214,0.0017602777271743214,0.0009332856037658926
476.65,64.59406012458942,0.0013380324770318967,0.001169971395986106,0.0001680610810457907
478.2,65.64341744093308,0.0013148829972179708,0.0008477575694545039,0.0004671254277634669
479.75,93.97208738762944,0.0017651178255742091,0.0005432166248576898,0.0012219012007165194
481.3,95.36760225554985,0.0017457829401543474,3.899000551053752e-05,0.0017067929346438098
482.85,29.933266619790096,0.0005629179057531361,4.6425619719343635e-05,0.0005164922860337925
484.4,-13.337040722666956,0.0,7.138831793035075e-05,0.0
485.95,-18.301789419552488,0.0,0.0,0.0
487.5,-70.57474662030343,0.0,0.0,0.0
489.05,-87.65003901238742,0.0,0.0,0.0
490.6,-86.36083750716428,0.0,0.0,0.0
492.15,-105.13325983043346,0.0,0.0,0.0
493.7,-56.6274677862436,0.0,0.0,0.0
495.25,12.468051514161647,0.0,0.0,0.0
496.8,28.894669694619072,8.47778009120197e-05,0.0,8.47778009120197e-05
498.35,-72.58461658621988,0.0,0.0,0.0
499.9,-107.80035024480611,0.0,0.0,0.0
501.45,-49.48457226004829,0.0,0.0,0.0
503.0,-40.87448488649943,0.0,0.0,0.0
504.55,8.578332654331575,0.0,0.0,0.0
506.1,81.02668527183761,0.0006313018211097237,0.0,0.0006313018211097237
507.65,157.7720657254058,0.0019032042842509038,0.0,0.0019032042842509038
509.2,169.66917911952464,0.0020466891545417375,0.0,0.0020466891545417375
510.75,161.15869501519495,0.0018348344969785692,0.0005182300788450368,0.0013166044181335324
512.3,160.59418652709292,0.0017609158249071652,0.001245185570987222,0.0005157302539199433
513.85,179.0719310757204,0.002018052883625683,0.0014324160249948898,0.000585636858630793
515.4,247.48720249131654,0.0031437285450541404,0.0020545379270707604,0.00108919061798338
516.95,331.7663388406461,0.004545422885727102,0.0030317519267098435,0.0015136709590172588
518.5,404.92343722019916,0.005753892830840301,0.004417875492381972,0.0013360173384583292
520.05,531.9531752219564,0.007899710105791555,0.005219428719405629,0.0026802813863859264
521.6,653.6786470831261,0.009953733536676999,0.006553419536030255,0.0034003140006467437
523.15,774.8623106870498,0.011998916438741541,0.008593397424568171,0.00340551901417337
524.7,1048.0019229868926,0.01668776639931575,0.01109022105179047,0.00559754534752528
526.25,1275.7700313450364,0.020588291276011153,0.013246314357923167,0.007341976918087986
527.8,1483.2764779783759,0.024137341916125828,0.01562819021622843,0.008509151699897397
529.35,1695.2143667048567,0.02776451879066557,0.019054216626889425,0.008710302163776145
530.9,1935.560992437114,0.03188696991581691,0.022338316470680544,0.009548653445136366
532.45,2196.712279539947,0.03637254677717648,0.025811409790416177,0.010561136986760304
534.0,2474.5129356251878,0.04114908224685739,0.029596595466950672,0.01155248677990672
535.55,2724.0337267274253,0.04543522571566905,0.03438570159547001,0.011049524120199036
537.1,2999.7637097970783,0.05017880157048332,0.03945333139639115,0.010725470174092172
538.65,3286.7419495339673,0.05511968819085505,0.04479847416363725,0.0103212140272178
540.2,3569.09925573462,0.05998196169036963,0.050519988409419084,0.009461973280950546
541.75,3892.5735807079827,0.06556122370319034,0.05660546126725177,0.008955762435938569
543.3,4160.747210445075,0.07018056096939927,0.06282329098830412,0.007357269981095149
544.85,4369.416078515238,0.0737669226559166,0.0689306808481796,0.004836241807736993
546.4,4676.781924144628,0.0790719698245466,0.07266463349341062,0.006407336331135979
547.95,4784.206501069834,0.08090155310255645,0.07546753729156318,0.005434015810993273
549.5,4780.6441303513,0.0808029001685581,0.07643120586786965,0.004371694300688442
551.05,4772.351994054867,0.08062417871155328,0.07626511093410833,0.00435906777744495
552.6,4586.9557074482955,0.07736731853157422,0.07432401509832107,0.0030433034332531528
554.15,4300.791366136891,0.07236005468808435,0.0705709040751105,0.0017891506129738416
555.7,3947.6436937624662,0.0661900198706786,0.06616933375235404,2.068611832456435e-05
557.25,3491.735614845814,0.05823495341587942,0.060995355450182316,0.0
558.8,3191.5196018780293,0.052990113030761996,0.056567666836950165,0.0
560.35,2937.400162028369,0.04854930426939133,0.05270963792639424,0.0
561.9,2643.9661258361157,0.04342696453919193,0.04942298850261772,0.0
563.45,2421.9777008230312,0.039549528793057696,0.04722269957746324,0.0
565.0,2286.052571962177,0.037171223863231455,0.04564185243838393,0.0
566.55,2190.296613567715,0.035493792665876385,0.04447611747030301,0.0
568.1,1911.4559780323862,0.03063416250627687,0.04273305387510673,0.0
569.65,1823.1350151383572,0.02909039241866611,0.04173433367083072,0.0
571.2,1747.7526186267824,0.027773787605193327,0.04019343448915276,0.0
572.75,1584.5991373543543,0.024932673085784906,0.037249920360537994,0.0
574.3,1345.8638687000962,0.020779018854694912,0.0337797781198286,0.0
575.85,1165.796227198733,0.0176477800736713,0.030227133709215884,0.0
577.4,1010.9272937184761,0.014956790286168116,0.0265775025943365,0.0
578.95,784.9363151601577,0.01103070136018882,0.02273244650258241,0.0
580.5,641.272890547214,0.00853841130550567,0.018815308776628056,0.0
582.05,535.3969190537756,0.0067051885977444355,0.015379131086580521,0.0
583.6,455.2864667459329,0.005321888281272189,0.012626935268241527,0.0
585.15,387.21266391214755,0.004149676051292053,0.010130972420962782,0.0
586.7,321.3306687977736,0.0030172718431606743,0.00832268207254427,0.0
588.25,282.86196170388826,0.0023633025800071233,0.006869795807049723,0.0
589.8,299.795909262952,0.002674536640466083,0.005409278604963196,0.0
591.35,287.6463143586386,0.0024814583327765444,0.004177924732803886,0.0
592.9,268.9005738615137,0.002175139950082723,0.0033421655739063276,0.0
594.45,247.6733140388966,0.0018270965338866676,0.002824289585322599,0.0
596.0,225.3766859146156,0.0014618388438748554,0.001999736632386194,0.0
597.55,220.6558077723423,0.0014036098979186271,0.001318557667963253,8.505222995537414e-05
599.1,207.65797829220952,0.0012027034338652287,0.0007606038067011608,0.0004420996271640679
600.65,178.75243498971594,0.0007263466406481522,0.00034545445920783455,0.0003808921814403176
602.2,195.5076636205994,0.0010453468682814005,0.00036312251796897057,0.0006822243503124299
603.75,176.84146898006924,0.000749392724627817,0.0,0.000749392724627817
605.3,146.92021111429324,0.00025875742256242237,0.0,0.00025875742256242237
606.85,166.72729751722898,0.0006340718127504372,0.0,0.0006340718127504372
608.4,130.76770916323056,4.041284440040331e-05,0.0,4.041284440040331e-05
609.95,126.75854873200618,3.389572611159897e-06,0.0,3.389572611159897e-06
611.5,173.70913096785387,0.0008535787202392063,0.0,0.0008535787202392063
613.05,209.71175602210363,0.001514169998143139,0.0,0.001514169998143139
614.6,184.83487289328997,0.0011166538004819793,0.0,0.0011166538004819793
616.15,158.6315736428699,0.0006967832175331998,0.0,0.0006967832175331998
617.7,192.7938802112812,0.0013275135659544717,0.0,0.0013275135659544717
619.25,197.3296916563802,0.0014435630607032494,0.0,0.0014435630607032494
620.8,158.21131147072177,0.0008008962077148225,0.0,0.0008008962077148225
622.35,119.77155354679594,0.0001705398340313209,0.0,0.0001705398340313209
623.9,153.6138800892416,0.0007978381886423663,0.0,0.0007978381886423663
625.45,166.2149829624945,0.0010560909400131665,0.0,0.0010560909400131665
627.0,99.72026516867277,0.0,0.0,0.0
628.55,44.25032362136246,0.0,0.0,0.0
630.1,115.10039553221242,0.0002861917135272185,0.0,0.0002861917135272185
631.65,110.79299524923746,0.00025145015670198636,0.0,0.00025145015670198636
633.2,76.9691956963805,0.0,0.0,0.0
634.75,83.19125406437838,0.0,4.556957400732686e-05,0.0
636.3,154.10822727681975,0.0011261577561544756,4.185733465940068e-05,0.001084300421495075
637.85,163.0801585731486,0.0013227813182528174,0.0,0.0013227813182528174
639.4,132.29693631668394,0.0008279475257847173,0.00019226318134015014,0.0006356843444445671
640.95,122.48973080732894,0.0006979134711969912,0.0008512840402676469,0.0
642.5,221.17562765709835,0.002454822720823176,0.0009883056204594808,0.0014665171003636953
644.05,290.170682881816,0.003695208080183563,0.0011635294713903358,0.0025316786087932275
645.6,278.65358423988766,0.0035350975311052306,0.0014130624123847506,0.00212203511872048
647.15,216.92062695244164,0.0025013946028342436,0.0015706615226765094,0.0009307330801577342
648.7,233.2452358335693,0.0028251155099083282,0.0017640160568003177,0.0010610994531080106
650.25,242.19076838130331,0.003020223943920844,0.0016793470253000467,0.0013408769186207974
651.8,196.5197232886918,0.0022650797384240443,0.001379260105636985,0.0008858196327870592
653.35,97.6630269255676,0.0005845308098037723,0.001418585385898337,0.0
654.9,95.6985651556839,0.0005888365955991521,0.0012171366189976957,0.0
656.45,127.34243748946068,0.0011772618415854799,0.001279246401873386,0.0
658.0,116.77891288039784,0.0010311055120330245,0.001862349638370054,0.0
659.55,195.52389306159102,0.002437778821173285,0.0020134233428361556,0.0004243554783371294
661.1,205.5026385741088,0.002647852245783496,0.00218186408785931,0.00046598815792418596
662.65,169.54401798221346,0.0020583466087023584,0.0021882579659267235,0.0
664.2,147.48558556555932,0.001709973338888728,0.0020002148045595155,0.0
665.75,38.501561371834555,0.0,0.002445224233814374,0.0
667.3,29.007284919582887,0.0,0.0025005227587712947,0.0
668.85,101.32723356768537,0.0010087953030461336,0.0021199645453569213,0.0
670.4,28.8961837089372,0.0,0.0021327958372022128,0.0
671.95,73.77159371385136,0.0005933855405061793,0.0017846363603368151,0.0
673.5,118.71998277067783,0.0014058220281273444,0.001582342518551286,0.0
675.05,101.46477349873174,0.001135451850386647,0.0016810478001358894,0.0
676.6,64.498510208494,0.00052131101553169,0.0015813958505321983,0.0
678.15,22.49754524596234,0.0,0.0017555961636328743,0.0
679.7,2.9357688738130605,0.0,0.001857252355058346,0.0
681.25,15.693261593065174,0.0,0.0017294981142377663,0.0
682.8,5.22391998254842,0.0,0.0013758920777522227,0.0
684.35,-14.962622992309413,0.0,0.0014410086767559739,0.0
685.9,-16.878384795781113,0.0,0.0015252310616281222,0.0
687.45,17.833653359851805,0.0,0.0012755903109027845,0.0
689.0,-0.7217348698775081,0.0,0.0012002481326345833,0.0
690.55,21.736002996743675,0.0,0.0010141969037103452,0.0
692.1,58.35704203500521,0.0006443846822197849,0.0008271876822644365,0.0
693.65,61.34216870657742,0.0007130731015695789,0.0007870059613358684,0.0
695.2,2.9603970954847862,0.0,0.0009216993598051882,0.0
696.75,-35.05435128538067,0.0,0.0009041329745116282,0.0
698.3,-15.005439291706097,0.0,0.0007719938309842584,0.0
699.85,36.48975936655053,0.0003363141957822809,0.0007233799648595908,0.0
701.4,133.4399688446715,0.0020335742450393476,0.000953269292238058,0.0010803049528012895
702.95,136.71890187628958,0.0021004933970336613,0.0011291233333781713,0.00097137006365549
704.5,73.47784192127796,0.0010093279793745396,0.001127687483373164,0.0
706.05,89.93483092800922,0.0013032583801227792,0.001086063758260287,0.00021719462186249225
707.6,85.65511927341994,0.0012354408785603553,0.0009910654853910244,0.0002443753931693309
709.15,85.4140579883866,0.0012368068452737167,0.0009665963033488829,0.0002702105419248338
710.7,89.43806132155933,0.0013113086656759876,0.0010534657977381533,0.00025784286793783433
712.25,69.40537356593815,0.0009663612069315956,0.0011807163051341,0.0
713.8,93.2911272036318,0.001384267859608115,0.0009238921968357134,0.0004603756627724016
715.35,81.90212269782378,0.0011876378897143932,0.0007900669516792791,0.0003975709380351141
716.9,18.45110591818339,8.450501022022333e-05,0.0009408119746153926,0.0
718.45,42.046969022898196,0.0004943994339081742,0.0009228978735646848,0.0
720.0,17.898910110430904,7.292286557178569e-05,0.0012627016333907491,0.0
721.55,16.472651627016695,4.569703456794281e-05,0.0013750761783430181,0.0
723.1,66.08779879309333,0.0009052976123399282,0.0011847548621660442,0.0
724.65,126.63952610185869,0.001954196360296136,0.0008947568500434203,0.0010594395102527156
726.2,149.62426602595394,0.002348785901620909,0.0009314001841905889,0.0014173857174303202
727.75,191.36223553394163,0.003068655349653618,0.0010822525254932393,0.001986402824160379
729.3,276.1255608038501,0.004535982178665843,0.0010607539713257113,0.0034752282073401315
730.85,270.6285426678719,0.004432545407511217,0.000791387726930869,0.003641157680580348
732.4,329.3537466752369,0.005445267700836925,0.0007629543278980035,0.0046823133729389215
733.95,395.4984136891373,0.0065861924771896865,0.0008220903921824055,0.005764102085007281
735.5,398.68537503051755,0.006631263345474459,0.000923597790186668,0.005707665555287791
737.05,301.47182425676067,0.004929249550693746,0.0009296969303842212,0.003999552620309525
738.6,244.68487315589405,0.003929562583379848,0.0014894412959803591,0.0024401212873994887
740.15,215.32745707399317,0.003406154526936043,0.001864972225228757,0.0015411823017072862
741.7,167.47869001021598,0.002560334114442283,0.0016969704187631265,0.0008633636956791564
743.25,126.80443325745941,0.001838515713353833,0.001956446352892653,0.0
744.8,143.44431753219078,0.0021127849132894457,0.0018159706719236262,0.00029681424136581954
746.35,166.0816288968017,0.0024906002064456634,0.0015846973073115537,0.0009059028991341097
747.9,154.91940739353825,0.0022797825812663586,0.001689657755048523,0.0005901248262178355
749.45,90.9080844457994,0.0011490114828417231,0.001450526735238787,0.0
751.0,89.40086115427167,0.0011046291442304186,0.0012503248046337688,0.0
752.55,107.98786505927637,0.0014090096594959489,0.001160202023541752,0.00024880763595419683
754.1,108.05875219039442,0.0013906120880800084,0.0011418183884145765,0.0002487936996654319
755.65,19.774435838827323,0.0,0.0008308356669768859,0.0
757.2,54.92929083333428,0.0004251178465553532,0.0006305817210456937,0.0
758.75,146.90469663069393,0.002003074481557139,0.000687805320313836,0.001315269161243303
760.3,212.1010196342013,0.0031145678605284865,0.0008670328801390285,0.002247534980389458
761.85,286.3771269328371,0.004383298730078377,0.0008956641380432882,0.003487634592035089
763.4,235.9696474161019,0.003482733435145621,0.0006496988598796839,0.002833034575265937
764.95,195.43125503306482,0.002753150155827923,0.0004967254793024421,0.0022564246765254805
766.5,262.71928825643874,0.003898325240351886,0.0005305582901141057,0.0033677669502377803
768.05,260.85759356903156,0.0038401254482044673,0.0004692857520243779,0.0033708396961800893
769.6,271.7329725289925,0.00400281213488216,0.0005240730437892294,0.0034787390910929303
771.15,311.2701213461969,0.0046633695118967625,0.0005876166586496702,0.004075752853247092
772.7,372.1905164053768,0.005695208540258901,0.0005502619493046419,0.0051449465909542596
774.25,346.5307919457305,0.005220531519192222,0.0004764657710141312,0.00474406574817809
775.8,360.95849329537555,0.0054424680087367784,0.00018212085544703151,0.005260347153289747
777.35,378.193321963274,0.005712607514171349,0.0,0.005712607514171349
778.9,365.24558639565794,0.0054571653838955455,0.00014015123540876446,0.005317014148486781
780.45,313.24799778202726,0.004521916563965181,0.00046581204339490043,0.004056104520570281
782.0,327.7241446739031,0.004742232276369585,0.0007019566599177327,0.0040402756164518525
783.55,279.80329843901944,0.0038766705306912583,0.0007236974806686402,0.003152973050022618
785.1,195.9834594055232,0.002386112128376046,0.000558605583090973,0.0018275065452850732
786.65,232.2042708553476,0.0029828117828767315,0.0004049083140213578,0.0025779034688553737
788.2,245.16293991097805,0.0031743099777133714,0.00032635644266649957,0.0028479535350468717
789.75,250.53607778654992,0.0032332705197186543,0.00047102630382155183,0.0027622442158971024
791.3,238.12426303152472,0.0029822959010032367,0.0007409521256800666,0.00224134377532317
792.85,162.15391958495712,0.0016252481724499219,0.0007198596452296815,0.0009053885272202404
794.4,147.58584871175117,0.0013355665766970743,0.0006315785140714815,0.0007039880626255928
795.95,188.29047944746634,0.0020066395993427436,0.0006402553106507959,0.0013663842886919475
797.5,208.88448500430582,0.0023273272624513295,0.0006890116914684633,0.001638315570982866
799.05,122.2527498692069,0.0007824387664442205,0.0005579144827549302,0.0002245242836892903
800.6,141.50848323854242,0.0010786445979211314,0.0004796863562278318,0.0005989582416932996
802.15,150.46646668053427,0.0011951382886521919,0.0005370864869187988,0.0006580518017333931
803.7,130.7422451142775,0.0008121587690132379,0.0005630367086569532,0.0002491220603562847
805.25,110.027605080436,0.00041134742669701746,0.00038268521034595725,2.8662216351060213e-05
806.8,129.08862755154968,0.0007017463473933602,0.00029930269683583316,0.00040244365055752706
808.35,97.70703614004898,0.00011419089432568695,0.0004024564884300448,0.0
809.9,64.40288066219188,0.0,0.0005034088593873089,0.0
811.45,89.544430624087,0.0,0.0004551037380789141,0.0
813.0,91.6189050435205,0.0,0.00019431706861603874,0.0
814.55,58.718879291201674,0.0,0.00026400440292336755,0.0
816.1,56.890204822838726,0.0,0.00031172919854795164,0.0
817.65,115.53500835298358,0.00016115229987448507,0.00019483800178288931,0.0
819.2,108.84891186057253,0.0,0.00022983739627781505,0.0
820.75,110.27669007238471,0.0,0.00012270866572290353,0.0
822.3,62.88909433776348,0.0,0.0,0.0
823.85,15.668987175662394,0.0,0.0,0.0
825.4,136.79200023291276,0.0002962220473596333,0.0,0.0002962220473596333
826.95,115.55325332562239,0.0,0.0,0.0
828.5,111.95867010307336,0.0,3.499425733758547e-05,0.0
830.05,153.5348645639457,0.0004413832133002235,0.0,0.0004413832133002235
831.6,150.5316110602357,0.0003398619243377872,0.0,0.0003398619243377872
833.15,220.31687384219944,0.0015041326305485665,0.0,0.0015041326305485665
834.7,244.57179632360547,0.0018763307347538635,0.0,0.0018763307347538635
836.25,233.4254047384803,0.0016326813512488273,0.0,0.0016326813512488273
837.8,245.7215917601029,0.001796705499441673,0.0,0.001796705499441673
839.35,283.7038719679119,0.0024074754941495148,0.0,0.0024074754941495148
840.9,299.2416874514231,0.002627908860721382,0.0,0.002627908860721382
842.45,305.9744454062554,0.002695285884399049,0.0,0.002695285884399049
844.0,323.01839139926346,0.0029421450598769204,0.0,0.0029421450598769204
845.55,445.90928730244406,0.005030186782058879,0.0,0.005030186782058879
847.1,451.4931638193458,0.0050781509886609535,0.0003290662804956874,0.004749084708165266
848.65,399.67648214760965,0.004128038005750498,0.0006924714219817432,0.003435566583768755
850.2,376.2659464647683,0.0036723297380985395,0.0005749127377330752,0.0030974170003654645
851.75,468.0153938867411,0.005219981130165641,0.001057039656439751,0.00416294147372589
853.3,510.7069967993805,0.005914804730493934,0.0011724216502220389,0.004742383080271894
854.85,501.9573921761905,0.005715394161873249,0.0015038670055479617,0.004211527156325287
856.4,469.68778459043386,0.0051074288174662785,0.0021238523114871697,0.002983576505979109
857.95,489.49045012965746,0.005405728920350068,0.0029182202163877784,0.0024875087039622898
859.5,705.084244078675,0.009110037566318856,0.003534997558125724,0.005575040008193132
861.05,762.290689416593,0.010060185150567426,0.004270502388950797,0.005789682761616629
862.6,718.3333194078622,0.009251502985406543,0.005099734221107188,0.004151768764299355
864.15,665.0948033675354,0.008282146606881499,0.005900510987105956,0.0023816356197755425
865.7,691.9883952023762,0.008707320163744092,0.006580014654561742,0.0021273055091823503
867.25,684.438260271324,0.008534251372309114,0.006379921510685424,0.00215432986162369
868.8,692.3735133114693,0.008631396329794896,0.0067381583210909,0.001893238008703996
870.35,719.7678220816372,0.009067908680478973,0.00765025213230203,0.0014176565481769429
871.9,673.857993259876,0.008230400116723432,0.0073554425081865105,0.0008749576085369214
873.45,682.4442290158654,0.00834173341169189,0.007435267969988356,0.0009064654417035335
875.0,679.9894538551329,0.008262061512676389,0.007239969865976079,0.0010220916467003098
876.55,634.9091524538521,0.007442072311174301,0.006686267369496477,0.0007558049416778239
878.1,534.2142281721149,0.005655882386822531,0.005889467844329265,0.0
879.65,517.2137079197314,0.0053265239007715785,0.00515026018596775,0.0001762637148038284
881.2,470.4908641835348,0.0044813775947332955,0.004985402545913899,0.0
882.75,431.5529445794316,0.003772839484554635,0.004732838372579531,0.0
884.3,421.8419585258547,0.0035738829707767984,0.004061930400321051,0.0
885.85,394.0815728738645,0.003062265172084418,0.0037032828066518534,0.0
887.4,373.3963622238639,0.0026750094911755676,0.0036322745141418055,0.0
888.95,392.7886920787346,0.0029861571863074865,0.0035883257089261815,0.0
890.5,433.5912518897945,0.003671060247691997,0.003480523607897796,0.00019053663979420096
892.05,419.2567490824893,0.0033983657158944305,0.0033777629649387538,2.0602750955676756e-05
893.6,437.10349617702025,0.0036868294216147353,0.003378412777023281,0.00030841664459145416
895.15,409.2701365522301,0.003182242225112231,0.0034875107377891163,0.0
896.7,388.1926526131724,0.002796652011685124,0.003693230702630444,0.0
898.25,425.89840676055417,0.003434999233918387,0.003961382572275297,0.0
899.8,490.9947847180181,0.0045513031146848385,0.004364452299873953,0.00018685081481088512
901.35,505.0573543740928,0.004781559650422179,0.004939852185530016,0.0
902.9,444.7663424229161,0.0037201979266685775,0.005341115255858819,0.0
904.45,452.70041221125757,0.003847112681432973,0.005605773936628176,0.0
906.0,569.5676157538726,0.00587036604023413,0.006219265946641028,0.0
907.55,605.9346826147299,0.006495179183182464,0.007354176693002177,0.0
909.1,625.4514498325653,0.006828638987247353,0.008371928232311612,0.0
910.65,675.0033752232041,0.007686249375521495,0.009411053312577142,0.0
912.2,777.9355644813652,0.009474077006919162,0.010657626111974917,0.0
913.75,948.4691226400726,0.012439494324001413,0.01191872241166036,0.0005207719123410531
915.3,1081.5400128175274,0.014755150215566268,0.013536668376948625,0.0012184818386176428
916.85,1181.5971822489844,0.016498448109033503,0.015649891598532584,0.0008485565105009196
918.4,1280.407045018921,0.018221921771642568,0.017972012720116393,0.00024990905152617524
919.95,1444.861779493841,0.02108904460024322,0.01980382908628497,0.0012852155139582502
921.5,1529.5268409290434,0.02257029635759811,0.021745028379654512,0.0008252679779435987
923.05,1675.626022800734,0.025121993881391427,0.02424333266782658,0.0008786612135648457
924.6,1841.860162257466,0.028025835889874725,0.02690436766657422,0.0011214682233005036
926.15,1993.4089494305988,0.030676205068999565,0.02938142106977011,0.0012947839992294534
927.7,2156.473180380755,0.03352881941938786,0.031587303588556,0.0019415158308318595
929.25,2205.9028704246803,0.03440695465103136,0.033774389104903824,0.0006325655461275337
930.8,2266.8207328782864,0.03548686804403378,0.035679045767485554,0.0
932.35,2347.758292275928,0.03691694667096272,0.037001536073673236,0.0
933.9,2387.0802025751946,0.03762516395041721,0.037575799252982586,4.936469743462707e-05
935.45,2396.8914611664545,0.03782205301212366,0.03792296471779175,0.0
937.0,2371.5779330956993,0.03740995492884274,0.038220180039310526,0.0
938.55,2346.4110252996766,0.037002327895813925,0.03784644315168791,0.0
940.1,2302.7554182463036,0.03627502842134958,0.03670171195971084,0.0
941.65,2157.70033835302,0.033785968424902106,0.03517483395304539,0.0
943.2,2010.3944117620747,0.031259609435858295,0.033124928225074846,0.0
944.75,1910.3363246967754,0.02955684980954281,0.030822265960953266,0.0
946.3,1807.3598413427587,0.027805116017241786,0.028309600192862324,0.0
947.85,1660.297042158717,0.025288338997787454,0.025599250887831798,0.0
949.4,1474.5617009561568,0.02210064079190708,0.02320163505989173,0.0
950.95,1287.5807240809447,0.018892944287866864,0.02069483115303722,0.0
952.5,1137.6411424645041,0.01633113028290211,0.018287325191045655,0.0
954.05,1055.3399112823781,0.014947324446627486,0.016079137623974064,0.0
955.6,1059.2480700233764,0.015064484453859743,0.014125152372187066,0.0009393320816726766
957.15,936.250167058983,0.012975850855460049,0.012587929169404908,0.0003879216860551409
958.7,849.2639695133834,0.01151499627941417,0.010579580645835859,0.0009354156335783115
960.25,765.7191336877415,0.010115373681884423,0.008606575398841687,0.0015087982830427355
961.8,691.4009950846037,0.008877553952474046,0.007075299351857313,0.0018022546006167322
963.35,723.6887139428136,0.00949519539361144,0.006056099212563617,0.0034390961810478226
964.9,585.2381734256003,0.007144405609520633,0.005380338390054622,0.0017640672194660107
966.45,507.4354585353251,0.005849619163549067,0.004820638701491537,0.00102898046205753
968.0,523.8678352372447,0.006194961457305924,0.004176844268092282,0.002018117189213642
969.55,583.9686158692084,0.007300870320088166,0.00342286679779015,0.003878003522298016
971.1,575.7365611518607,0.0072192537969953275,0.0028273449944791317,0.004391908802516196
972.65,536.3272410061917,0.006596298750116795,0.002258272209385182,0.004338026540731612
974.2,528.7171831573421,0.006527294401643932,0.0018948214653162878,0.004632472936327644
975.75,544.5744137825232,0.006867262858384196,0.0015779203706663668,0.0052893424877178295
977.3,535.7592339727219,0.00677885110247222,0.001051126747193647,0.005727724355278573
978.85,526.2028727531505,0.006678232742490982,0.0009448771620952321,0.0057333555803957496
980.4,534.590750863837,0.006890340535692036,0.0002502538317302812,0.006640086703961755
981.95,570.6333303954628,0.007584005406664534,3.8047436060815093e-06,0.007580200663058452
983.5,635.7388019902402,0.008783656452802234,0.00011088342482091113,0.008672773027981322
985.05,726.0339203146536,0.010421862168385388,0.0,0.010421862168385388
986.6,818.2642829423609,0.012094094332308713,0.0,0.012094094332308713
988.15,892.2847322800121,0.01344990267586589,0.0,0.01344990267586589
989.7,995.6862418777769,0.015316968054059896,0.0,0.015316968054059896
991.25,1124.2750085074827,0.017622279033149446,0.0,0.017622279033149446
992.8,1217.841805977182,0.019318548211987713,0.0,0.019318548211987713
994.35,1349.6774351578244,0.0216804480701196,0.0,0.0216804480701196
995.9,1372.1041280504783,0.02213935000020972,0.0,0.02213935000020972
997.45,1320.3993674955072,0.021308757973707834,0.0,0.021308757973707834
999.0,1263.9912824132307,0.020396154828306458,0.0,0.020396154828306458
1000.55,1206.7941124578542,0.019469540318636968,0.0,0.019469540318636968
1002.1,1064.2642009884808,0.01705836683707034,0.0,0.01705836683707034
1003.65,1012.3390592215167,0.016222625337323243,0.0,0.016222625337323243
1005.2,954.5240881919038,0.015283902206555797,0.0,0.015283902206555797
1006.75,852.2411735323244,0.01357112174874552,0.0,0.01357112174874552
1008.3,857.7798358572497,0.013732961327197469,0.0,0.013732961327197469
1009.85,770.2179351381465,0.012274697984907337,0.0,0.012274697984907337
1011.4,696.0000940252564,0.011047627530673575,0.0,0.011047627530673575
1012.95,690.3530326557363,0.011012213227789591,0.0,0.011012213227789591
1014.5,727.7960807962874,0.011725176210433697,0.0,0.011725176210433697
1016.05,664.3609382215903,0.010682385004227206,0.00013526629598983693,0.01054711870823737
1017.6,591.8881427254926,0.009481122437523002,0.00030334595137891993,0.009177776486144082
1019.15,563.4138923889136,0.009043747647762203,0.00031207610247054637,0.008731671545291657
1020.7,589.8394272740779,0.00955976686537975,0.00031275659056303443,0.009247010274816714
1022.25,602.0446160574772,0.009826876298045472,0.0003955465833101013,0.00943132971473537
1023.8,466.21511447559806,0.0075175468490350245,0.00015241361792421132,0.007365133231110813
1025.35,347.5871510932271,0.005505625357559089,0.0,0.005505625357559089
1026.9,350.6221240500406,0.0056079032556797396,0.0,0.0056079032556797396
1028.45,361.5411891949677,0.005845325965615428,2.867163874412607e-05,0.005816654326871302
1030.0,264.7147737584068,0.004206648685928841,0.0,0.004206648685928841
1031.55,147.63144769968585,0.002213453302478581,0.0,0.002213453302478581
1033.1,122.48263769394165,0.0018169772665026672,0.0,0.0018169772665026672
1034.65,56.5228391555513,0.0007082777028068339,0.0,0.0007082777028068339
1036.2,11.364114220846139,0.0,0.0,0.0
1037.75,26.417112607389626,0.0002541066767356622,0.0,0.0002541066767356622
1039.3,-106.36471463767636,0.0,0.0,0.0
1040.85,-127.14411627361004,0.0,0.0,0.0
1042.4,-93.16442213344374,0.0,0.0,0.0
1043.95,-107.32493832975825,0.0,0.0,0.0
1045.5,-160.19743001169877,0.0,0.0,0.0
1047.05,-119.48671926702062,0.0,0.0,0.0
1048.6,-159.199520629267,0.0,0.0,0.0
1050.15,-129.24171831632697,0.0,0.0,0.0
1051.7,-66.08105164095821,0.0,0.0,0.0
1053.25,-30.081878284964287,0.0,5.6828953998232075e-05,0.0
1054.8,-14.523202795043435,0.0,0.00047594242465907443,0.0
1056.35,3.4375991233988206,2.9115205823226137e-05,0.0005831883325779746,0.0
1057.9,27.303694000811056,0.00044027567210970866,0.0006593488317834551,0.0
1059.45,104.54380114130896,0.001777267213025751,0.0009152261311616349,0.0008620410818641161
1061.0,207.48936285821065,0.0035589472624251595,0.0012726276192918749,0.0022863196431332847
1062.55,225.956088733575,0.003868979612023799,0.001196458301569331,0.0026725213104544683
1064.1,204.54941418134328,0.003483280381084889,0.0012042964285991808,0.0022789839524857084
1065.65,403.143827664436,0.0069219329630923025,0.0011790081529978924,0.00574292481009441
1067.2,473.94202399006815,0.008135804595568051,0.0013611359790431617,0.0067746686165248895
1068.75,494.02088559858197,0.00846558479583139,0.0015631548283333164,0.006902429967498074
1070.3,529.8383771634246,0.009067267775144109,0.0019000119409276737,0.0071672558342164355
1071.85,463.5228336511627,0.007890807624290097,0.002959927311278401,0.004930880313011696
1073.4,432.8022289525537,0.007331793761141301,0.0033188443338661665,0.004012949427275134
1074.95,451.235942878684,0.00762615448294143,0.003292807020791635,0.004333347462149795
1076.5,373.4801083176461,0.006246018331326595,0.003226908100723993,0.0030191102306026023
1078.05,405.0331189187377,0.0067657011531813815,0.0035171137263916917,0.00324858742678969
1079.6,364.04759494730314,0.00602242569124296,0.003764143271237276,0.0022582824200056842
1081.15,506.5374477801217,0.008469121253453015,0.005052278323130564,0.003416842930322451
1082.7,532.7783954115803,0.00889278016385433,0.0055963830135522955,0.003296397150302035
1084.25,505.79016329033186,0.008389588661844725,0.0058252370240472195,0.0025643516377975052
1085.8,502.5943047713921,0.008299265436410054,0.006355848202474125,0.001943417233935929
1087.35,456.2198919800438,0.007457071779476837,0.006102188506459223,0.001354883273017614
1088.9,468.6311309963803,0.007636551461405343,0.0065362065952320305,0.0011003448661733124
1090.45,391.60020163306365,0.006259665704669612,0.006440109531007749,0.0
1092.0,270.7787407556326,0.004120514079451892,0.006157775550115614,0.0
1093.55,166.823260014019,0.002274174830666865,0.0062508667739174925,0.0
1095.1,99.11691385358084,0.001057859627312614,0.006692143616781808,0.0
1096.65,107.14879328564422,0.001158481813870163,0.0066108153494536135,0.0
1098.2,167.62214399585935,0.0021709224566679114,0.007016336427151689,0.0
1099.75,183.3621200504922,0.0024051032536198474,0.007491608552627679,0.0
1101.3,147.59988709999516,0.001743374514261932,0.007795146326834829,0.0
1102.85,118.86021406463692,0.001203735832612749,0.008149568051703564,0.0
1104.4,99.88018455124875,0.0008338732262142507,0.008669804873655592,0.0
1105.95,194.01143241735275,0.002431458203036548,0.009610142581048855,0.0
1107.5,232.74219439245587,0.003065650934644736,0.010732478942020804,0.0
1109.05,250.58880884753447,0.0033368725395713475,0.01191550066758493,0.0
1110.6,348.6687150738185,0.005003934619024546,0.013164631137467983,0.0
1112.15,370.87275721789956,0.005351714609910608,0.014715572829161578,0.0
1113.7,476.1739464156118,0.007145303364896281,0.01602855586041374,0.0
1115.25,635.2708196845973,0.009875139376594913,0.01774424742654088,0.0
1116.8,774.0459695909883,0.012252178154081467,0.0197049005286052,0.0
1118.35,872.2796982955879,0.013924815334648611,0.021738529883938845,0.0
1119.9,1034.3079477213787,0.01670783753492735,0.024043220252012908,0.0
1121.45,1133.5886928177324,0.018400376984065013,0.02666989275791616,0.0
1123.0,1324.5298856645986,0.021688118084859976,0.028866877053727258,0.0
1124.55,1546.0018287007917,0.025507904047134242,0.03167472745915857,0.0
1126.1,1765.4521843268758,0.029293621007295843,0.03484568271143061,0.0
1127.65,1987.3806533100083,0.03312359745312472,0.03716507044519696,0.0
1129.2,2244.661727532252,0.03756968076505023,0.039422487539438195,0.0
1130.75,2376.986201998413,0.03984367723395812,0.041538773086414564,0.0
1132.3,2551.462249776492,0.042852149236248104,0.04379387838475752,0.0
1133.85,2753.000875114518,0.0463327057131089,0.045577531754462865,0.0007551739586460354
1135.4,2924.119381791934,0.04928559906257733,0.0464797176797277,0.00280588138284963
1136.95,3038.8434627609586,0.051259101440867136,0.04697912648080345,0.004279974960063687
1138.5,3129.1127432628264,0.05280877522248914,0.04701735462403872,0.00579142059845042
1140.05,3208.1288908134316,0.05416426896477175,0.04650780395654947,0.007656465008222278
1141.6,3203.7180954494816,0.05407029303206071,0.04541608346726093,0.00865420956479978
1143.15,3100.9462138107915,0.05226712003791513,0.043590489684165554,0.008676630353749576
1144.7,2926.779635715485,0.04922379180410952,0.040879975011583095,0.008343816792526423
1146.25,2854.6720775798176,0.047957194248421826,0.038426640302011206,0.00953055394641062
1147.8,2696.97756785215,0.045203613199504805,0.035879667164961784,0.00932394603454302
1149.35,2490.7872346118575,0.041608174778677905,0.03291579116183081,0.008692383616847092
1150.9,2267.4448768454035,0.0377160374783024,0.029860239284413663,0.007855798193888736
1152.45,2044.5621653389612,0.033833513169300604,0.026923188309668403,0.006910324859632201
1154.0,1833.114386061126,0.030151483524996397,0.023740650904951876,0.006410832620044521
1155.55,1603.820138268758,0.026160643588420802,0.021190385438402355,0.004970258150018447
1157.1,1453.2830084684647,0.02354119888976929,0.018878925437926828,0.004662273451842461
1158.65,1367.6162063442052,0.02205159680095837,0.01687010048519697,0.0051814963157614
1160.2,1310.9752466290051,0.021068372863324556,0.01497887542561746,0.0060894974377070955
1161.75,1243.9873053547144,0.019906692132396354,0.013042964917566634,0.00686372721482972
1163.3,1147.5753022984964,0.018234720769882605,0.011706033365250513,0.006528687404632092
1164.85,1181.9762096620386,0.01883942644766463,0.009991128719290728,0.008848297728373903
1166.4,1146.9612713007523,0.018238206286552823,0.008868978722379108,0.009369227564173715
1167.95,1134.2273673831787,0.01802590865220446,0.007975335715838762,0.0100505729363657
1169.5,1183.736049740976,0.018897549197841472,0.007018111190572262,0.01187943800726921
1171.05,1223.967904387243,0.0196091569495872,0.006039870851034841,0.013569286098552359
1172.6,1275.0213996109237,0.020510265900178036,0.005262319304896477,0.015247946595281558
1174.15,1310.7234045114567,0.021145607656757912,0.004774943456084683,0.016370664200673228
1175.7,1262.2611589228381,0.020318282085915892,0.004194955654042792,0.0161233264318731
1177.25,1159.6576640171666,0.018550434132589912,0.0034901175198253967,0.015060316612764515
1178.8,1037.2438477396142,0.01643913434059999,0.0028293818309243933,0.013609752509675596
1180.35,900.9388049423185,0.014087285306786435,0.0024528588766263375,0.011634426430160097
1181.9,828.8726456853742,0.012853751830661458,0.0020409255460579925,0.010812826284603465
1183.45,712.3814690899951,0.010848495126211107,0.0014828988035914695,0.009365596322619638
1185.0,613.7245639730176,0.00915433661945797,0.001104578145496897,0.008049758473961072
1186.55,568.9528277229033,0.0083982549490814,0.0008531641767205417,0.0075450907723608575
1188.1,558.8227601069686,0.008245494173028604,0.0006081773707147788,0.0076373168023138255
1189.65,478.9603200387013,0.006880624772100722,0.0003574706798319501,0.006523154092268772
1191.2,480.06946535507814,0.006924779768742554,0.00037974413964881053,0.0065450356290937435
1192.75,355.3081201949699,0.0047803049241029565,1.4044770157722376e-05,0.004766260153945234
1194.3,165.18217245856528,0.0014995197737042326,0.0,0.0014995197737042326
1195.85,78.19004938150076,1.3054110812485997e-05,0.0,1.3054110812485997e-05
1197.4,121.56925233168414,0.0007945908745015257,0.0,0.0007945908745015257
1198.95,81.94112291064602,0.00013278393598442148,0.0,0.00013278393598442148
1200.5,5.744281853934527,0.0,0.0,0.0
1202.05,52.87646806782479,0.0,0.0,0.0
1203.6,52.30973145812672,0.0,0.0,0.0
1205.15,-32.1861988034789,0.0,0.0,0.0
1206.7,-13.82252601926773,0.0,0.0003030136521043833,0.0
1208.25,38.9365068804995,0.0,0.0007162640213354033,0.0
1209.8,180.10402375420037,0.0020391344991083278,0.0011284653538257184,0.0009106691452826093
1211.35,217.37247507632873,0.0027163635264697574,0.0012890514777293806,0.0014273120487403768
1212.9,224.33006879777017,0.0028665068765285147,0.001473640781207707,0.0013928660953208077
1214.45,283.98159021147956,0.00393325850661703,0.0019103923522625795,0.00202286615435445
1216.0,425.4124085124637,0.006422493431177578,0.002535774909048318,0.0038867185221292595
1217.55,553.2382480018262,0.008675189772726598,0.0029373136130445426,0.005737876159682055
1219.1,650.3905118707789,0.010394467075640035,0.002786138446262168,0.007608328629377867
1220.65,725.2090713535287,0.011725372677758469,0.0030555411813552526,0.008669831496403217
1222.2,787.9691131450529,0.012846613756546178,0.003607560692981363,0.009239053063564815
1223.75,854.7465978767113,0.014037788989956978,0.004144969937431253,0.009892819052525724
1225.3,955.4643878347314,0.01581933448287949,0.004572956993497352,0.011246377489382139
1226.85,1188.4313064730836,0.019901119742087393,0.004876323348219929,0.015024796393867465
1228.4,1195.0990749971004,0.020046911923340485,0.005471712139474886,0.014575199783865598
1229.95,1219.3155358874124,0.020497932401234004,0.005729713463244532,0.014768218937989472
1231.5,1202.1034949305315,0.020228374499391202,0.006262419154703573,0.01396595534468763
1233.05,1169.1411538713605,0.01968483804919949,0.006819060908248314,0.012865777140951176
1234.6,1206.3861818115597,0.020362359680813524,0.006732157781838736,0.013630201898974788
1236.15,1098.3236946509353,0.018512471711159686,0.0067193028462511056,0.01179316886490858
1237.7,1045.1722684932843,0.017617543017066792,0.007106449685418398,0.010511093331648394
1239.25,999.0952789910708,0.016845524564085515,0.006715536946022343,0.010129987618063172
1240.8,880.4913817901236,0.014811882810681097,0.0065136126021404,0.008298270208540697
1242.35,772.579308268836,0.012964006829704212,0.0065336913619993935,0.006430315467704818
1243.9,783.0194682164309,0.01317439753306986,0.005757258022421787,0.007417139510648073
1245.45,679.1173219575024,0.011395771933833593,0.004978572351582061,0.006417199582251532
1247.0,646.3085311986486,0.010853370765361569,0.004827975472662375,0.006025395292699193
1248.55,604.1007148693479,0.010147155794238688,0.004831992349856707,0.005315163444381981
1250.1,591.5474368079456,0.00995634644608885,0.004327389004741045,0.005628957441347804
1251.65,614.966923619197,0.010390796472526158,0.0036349946857010852,0.006755801786825073
1253.2,623.3270414002457,0.010562865668397214,0.0032872851741244666,0.007275580494272747
1254.75,591.3998681696514,0.010033724610900801,0.0028961069077257013,0.0071376177031751
1256.3,647.7421761664255,0.01103931502215457,0.0030254881530605553,0.008013826869094015
1257.85,698.1672202577909,0.011941406844124638,0.0027376905130878574,0.00920371633103678
1259.4,740.1687881746765,0.01269636545085726,0.002535650721407781,0.01016071472944948
1260.95,776.1747590010634,0.013346373513208956,0.0025094131640799947,0.010836960349128962
1262.5,802.8307947760043,0.013833042518784368,0.0024431659363270677,0.011389876582457301
1264.05,810.3947578544739,0.013986879827724431,0.0024726149219463154,0.011514264905778115
1265.6,812.9996517669454,0.014053650973350248,0.0017534333665062002,0.012300217606844048
1267.15,744.3769460762203,0.012880698816441006,0.0016336089689326862,0.01124708984750832
1268.7,612.993891178191,0.01061524182566657,0.0013158363965261658,0.009299405429140406
1270.25,552.0337427041484,0.00957367861766006,0.001116373907313698,0.008457304710346362
1271.8,567.9944702343932,0.009868973674111567,0.001056865466674402,0.008812108207437164
1273.35,428.1784216556656,0.007453768825437672,0.0004642147556801406,0.006989554069757531
1274.9,395.8169778081502,0.006906382508358311,0.0005730485128702516,0.006333333995488059
1276.45,347.4198064837094,0.00607889419585787,0.00037463217839295765,0.005704262017464913
1278.0,332.44701053272564,0.005831503980572136,6.49079658137024e-05,0.005766596014758433
1279.55,262.57282163755104,0.004627906156745164,0.00010925587295504002,0.004518650283790124
1281.1,175.4091856096407,0.003122225014686767,0.00036742049274990693,0.00275480452193686
1282.65,174.47299067098012,0.0031148669087652215,0.0002972883243353221,0.0028175785844298993
1284.2,163.22878048264795,0.002926733937447587,0.0,0.002926733937447587
1285.75,-22.226340595409756,0.0,0.0,0.0
1287.3,-22.103053083918066,0.0,0.0,0.0
1288.85,2.4870335123619087,0.00014374246331452507,0.0,0.00014374246331452507
1290.4,-17.284865390398906,0.0,0.0,0.0
1291.95,-46.624011428567876,0.0,0.0,0.0
1293.5,-70.48529767592493,0.0,0.0,0.0
1295.05,-57.821682418246525,0.0,0.0,0.0
1296.6,-101.10759882215194,0.0,0.0,0.0
1298.15,-148.06860297757115,0.0,0.0,0.0
1299.7,-147.27025329494595,0.0,0.0,0.0
1301.25,-117.33048086437378,0.0,0.0,0.0
1302.8,-103.00154545142465,0.0,0.0,0.0
1304.35,-69.7207819463818,0.0,0.0,0.0
1305.9,-60.50136283896511,0.0,0.0,0.0
1307.45,-35.93600375671953,0.0,0.0,0.0
1309.0,72.03822791001735,0.0012202308753825738,0.0,0.0012202308753825738
1310.55,135.75136496756315,0.002305957512914231,0.0,0.002305957512914231
1312.1,99.82168666452063,0.0016572509217733372,0.0,0.0016572509217733372
1313.65,193.33649861852413,0.0032587246539431984,0.0,0.0032587246539431984
1315.2,167.16556068794455,0.002777369825081183,0.00045064703737513,0.002326722787706053
1316.75,156.69572958225226,0.0025680706252814915,0.0011744282017358142,0.0013936424235456773
1318.3,155.27917712623184,0.002515306297162703,0.001460535229639082,0.001054771067523621
1319.85,213.21207388272276,0.003493980950584674,0.0016681682565250627,0.0018258126940596114
1321.4,288.8130563310035,0.00477923617527619,0.0023258420747575125,0.002453394100518678
1322.95,290.01419374140005,0.004769841281527372,0.0035057557581551204,0.0012640855233722516
1324.5,302.3670352952731,0.004953894957753706,0.004144656571755931,0.0008092383859977749
1326.05,306.5171386131587,0.004994868904996995,0.005548185669632293,0.0
1327.6,290.60815634031394,0.004686648452602323,0.006797703422753381,0.0
1329.15,358.6559532182356,0.005838480059088485,0.007991581483096158,0.0
1330.7,426.6086836926386,0.006988554125887829,0.00913846868877328,0.0
1332.25,446.16433088896656,0.007296856081878235,0.010523399377674984,0.0
1333.8,547.045054100291,0.009019739382002687,0.012745448764041588,0.0
1335.35,766.2590386444833,0.012800985607756644,0.015591399145757379,0.0
1336.9,763.460808961536,0.012721075448011288,0.018167927506683515,0.0
1338.45,846.8269692931499,0.014140211821831575,0.02076157889683728,0.0
1340.0,1049.6641712053859,0.01763779219998349,0.024268229333352206,0.0
1341.55,1271.2890404476655,0.021462728463853088,0.02807663624488012,0.0
1343.1,1455.534316497974,0.024638198054010917,0.03178439479270122,0.0
1344.65,1731.7210338057503,0.029413568166059365,0.036714291227014174,0.0
1346.2,2117.910336155696,0.03610306386025694,0.04197221209424417,0.0
1347.75,2381.0826032543027,0.040653867665394375,0.04785447317169625,0.0
1349.3,2754.7743420199386,0.04712795409580044,0.05444598466652957,0.0
1350.85,3157.168377359778,0.05410235723228828,0.061588726286233374,0.0
1352.4,3622.755189382192,0.0621770417193447,0.06952281547130658,0.0
1353.95,4174.438820017282,0.0717504442475936,0.07803702248586994,0.0
1355.5,4607.5865214207115,0.07926345528166405,0.0856204782460005,0.0
1357.05,5277.011895231649,0.09088739033165315,0.09460860725060495,0.0
1358.6,5792.095191815715,0.09982825886796656,0.10212587754363274,0.0
1360.15,6436.75923330536,0.11102435835578396,0.11039370624308639,0.0006306521126975689
1361.7,7051.93698593095,0.12170906807453782,0.11769165956788863,0.004017408506649195
1363.25,7572.961702477844,0.13075765732502034,0.12367964540164894,0.007078011923371402
1364.8,8048.081174489136,0.13900930214928248,0.12900476514525086,0.010004537004031616
1366.35,8465.422076562973,0.14625748087558388,0.13243997845276695,0.01381750242281693
1367.9,8898.599866569763,0.15378256156734496,0.13275208826172386,0.021030473305621106
1369.45,9054.597587449252,0.1564880719547878,0.13247352746278918,0.024014544491998635
1371.0,9121.708569635355,0.15764893861721432,0.13022734467909455,0.02742159393811977
1372.55,9087.047829198007,0.15704098458515714,0.1256370858025697,0.03140389878258745
1374.1,8934.989204965921,0.1543923399173616,0.1192913130793855,0.0351010268379761
1375.65,8666.856828319578,0.14972593485733524,0.11096630556769355,0.03875962928964169
1377.2,8109.884205604836,0.14003673161177016,0.10213210649843138,0.03790462511333878
1378.75,7595.799295305249,0.13109433306616478,0.09123169472640297,0.03986263833976181
1380.3,6818.253751626072,0.11757028762710088,0.08030290202431058,0.037267385602790304
1381.85,6109.0062391775555,0.1052347051376367,0.06999435842648022,0.03524034671115649
1383.4,5350.339839761274,0.0920399694430473,0.05990539421468791,0.0321345752283594
1384.95,4518.162443223506,0.07756686711634286,0.05023003958870989,0.027336827527632973
1386.5,3748.91532710779,0.06418832753460593,0.04155342647910898,0.022634901055496953
1388.05,3193.7713902834166,0.054533498930383464,0.03412705218682837,0.020406446743555094
1389.6,2492.180324192726,0.04233113795958468,0.028036414038852712,0.014294723920731969
1391.15,1974.934068931484,0.033334489143760866,0.02244800547129835,0.010886483672462515
1392.7,1576.8468645918024,0.026409565471936056,0.01851895357990793,0.007890611892028127
1394.25,1272.632517308125,0.021116348458401074,0.014974630383623217,0.006141718074777857
1395.8,1014.5365641136143,0.01662402710038484,0.011854521210931585,0.004769505889453254
1397.35,766.3360362732276,0.012302355188828652,0.009428198754499082,0.00287415643432957
1398.9,547.3628868748569,0.008487349806565654,0.007032005973807907,0.0014553438327577477
1400.45,455.7136821699878,0.00688497716956756,0.004864860433283648,0.002020116736283912
1402.0,305.85868521762325,0.004268099548202384,0.003832302344361525,0.0004357972038408586
1403.55,77.82787148113457,0.0002891532350978227,0.002174830597170672,0.0
1405.1,-4.66355766364917,0.0,0.00105614821656044,0.0
1406.65,-31.81436663304505,0.0,8.094829878059789e-05,0.0
1408.2,-100.2971353847767,0.0,0.0,0.0
1409.75,-151.52447450328378,0.0,0.0,0.0
1411.3,-172.03034271822258,0.0,0.0,0.0
1412.85,-219.72547674642408,0.0,0.0,0.0
1414.4,-221.19058014786896,0.0,0.0,0.0
1415.95,-143.35963824243362,0.0,0.0,0.0
1417.5,-110.11741613276791,0.0,0.0,0.0
1419.05,-74.42371597863027,0.0,0.00030710497972039676,0.0
1420.6,23.494820879452867,0.0,0.0013264954512790421,0.0
1422.15,-16.2626969195871,0.0,0.0026177976713050366,0.0
1423.7,85.70311920496839,0.0,0.003968669120606459,0.0
1425.25,158.7010398874387,0.0011774922160349044,0.005067468697897696,0.0
1426.8,309.1942035053088,0.003732617174062149,0.006568019823761691,0.0
1428.35,384.86565985274495,0.004983457886863348,0.007905425771946643,0.0
1429.9,380.8802376364533,0.004846047912219597,0.009073652373254429,0.0
1431.45,380.4439756727247,0.004767718222894484,0.010121375976192181,0.0
1433.0,387.54057746123624,0.00481788779710361,0.010741993099187854,0.0
1434.55,349.8321517061355,0.004086375463837755,0.01100873131440708,0.0
1436.1,375.32498454993924,0.004451860650469184,0.011700368391492433,0.0
1437.65,369.8533378197343,0.004276650910798969,0.012337143629601859,0.0
1439.2,439.8360659120442,0.005411814669478852,0.012902719439784507,0.0
1440.75,462.9311057533911,0.005729588701879414,0.013420032912889585,0.0
1442.3,482.4130928345005,0.005982775111377821,0.013769657604997263,0.0
1443.85,578.5336095809482,0.007567314267716681,0.014100262849141417,0.0
1445.4,599.8976719523835,0.00785012472130547,0.014694443266563328,0.0
1446.95,548.2563984422792,0.006861789462523935,0.014546662513657344,0.0
1448.5,527.2234214411171,0.006404582098785193,0.014387318798137542,0.0
1450.05,599.8026921992866,0.007574452683732787,0.01426841174802539,0.0
1451.6,596.9951398832577,0.007432129588488215,0.01392597250906969,0.0
1453.15,558.037993910177,0.00666018764641225,0.013772456697086785,0.0
1454.7,543.9052516135275,0.006319267847362015,0.013566475354274002,0.0
1456.25,547.0842549019271,0.006278824337562079,0.01314248161614329,0.0
1457.8,538.9241475191552,0.006040654635884368,0.013321291126982944,0.0
1459.35,468.94376322925217,0.004726861759532732,0.012830872909910456,0.0
1460.9,362.80041121031616,0.00278382215627573,0.012548240938409687,0.0
1462.45,378.98221004181437,0.0029682337630230187,0.012907223543634948,0.0
1464.0,454.10208785905724,0.004177726243625946,0.013010593527689865,0.0
1465.55,470.8903482348828,0.0043727502228568475,0.013096575740024454,0.0
1467.1,504.373430879976,0.004858356369731547,0.013571395619929807,0.0
1468.65,658.8255252960149,0.007448300079956103,0.014204868083390986,0.0
1470.2,685.2052708456556,0.007811130353567393,0.01476820243618423,0.0
1471.75,790.3452105635237,0.009544395473881912,0.015855054513217563,0.0
1473.3,863.3192136600733,0.010718876630335892,0.016704707710784614,0.0
1474.85,928.4077737738348,0.011756998493493967,0.017511490894528917,0.0
1476.4,1005.6718018527795,0.013007793597086058,0.0182633185315744,0.0
1477.95,1095.7570645101582,0.014482606323125903,0.019484958581187047,0.0
1479.5,1190.9753103750004,0.016047826448219345,0.02100723491440128,0.0
1481.05,1301.4155030215593,0.017879040823954605,0.02213401155721825,0.0
1482.6,1478.8153203897218,0.020876229435936464,0.023740851855536656,0.0
1484.15,1756.7738401806505,0.025623886395928126,0.024640930353135276,0.0009829560427928492
1485.7,1878.029233942043,0.027647569416431123,0.025220566622238413,0.002427002794192709
1487.25,2079.4983316326075,0.031068067033085883,0.026120401215832426,0.004947665817253456
1488.8,2177.022689649405,0.03268241643407795,0.026680594792365172,0.006001821641712781
1490.35,2248.785008386859,0.03385054271379349,0.027234571358077036,0.006615971355716451
1491.9,2375.108913959416,0.03596960475002115,0.027402054101843886,0.008567550648177265
1493.45,2484.550187918713,0.037797064835003294,0.026631967023251872,0.011165097811751422
1495.0,2537.0590876217843,0.038636424763963326,0.02627032374493122,0.012366101019032107
1496.55,2619.120738807032,0.03999199941618549,0.026099607016508118,0.013892392399677371
1498.1,2647.6165172708006,0.04041818728276017,0.025229774701566305,0.015188412581193866
1499.65,2608.9380537578068,0.039678372466521054,0.02383740309120431,0.015840969375316743
1501.2,2551.9144871494977,0.038621908583414785,0.02253188770888888,0.016090020874525907
1502.75,2487.104190334779,0.03743250308929888,0.021012818156856666,0.016419684932442214
1504.3,2444.9128441242287,0.03663906316111431,0.01932763181033118,0.01731143135078313
1505.85,2433.4842847716855,0.03638329269185784,0.01793119848254628,0.01845209420931156
1507.4,2347.596426632125,0.034835122106113656,0.016682980262642474,0.018152141843471182
1508.95,2170.5569853582474,0.03170427415416122,0.01404797783243612,0.017656296321725103
1510.5,2129.32539143569,0.030938294480189563,0.012955118903517065,0.0179831755766725
1512.05,2102.3912129723417,0.03042380053827176,0.010918651434158226,0.019505149104113537
1513.6,1987.330767704464,0.028379381906186135,0.009636690033819369,0.018742691872366768
1515.15,1834.1148471812737,0.025674217262056768,0.007988497440636216,0.017685719821420552
1516.7,1737.2376171974001,0.023951876050967453,0.006295549559568312,0.01765632649139914
1518.25,1709.2078767221021,0.023429956323176834,0.005253003767395568,0.018176952555781264
1519.8,1649.2997858404779,0.022356567330468556,0.004278027112862406,0.01807854021760615
1521.35,1580.9453362796532,0.02113928912244905,0.003479666382920898,0.01765962273952815
1522.9,1509.7007326735093,0.019874786527650005,0.002661611394415936,0.01721317513323407
1524.45,1501.3251946893818,0.01970683134949809,0.0021246491694595,0.01758218218003859
1526.0,1489.2986377771963,0.019478463753900024,0.00158375421214739,0.017894709541752634
1527.55,1399.8270997296681,0.0179062076177911,0.000596700094241676,0.017309507523549424
1529.1,1339.9005647240726,0.01685095418909799,0.0,0.01685095418909799
1530.65,1311.0646911347005,0.01633960318471481,0.0,0.01633960318471481
1532.2,1235.3973658297223,0.015016872262809502,0.0,0.015016872262809502
1533.75,1224.7276773501685,0.014827813946957624,0.0,0.014827813946957624
1535.3,1203.091104948664,0.014451191100561424,0.0,0.014451191100561424
1536.85,1235.56980677432,0.015018985417856692,0.0,0.015018985417856692
1538.4,1262.2544017847208,0.01548920335876024,0.0,0.01548920335876024
1539.95,1319.8459340145203,0.01650019187275247,0.0,0.01650019187275247
1541.5,1431.754018083119,0.01845911895945365,0.0,0.01845911895945365
1543.05,1473.5822614659028,0.019202365877763642,0.0,0.019202365877763642
1544.6,1437.8437444802994,0.018599714711856983,0.0,0.018599714711856983
1546.15,1487.9109873460498,0.019492698324994954,0.0,0.019492698324994954
1547.7,1537.449710775918,0.020379705451602878,0.0,0.020379705451602878
1549.25,1540.3482083905214,0.020458712783492764,0.0,0.020458712783492764
1550.8,1565.3246759796452,0.020924927740394558,0.0,0.020924927740394558
1552.35,1628.6552060729425,0.022061431894224295,0.0,0.022061431894224295
1553.9,1694.22741967506,0.023240113737492994,0.0,0.023240113737492994
1555.45,1751.689337834102,0.024280909359427266,0.0,0.024280909359427266
1557.0,1875.3351099187437,0.0264759998910756,0.0,0.0264759998910756
1558.55,2021.968014551932,0.029074049129317832,0.0003123305048338492,0.028761718624483984
1560.1,2060.9370728921667,0.029802629158434672,0.0004756241960450354,0.029327004962389637
1561.65,2106.7152487531903,0.030652741943510607,0.0003247973131404343,0.030327944630370172
1563.2,2381.3142685726334,0.035485804681507804,0.0009123932977676353,0.03457341138374017
1564.75,2452.759275069181,0.036788464054336924,0.0008148444757355787,0.035973619578601346
1566.3,2632.253388520364,0.03997343366676864,0.0010132787936842048,0.038960154873084435
1567.85,2825.1945010818927,0.04339526626734197,0.001243997814751507,0.042151268452590464
1569.4,2989.2637842992117,0.046317871990766084,0.0015453349830170354,0.044772537007749046
1570.95,3086.119966860317,0.04807433815466006,0.0015327842846720495,0.046541553869988005
1572.5,3141.128907901376,0.04910580349949188,0.0015037129922947686,0.04760209050719711
1574.05,3193.0180932182298,0.050085800297632106,0.0019060843530733934,0.048179715944558714
1575.6,3190.1970981608465,0.0501169594223993,0.0016019976415914763,0.04851496178080782
1577.15,3078.309451529973,0.04825379698057076,0.0016164290677848463,0.046637367912785915
1578.7,2879.491408227561,0.04488125957257549,0.0016208639281668242,0.043260395644408665
1580.25,2613.737410646034,0.040347036497917564,0.0017152739096454538,0.03863176258827211
1581.8,2456.318690831172,0.03769953673667452,0.001509931597085178,0.03618960513958934
1583.35,2310.918537149761,0.03526344493411174,0.0017002152191981845,0.03356322971491355
1584.9,2154.573063865867,0.032639265288430606,0.0018189759355775779,0.03082028935285303
1586.45,1992.9654152254734,0.02992575533528808,0.0017701932259929062,0.028155562109295176
1588.0,1866.0667082556101,0.027818038945452563,0.0019674913958212473,0.025850547549631314
1589.55,1884.4450225026108,0.02823912767761266,0.002221153575209447,0.026017974102403214
1591.1,1723.3248538545372,0.025540113470992623,0.0024420006324743252,0.023098112838518297
1592.65,1555.5666967856896,0.022727452232019645,0.002351355594959645,0.02037609663706
1594.2,1548.8615131152387,0.02271768379922411,0.002028054001794747,0.020689629797429363
1595.75,1523.7612639731167,0.02238956835290717,0.002088616231220397,0.020300952121686772
1597.3,1488.5351967700126,0.021886824476489902,0.0018706096631354655,0.020016214813354437
1598.85,1418.6380156170887,0.020782426226605172,0.0018759068036324873,0.018906519422972685
1600.4,1391.7653507729942,0.020427618585254485,0.0018928627886086668,0.01853475579664582
1601.95,1384.8224565564701,0.020420600714882317,0.0016436628296862368,0.01877693788519608
1603.5,1246.4361062924045,0.018128426273759206,0.0016863476492394373,0.016442078624519768
1605.05,1143.213147533489,0.01644876400090589,0.001733671859076782,0.01471509214182911
1606.6,1085.030927966133,0.015553289712161406,0.0014148870143802545,0.014138402697781152
1608.15,993.0324447044138,0.014070323895561674,0.001667721470399508,0.012402602425162166
1609.7,969.9276277312582,0.013786173261189924,0.0015674247495572001,0.012218748511632724
1611.25,886.0515389682629,0.0124454545650025,0.001852407201491458,0.010593047363511042
1612.8,763.1876082436377,0.010426919737705962,0.0018782903817792082,0.008548629355926754
1614.35,698.6401450727651,0.009422851677635026,0.0016876880621290531,0.007735163615505972
1615.9,637.86896593415,0.008484505895515708,0.0015779705735047998,0.0069065353220109085
1617.45,532.350532609069,0.006767784276493203,0.001430165113284221,0.005337619163208982
1619.0,504.9481988488469,0.006409514513300686,0.0013414507481251108,0.005068063765175575
1620.55,469.97086399081644,0.005919142757159692,0.0016453209065767627,0.004273821850582929
1622.1,381.8652695125435,0.004504230705502392,0.001481251403930976,0.0030229793015714166
1623.65,298.4061687747573,0.003169520224857394,0.0016671523227093843,0.0015023679021480096
1625.2,365.90363512059366,0.00445964468165851,0.0016924262601389528,0.0027672184215195568
1626.75,353.63941845870124,0.0043615957183433625,0.001881235224031141,0.0024803604943122214
1628.3,348.2082895936688,0.00438137961721872,0.0017959405101965894,0.002585439107022131
1629.85,313.1585044085188,0.0038848581793058177,0.001720964258443089,0.002163893920862729
1631.4,215.62720694551697,0.00230031418289757,0.001845371904735733,0.00045494227816183694
1632.95,143.1711953133223,0.0011504851572302183,0.0018843760266158856,0.0
1634.5,143.12810937804431,0.001258577886015015,0.0018162844491467227,0.0
1636.05,96.0069878824136,0.0005461545868022014,0.0020929894396487445,0.0
1637.6,52.37770828739381,0.0,0.0020093607171754874,0.0
1639.15,37.032300639327616,0.0,0.0021371805250549147,0.0
1640.7,-67.187708233855,0.0,0.0018477251113572003,0.0
1642.25,-3.852841120744777,0.0,0.0018387897072701218,0.0
1643.8,-15.88755067879288,0.0,0.001997945643235299,0.0
1645.35,-75.00596299185375,0.0,0.001988626837702989,0.0
1646.9,-73.03785798044238,0.0,0.0018682921522991214,0.0
1648.45,-34.39004645705289,0.0,0.0018707914297218771,0.0
1650.0,-60.53827536352834,0.0,0.0022103466197202566,0.0
1651.55,-94.81349419827202,0.0,0.0026850629187746946,0.0
1653.1,-110.48861951297512,0.0,0.002337725993108886,0.0
1654.65,-78.3062688402544,0.0,0.0026925133357485146,0.0
1656.2,-23.355473393131675,0.0,0.0025656448513303293,0.0
1657.75,-53.666259568114306,0.0,0.002581834349400944,0.0
1659.3,-71.41278212341577,0.0,0.0027279974929495998,0.0
1660.85,-19.30663355464576,0.0,0.002783920075020239,0.0
1662.4,-19.970035755492574,0.0,0.002737617334428412,0.0
1663.95,-61.94203092939064,0.0,0.002802647326869822,0.0
1665.5,-15.25503357033381,0.0001911571209296641,0.003043667784799396,0.0
1667.05,18.426410053416912,0.0008335040297102916,0.003218803225275985,0.0
1668.6,-4.5477677949330335,0.0004878991984085896,0.0032396384905712876,0.0
1670.15,10.973427652563448,0.0008093430111702976,0.0032643666094957654,0.0
1671.7,67.06892370186677,0.0018340363511822652,0.0033322549280835,0.0
1673.25,67.01489122325015,0.0018797068809851786,0.0035373054075233334,0.0
1674.8,-34.902382385701785,0.0001512993828367383,0.003637360812436385,0.0
1676.35,-13.777504945071898,0.0005606277676104883,0.003592426229397941,0.0
1677.9,61.5747216788983,0.0019108401177856805,0.0035402594907175213,0.0
1679.45,120.62498233274474,0.0029752639857549817,0.0036723016442739274,0.0
1681.0,142.45290767899735,0.003390073519188709,0.0037716713346635073,0.0
1682.55,116.49371769622127,0.002971556997498525,0.0036338142378477354,0.0
1684.1,101.4459809349212,0.0027406975374308635,0.0034758979657677183,0.0
1685.65,124.719078068187,0.003174266128153135,0.003429046125230625,0.0
1687.2,92.91051733060071,0.002647756503902539,0.003349550887941824,0.0
1688.75,102.6945056444052,0.002842659939884113,0.0034873704267521346,0.0
1690.3,76.69097425604463,0.0024131470721654273,0.003457070239230989,0.0
1691.85,101.88789476783047,0.002872236249997341,0.0031931448648325374,0.0
1693.4,107.605556612063,0.002990636696582037,0.003088526061692458,0.0
1694.95,61.58179767592647,0.0022072525227591166,0.003184694968993997,0.0
1696.5,61.381635608353285,0.0022190674691811023,0.003037826231628342,0.0
1698.05,101.15622095973922,0.0029243910177868065,0.0028447673625670734,7.962365521973309e-05
1699.6,90.48116780588433,0.0027505128644636535,0.002891230051208209,0.0
1701.15,77.28738777946242,0.00253113161788384,0.002704445026342687,0.0
1702.7,80.69018419313743,0.0025987566702987326,0.0025004825808072582,9.827408949147432e-05
1704.25,41.663504770744865,0.0019267870962656646,0.0025757110320360176,0.0
1705.8,37.81141355473191,0.0018650248943397677,0.002536235572373359,0.0
1707.35,90.03420356467205,0.0027770250192116004,0.002447186037704765,0.0003298389815068353
1708.9,-32.046144676326776,0.0006558666957236648,0.00241023670601938,0.0
1710.45,35.26574243263092,0.0018273281382291178,0.002010437329914051,0.0
1712.0,20.748862824490555,0.0015741075561327346,0.002078958904548792,0.0
1713.55,-1.1495480293036455,0.0011910994257886374,0.0019762050590058896,0.0
1715.1,58.455590620783006,0.0022243150410179565,0.002039309779564425,0.00018500526145353137
1716.65,77.31880143894648,0.0025475786241547105,0.0023571417963522373,0.00019043682780247326
1718.2,23.906017958749928,0.0016124548036823916,0.0022243802282418163,0.0
1719.75,30.775876238214195,0.0017245670088000646,0.002062848169904248,0.0
1721.3,84.25987160761846,0.0026462145891548573,0.002020685930746782,0.0006255286584080752
1722.85,12.96967311209385,0.0013964808962990537,0.0018325908602967501,0.0
1724.4,46.51097257070301,0.001968925055901896,0.0014453204865322684,0.0005236045693696274
1725.95,61.01170367620988,0.002209078865886724,0.0016164501413699446,0.0005926287245167795
1727.5,35.15052814995858,0.0017461354154102,0.001884468444654852,0.0
1729.05,48.95757671480826,0.0019720903874665954,0.002037850673172041,0.0
1730.6,78.6745474992986,0.0024737504469226445,0.00219941994769742,0.0002743304992252247
1732.15,119.34942729725331,0.0031650192305316726,0.00229075302498951,0.0008742662055421626
1733.7,103.30413877979866,0.0028688077278307238,0.0023041329514379115,0.0005646747763928123
1735.25,90.65785615655695,0.0026308000649504157,0.002293907188942956,0.0003368928760074598
1736.8,134.47641781463042,0.003374001639833565,0.001972807019159076,0.0014011946206744894
1738.35,112.88716973473545,0.002978718060050477,0.0016699002914831445,0.0013088177685673327
1739.9,172.97599311875632,0.004003241679812602,0.002159270051639281,0.0018439716281733213
1741.45,132.85633229959177,0.0032840576255801176,0.0019181371602397127,0.001365920465340405
1743.0,106.03586025611251,0.0027954328662793183,0.0019593656995538127,0.0008360671667255056
1744.55,123.51302470916997,0.00307655376229062,0.0021251066504229836,0.0009514471118676365
1746.1,129.53814293370698,0.0031577989737943167,0.002099797443876285,0.0010580015299180316
1747.65,172.0572898910131,0.003873123805159274,0.0019955680132487707,0.0018775557919105033
1749.2,220.58358904697303,0.0046923014622434174,0.002059605396728202,0.0026326960655152156
1750.75,237.63051769681948,0.004963360144659704,0.001963424378143834,0.0029999357665158703
1752.3,201.68341165993337,0.004312125600327955,0.0020455945164386444,0.0022665310838893104
1753.85,139.1802772806238,0.003198462324749042,0.0020132846379051317,0.0011851776868439102
1755.4,131.20718575965842,0.0030327264026862736,0.001837064150557135,0.0011956622521291386
1756.95,145.46816705037753,0.0032532234312435,0.0019278929572383605,0.0013253304740051396
1758.5,101.38839118063814,0.002458546058665379,0.001821135025605966,0.0006374110330594129
1760.05,207.07951539155488,0.004268401321375942,0.0020759254823872284,0.0021924758389887137
1761.6,190.10338542343197,0.003944308716908111,0.0022478551680017995,0.0016964535489063111
1763.15,195.50592745015615,0.004009074392994998,0.001958708805415135,0.002050365587579863
1764.7,272.8635475951441,0.005325005835618673,0.0019413174178282303,0.003383688417790443
1766.25,278.69977118486077,0.005396647632513877,0.001847018990287591,0.003549628642226286
1767.8,244.33008541664765,0.004768694765353366,0.0018901177871182393,0.002878576978235127
1769.35,204.33958195029194,0.004042709800566864,0.0016052789188216521,0.0024374308817452115
1770.9,174.65782905542653,0.0034957799141618335,0.0015402017165419115,0.001955578197619922
1772.45,222.00227366916317,0.004288343805103817,0.0016419488100677612,0.002646394995036056
1774.0,290.17502783284095,0.005442977387590457,0.0015662068108049797,0.0038767705767854773
1775.55,349.47875819867727,0.00644317943424072,0.0015401568383098087,0.004903022595930911
1777.1,354.7321650493518,0.006503136048267538,0.0015724431207912776,0.00493069292747626
1778.65,288.10026165083497,0.005312666223775297,0.0015646559727348864,0.0037480102510404102
1780.2,347.47458352331364,0.0063137127127299054,0.0018601886775022193,0.004453524035227686
1781.75,374.41095177451666,0.006750482206696502,0.001767114837674723,0.004983367369021779
1783.3,335.7554427779943,0.0060463501140652805,0.0018238737190561629,0.004222476395009118
1784.85,303.21083846180113,0.005448460448657579,0.0015174099316940617,0.003931050516963517
1786.4,311.4407137035727,0.005559734892163661,0.0017238456536471183,0.0038358892385165428
1787.95,356.1464963958459,0.006305427221985392,0.0020001205800814757,0.0043053066419039155
1789.5,305.0156356066078,0.00538424767579516,0.0018662189161480125,0.0035180287596471476
1791.05,256.98886614196726,0.0045170867628288565,0.0017120579247839195,0.002805028838044937
1792.6,223.96366853348255,0.0039108939540564835,0.0016440200877000644,0.002266873866356419
1794.15,228.59023048365464,0.003959639755983807,0.0011739162682270902,0.0027857234877567165
1795.7,268.1441633532959,0.004615955100305699,0.0012262332192695664,0.003389721881036133
1797.25,267.8019723318568,0.004578453106413378,0.0013888193682935763,0.0031896337381198013
1798.8,231.97359616869585,0.003923850973431577,0.0011311440559825623,0.002792706917449015
1800.35,266.13851857984486,0.004486764761786592,0.0013967496193915032,0.0030900151423950886
1801.9,300.36081782105083,0.00505081567894115,0.0012912730399387011,0.003759542639002449
1803.45,184.59876534984613,0.003006346782899084,0.0012437119335011989,0.0017626348493978853
1805.0,139.03031239377236,0.002182919515092236,0.0012848627953543738,0.0008980567197378621
1806.55,118.52094311835774,0.0017955238775709025,0.0007724521994595981,0.0010230716781113045
1808.1,199.84705714403663,0.003179542254509475,0.0007583903843701923,0.002421151870139283
1809.65,194.27649159120125,0.0030523750301864527,0.000457016012635248,0.0025953590175512046
1811.2,112.70601186927196,0.0016035617491142848,0.0005174330162469631,0.0010861287328673217
1812.75,176.26134200794198,0.002679147112677123,0.0005006390950695504,0.0021785080176075725
1814.3,192.31488454055116,0.0029287775541146197,0.0004968686059036294,0.00243190894821099
1815.85,164.0017566273424,0.002406993788048928,0.000310526837931328,0.0020964669501176
1817.4,165.58417616124845,0.0024054475934796402,0.00031138643280620676,0.0020940611606734333
1818.95,140.92482763524964,0.0019477556515555743,0.0003235754823213339,0.0016241801692342404
1820.5,151.45019461717465,0.002102317749022703,0.0002935132298898554,0.0018088045191328476
1822.05,219.84718504321535,0.003263737294744562,0.0002831175336146979,0.0029806197611298643
1823.6,248.11304908604728,0.0037274661823726465,0.00024723171711831074,0.003480234465254336
1825.15,242.42661041588224,0.0036009827096835805,0.0004088785026399811,0.0031921042070435996
1826.7,178.54917106805257,0.002462713833982906,8.428320135234426e-06,0.0024542855138476715
1828.25,209.4404299157334,0.0029730921242854588,0.00034957279906458667,0.0026235193252208723
1829.8,122.02216172615039,0.001426064155526533,0.00019402219546232189,0.001232041960064211
1831.35,172.14420953930605,0.002271626895155585,0.0,0.002271626895155585
1832.9,98.15091756813351,0.0009588208033378716,6.889661613588481e-05,0.0008899241872019868
1834.45,161.72682653977068,0.0020391251854776707,2.0855141991265794e-05,0.002018270043486405
1836.0,182.71428473711106,0.002379072321493306,6.4848773763829e-05,0.002314223547729477
1837.55,142.3948483004807,0.0016531011961410731,3.3719248510770014e-05,0.001619381947630303
1839.1,183.67796019354208,0.002346839152157925,0.0,0.002346839152157925
1840.65,139.18347521197478,0.001549056618889771,0.0,0.001549056618889771
1842.2,131.75385318401976,0.001396356151933817,0.0,0.001396356151933817
1843.75,149.58742238530715,0.0016834791367618157,7.203884832051326e-05,0.0016114402884413025
1845.3,133.51794340739383,0.0013813564289387999,0.0,0.0013813564289387999
1846.85,129.55236409333952,0.0012901925520574903,0.0,0.0012901925520574903
1848.4,149.02805788849076,0.0016071851079889916,0.0,0.0016071851079889916
1849.95,176.02288624244414,0.00205540776113815,0.0,0.00205540776113815
1851.5,178.91894273198108,0.002084938033402651,0.0,0.002084938033402651
1853.05,203.81115911060357,0.002497510116263103,5.950179362893956e-05,0.0024380083226341635
1854.6,178.3967340452802,0.002035570059333515,0.00024878950014125075,0.0017867805591922643
1856.15,151.7508134838252,0.0015526863647191825,0.0006617489069075208,0.0008909374578116617
1857.7,221.03179463767106,0.0027387377614403446,0.0004849268184371124,0.002253810943003232
1859.25,213.9207009343455,0.002596591596905247,0.0005051819539047073,0.0020914096430005398
1860.8,159.40418195971944,0.0016304171745225775,0.0001604298517256019,0.0014699873227969756
1862.35,198.21520653895396,0.0022879836459941683,0.0004948190612262063,0.001793164584767962
1863.9,284.9967966233529,0.0037804035866412034,0.00017910138960033111,0.003601302197040872
1865.45,334.90088557859673,0.004631922119433388,0.0008214130743314078,0.00381050904510198
1867.0,303.44162307986767,0.004068802709114502,0.00066055715431432,0.003408245554800182
1868.55,249.22485224506363,0.0031103788392730617,0.0006714579708414233,0.0024389208684316385
1870.1,273.0998254368315,0.0035107218341702516,0.0006817588250159222,0.0028289630091543295
1871.65,285.93234527310295,0.0037195267244766466,0.0005714547689102603,0.003148071955566386
1873.2,289.31711695016304,0.0037645330510989675,0.0007680781189419112,0.0029964549321570564
1874.75,267.22471719286534,0.0033669440878242064,0.0007819806347284633,0.0025849634530957432
1876.3,208.39699097093296,0.002330949245894752,0.0005773697721606697,0.0017535794737340825
1877.85,239.46516006481897,0.0028590430606489337,0.0007312611850128216,0.0021277818756361123
1879.4,315.389108727938,0.004167845825939969,0.000854558166835813,0.003313287659104156
1880.95,349.00397402081785,0.0047413031873850976,0.0009672957171959724,0.0037740074701891253
1882.5,317.03913309081497,0.004174670820332578,0.0010076027545657443,0.0031670680657668337
1884.05,365.13711603188506,0.005001104919397408,0.0009699257525012317,0.004031179166896177
1885.6,309.26156332629427,0.004019667022195868,0.0010803018462816525,0.0029393651759142153
1887.15,305.5918135381076,0.003946778773905197,0.0007965808943481018,0.0031501978795570947
1888.7,215.81902302312062,0.002376838011264519,0.001092396242404626,0.001284441768859893
1890.25,256.78229870762095,0.003081318967470679,0.0006694734658086211,0.002411845501662058
1891.8,271.2655759457763,0.0033257661649514774,0.0006203976668454274,0.00270536849810605
1893.35,254.93202978349603,0.003034747477943305,0.0007250872821255084,0.0023096601958177967
1894.9,311.6228566644671,0.004014367267377401,0.0005346210838696419,0.003479746183507759
1896.45,288.1782938131507,0.003600720238431686,0.000624510366673754,0.002976209871757932
1898.0,305.59583595080613,0.0038983089868972467,0.000651551806545492,0.0032467571803517547
1899.55,288.8228100631392,0.003601741536595788,0.000680818795393796,0.002920922741201992
1901.1,303.1948841541631,0.003847395385759785,0.0007789514780463684,0.0030684439077134167
1902.65,283.83015036340726,0.00350677759681189,0.0006618111874163446,0.0028449664093955452
1904.2,247.11692629679845,0.0028649252443653794,0.0004215614496209047,0.0024433637947444747
1905.75,221.34279388371243,0.002413838570984817,0.00045703717786484447,0.0019568013931199725
1907.3,215.03982357317,0.0023019105619958595,0.0005194538805598749,0.0017824566814359844
1908.85,215.9690631927697,0.002316264238238037,0.00036197788364116304,0.001954286354596874
1910.4,183.3260164755261,0.0017471828079565664,0.0005412784829157322,0.0012059043250408341
1911.95,285.53935222253335,0.003524134904907645,0.0007467335975318204,0.0027774013073758245
1913.5,270.5484651416901,0.0032630326751891658,0.0006871309955114662,0.0025759016796776998
1915.05,235.76643101425776,0.002658172318205244,0.0005680201231939242,0.00209015219501132
1916.6,210.0934004639493,0.002212206620833983,0.0006017725390368095,0.0016104340817971736
1918.15,176.64501536016698,0.0016314596276083796,0.0006466641836885773,0.0009847954439198023
1919.7,172.76839257655388,0.001565501448521098,0.0004579610078184803,0.0011075404407026178
1921.25,188.11461864602646,0.0018343265209058758,0.00041828762609175606,0.0014160388948141196
1922.8,196.64182130787407,0.0019849820019809073,0.0002819736487422041,0.0017030083532387033
1924.35,198.32555643989508,0.002017035149715449,6.459574717254523e-05,0.001952439402542904
1925.9,235.36010193270337,0.0026643618869087874,4.362895577272879e-05,0.0026207329311360586
1927.45,175.43189273152385,0.0016256286794785733,0.00029992830037613513,0.0013257003791024382
1929.0,225.90279188098503,0.0025074654362883158,0.00046348237808829134,0.0020439830582000243
1930.55,155.14153898642422,0.0012811087388772083,0.000776803376702639,0.0005043053621745693
1932.1,210.10445916528403,0.0022418532780640286,0.0006872975031248418,0.0015545557749391868
1933.65,202.93159542802198,0.002122248117683771,0.00039598534775360755,0.0017262627699301634
1935.2,214.39908371443212,0.0023272209530984782,0.00013453242397987083,0.0021926885291186074
1936.75,195.5405659415742,0.002005092274882126,0.0,0.002005092274882126
1938.3,110.17825321963744,0.0005266135102846367,0.00019155742644783746,0.00033505608383679924
1939.85,101.61509942095763,0.0003842386265269101,0.00011127796538891296,0.00027296066113799715
1941.4,158.17283926396553,0.001374838217584276,0.0,0.001374838217584276
1942.95,206.85474199539465,0.0022287727568724752,3.131324239754467e-05,0.0021974595144749307
1944.5,226.63055054674942,0.0025802537724807155,0.0,0.0025802537724807155
1946.05,225.80166248932443,0.0025736570879012917,6.17634536685183e-05,0.0025118936342327734
1947.6,192.9136089225799,0.002009745123499444,9.28992681511142e-05,0.0019168458553483298
1949.15,124.21669087564746,0.0008232888558893148,0.0001016522086949635,0.0007216366471943513
1950.7,155.67395457694994,0.0013790783087734239,0.0005972921002760128,0.0007817862084974111
1952.25,161.93379335010425,0.0014968661368142656,0.0005743629156755164,0.0009225032211387491
1953.8,118.92654591144287,0.0007579984496379554,0.00023739214696096906,0.0005206063026769864
1955.35,143.79165284938426,0.0011998665383481232,6.872196631743068e-05,0.0011311445720306925
1956.9,202.41057886510737,0.002229036547101865,0.0002274265916374648,0.0020016099554644
1958.45,202.98444342444253,0.00224884212526463,0.00029760429092538006,0.0019512378343392498
1960.0,145.46999563114616,0.001258519391069397,9.360025838015202e-05,0.001164919132689245
1961.55,144.6515949649756,0.001254497142669179,0.0004503774357313916,0.0008041197069377874
1963.1,89.40689969569355,0.0003040161216316994,0.0002203273020718078,8.36888195598916e-05
1964.65,186.0482232116744,0.001995447610000389,0.0004531397122723791,0.0015423078977280101
1966.2,172.10004728503174,0.0017635513012143034,0.0005573497762376574,0.001206201524976646
1967.75,158.71775286381092,0.0015416368062200875,6.551185876105993e-05,0.0014761249474590276
1969.3,183.8249352515655,0.0019892954859124733,0.00024704611155459705,0.0017422493743578763
1970.85,124.1212995818803,0.0009619566518299384,0.00026561754563352735,0.0006963391061964111
1972.4,146.6570070206172,0.0013651054858100236,0.0002977833424555874,0.0010673221433544363
1973.95,209.46403483390503,0.0024687805768490224,0.0004972312018866621,0.00197154937496236
1975.5,177.88588510821006,0.0019308927333949312,0.0003402470336896123,0.0015906456997053188
1977.05,217.30126007780137,0.00262785502668895,0.000476138384433032,0.0021517166422559183
1978.6,210.64295582639434,0.0025235078454986077,0.0005344990736577501,0.0019890087718408577
1980.15,206.86928410735288,0.002469367727656003,0.0004985298201269735,0.0019708379075290294
1981.7,202.43563689649517,0.002403769376983965,0.0008215546528828104,0.0015822147241011547
1983.25,167.27383616006156,0.001803723657029372,0.0008441974612704728,0.0009595261957588993
1984.8,150.6441750819559,0.0015259987191916186,0.0005655731425285713,0.0009604255766630473
1986.35,175.670308135661,0.0019727688247013066,0.0005601665238228395,0.001412602300878467
1987.9,122.46581642678946,0.001058838512182507,0.0006878543980644768,0.0003709841141180302
1989.45,93.23324209450354,0.0005617982225898252,0.0007850849603018562,0.0
1991.0,90.2744784329715,0.0005216695441984036,0.0006490782512909295,0.0
1992.55,106.8305511595187,0.00082087863307348,0.000385185284493131,0.00043569334858034896
1994.1,173.81031463758956,0.001997006915644846,0.00017196804068239855,0.0018250388749624473
1995.65,169.47028560431002,0.0019325585765821661,0.0001227480053738532,0.0018098105712083129
1997.2,137.92189428409642,0.0013947467344772911,0.0002518999905810517,0.0011428467438962394
1998.75,126.65769404958246,0.0012095920799743754,0.00013540099190144708,0.0010741910880729282
2000.3,61.15173562878002,8.085130332387753e-05,0.0001218596606238147,0.0
2001.85,64.54719873484751,0.00015033372624531234,0.000341510196308666,0.0
2003.4,126.78863851522354,0.0012431293033160241,0.0002223605819935987,0.0010207687213224254
2004.95,112.57915265480528,0.001006007364494187,0.00011800373743323861,0.0008880036270609484
2006.5,45.50364381511768,0.0,0.0,0.0
2008.05,16.354134781030723,0.0,2.6887674214940044e-05,0.0
2009.6,74.94131273095095,0.0003800284382100828,2.452336783187873e-05,0.00035550507037820407
2011.15,69.38988406609047,0.0002925083390686536,0.00029485202367557367,0.0
2012.7,136.16361894513452,0.0014626645034264013,0.0003826333719986678,0.0010800311314277335
2014.25,157.98993335590094,0.001850770264231103,0.0005361653604744766,0.0013146049037566264
2015.8,72.54864112851494,0.00037288408239613026,0.00046759829320863923,0.0
2017.35,120.35256517270591,0.001212228943480928,0.0004000964271904356,0.0008121325162904925
2018.9,107.3318132687928,0.0009933447197528393,0.00024038564139569867,0.0007529590783571406
2020.45,74.2922953344134,0.00042595837465954323,0.00034515955029684037,8.079882436270286e-05
2022.0,55.202217191151604,0.00010086880663532567,0.0004814070148128187,0.0
2023.55,100.26032429404762,0.0008911721212039592,0.000543015957544165,0.0003481561636597941
2025.1,87.50728408103002,0.0006756245438473916,0.0005950890697852735,8.053547406211808e-05
2026.65,96.19909638407684,0.0008327139642893429,0.00017815749527670408,0.0006545564690126389
2028.2,68.11532654946396,0.0003498050363732334,0.0003146917691714744,3.5113267201758956e-05
2029.75,64.89841789251298,0.0002990334814885582,0.00041234081640392865,0.0
2031.3,99.3919813175283,0.0009037784758732627,3.7929787804936076e-05,0.0008658486880683266
2032.85,29.31137620049382,0.0,4.291902930485512e-05,0.0
2034.4,87.99718786173707,0.000714009385671076,0.0,0.000714009385671076
2035.95,106.43303288614095,0.0010382682314323103,7.891032015140462e-05,0.0009593579112809058
2037.5,54.7572369189795,0.00014266547184189478,0.00018052525912992985,0.0
2039.05,39.471700288825566,0.0,0.0,0.0
2040.6,129.08057607912122,0.001440491730816919,0.0,0.001440491730816919
2042.15,113.94056353855603,0.001179080190613659,0.0,0.001179080190613659
2043.7,88.42636001926184,0.0007367945691674918,7.247357636003547e-05,0.0006643209928074564
2045.25,30.11303366908089,0.0,0.00014758332982356734,0.0
2046.8,-5.005118218681084,0.0,0.0002713050806167812,0.0
2048.35,103.67104277854955,0.001003720527734166,7.721888270792933e-05,0.0009265016450262368
2049.9,90.37352922458588,0.0007721351353850962,1.7068757151531573e-06,0.0007704282596699431
2051.45,104.32093074756474,0.001013980746831244,0.000119337975515656,0.000894642771315588
2053.0,67.6546631860971,0.000375071159214971,0.00011106859472748807,0.00026400256448748296
2054.55,91.87186672852347,0.0007946780433878205,0.0,0.0007946780433878205
2056.1,87.03661904519825,0.0007085543063479494,9.548135465503672e-06,0.0006990061708824457
2057.65,60.69674788158399,0.0002479844804673872,9.526577127896183e-05,0.00015271870918842536
2059.2,42.3696399267687,0.0,5.978769459516742e-05,0.0
2060.75,113.35061039581099,0.0011576795217761043,0.00020662308614903503,0.0009510564356270693
2062.3,64.59053190338966,0.00030593783119321153,0.0,0.00030593783119321153
2063.85,31.909291688330246,0.0,1.2698604629167423e-06,0.0
2065.4,55.35746470565864,0.00013685208917324217,0.00026858118175566883,0.0
2066.95,14.156922624845631,0.0,0.0,0.0
2068.5,18.646340015213656,0.0,0.00015514605345609558,0.0
2070.05,44.353915326479594,0.0,0.00040606458763063245,0.0
2071.6,109.01737763082201,0.0010487051430855875,0.000444731817129125,0.0006039733259564624
2073.15,70.56761003929111,0.0003737444864150767,0.00028169009439355707,9.205439202151963e-05
2074.7,86.25793500609666,0.0006401431202770046,0.00028005051025365465,0.00036009261002335
2076.25,75.9962880846673,0.00045488228979305765,0.000462194055296262,0.0
2077.8,28.612738749871376,0.0,0.0006291965016386794,0.0
2079.35,67.05992517133001,0.00028513816801954147,0.0008744585187301145,0.0
2080.9,115.78071042847841,0.0011250466510780827,0.0008395127456808498,0.0002855339053972329
2082.45,63.1347492346825,0.00020169567274976077,0.0006497289867424183,0.0
2084.0,48.59591651275704,0.0,0.0005750316536322696,0.0
2085.55,68.95560591964988,0.0002870954826803671,0.00032821676097236286,0.0
2087.1,134.75745257517994,0.001423471533574938,9.735427893984144e-05,0.0013261172546350966
2088.65,126.90341785324384,0.0012786569822532592,0.0005888099467279259,0.0006898470355253333
2090.2,102.60210580066422,0.0008477030179006385,0.0008602667694866573,0.0
2091.75,118.74230583802327,0.0011200981764101926,0.00037561351786321337,0.0007444846585469792
2093.3,62.78462496023382,0.00013847202447437012,0.0005708973153607768,0.0
2094.85,97.44596313966784,0.0007329777973124484,0.0008025279279618731,0.0
2096.4,146.1831785345954,0.0015723265653226548,0.0009398847883161962,0.0006324417770064586
2097.95,118.61555643130103,0.0010845528692275085,0.0005922296002806892,0.0004923232689468193
2099.5,125.53712706661415,0.0011967169097867412,0.0009058841700489711,0.00029083273973777005
2101.05,109.44395883768854,0.0009086777848872871,0.0009242938764488236,0.0
2102.6,160.5338937053691,0.0017892666321620725,0.0005473564449362409,0.0012419101872258318
2104.15,135.40240436704948,0.0013442760626662222,0.0007301892357010911,0.000614086826965131
2105.7,203.385829202084,0.0025189902469445625,0.0009950053146818654,0.001523984932262697
2107.25,245.4436705814365,0.0032429642609806235,0.001281838086706417,0.0019611261742742067
2108.8,222.14096574843936,0.002830329416252836,0.0011987449022072398,0.0016315845140455962
2110.35,356.02763986105674,0.005151911362452661,0.0012253092215812403,0.003926602140871421
2111.9,371.2215061884145,0.005409321902259079,0.001234141926906289,0.00417517997535279
2113.45,335.30244865312585,0.004777996983730301,0.001755765026984102,0.003022231956746199
2115.0,472.55339307471826,0.007158902941727917,0.0017392327862209972,0.0054196701555069195
2116.55,485.75474317217186,0.007382529172415378,0.002200695285049369,0.005181833887366009
2118.1,551.4709921760648,0.00851987566587421,0.0024491098147341847,0.006070765851140025
2119.65,592.2082905754296,0.009223113154657413,0.0026641376456830682,0.006558975508974345
2121.2,681.1185419209265,0.010764588218718195,0.0027698522173519417,0.007994736001366253
2122.75,769.4996264622253,0.012297243438671134,0.0033200913532607343,0.0089771520854104
2124.3,859.1078052116715,0.013851641299524431,0.003437983393589794,0.010413657905934636
2125.85,968.0539931982449,0.01574279902369035,0.0035744922153248372,0.012168306808365514
2127.4,996.9575674336613,0.01624220593650712,0.0035751886291192922,0.01266701730738783
2128.95,977.4263253281479,0.015899627138659958,0.0034690274527598925,0.012430599685900066
2130.5,1046.6053687525846,0.017100433021803925,0.0034692338802606313,0.013631199141543295
2132.05,1015.9986052494003,0.01656612565126766,0.003353190753739926,0.013212934897527732
2133.6,1016.1329138255469,0.016566961582976533,0.0029603679000148615,0.013606593682961672
2135.15,897.8049836243827,0.014507857592200345,0.003041272191595363,0.011466585400604981
2136.7,863.1712591090409,0.013904917631457797,0.0027089811717088646,0.011195936459748932
2138.25,870.0343032079772,0.014024205062379405,0.0026923978681030187,0.011331807194276386
2139.8,930.7821939986602,0.015081185951545041,0.002546119677489855,0.012535066274055186
2141.35,860.8576635458908,0.013865860944462644,0.002311490310482031,0.011554370633980612
2142.9,851.660008610868,0.01370722952057827,0.001981757379030968,0.011725472141547302
2144.45,749.5004753728701,0.011932184495997065,0.0016987997118487837,0.010233384784148281
2146.0,719.7349496429827,0.011416750390472397,0.0014937785725368836,0.009922971817935514
2147.55,650.2528061351,0.010210984497896588,0.001380240039514863,0.008830744458381725
2149.1,633.9201973853742,0.009930097422240713,0.0012403549737684673,0.008689742448472246
2150.65,557.8154972623406,0.008610038583211185,0.0013682048587693569,0.007241833724441827
2152.2,495.016290756142,0.007521834656846185,0.0012561804052082938,0.006265654251637891
2153.75,414.5123686444765,0.006126115827746652,0.0011309493242696077,0.0049951665034770444
2155.3,423.85507466158066,0.00629350812703394,0.0010191102566580762,0.005274397870375864
2156.85,390.6829744765871,0.00572184180179061,0.0011449554940075454,0.004576886307783064
2158.4,390.2803011865723,0.005720520831894205,0.0008520058686547407,0.004868514963239465
2159.95,402.4296938073319,0.005937892495139802,0.0006030114049036462,0.005334881090236156
2161.5,299.7127885849523,0.004157759931324064,0.0009358090306082495,0.0032219509007158148
2163.05,281.17219890420245,0.003842050878660868,0.000884800618517766,0.002957250260143102
2164.6,292.7206131589678,0.004050012080152434,0.0010523921474667006,0.0029976199326857333
2166.15,268.0135512631621,0.003627701360574934,0.000533133715163447,0.003094567645411487
2167.7,239.77809845067827,0.0031443246636254766,0.0004404520324640955,0.002703872631161381
2169.25,137.2299315594279,0.0013687169996182006,0.00044661932454673203,0.0009220976750714685
2170.8,122.45360216942825,0.0011199938537133618,0.0003293436699228384,0.0007906501837905234
2172.35,195.8752996604431,0.002405551921068857,0.0005512034447644462,0.0018543484763044109
2173.9,126.21751665495259,0.0012027728984820465,0.0003944794940844846,0.000808293404397562
2175.45,54.18320299138958,0.0,0.00019377763213623584,0.0
2177.0,73.5788558744726,0.00030543694198231455,0.0003822311821022525,0.0
2178.55,124.08176182061129,0.0011932298284436872,0.0003682992398907327,0.0008249305885529545
2180.1,89.90654428494017,0.0006083935351765897,0.0004370877844743556,0.00017130575070223411
2181.65,153.42474367321634,0.0017228941338218115,0.0006364806992160395,0.001086413434605772
2183.2,81.59662448373653,0.0004834627800674148,0.00015861378582059273,0.00032484899424682206
2184.75,57.597963706274285,7.605337325958954e-05,0.000154228268227264,0.0
2186.3,91.10676453025374,0.0006689786091155206,0.0,0.0006689786091155206
2187.85,96.16757874895796,0.0007672016558459281,0.0,0.0007672016558459281
2189.4,121.54898956283509,0.0012189363255635417,0.0,0.0012189363255635417
2190.95,50.41325081183135,0.0,0.0,0.0
2192.5,65.58667600226022,0.0002663005570894071,0.0,0.0002663005570894071
2194.05,100.15413958272427,0.000877936186230834,0.00015478695512080164,0.0007231492311100323
2195.6,26.032064955349508,0.0,6.513179031414874e-05,0.0
2197.15,46.0101263692473,0.0,0.0003995009123203107,0.0
2198.7,65.45858134791408,0.00030568460470103124,0.00027126043390451643,3.442417079651481e-05
2200.25,25.507332560673674,0.0,0.0002923339706026021,0.0
2201.8,91.39675874013298,0.0007774884007600288,6.866556373471861e-05,0.0007088228370253102
2203.35,127.72935667257757,0.0014196745593776537,6.222064075073258e-06,0.0014134524953025804
2204.9,138.03423231522123,0.0016090987184248539,0.0002380889716305138,0.0013710097467943402
2206.45,127.26499976509673,0.0014319100128230519,0.0002638597678026304,0.0011680502450204214
2208.0,50.7504725474174,0.0001111348689680392,0.0003464633708884303,0.0
2209.55,58.053013694167795,0.00024809739999962963,0.00028768182947220796,0.0
2211.1,98.67427210257823,0.0009644721925388324,0.00021657340610466692,0.0007478987864341655
2212.65,63.885395487039226,0.0003691325890320895,0.00024136780640007896,0.00012776478263201051
2214.2,14.233551946482894,0.0,0.0004983191431177554,0.0
2215.75,50.67294970204794,0.00015845081982731078,0.0005868602097057477,0.0
2217.3,130.46639080316942,0.0015556612506345733,0.0004363190134310783,0.0011193422372034949
2218.85,162.74472479248448,0.0021263066709231618,0.000619673199153842,0.0015066334717693196
2220.4,95.20197573613719,0.0009606261775196215,0.0006969765880378434,0.0002636495894817781
2221.95,33.54438479693443,0.0,0.00047436149767318247,0.0
2223.5,30.900521241536374,0.0,0.0002906350097976304,0.0
2225.05,144.6756095534151,0.0018474891406315833,0.0003713486168502143,0.0014761405237813689
2226.6,80.60062977041014,0.0007415133806795037,0.0003518673931296492,0.00038964598754985454
2228.15,151.60049509053187,0.001984729368340123,0.0005407237169817301,0.001444005651358393
2229.7,57.17397098662431,0.0003505259505387915,0.0006622484647430462,0.0
2231.25,105.16978566097814,0.001193302956076534,0.0005523833634928596,0.0006409195925836744
2232.8,95.48755517615574,0.0010327177378793016,0.0007556809865667084,0.0002770367513125931
2234.35,60.60615010437713,0.00043367096350723476,0.0006528197243342505,0.0
2235.9,117.51581231262523,0.0014309667385006054,0.000782626695489394,0.0006483400430112114
2237.45,92.7970648823574,0.0010083223006578997,0.0006554755308717624,0.00035284676978613726
2239.0,110.05192363921094,0.0013155399391789244,0.0010022206003187182,0.0003133193388602062
2240.55,92.25632278614898,0.0010129389086365533,0.0008017066255986542,0.0002112322830378991
2242.1,89.57697770644583,0.0009730634658657271,0.0005611670926188372,0.0004118963732468899
2243.65,75.99343443104334,0.0007433367996874593,0.00041022209572670783,0.0003331147039607515
2245.2,40.61671338314235,0.00013436324519094058,0.0006347576695498242,0.0
2246.75,54.70562307024039,0.0003855408782262611,0.0006593726024099281,0.0
2248.3,89.79117130974078,0.0010017053567663787,0.00036171048764860206,0.0006399948691177766
2249.85,128.45473423080267,0.0016798909980472268,0.0005629488495776819,0.001116942148469545
2251.4,61.78119496237578,0.0005257364825021711,0.0009036858254599765,0.0
2252.95,49.515561212658255,0.00031767715999571567,0.0006813045292814185,0.0
2254.5,133.12865725581878,0.0017770092895467047,0.0005771852253377746,0.0011998240642089302
2256.05,146.85326795157346,0.0020205445970846907,0.0007331998218091019,0.0012873447752755887
2257.6,85.6911383477861,0.0009613439436049124,0.0006593431190232802,0.0003020008245816322
2259.15,122.09347876861106,0.001598840785066535,0.0009398389016910159,0.0006590018833755191
2260.7,146.27327120589845,0.002023508125470273,0.0007281419421442526,0.0012953661833260202
2262.25,65.25003182573171,0.0006181343129933098,0.0006196530809979508,0.0
2263.8,108.36652994143998,0.0013716653864215794,0.0005355217701321925,0.000836143616289387
2265.35,117.88976150491627,0.0015406509448208212,0.0005741098552278129,0.0009665410895930083
2266.9,0.7536888496519938,0.0,0.0006023894984996531,0.0
2268.45,56.206747872586625,0.00047369793039842906,0.0004036080975391781,7.008983285925098e-05
2270.0,-15.855762903869994,0.0,0.00015566144703945057,0.0
2271.55,18.9926291405995,0.0,0.00019244495503557184,0.0
2273.1,77.04589118404166,0.0008429729196265598,0.00037538754764270915,0.00046758537198385064
2274.65,104.10495429475327,0.001315360384782942,0.0004010480900980022,0.0009143122946849399
2276.2,112.75189041112239,0.0014672584765220995,0.00023570411472017497,0.0012315543618019245
2277.75,89.52275613850819,0.001064497585587543,0.0005037463366662249,0.0005607512489213182
2279.3,44.706352511098615,0.0002860386698343844,0.0005561282681272862,0.0
2280.85,101.57333196521537,0.0012759322594753104,0.0005620942346348431,0.0007138380248404673
2282.4,128.1101029765648,0.001738078276681347,0.0005156628639603161,0.0012224154127210309
2283.95,29.814496490886015,2.8811471011487472e-05,0.00040633959535416535,0.0
2285.5,89.16143387578879,0.0010612167311334967,0.0006773165129784371,0.0003839002181550595
2287.05,111.34536679050095,0.0014470552056081284,0.0004122902490989535,0.001034764956509175
2288.6,58.67982394741484,0.0005308549505957215,0.000604687354601486,0.0
2290.15,101.94750690315664,0.0012830414427061428,0.0005652916527095138,0.0007177497899966289
2291.7,77.09954098442151,0.0008503253546201389,0.00028464466348945394,0.000565680691130685
2293.25,105.21061588922004,0.0013385621427284655,0.000527803111429079,0.0008107590312993865
2294.8,72.04506845774449,0.000760861839391668,0.0007565571495898941,4.304689801773866e-06
2296.35,164.6921713920748,0.002371269184249941,0.000918469107262952,0.001452800076986989
2297.9,120.79844531138104,0.0016066856238520003,0.0004174093412784357,0.0011892762825735646
2299.45,143.2123156954509,0.0019952540180095822,0.00030405024562354645,0.0016912037723860358
2301.0,153.70771300552263,0.002176397485842198,0.0007886500297565603,0.001387747456085638
2302.55,109.59426195410344,0.0014076101250650734,0.0005550235600840074,0.0008525865649810661
2304.1,63.61001833578047,0.0006061694239786697,0.0003903377269517322,0.0002158316970269375
2305.65,95.23474183048936,0.001154470318891456,0.0002559840964507134,0.0008984862224407427
2307.2,159.9304962019321,0.0022778719208123607,0.0005176846454891946,0.001760187275323166
2308.75,52.68075844272884,0.00041053436796640615,0.00044412644964570184,0.0
2310.3,98.3642444345345,0.0012030682827180964,0.0003828119284476429,0.0008202563542704535
2311.85,126.82253847241948,0.0016959194647380572,0.00019813972433402688,0.0014977797404040303
2313.4,102.71059292136825,0.0012743381338690477,0.0005622216425397431,0.0007121164913293045
2314.95,139.05911340078057,0.0019042690066913503,0.0005362492344595636,0.0013680197722317866
2316.5,113.51422682138646,0.0014576203255361434,0.0003088792114807919,0.0011487411140553515
2318.05,109.36822183479129,0.001383097166858022,0.0002491709786209008,0.0011339261882371211
2319.6,70.09102983455742,0.0006974787343021766,0.0001395386504699315,0.0005579400838322451
2321.15,137.66533535873265,0.0018702699732872378,0.00034495697510786153,0.0015253129981793764
2322.7,146.13022564406538,0.002014922754495259,0.00015174003180061057,0.0018631827226946484
2324.25,121.88284686428742,0.0015905662448353923,0.0003014672035033314,0.0012890990413320608
2325.8,190.0400477261332,0.0027733579955994134,0.00045478686878208067,0.002318571126817333
2327.35,77.61098741725988,0.0008151812610169868,0.00020874058260603108,0.0006064406784109556
2328.9,115.84976961697558,0.001477531749196518,0.0004894732154332994,0.0009880585337632185
2330.45,157.776937081272,0.0022040042648982456,0.00039789390414228775,0.0018061103607559578
2332.0,73.7986712634649,0.0007405813153865681,0.000345502233034837,0.0003950790823517311
2333.55,122.62734458039182,0.001587042178897789,0.00014100655688896148,0.0014460356220088275
2335.1,81.98888653626844,0.0008773844505825946,0.00022487269245935986,0.0006525117581232347
2336.65,108.4653971563932,0.0013350386590538943,0.0,0.0013350386590538943
2338.2,171.40367965769346,0.0024268577975660186,0.0003199844807699303,0.002106873316796088
2339.75,125.80549426116035,0.0016308950998628472,0.00028751833699968473,0.0013433767628631625
2341.3,106.08409834925358,0.0012849986692087686,5.0119334065150685e-06,0.0012799867358022534
2342.85,50.18255489163504,0.00030981672350036273,9.175487082492458e-05,0.00021806185267543815
2344.4,128.7588178183029,0.001673599906488435,0.00032938306262665293,0.0013442168438617822
2345.95,128.95022421526005,0.0016740371750926365,0.00038529334302077534,0.0012887438320718612
2347.5,78.8568096785192,0.0007998737225619111,0.0002451057145961224,0.0005547680079657887
2349.05,109.78931004841172,0.0013349949382207656,0.0002723944292419498,0.0010626005089788158
2350.6,109.18767230657693,0.0013216494065564875,0.00018653333167669117,0.0011351160748797964
2352.15,126.89485573960081,0.001626755906818498,0.0004603272619445408,0.0011664286448739574
2353.7,92.30664430644146,0.0010222992702576556,0.00021180506161993232,0.0008104942086377233
2355.25,81.08130041788526,0.0008242027116451537,0.00020227084770243012,0.0006219318639427236
2356.8,121.9981538061185,0.0015330255871580985,5.255673746911603e-05,0.0014804688496889826
2358.35,141.08361188038916,0.001862148923620435,5.67116477870971e-05,0.001805437275833338
2359.9,91.75190190828167,0.0010013090574950497,0.0003515307896978678,0.0006497782677971818
2361.45,115.93954453990902,0.001419204276342717,0.00039043022252490897,0.001028774053817808
2363.0,74.36235549291868,0.0006932701632767121,2.5412172104817895e-05,0.0006678579911718942
2364.55,107.2717922520643,0.0012628965147975246,0.00025704921682295783,0.0010058472979745667
2366.1,65.07316057853653,0.0005261883373430138,8.85581306108728e-05,0.000437630206732141
2367.65,92.24978098007982,0.000996139888167932,0.0004349633227847416,0.0005611765653831904
2369.2,113.03347936761989,0.0013549182664681122,0.0002761009224443825,0.0010788173440237298
2370.75,85.22951216689147,0.0008686320603906609,0.0003039447427561068,0.0005646873176345542
2372.3,78.87333147647564,0.0007554058776657682,0.00031745730893577724,0.00043794856872999096
2373.85,150.4226710109174,0.0019972074234674694,0.0002481720490460877,0.0017490353744213818
2375.4,153.396288627095,0.0020462932991843646,0.0003480767557361461,0.0016982165434482185
2376.95,139.97529933722925,0.0018102478442784673,0.0003448506766939208,0.0014653971675845465
2378.5,183.4314337036431,0.0025634835861327375,0.0006752446232322355,0.001888238962900502
2380.05,129.08570848880146,0.0016156734956590227,0.00041643928872647925,0.0011992342069325436
2381.6,43.55606355666401,0.00012550049695217298,0.0004279505633907604,0.0
2383.15,67.09005306940233,0.0005322848471138703,0.0,0.0005322848471138703
2384.7,57.48279016660861,0.0003626606404940537,9.640774386174992e-05,0.00026625289663230375
2386.25,45.246170608759826,0.00014731931923054025,0.0,0.00014731931923054025
2387.8,98.36906456764083,0.0010687880902076061,0.0002296212705275808,0.0008391668196800254
2389.35,131.04376003078696,0.0016346151774031988,0.00025527485222858083,0.0013793403251746179
2390.9,78.3806812732814,0.000716177164244538,0.00034513047600377033,0.0003710466882407677
2392.45,106.86244076013676,0.0012090994392932848,0.00035750069206498845,0.0008515987472282965
2394.0,162.51598115353715,0.002174629001314093,0.0005838235233158861,0.0015908054779982068
2395.55,141.2691021464704,0.001802639958605504,0.00045594875118911354,0.0013466912074163904
2397.1,118.89630903627713,0.0014110741223341274,0.00037443277021174677,0.0010366413521223808
2398.65,137.596602524116,0.0017338954604072317,0.0004917052986734894,0.0012421901617337423
2400.2,92.37270963588,0.000944887783379147,0.00046538026659779424,0.00047950751678135274
2401.75,104.55124339910904,0.0011542787407049786,0.0005293433350562122,0.0006249354056487664
2403.3,138.85985183307582,0.0017485751655657749,0.0002668333246920759,0.001481741840873699
2404.85,69.8972307472342,0.0005466738317171939,0.00013583945137937077,0.0004108343803378232
2406.4,72.76310013130646,0.0005940759100242918,0.000141995038168906,0.00045208087185538584
2407.95,151.3256905642144,0.001958058772321347,8.201080304976247e-05,0.0018760479692715845
2409.5,106.97123030027542,0.0011841368286366492,0.0004091364773894787,0.0007750003512471705
2411.05,83.49184255519188,0.0007732789241892016,0.0,0.0007732789241892016
2412.6,114.95438211317907,0.0013180057490139927,0.0001780289420077697,0.001139976807006223
2414.15,70.75240841374412,0.0005466806282436426,0.00010897835600693908,0.0004377022722367035
2415.7,86.43029363616999,0.0008168192131530107,0.00018750360286297276,0.000629315610290038
2417.25,166.9447491179199,0.002214630148699788,0.0,0.002214630148699788
2418.8,128.68551148270222,0.0015465827199014198,0.00012817976523223014,0.0014184029546691897
2420.35,83.48827460969768,0.0007578279471307314,0.0,0.0007578279471307314
2421.9,15.830531139941382,0.0,0.00029711216871683546,0.0
2423.45,99.13729944659279,0.0010246096847136852,0.00038802409964631035,0.0006365855850673748
2425.0,72.47673846638759,0.0005581394223743633,7.663081745417822e-05,0.0004815086049201851
2426.55,96.38512283363995,0.0009711713274475504,5.4592209695246066e-05,0.0009165791177523043
2428.1,128.15971340960812,0.0015209782499564974,0.0,0.0015209782499564974
2429.65,73.89750504447541,0.0005743083758798145,0.0003771301723099153,0.00019717820356989922
2431.2,68.23909503977734,0.00047296120763987197,0.000405768939274644,6.719226836522798e-05
2432.75,141.999278458743,0.0017528973777077848,0.00034427694865631,0.0014086204290514747
2434.3,130.14611163777954,0.0015437214935153283,0.0003682326358442595,0.0011754888576710689
2435.85,96.61005185067815,0.0009573736042371235,0.0006114968388008894,0.0003458767654362341
2437.4,77.17196671337541,0.0006161887043060701,0.0002430555041426461,0.000373133200163424
2438.95,91.68859279846359,0.0008655337974070879,0.00036290343686909887,0.000502630360537989
2440.5,116.8097389012443,0.001299279131451998,0.00023580788835096447,0.0010634712431010335
2442.05,43.3594382931288,1.8529936400295084e-05,0.00012587201498178815,0.0
2443.6,51.14792276284043,0.00015071889478069666,6.374236033502831e-05,8.697653444566835e-05
2445.15,126.2488587064515,0.0014536248859196336,0.00014856388383256494,0.0013050610020870687
2446.7,86.94014863674968,0.0007665604924294626,0.00038476146058768557,0.000381799031841777
2448.25,21.386030797598885,0.0,0.0,0.0
2449.8,66.22524892990754,0.0003993828795068663,0.00015862784363864275,0.00024075503586822356
2451.35,112.39152154091818,0.0011988381570824601,5.963774277457405e-05,0.0011392004143078861
2452.9,108.16473082723826,0.0011217645441015897,8.878365040160392e-05,0.0010329808936999857
2454.45,80.33257975311429,0.0006340821738182691,0.000363815109538346,0.00027026706427992316
2456.0,46.406357639733535,4.0366705537819085e-05,0.0005771663167723826,0.0
2457.55,144.91259779789448,0.0017500079508132674,0.0005994474436693717,0.0011505605071438956
2459.1,90.73197288929673,0.0008039369965839052,0.0007252332324497618,7.87037641341434e-05
2460.65,75.99904038553308,0.0005439461017365037,0.0005628682279524637,0.0
2462.2,114.99251899872576,0.0012183866069265577,0.0002278454602745803,0.0009905411466519774
2463.75,148.7661814617623,0.0018020106867942583,0.00036885895441387287,0.0014331517323803854
2465.3,134.04606176156187,0.001542157526071318,0.00030310334408632913,0.0012390541819849888
2466.85,111.88198214035442,0.0011528070448161363,0.00034314594374373306,0.0008096611010724032
2468.4,34.04900468799616,0.0,0.0001476602712969528,0.0
2469.95,31.38504376524644,0.0,0.0005292998190145479,0.0
2471.5,39.802344640348984,0.0,0.00032176328009652126,0.0
2473.05,109.11667291152318,0.0010890972393363114,0.00043894076141709064,0.0006501564779192207
2474.6,114.95137062819606,0.0011866475271939097,0.0004926380009840654,0.0006940095262098444
2476.15,104.00154887995473,0.0009922669039426264,8.882296164870173e-05,0.0009034439422939246
2477.7,94.41523037518697,0.0008216102026243424,0.00021836618872392866,0.0006032440139004138
2479.25,76.76460570597341,0.0005107066030048159,5.781361182521587e-05,0.0004528929911796
2480.8,162.29360044303002,0.0019944247772526336,0.0002576587891528066,0.0017367659880998271
2482.35,91.05082596831556,0.0007514452801388439,0.0005698046548825942,0.00018164062525624972
2483.9,191.1393081605858,0.002488459834868417,0.0004404500498064133,0.002048009785062004
2485.45,170.52161942976835,0.002126077285945615,0.00010244718666746223,0.0020236300992781528
2487.0,125.75396320756926,0.0013437026560161138,0.0005227606471106294,0.0008209420089054844
2488.55,174.0891116658306,0.002180715504276553,0.0003958866182560969,0.001784828886020456
2490.1,149.29290227813644,0.0017458161903866076,0.00034635341640987743,0.0013994627739767301
2491.65,153.11197645286057,0.001808686291407693,0.0003363563002030116,0.0014723299912046814
2493.2,134.50003570747185,0.0014814845595174137,0.000275593445898744,0.0012058911136186698
2494.75,149.46605366780915,0.0017383784433026715,1.9178183319359657e-05,0.001719200259983312
2496.3,90.43720828006086,0.0007083623739177011,0.0005259601133293081,0.000182402260588393
2497.85,61.827336247198474,0.0002075076922815394,0.00025132453371999353,0.0
2499.4,86.09229901317829,0.0006263932616992024,0.00024119743029960323,0.0003851958313995992
2500.95,114.84036824806432,0.0011233480925149602,0.00022578405222376124,0.000897564040291199
2502.5,91.63183051041383,0.000716722788287784,0.00033721732225510607,0.000379505466032678
2504.05,81.55844504361596,0.000538660804858703,0.00046935300474123685,6.93078001174661e-05
2505.6,123.54094958401113,0.0012661137977329115,0.00034564140894073446,0.0009204723887921771
2507.15,58.65250864324777,0.00013487694124762382,0.00018024055889907044,0.0
2508.7,105.41215425243317,0.0009456490209068775,0.0003397479609851872,0.0006059010599216903
2510.25,62.49751011573238,0.00019684080405701302,0.0006720261208350193,0.0
2511.8,143.8624562051577,0.0016097494263780992,0.0004917680652858803,0.001117981361092219
2513.35,76.79666989754244,0.0004411373047407486,0.00036817214402443615,7.296516071631247e-05
2514.9,148.66633760132132,0.0016891592601447423,3.416563447628651e-05,0.0016549936256684558
2516.45,190.07413728720593,0.002407497174514832,0.00038006889728952426,0.0020274282772253078
2518.0,122.91682456138007,0.0012377076936148726,0.0002866368367352908,0.0009510708568795818
2519.55,73.44746707169364,0.0003757099330051404,0.0004320495453777483,0.0
2521.1,125.30386950518204,0.0012762169972933759,0.00029033466795447233,0.0009858823293389036
2522.65,78.11143907165788,0.0004541235312694715,0.00045944925026540216,0.0
2524.2,165.43781569849799,0.0019718672382791442,0.00033823729803273263,0.0016336299402464117
2525.75,118.56448125022857,0.0011556389121115539,0.00032578825993718514,0.0008298506521743688
2527.3,103.24932712774681,0.0008884632556392968,0.0003588580133660886,0.0005296052422732082
2528.85,59.84144611715171,0.00013283692913504044,0.0003706420799184248,0.0
2530.4,103.48551898815333,0.0008914704993249641,0.000263095537918609,0.000628374961406355
2531.95,128.7175535997539,0.0013300350233769514,0.0006967148449525802,0.0006333201784243712
2533.5,186.31357918057157,0.0023316790960262383,0.0006946537134632421,0.0016370253825629963
2535.05,130.62027434166365,0.0013630618515327476,0.0005810986505147867,0.0007819632010179608
2536.6,183.26257373561754,0.0022789009919432983,0.0003188010747249205,0.001960099917218378
2538.15,99.53994185449008,0.0008231302977707841,0.0004094917672095693,0.0004136385305612148
2539.7,96.8207077530875,0.000776432103693582,0.0006741947662054935,0.0001022373374880885
2541.25,104.0319022045014,0.0009026385117131496,0.0007404037722750904,0.0001622347394380592
2542.8,98.91813214851277,0.0008146640658935538,0.00043043233112721204,0.0003842317347663418
2544.35,162.2257402833382,0.0019169290709855089,0.0006458196635573769,0.001271109407428132
2545.9,108.14858235812503,0.000977714985829685,0.00030819064269500276,0.0006695243431346822
2547.45,105.92266768479098,0.0009405397447838561,0.00024947886548819335,0.0006910608792956628
2549.0,144.45756817168126,0.0016125093044713791,0.0006316912399831041,0.000980818064488275
2550.55,181.98870845509384,0.0022672150783491674,0.000572084437661711,0.0016951306406874564
2552.1,165.6121890011578,0.0019845024144445208,0.0003582922003368887,0.0016262102141076321
2553.65,87.39442033950426,0.0006263835791564545,0.0004640557144692775,0.00016232786468717693
2555.2,135.09421693938566,0.0014585422782263837,0.00035929690727823415,0.0010992453709481496
2556.75,161.82382799042028,0.0019261652933745977,0.0005177240248931734,0.0014084412684814245
2558.3,131.25907058325495,0.0013974678127353461,0.0009348194382651138,0.00046264837447023235
2559.85,150.3840031645339,0.0017332204279845369,0.0007301404098157333,0.0010030800181688036
2561.4,130.3499663578893,0.0013880814784335113,0.0007573883783287955,0.0006306931001047158
2562.95,82.11874858179817,0.0005527090129260647,0.0009212415416023912,0.0
2564.5,115.6298006778178,0.001139276215378353,0.0008607111247849542,0.0002785650905933988
2566.05,172.2325763075566,0.002127675858811911,0.0009200440336703838,0.001207631825141527
2567.6,209.81070668086218,0.0027853790164145023,0.0008663637372415758,0.0019190152791729266
2569.15,161.72000440547538,0.0019532449947992814,0.0006254793734889322,0.0013277656213103492
2570.7,127.98920442973443,0.0013710695571318469,0.0008701938993479692,0.0005008756577838777
2572.25,144.290023053948,0.0016592887322250198,0.0008107659947069444,0.0008485227375180755
2573.8,118.54095180377497,0.0012163307147654895,0.0005844003374332539,0.0006319303773322356
2575.35,79.20199986935638,0.0005371982425512224,0.0007670560303619979,0.0
2576.9,146.43865474334956,0.0017119243429673113,0.001048712914503712,0.0006632114284635994
2578.45,127.5257822615062,0.001388445550445211,0.0006124962488768932,0.0007759493015683178
2580.0,98.23002680034283,0.0008845670284542537,0.0007566132110729399,0.00012795381738131377
2581.55,117.81012762529501,0.0012309723431731614,0.0010074360540491573,0.00022353628912400413
2583.1,159.4545490059742,0.001961327469535814,0.0005952546341987019,0.001366072835337112
2584.65,187.78592104525052,0.002460312983402749,0.0005384004549150974,0.0019219125284876517
2586.2,178.32001647493308,0.002302073341114507,0.0004870209096325888,0.001815052431481918
2587.75,200.96054135138604,0.0027024390174393933,0.0006932986704824762,0.002009140346956917
2589.3,112.38110075087194,0.0011685360230552927,0.000556998041896444,0.0006115379811588487
2590.85,69.94499100338741,0.00043737615065570623,0.0009264154648758207,0.0
2592.4,160.86891156463767,0.002025913590648623,0.0007861419959090242,0.001239771594739599
2593.95,143.4138301203233,0.0017295861110699843,0.0009085072446902453,0.000821078866379739
2595.5,95.36628632223925,0.0009013291922350056,0.000413058448882013,0.00048827074335299256
2597.05,92.4215104972725,0.000857704066207943,0.0007863083180842736,7.139574812366938e-05
2598.6,142.62952275812762,0.0017387209265778958,0.0010531336751464703,0.0006855872514314255
2600.15,167.31530999422,0.0021759841897509764,0.0008360469233130192,0.0013399372664379572
2601.7,119.97674016676179,0.0013606799757669738,0.000597881806470457,0.0007627981692965168
2603.25,60.806015490086025,0.0003397252839296708,0.0006806511646008878,0.0
2604.8,92.11880345756828,0.0008926890435205881,0.0005656708777752948,0.00032701816574529324
2606.35,158.40186440230534,0.0020540270840855965,0.0008940208333126294,0.001160006250772967
2607.9,156.50680325846707,0.0020296784322779817,0.0009547532769089949,0.0010749251553689868
2609.45,111.13189178843689,0.0012492148409759395,0.0011711203264514775,7.8094514524462e-05
2611.0,159.62278039958113,0.0021014800650749235,0.0006557659338502305,0.0014457141312246929
2612.55,131.44221717110935,0.0016203203952604675,0.0006317081831872029,0.0009886122120732646
2614.1,192.78515343430328,0.0026963542070955627,0.000664500681800827,0.002031853525294736
2615.65,116.24403486276448,0.0013742840929585275,0.001086766414349895,0.00028751767860863255
2617.2,61.505950864610305,0.0004315369652862596,0.0007787623887286453,0.0
2618.75,70.33692823058024,0.0005945423797318346,0.0008149585993950242,0.0
2620.3,111.16509988386142,0.0013141662382139582,0.0005685934007673802,0.000745572837446578
2621.85,58.51134084498962,0.00040794849076873635,0.0009548650056688274,0.0
2623.4,138.67885637073852,0.0018119676217837805,0.0011658167565892898,0.0006461508651944908
2624.95,104.70672601309943,0.0012308344786793152,0.000668515509146738,0.0005623189695325773
2626.5,128.5049127181532,0.0016545674236540405,0.0009753607818083695,0.0006792066418456709
2628.05,150.223951593043,0.0020422004805655297,0.0011912563002103693,0.0008509441803551605
2629.6,130.32208214322804,0.0017059787520821827,0.0010326945114587322,0.0006732842406234505
2631.15,153.55558634969427,0.002120058959952499,0.0008742775007606954,0.0012457814591918038
2632.7,69.07770809126266,0.0006607616513627362,0.0011920276319987205,0.0
2634.25,40.973541212082054,0.00018200661852320064,0.0011042269059038038,0.0
2635.8,83.83597817778963,0.000937600575209017,0.0009709565135026765,0.0
2637.35,169.27735271110367,0.0024337907521168483,0.0009755992310824653,0.001458191521034383
2638.9,168.21694828450424,0.0024254733274342312,0.0009543133090845846,0.0014711600183496467
2640.45,120.72138775443788,0.0016095184264799888,0.0013457085904439374,0.0002638098360360514
2642.0,103.43716711928457,0.0013190284797420058,0.0011454950343490582,0.0001735334453929476
2643.55,112.4210412117552,0.001485411001208887,0.001070252381553773,0.000415158619655114
2645.1,160.45474867812896,0.0023309704742475795,0.0010922596953862414,0.0012387107788613381
2646.65,86.68576028021752,0.0010579960412209811,0.0011018456768717721,0.0
2648.2,154.0749958969941,0.0022401501927641647,0.0010287862545218722,0.0012113639382422925
2649.75,165.14048805352172,0.002442627100539653,0.0009344593889655658,0.0015081677115740873
2651.3,93.42744476848138,0.0012052908312202102,0.001068116359243399,0.00013717447197681126
2652.85,193.92315963974613,0.0029631182779443093,0.0010275107951242266,0.0019356074828200827
2654.4,155.16660354266062,0.0022988688992515104,0.0008128282601459393,0.001486040639105571
2655.95,152.38173596302835,0.002260198086984844,0.0011079463781461308,0.0011522517088387132
2657.5,140.0228245206966,0.0020549209093571066,0.0013339994620964483,0.0007209214472606582
2659.05,169.04432270238277,0.002569276813014124,0.0010981548566368611,0.001471121956377263
2660.6,126.40114823681796,0.0018370664301851634,0.0012134088983065743,0.000623657531878589
2662.15,69.5499849627692,0.0008576218268210777,0.0011430202510118845,0.0
2663.7,104.17331782433517,0.0014690646804137821,0.0010348627412691852,0.0004342019391445969
2665.25,129.68546568933698,0.0019219010569010934,0.0010116877309339172,0.0009102133259671762
2666.8,84.6058493676459,0.0011467906456886705,0.0010885223276172133,5.8268318071457185e-05
2668.35,16.94988992184718,0.0,0.0007685281908920742,0.0
2669.9,21.07798223994964,5.928549276570029e-05,0.0009362516656069384,0.0
2671.45,66.63808507124364,0.0008601643868498688,0.0009574413238427719,0.0
2673.0,94.87300623559165,0.001359517376952289,0.0009131297489753673,0.0004463876279769217
2674.55,82.63366704924263,0.0011547025086986915,0.0010448039268132084,0.00010989858188548314
2676.1,100.4966205748542,0.001473244566343833,0.0010737590047770662,0.0003994855615667668
2677.65,16.831499196183866,2.5689802419998805e-05,0.0005873822184638188,0.0
2679.2,43.98244027947392,0.0005053217363776157,0.0006699935554913166,0.0
2680.75,92.5329034476934,0.001356910199545146,0.000441785123972904,0.0009151250755722421
2682.3,54.97429932120755,0.0007105505509221248,0.000694667796704109,1.588275421801578e-05
2683.85,69.34591871057691,0.0009671443338280339,0.0004685417079361392,0.0004986026258918946
2685.4,102.42413742816284,0.0015488226919410303,0.0006404236787217065,0.0009083990132193238
2686.95,75.99984906357393,0.001095285638257618,0.0007495218881934567,0.0003457637500641614
2688.5,99.06070536689067,0.0015021401770585945,0.0005659645402701191,0.0009361756367884754
2690.05,126.16518397972293,0.0019790115840910964,0.0010231539928841414,0.000955857591206955
2691.6,71.78395200818247,0.0010382789958054024,0.0005345825507920285,0.0005036964450133739
2693.15,128.78152392502776,0.0020344165130656146,0.0007985234899362942,0.0012358930231293204
2694.7,70.2374822998784,0.0010205924208462995,0.0006103601342262767,0.0004102322866200228
2696.25,58.54562366574938,0.0008213043034115546,0.0006060947566649289,0.00021520954674662568
2697.8,78.83158969053031,0.0011778303720515503,0.0007636483608402127,0.00041418201121133766
2699.35,53.659155822859226,0.0007433122448964798,0.0002957891703079036,0.0004475230745885762
2700.9,116.87748814937088,0.0018457713722397078,0.0003431904592699214,0.0015025809129697865
2702.45,59.88545339178772,0.0008570021746957288,0.0005664201255881743,0.00029058204910755456
2704.0,23.134020277320253,0.00021985078296075832,0.00059686239278801,0.0
2705.55,-26.354028479628653,0.0,0.0005069552028670168,0.0
2707.1,69.58574506813585,0.0010305829193774571,0.000454130522556602,0.0005764523968208551
2708.65,31.646692369817153,0.0003714239885381594,0.00046983579334725604,0.0
2710.2,20.505866250735075,0.0001778995060966509,0.0004934715686260129,0.0
2711.75,50.1065582673922,0.0006925177556903511,0.00016486418950889268,0.0005276535661814585
2713.3,94.07856595255157,0.0014566157084890813,0.0005530041958553285,0.0009036115126337527
2714.85,23.77253010672903,0.000232592209038418,0.0003703438083520442,0.0
2716.4,49.35963526424811,0.0006759406895471252,0.0002603727495975629,0.00041556793994956234
2717.95,73.42954595207853,0.001092399152611865,0.0003993046744254758,0.0006930944781863891
2719.5,32.27610265728289,0.00037392117309182813,0.00037523833181555335,0.0
2721.05,95.75389166892306,0.0014747746968006232,0.00047782353577140776,0.0009969511610292154
2722.6,26.308564943853867,0.00026317724464595114,0.00023882772980192418,2.4349514844026956e-05
2724.15,23.43911060006026,0.00020900069757418877,6.839692855418177e-05,0.000140603769020007
2725.7,76.42939058273913,0.001125852035415469,0.0002348231094677857,0.0008910289259476834
2727.25,33.22094528750634,0.00036897580040375533,3.822463121630178e-05,0.00033075116918745355
2728.8,37.670887047569224,0.0004404663719483955,0.00011444676500079898,0.00032601960694759655
2730.35,65.5268562773628,0.000918495497227479,0.00025024148693514976,0.0006682540102923292
2731.9,36.76765584538563,0.00041124929584242096,0.0,0.00041124929584242096
2733.45,74.64784178075963,0.0010624823805026554,0.0,0.0010624823805026554
2735.0,53.39054541921335,0.0006845538261666584,2.2346752198929167e-05,0.0006622070739677292
2736.55,77.22291694475612,0.0010902750451344556,7.391967025838466e-05,0.001016355374876071
2738.1,7.983397870378683,0.0,0.00030204969492136924,0.0
2739.65,95.11212482585918,0.0013820199785147852,0.0002227856561024605,0.0011592343224123248
2741.2,76.76610720441673,0.0010523060584307655,0.0001824954769929445,0.000869810581437821
2742.75,36.48945233213796,0.0003405294931699768,0.00016583205197696793,0.00017469744119300888
2744.3,99.11138944730375,0.0014178337889081123,0.0002694352972551132,0.001148398491652999
2745.85,-10.071196174412108,0.0,0.0,0.0
2747.4,5.619831826943913,0.0,0.0,0.0
2748.95,34.05774336742914,0.000246872337296162,0.0,0.000246872337296162
2750.5,33.461357262690385,0.0002220418066079052,0.0,0.0002220418066079052
2752.05,7.517869753869336,0.0,0.0,0.0
2753.6,22.498943097653953,5.115163513932479e-07,0.00010148091334335564,0.0
2755.15,55.38379996694131,0.0005560749138762131,1.6295041507892446e-05,0.0005397798723683207
2756.7,0.7543490107208077,0.0,0.0,0.0
2758.25,-27.03853822408249,0.0,0.00022485925397120542,0.0
2759.8,26.69039201389079,3.951052397364652e-06,0.00020712564208665455,0.0
2761.35,36.55430249045806,0.00015656758456384287,4.732602024476211e-05,0.00010924156431908076
2762.9,60.4609926729822,0.0005528238993434233,0.0,0.0005528238993434233
2764.45,26.296062085407108,0.0,0.00010383976607768445,0.0
2766.0,42.37707740522288,0.00019743024911898595,0.00019066123936644112,6.76900975254483e-06
2767.55,31.544947834267735,0.0,0.00012816654601814759,0.0
2769.1,59.687430557947195,0.00045540899188460936,0.00041023654843821413,4.5172443446395226e-05
2770.65,80.3256742442326,0.0007920193059667881,0.0005799346419433124,0.00021208466402347572
2772.2,71.38171828042559,0.0006135950360151369,0.00030052535382792215,0.0003130696821872148
2773.75,90.71750918730584,0.0009265428706733698,0.0007057957472860934,0.0002207471233872764
2775.3,120.0050709592783,0.001412100584638795,0.0005993898435604152,0.0008127107410783798
2776.85,104.70725214288981,0.0011217208452138606,0.000840767400832178,0.0002809534443816826
2778.4,54.53056154459625,0.00022424407874949376,0.0008837145406039765,0.0
2779.95,158.63077248809034,0.002009665839811486,0.0010245478874260589,0.000985117952385427
2781.5,153.45070227421593,0.0018939598924215839,0.0013121907162289901,0.0005817691761925937
2783.05,124.3684750471533,0.0013621202798247557,0.0013427745738106855,1.9345706014070162e-05
2784.6,79.5974305215767,0.0005570162618048523,0.0015847028070942466,0.0
2786.15,143.8018377106164,0.0016469442001316788,0.001309761824908167,0.0003371823752235119
2787.7,163.19948611961158,0.001957189809433729,0.001327907568962931,0.0006292822404707981
2789.25,118.26379286156963,0.0011481424183449485,0.001567979701296037,0.0
2790.8,104.5455209224341,0.0008817277059868551,0.0013114674132413712,0.0
2792.35,168.75610439701651,0.0019704103725298495,0.0012906731211862355,0.000679737251343614
2793.9,193.29416843247387,0.002368767670614842,0.0012096105420293852,0.0011591571285854566
2795.45,135.44374362678266,0.0013338560852231283,0.0007183373677326679,0.0006155187174904604
2797.0,190.56590127736908,0.002263598115396304,0.0008478653986440825,0.0014157327167522214
2798.55,62.08386039667007,0.0,0.00037226704001889447,0.0
2800.1,74.4264162489245,0.00018482564589727214,0.0006697076285611732,0.0
2801.65,166.79931357106207,0.0017617248762093396,9.456527650413748e-05,0.001667159599705202
2803.2,107.06250828863595,0.0006927637837248111,0.0004599422196642475,0.00023282156406056358
2804.75,122.00707492027549,0.0009225253436133201,0.0,0.0009225253436133201
2806.3,188.16109123438025,0.0020427762722824683,0.0,0.0020427762722824683
2807.85,117.58125532262432,0.0007846378189803956,5.833868453736733e-06,0.0007788039505266588
2809.4,171.84812295891484,0.001697784912742667,0.0,0.001697784912742667
2810.95,120.78127794617225,0.0007787097604886285,0.0,0.0007787097604886285
2812.5,92.65897523737691,0.0002585644462086797,0.0,0.0002585644462086797
2814.05,45.08552718755675,0.0,0.0,0.0
2815.6,89.32468129720499,0.00013815950147912025,0.0,0.00013815950147912025
2817.15,39.60119981408377,0.0,0.0,0.0
2818.7,129.19001671283183,0.0007687221947576104,0.0,0.0007687221947576104
2820.25,183.9340020091647,0.0016893783184518197,0.0,0.0016893783184518197
2821.8,143.08119545496913,0.000947292078099193,0.00011097438806243958,0.0008363176900367534
2823.35,125.97116139779644,0.0006181582833086222,1.1798442013160561e-05,0.0006063598412954616
2824.9,57.406517226876474,0.0,0.0002799226988195389,0.0
2826.45,169.74553439758358,0.00131653310109515,0.00028143038895240614,0.0010351027121427438
2828.0,105.81174627957935,0.0001731398479750009,0.0002724696757292717,0.0
2829.55,189.69883269269494,0.001600899290195734,0.0006221160530054227,0.0009787832371903112
2831.1,180.66936415239763,0.0014127044494997977,0.0008126543542453238,0.0006000500952544739
2832.65,228.85583266737183,0.002219836060904372,0.0010260650416719418,0.0011937710192324303
2834.2,196.56909824318112,0.001627502403287631,0.0007884489487409089,0.0008390534545467221
2835.75,156.2734335411207,0.0008961030271411183,0.0009404863666969697,0.0
2837.3,137.30892043770376,0.0005359796678804561,0.0009706686732623327,0.0
2838.85,183.32341574614472,0.001306328636957548,0.0008878367134648779,0.00041849192349267003
2840.4,251.80946609135836,0.0024678496750921227,0.0015349580989852674,0.0009328915761068553
2841.95,207.27091250251553,0.0016638928504392233,0.0016691901021750621,0.0
2843.5,287.6387801882143,0.0030328148930910785,0.0016172290709797579,0.0014155858221113207
2845.05,267.1859124271698,0.002648580639250764,0.0016968227477192003,0.0009517578915315638
2846.6,272.791959958275,0.0027180333932361974,0.0014319892482067794,0.001286044145029418
2848.15,325.39184215791016,0.0036053229164206444,0.0013000446813528866,0.002305278235067758
2849.7,276.35003963105237,0.0027252655539339653,0.001354161880404551,0.0013711036735294144
2851.25,292.85948504094404,0.0029858713185402144,0.0016158849988928052,0.0013699863196474091
2852.8,295.7002453688828,0.003009298965848902,0.0014813678340011907,0.001527931131847711
2854.35,277.1895916896808,0.0026619512245977515,0.0015105800700586148,0.0011513711545391367
2855.9,269.2074810359505,0.00249834303692095,0.0014907227148657995,0.0010076203220551504
2857.45,343.83748279757503,0.0037722492051724494,0.0014979484226510698,0.0022743007825213797
2859.0,352.57085719931837,0.0039006893996938376,0.0013908866920984328,0.002509802707595405
2860.55,357.40666204685743,0.00396203821271404,0.0019734692896867592,0.001988568923027281
2862.1,359.7103870751684,0.003980072162549938,0.0019452413935575432,0.002034830768992395
2863.65,444.66505100097544,0.005436402935709113,0.0021516568453536227,0.0032847460903554907
2865.2,394.020978271908,0.0045350468059085335,0.002689993303166316,0.0018450535027422174
2866.75,413.10763480299056,0.00484731777923746,0.0025429454275018738,0.002304372351735586
2868.3,369.35318374964714,0.0040674230034202724,0.0025697165911641525,0.00149770641225612
2869.85,512.5619999072509,0.006540226194684259,0.00302998629835869,0.003510239896325569
2871.4,490.043989555287,0.006131423903199621,0.0030983730653378217,0.0030330508378617997
2872.95,492.183321191222,0.006152385062565236,0.003262791517628769,0.002889593544936467
2874.5,452.8492948024955,0.005452923200906094,0.0034097500849940795,0.0020431731159120145
2876.05,513.1784971588004,0.0064878444309502785,0.0037440299236734444,0.002743814507276834
2877.6,590.2568533010574,0.00781504842392827,0.004298599108210094,0.003516449315718177
2879.15,561.285878810171,0.007298725961515298,0.004541738252703275,0.0027569877088120228
2880.7,585.9314792052065,0.007715961021184788,0.004860871427686676,0.0028550895934981117
2882.25,588.8701875430997,0.007756674313156613,0.005434953728273596,0.0023217205848830172
2883.8,583.6169255086603,0.007655948989508606,0.005921013282073285,0.0017349357074353212
2885.35,631.821739464848,0.008486080089740436,0.006490613219963302,0.0019954668697771336
2886.9,678.752602173043,0.009295132254462511,0.006624097900315384,0.0026710343541471275
2888.45,733.387643031821,0.010239277964720959,0.007252222521962527,0.002987055442758432
2890.0,733.938953743719,0.01024385737248507,0.00787406117127671,0.0023697962012083594
2891.55,816.2961297072254,0.011672408019298131,0.008305578682330728,0.0033668293369674036
2893.1,809.5670221752869,0.011552621491602308,0.009064565216550824,0.002488056275051484
2894.65,792.0594143929545,0.011246514547208812,0.009283496252939363,0.0019630182942694495
2896.2,820.708195053187,0.011744364726585698,0.010458302682539302,0.001286062044046396
2897.75,823.7541856955813,0.011798076707537556,0.01125121114103228,0.0005468655665052755
2899.3,837.6543109001032,0.012041753165479023,0.011693535288230727,0.0003482178772482962
2900.85,914.2704727110553,0.013377433869657862,0.012461810013428205,0.0009156238562296574
2902.4,997.8761165764464,0.014835874847354828,0.01287180877440956,0.0019640660729452683
2903.95,1010.1887604521793,0.01505551627245202,0.013806686511472186,0.0012488297609798346
2905.5,1080.737052902014,0.01628924909311413,0.014615200835058581,0.0016740482580555483
2907.05,1144.506780588989,0.017406285061578448,0.01521830795859219,0.0021879771029862573
2908.6,1169.7734707179266,0.017854841679218445,0.015626808520015294,0.0022280331592031515
2910.15,1267.6126091889919,0.019566849759097917,0.0156741356301139,0.0038927141289840164
2911.7,1264.9498357154694,0.019532029265598355,0.016236999384393123,0.0032950298812052317
2913.25,1226.6852597842526,0.018879180444565328,0.016179592783023094,0.002699587661542234
2914.8,1231.3103643518002,0.018973495906794372,0.016367542153187056,0.0026059537536073166
2916.35,1204.503045495872,0.018522284612471417,0.015867872196606767,0.00265441241586465
2917.9,1251.0691086412533,0.019348419544761915,0.015574371105134632,0.003774048439627283
2919.45,1191.864171993105,0.018336035433349676,0.015409986135946638,0.002926049297403038
2921.0,1227.212891653311,0.018969357747639675,0.014909468907439601,0.004059888840200074
2922.55,1121.8849806601042,0.017157017118486946,0.014084343236672738,0.003072673881814208
2924.1,1103.8368011695695,0.01686383265239704,0.013795088153995537,0.003068744498401504
2925.65,1103.094257614265,0.016872726947256732,0.012474684684059942,0.00439804226319679
2927.2,1147.9402720133144,0.0176756020361703,0.012103005709251217,0.005572596326919085
2928.75,1015.1897900450917,0.015390583904528642,0.011195413950654924,0.004195169953873718
2930.3,933.8336671076463,0.01400047770934085,0.010586089148269669,0.0034143885610711817
2931.85,921.433985128528,0.013810713265653895,0.010033506583022413,0.0037772066826314826
2933.4,817.2592832486838,0.0120256651786749,0.008167859646375735,0.0038578055322991637
2934.95,725.3201920708555,0.01045435728696229,0.0081021911672069,0.0023521661197553907
2936.5,769.6951286746526,0.011254850586145414,0.0072751700943233764,0.003979680491822037
2938.05,730.8272023111062,0.01060836725727715,0.006426546480714835,0.004181820776562315
2939.6,654.9354333408079,0.009318760161967293,0.005971542556228638,0.003347217605738655
2941.15,600.8668445734627,0.008409519538213516,0.005733366118972334,0.0026761534192411823
2942.7,545.0293667980658,0.0074702742371203145,0.004962804103765539,0.0025074701333547755
2944.25,579.5729814709784,0.008103750003987994,0.0048688968248018745,0.0032348531791861193
2945.8,529.7711971899373,0.007270897996223834,0.004229199793207492,0.0030416982030163414
2947.35,483.10200422940386,0.006493182610554894,0.003801734987545632,0.0026914476230092623
2948.9,415.6722078400031,0.005354992105914467,0.0034553465020944435,0.0018996456038200232
2950.45,482.2917799098272,0.006548892476068598,0.0028919069249325195,0.003656985551136079
2952.0,435.8597221861551,0.005777024704719004,0.002385063071024538,0.003391961633694466
2953.55,389.3196377689819,0.005003773200130032,0.002290015702537027,0.002713757497593005
2955.1,339.8472644422007,0.004179975064367187,0.0020374378635459006,0.002142537200821286
2956.65,343.36626271039324,0.004278267614517585,0.0018004464918930734,0.0024778211226245115
2958.2,273.81704770998886,0.003106059062490152,0.0016545422171472465,0.0014515168453429054
2959.75,239.47985654482903,0.0025466221190504294,0.0014875798501141702,0.0010590422689362592
2961.3,241.7756745792337,0.0026246296830009443,0.0011643261192159087,0.0014603035637850356
2962.85,277.7980306677888,0.003289487087695096,0.0012188116921690898,0.002070675395526006
2964.4,290.35628106296724,0.003546436549731538,0.0011282475689224445,0.0024181889808090936
2965.95,284.6701456499748,0.0034862213882138286,0.0009769948514832196,0.002509226536730609
2967.5,235.6876637374016,0.0026730702086759347,0.0006871346410699586,0.001985935567605976
2969.05,154.03041618996198,0.0012916800198554338,0.00043743898185681233,0.0008542410379986216
2970.6,86.70833628377082,0.00015964899704181684,0.00047185464328602017,0.0
2972.15,135.69134433404037,0.0010504924592423612,0.0002678484689269981,0.0007826439903153631
2973.7,130.06039908873396,0.0009913768474367655,0.0003536523857946601,0.0006377244616421054
2975.25,164.8306923567589,0.0016348539921654222,0.00011788896999554705,0.0015169650221698752
2976.8,76.31983233694615,0.0001339569395233422,3.538267986159491e-05,9.857425966174729e-05
2978.35,61.20298768843296,0.0,0.00034330124332884195,0.0
2979.9,52.202396259571586,0.0,0.0,0.0
2981.45,60.758443118076244,0.0,0.00012137822661893125,0.0
2983.0,121.50548395731876,0.0010717702934550306,0.0,0.0010717702934550306
2984.55,102.82979628199462,0.0007841115862062619,0.0,0.0007841115862062619
2986.1,58.53823632245637,5.051031279597689e-05,0.0,5.051031279597689e-05
2987.65,63.10188885963018,0.0001661980417284556,0.0001601904943708783,6.007547357577298e-06
2989.2,46.68074368840454,0.0,0.0,0.0
2990.75,18.825523886939354,0.0,4.404568201260224e-05,0.0
2992.3,5.871135136331835,0.0,8.197712609443492e-05,0.0
2993.85,85.80823318252872,0.0007010729969788909,0.0,0.0007010729969788909
2995.4,36.473569097109674,0.0,0.0,0.0
2996.95,19.174020395633264,0.0,2.1551370982604073e-05,0.0
2998.5,65.7182441558805,0.00045005429446039956,0.0,0.00045005429446039956
3000.05,12.939367174623113,0.0,0.00011361614268562154,0.0
3001.6,54.685482943171216,0.00032023241078866095,0.00023450526696058453,8.572714382807642e-05
3003.15,-12.520663362420152,0.0,0.00012647710404391674,0.0
3004.7,51.9687463575455,0.00033202140571194705,0.0003047469727660418,2.7274432945905238e-05
3006.25,44.23649542197764,0.00022587953960744243,5.9583777863919044e-06,0.00021992116182105052
3007.8,75.36727086378714,0.0007948826148701557,0.0,0.0007948826148701557
3009.35,98.87336627312408,0.0012304604323325346,0.0001782788614836178,0.0010521815708489169
3010.9,53.761822936650745,0.0004717533302534584,8.60368458993187e-06,0.00046314964566352654
3012.45,5.5801015721518965,0.0,0.0,0.0
3014.0,89.50693020102926,0.0011427932080450393,0.000146228246595999,0.0009965649614490403
3015.55,41.0728657729601,0.00032377179383288423,9.159379732205917e-05,0.00023217799651082505
3017.1,74.76666345657067,0.0009323386447163989,0.0,0.0009323386447163989
3018.65,-1.7137224799349058,0.0,0.0,0.0
3020.2,6.8304619577976355,0.0,0.0,0.0
3021.75,88.4260158612759,0.0012322794883731349,8.334550737009531e-05,0.0011489339810030396
3023.3,22.754887610065865,0.00010909168015600228,6.886026734544158e-05,4.0231412810560707e-05
3024.85,9.797246483289463,0.0,0.0,0.0
3026.4,61.84959973573322,0.0008244649055566212,0.0,0.0008244649055566212
3027.95,42.39533516105746,0.0005024656471473236,0.0,0.0005024656471473236
3029.5,-16.843378350475668,0.0,0.0,0.0
3031.05,80.2305563812623,0.0011905967621783555,0.0,0.0011905967621783555
3032.6,100.92035009336527,0.0015641516230120434,1.9681320503202662e-05,0.0015444703025088407
3034.15,80.61915468147508,0.0012238664851758445,8.71950014736983e-05,0.0011366714837021462
3035.7,-14.507925526112247,0.0,0.0,0.0
3037.25,5.581427568448189,0.0,1.4925336171361754e-05,0.0
3038.8,21.827405515123402,0.0002344668545687483,0.0,0.0002344668545687483
3040.35,68.04880644449507,0.0010477104782821696,0.00010201737206284941,0.0009456931062193202
3041.9,42.21289299279158,0.0006068072605121124,0.0001373414465109371,0.00046946581400117535
3043.45,7.536336987737709,1.1290330466844653e-05,0.00021468148244751747,0.0
3045.0,73.15766567104697,0.0011594100992010793,6.319024016963605e-05,0.0010962198590314433
3046.55,30.50831079601516,0.0004235477641949717,0.0,0.0004235477641949717
3048.1,13.950419303720706,0.00014066721916844308,1.737941749822863e-05,0.00012328780167021445
3049.65,20.10575844260257,0.00025201835674107094,0.00017231997316861092,7.969838357246002e-05
3051.2,30.911033231808375,0.0004434342441699558,0.0001456085159269996,0.0002978257282429562
3052.75,54.8000983363402,0.0008616119883197896,0.0,0.0008616119883197896
3054.3,23.67394154189745,0.00032211497911198466,0.0,0.00032211497911198466
3055.85,44.84745624440137,0.0006914748940416972,0.0,0.0006914748940416972
3057.4,40.63767004488609,0.0006185614958572504,7.682744698815462e-05,0.0005417340488690958
3058.95,-0.2400280893569695,0.0,0.0001048912023237702,0.0
3060.5,48.70267427635329,0.0007571316512596637,8.097483888060243e-05,0.0006761568123790613
3062.05,60.86437840820999,0.0009666633228606592,7.350843346982396e-05,0.0008931548893908352
3063.6,57.356913378810816,0.0009029092946438308,0.0,0.0009029092946438308
3065.15,23.547228778564314,0.0003113651948125882,0.0,0.0003113651948125882
3066.7,-6.941199481536912,0.0,0.0002942924475558359,0.0
3068.25,56.72573475590429,0.0008792483297318886,0.0,0.0008792483297318886
3069.8,39.85655973434014,0.000580164688625903,0.0004940179710665278,8.614671755937525e-05
3071.35,131.3217894877172,0.002164628363126762,0.00034432254556829306,0.0018203058175584692
3072.9,33.68613067979973,0.00045936667986734385,0.0003972135205562793,6.215315931106457e-05
3074.45,17.486390773662656,0.00016982708577936896,0.0004256842265868103,0.0
3076.0,61.12597065063015,0.0009203901115217268,0.0005224847543285124,0.0003979053571932144
3077.55,36.64559609014365,0.00048547371077399087,0.0004438464696669499,4.162724110704099e-05
3079.1,69.5343016670493,0.0010477139638031003,0.0003412364555855052,0.000706477508217595
3080.65,86.2436064550661,0.0013278938475880704,0.00026979355546788577,0.0010581002921201846
3082.2,127.53762213697426,0.002035031451816161,0.00029641714438847654,0.0017386143074276843
3083.75,93.91836650209729,0.001438570681293447,0.0005270976138808431,0.0009114730674126038
3085.3,64.11352041882121,0.0009078284175621829,0.0005177316174350743,0.0003900968001271086
3086.85,86.38326996747489,0.0012822012491498953,0.0005338547326838569,0.0007483465164660384
3088.4,26.098796046762807,0.0002201031355476614,0.0006877784115570003,0.0
3089.95,-19.377802478820207,0.0,0.0005654960924314541,0.0
3091.5,36.34274352937809,0.00036934136625939046,0.0006100547972036247,0.0
3093.05,105.58656470049716,0.0015583574833123541,0.0004018325576220506,0.0011565249256903034
3094.6,63.985316124696496,0.0008188864339423943,0.00047927353206454173,0.00033961290187785255
3096.15,49.068150692663366,0.0005429824106290671,0.00046490768580009843,7.807472482896868e-05
3097.7,116.82840912765235,0.0017045497861517703,0.00046370336203572355,0.0012408464241160468
3099.25,122.83101449607543,0.0017914479081468223,0.0009863528175093593,0.0008050950906374631
3100.8,64.6138914873826,0.000760867768564002,0.0005142705897827909,0.00024659717878121106
3102.35,130.38423899462592,0.0018863046853414805,0.000863530695223693,0.0010227739901177875
3103.9,166.17084854667962,0.002489755953737625,0.0009062313445084089,0.0015835246092292163
3105.45,80.65854989661787,0.000982993122039092,0.0009076624893820803,7.533063265701182e-05
3107.0,166.09249058641836,0.002449039662654196,0.0006926089958708754,0.0017564306667833206
3108.55,111.20751666699627,0.0014740838403710793,0.0008111968973429442,0.0006628869430281351
3110.1,81.45957972490623,0.0009359084093766616,0.0008350989339600908,0.00010080947541657079
3111.65,67.23477164512201,0.0006673115820502958,0.0012398466039225838,0.0
3113.2,92.75977688791033,0.0010896798068029312,0.0011004970452511142,0.0
3114.75,40.29805602314242,0.0001552377143327978,0.0010794151198902922,0.0
3116.3,126.32134305522449,0.0016290834918995909,0.00081659697406022,0.0008124865178393708
3117.85,105.03170898913767,0.0012360740484840078,0.00087047152631743,0.0003656025221665778
3119.4,161.6242748006145,0.0021973142764268017,0.0009581227781154664,0.0012391914983113353
3120.95,115.11229512093468,0.0013649196139651717,0.0010669218510896547,0.00029799776287551703
3122.5,153.59594520877337,0.002010522125068613,0.001116383687081504,0.0008941384379871089
3124.05,148.5324757242533,0.0018983936145584182,0.0008654412845176438,0.0010329523300407744
3125.6,118.1840873939332,0.0013461794236066939,0.0013398203125366665,6.3591110700273595e-06
3127.15,153.96040421525197,0.0019437754652135888,0.000959111145824394,0.0009846643193891949
3128.7,206.3894868787292,0.0028307290542430277,0.0006468107379642041,0.0021839183162788234
3130.25,219.91878061165113,0.00304082736354992,0.0009234938919605625,0.0021173334715893577
3131.8,173.54107332403515,0.002208703308310887,0.0009256812561405015,0.0012830220521703856
3133.35,101.22175061601268,0.0009251261091499254,0.0010899473884676068,0.0
3134.9,169.08779648871172,0.002079547162412882,0.0011316588159888694,0.0009478883464240126
3136.45,122.08438673562262,0.0012358162355909509,0.0012163931762560862,1.942305933486468e-05
3138.0,70.25249908475185,0.0003078823356426163,0.001018924794227394,0.0
3139.55,186.3038023284508,0.0022997236439771243,0.0012154397520090707,0.0010842838919680536
3141.1,106.18361640334923,0.0008793586063849207,0.0016008539086147782,0.0
3142.65,135.3249059344553,0.0013591823393915054,0.0012723716171132468,8.681072227825857e-05
3144.2,141.40393254516437,0.0014377017274155082,0.001616836418644298,0.0
3145.75,200.04230770143158,0.002430210247625477,0.0011703494408549983,0.0012598608067704786
3147.3,174.7007048189388,0.0019618929157152252,0.001229943785839044,0.0007319491298761812
3148.85,183.4152025739903,0.002085756275265396,0.001274399510962147,0.0008113567643032488
3150.4,163.2978306897323,0.0017080005553957666,0.0016548105962825557,5.318995911321087e-05
3151.95,219.99063478614397,0.0026660628797614398,0.0014119413399973806,0.0012541215397640592
3153.5,168.98381512644863,0.0017507785610296612,0.0013961567278866706,0.00035462183314299064
3155.05,232.11950826159887,0.002820648700053191,0.0015630197851772742,0.0012576289148759168
3156.6,226.7773937954194,0.0026993718207333323,0.0014430298957192268,0.0012563419250141055
3158.15,292.36395210639535,0.003811647871360052,0.0012455986409571648,0.002566049230402887
3159.7,202.04102918279239,0.0022120954772047764,0.0010948684619372629,0.0011172270152675135
3161.25,204.89524071283176,0.002233076973302342,0.0016573809886400823,0.0005756959846622597
3162.8,224.51675249519593,0.0025456052724480258,0.0016633930640267017,0.0008822122084213241
3164.35,165.83020314002673,0.0014960441548355883,0.0015692881421215832,0.0
3165.9,160.04330049635993,0.0013664912337572161,0.001729074006795748,0.0
3167.45,258.3582187062219,0.003047510318742951,0.0016860248235656215,0.0013614854951773296
3169.0,253.5268561780335,0.002934447815244279,0.001639903491828311,0.001294544323415968
3170.55,216.425999181473,0.002260066982318493,0.0016968125405696015,0.0005632544417488914
3172.1,207.79956696234188,0.0020808901579176912,0.0017896884196348225,0.0002912017382828687
3173.65,243.9731053899876,0.0026808721257992715,0.0017224251622660692,0.0009584469635332024
3175.2,254.87536565988458,0.0028412708126682416,0.0017278485453247874,0.0011134222673434542
3176.75,253.93486943161716,0.002795652677940691,0.00211714414643238,0.0006785085315083109
3178.3,192.2201904115336,0.00169295934373113,0.002017840238937074,0.0
3179.85,283.80714661566117,0.003256608626734708,0.0017747958994838151,0.001481812727250893
3181.4,275.23640952314,0.003078194527124051,0.001639024416307173,0.0014391701108168778
3182.95,335.6594148662111,0.004099766041928006,0.0017436507379562415,0.002356115303971764
3184.5,255.43564306388865,0.0026750556612180486,0.001816736610646823,0.0008583190505712256
3186.05,253.50104352610995,0.0026120120967156888,0.001987381272722378,0.0006246308239933108
3187.6,289.2250178310221,0.0032039512407908634,0.0016639449011774836,0.0015400063396133797
3189.15,279.2039050845774,0.00300023823564462,0.0019263499981496952,0.0010738882374949246
3190.7,275.2253342733134,0.002901615625363428,0.0019319881128607999,0.000969627512502628
3192.25,195.40077745680713,0.0014838005900744127,0.0024089226717951577,0.0
3193.8,194.26044031207147,0.001434533389361505,0.0021645188300250433,0.0
3195.35,226.3292543951079,0.001962868885385043,0.002104255803120238,0.0
3196.9,280.18926115195046,0.0028702160051107,0.0021415438483727957,0.0007286721567379044
3198.45,279.5084970110132,0.0028289362943190034,0.0023959005415587226,0.0004330357527602808
3200.0,316.18838821479676,0.003437468907038605,0.0022122172480249515,0.0012252516590136537
