raman_shift_cm-1,measured_raw,preprocessed,dominant_component_fit,residual
100.0,-266.2518124195155,0.0,0.0,0.0
101.55,-137.4856304304019,0.0,0.0,0.0
103.1,-81.25893724292384,0.0,0.0,0.0
104.65,-22.10828956536747,0.0,0.0015085789345549638,0.0
106.2,175.83186959687197,0.009233111212254097,0.004056734306176984,0.0051763769060771125
107.75,292.68791050664043,0.014694767064354583,0.006538911346035806,0.008155855718318778
109.3,370.3839085419468,0.018276290619845707,0.008998116654892818,0.009278173964952889
110.85,422.8913446640165,0.020648973316059065,0.01146423903135939,0.009184734284699675
112.4,564.5796807616128,0.027306569877522634,0.013615720144736127,0.013690849732786507
113.95,703.9559305827058,0.03385454173091824,0.015735158062324082,0.018119383668594155
115.5,759.7325337460779,0.03638854976348261,0.018040504103492706,0.018348045659989903
117.05,842.9295263929221,0.04024145592052788,0.019825351244542485,0.020416104675985394
118.6,923.7592473248417,0.0439826338044795,0.021682764644024164,0.022299869160455333
120.15,982.5653481752825,0.046668095277133045,0.024018760250065888,0.022649335027067157
121.7,1099.305682023791,0.052138665255289325,0.02586063183949129,0.026278033415798034
123.25,1190.8075263701319,0.056399433602462176,0.02744573159400158,0.028953702008460595
124.8,1209.2976105279608,0.05715584407790737,0.028737509304941265,0.028418334772966108
126.35,1346.0093572794153,0.0635936597119872,0.030111155989982014,0.03348250372200519
127.9,1440.7973036665317,0.0680206846683014,0.031210742579982458,0.03680994208831894
129.45,1433.184099018996,0.06753212373006066,0.031870631066533685,0.03566149266352698
131.0,1456.8542043990901,0.06854944374418802,0.033091856531581865,0.035457587212606154
132.55,1542.2260764303426,0.07253387851943796,0.03420567201920721,0.03832820650023075
134.1,1708.385211664256,0.08040229341897773,0.03495683233339656,0.04544546108558117
135.65,1651.2704795834534,0.0775496872321495,0.0349230877020628,0.0426265995300867
137.2,1638.2944762067327,0.07682092654022125,0.034889569832689836,0.04193135670753142
138.75,1702.2227052813823,0.07978995210599758,0.03493077148463502,0.044859180621362564
140.3,1724.1753203204316,0.08074664204639571,0.0348445529573643,0.045902089089031414
141.85,1724.9514810266887,0.08069013623166288,0.03446745017409237,0.04622268605757051
143.4,1707.6018148561377,0.07976704256388426,0.03384933334947826,0.045917709214405994
144.95,1712.684998924356,0.07992560329301514,0.03288988756839239,0.04703571572462275
146.5,1713.4304770040544,0.0798799948357221,0.03139898731848222,0.048481007517239876
148.05,1707.2346170923363,0.07950520725742384,0.029486995920674,0.05001821133674984
149.6,1627.6857157955828,0.07561129846591773,0.028502835578848626,0.0471084628870691
151.15,1569.4844365826648,0.07274710720270985,0.027564854249890268,0.045182252952819586
152.7,1527.2042475060323,0.07065200630568744,0.026700050069512697,0.04395195623617474
154.25,1472.3059944427432,0.06795518150051201,0.02582325781225418,0.04213192368825783
155.8,1412.8724467377046,0.0650448901335891,0.025111114095128548,0.03993377603846056
157.35,1353.9392841839303,0.06216302041933278,0.024823152591143344,0.03733986782818944
158.9,1322.323505861091,0.060597686785142726,0.024778790914214276,0.03581889587092845
160.45,1315.533986415903,0.06022922602726213,0.025126738306214595,0.03510248772104753
162.0,1325.1268888168033,0.060652039382967364,0.025724178821375083,0.03492786056159228
163.55,1346.0033557742504,0.06162119310766968,0.02658500194019688,0.03503619116747281
165.1,1373.5257134911458,0.06291389964287959,0.02773216286683697,0.035181736776042624
166.65,1431.3653385163843,0.06566714767064362,0.029070501366616222,0.0365966463040274
168.2,1601.2231197806345,0.07380527941202575,0.030641551877984972,0.043163727534040776
169.75,1670.6882676994073,0.0771254210257402,0.032712345719056124,0.04441307530668408
171.3,1696.8989564095177,0.07837206794311058,0.034661175900090775,0.043710892043019804
172.85,1712.4657784188496,0.07911156260884239,0.03555723435658611,0.04355432825225628
174.4,1785.0335724223382,0.08259305664030231,0.03669421378412929,0.04589884285617302
175.95,1848.8255412819015,0.08565698732925545,0.03750016566316941,0.048156821666086036
177.5,1841.8503905038629,0.0853256146003373,0.03758182001768359,0.04774379458265371
179.05,1856.114931805363,0.0860182558499665,0.037619453661428166,0.048398802188538335
180.6,1853.9443549079683,0.08592515943371169,0.03742112289163361,0.048504036542078084
182.15,1805.4296874773447,0.08360958538148895,0.03701499829686798,0.04659458708462097
183.7,1735.8787351066667,0.08028703951717524,0.03600674468372785,0.044280294833447385
185.25,1658.4934727005607,0.07659153404231057,0.034115433978402526,0.04247610006390805
186.8,1574.266547439622,0.07257061654484112,0.030931801198431527,0.04163881534640959
188.35,1348.577779500455,0.06175786998642082,0.028680055551253518,0.0330778144351673
189.9,1234.536017207207,0.05631084731672447,0.02651491129267849,0.02979593602404598
191.45,1304.825109002552,0.05972065341775788,0.024299925195711454,0.03542072822204643
193.0,1158.489906997202,0.052727854952736256,0.021065257583282444,0.031662597369453815
194.55,1008.1632725342698,0.0455457842966753,0.01817050328573582,0.02737528101093948
196.1,877.3830657486129,0.03930487626363412,0.015774318352758356,0.02353055791087576
197.65,724.2365802637319,0.03199174217539591,0.01319188178361472,0.01879986039178119
199.2,640.1205330386913,0.027996305880160444,0.010817604565562017,0.017178701314598428
200.75,622.9950978854881,0.02722040504347341,0.008650730405598018,0.018569674637875393
202.3,512.7661923184386,0.021973977461174698,0.006311596172838194,0.015662381288336504
203.85,432.17205230705764,0.0181523807075403,0.004755073011556895,0.013397307695983405
205.4,373.72618306512163,0.015395822243572083,0.003799702221868362,0.01159612002170372
206.95,286.6903808066136,0.011266977311721979,0.002313606290266458,0.008953371021455521
208.5,222.75912817901863,0.008248718730217859,0.0013890954346336348,0.006859623295584224
210.05,181.7549646117845,0.0063323278787514375,0.0011166992599321304,0.005215628618819307
211.6,193.45632572906698,0.006947971463514233,0.0014669707615072762,0.005481000702006957
213.15,135.1117910187129,0.004199274690895265,0.0010724107748670518,0.003126863916028213
214.7,101.61492849981828,0.0026441098064728945,0.0006038304749068836,0.0020402793315660106
216.25,153.01667825253014,0.005166735718665171,0.0005370558977650058,0.004629679820900165
217.8,140.94343739532206,0.004640053490179304,0.0,0.004640053490179304
219.35,95.75343901689189,0.002522076992158564,0.0,0.002522076992158564
220.9,110.30991176642124,0.0032731525253705497,0.0,0.0032731525253705497
222.45,79.36033529153286,0.001837435878064118,0.0,0.001837435878064118
224.0,56.70683618919367,0.0007990318326407506,0.0,0.0007990318326407506
225.55,94.7259496615687,0.002673568861984566,0.0,0.002673568861984566
227.1,62.60780196419031,0.0011775933606757323,0.0,0.0011775933606757323
228.65,36.109435315337194,0.0,0.0,0.0
230.2,55.029636577326734,0.0009016058806880937,0.0,0.0009016058806880937
231.75,69.26223432508316,0.0016260955434622972,0.0,0.0016260955434622972
233.3,77.35459670325677,0.002053275540324593,0.0,0.002053275540324593
234.85,76.9519744821509,0.002069839682590316,3.562729058514506e-05,0.0020342123920051706
236.4,67.92154938681497,0.0016692086679459086,0.0,0.0016692086679459086
237.95,39.38967012704889,0.0003288833237532983,0.0,0.0003288833237532983
239.5,-12.486241463134496,0.0,0.0,0.0
241.05,-53.43286108750854,0.0,0.000270268632439836,0.0
242.6,-35.45311429802489,0.0,0.0006865626150786428,0.0
244.15,35.84074480298317,0.0002454680690624538,0.0008771437519783078,0.0
245.7,-24.570643813409962,0.0,0.0007838471885726739,0.0
247.25,-29.22077656963738,0.0,0.00063790545650193,0.0
248.8,-3.4364030515038824,0.0,0.0006588308909569751,0.0
250.35,-101.44104326220838,0.0,0.0010461642285871254,0.0
251.9,-81.54038640914413,0.0,0.0014018556439126257,0.0
253.45,-4.577154167824352,0.0,0.0018056463616716318,0.0
255.0,-2.571559835798685,0.0,0.002342430796162817,0.0
256.55,18.006302086668565,0.0,0.002737712454130116,0.0
258.1,48.82671409368164,0.0008392237913627757,0.003186142591457694,0.0
259.65,86.0081732790008,0.0026024881217983488,0.003881360221373521,0.0
261.2,98.45395247109946,0.0031740888400207117,0.004574359604209092,0.0
262.75,120.74228968617624,0.004215056897632142,0.0050051846379218405,0.0
264.3,185.23825035668318,0.007280116532227192,0.005100752221827466,0.0021793643103997255
265.85,110.17105731349386,0.003638300341411099,0.005659700009047179,0.0
267.4,68.49944681019824,0.0015975356772944306,0.006247779917576173,0.0
268.95,154.78657442546825,0.005700136420518234,0.006554397334301061,0.0
270.5,141.46603666057,0.005015410293710967,0.007352777048879044,0.0
272.05,140.65581315122654,0.004928889861423011,0.0081209336147568,0.0
273.6,175.1961647706054,0.006537787040321727,0.008689396650205568,0.0
275.15,231.13079337752816,0.00917184621398302,0.009797495971718247,0.0
276.7,255.3518337969502,0.010280224824838008,0.010581090648488507,0.0
278.25,245.91343468640835,0.009769569326042359,0.01101796535380072,0.0
279.8,260.9132746261039,0.010430625258567375,0.01195792064503938,0.0
281.35,259.998921192076,0.010325235056304623,0.012843368028796084,0.0
282.9,254.669400386843,0.010005846465951904,0.01366002045246791,0.0
284.45,324.9744822936269,0.0133176374784521,0.014890936760005987,0.0
286.0,318.3500932037655,0.012932531035145736,0.016169506379332958,0.0
287.55,286.2141935848704,0.011320417138780693,0.017405668767510506,0.0
289.1,346.7870413882208,0.014159931788677126,0.01846063645902516,0.0
290.65,389.07031507652914,0.01611954218697612,0.020125907778120698,0.0
292.2,381.50938931365283,0.015683671871001118,0.021886543326776135,0.0
293.75,250.16541670985026,0.009300880785789108,0.023159137188360934,0.0
295.3,300.9352817433888,0.01166456200861726,0.024995545263050572,0.0
296.85,354.40661478019615,0.014157011923226178,0.025965812373647944,0.0
298.4,305.0853739981546,0.011711080787211918,0.026076871854245072,0.0
299.95,319.7777720192337,0.012339148182858136,0.025911574139501365,0.0
301.5,355.1445630598315,0.01395957337038456,0.024479663096053955,0.0
303.05,405.16973456345556,0.01628347941526692,0.021824480366558412,0.0
304.6,359.00218942164406,0.01398639331279867,0.0194583625990946,0.0
306.15,350.3064148080907,0.013488776576429268,0.017081752399067684,0.0
307.7,384.7733418800832,0.015064073177738807,0.01465396655575716,0.0004101066219816471
309.25,295.6178136390042,0.01070109779582864,0.0113951636373679,0.0
310.8,288.85329068081273,0.01029548116681132,0.008858510305383755,0.0014369708614275657
312.35,336.9158050868067,0.012523314573387102,0.00689487208702625,0.005628442486360853
313.9,316.45930931322636,0.011459940989231927,0.005094662879529636,0.006365278109702291
315.45,319.87414367769907,0.011543273124153517,0.003450671308578867,0.00809260181557465
317.0,329.1116899193158,0.01190645425736186,0.001972058854394755,0.009934395402967105
318.55,309.1807337665168,0.010868814547989901,0.0008340100999199861,0.010034804448069914
320.1,297.5433023137267,0.010229864794034938,0.0,0.010229864794034938
321.65,275.82266847006457,0.00910698463162355,0.0,0.00910698463162355
323.2,220.70215027552288,0.006380269415755717,0.0,0.006380269415755717
324.75,278.5708508257147,0.009081374216294482,0.0,0.009081374216294482
326.3,331.4244535019371,0.011542215568136184,0.0,0.011542215568136184
327.85,335.1590598664193,0.011644403876321926,0.0,0.011644403876321926
329.4,228.6066039662178,0.006449896922635729,0.0,0.006449896922635729
330.95,256.79610885857534,0.007728365228334032,0.0,0.007728365228334032
332.5,425.12269711811155,0.01573902681865411,0.00019910654942347034,0.01553992026923064
334.05,400.0008809550238,0.0144586781942834,0.0005737034967272959,0.013884974697556103
335.6,369.0125462010613,0.012897600563858363,0.0007920640392184138,0.01210553652463995
337.15,349.7714100478703,0.011901909866083723,0.000878380226440573,0.01102352963964315
338.7,400.1301318076611,0.014250537454395003,0.0006929246578728665,0.013557612796522137
340.25,400.38222063190295,0.014193628355548412,0.0008163040092416037,0.013377324346306807
341.8,390.42338297965784,0.013647576245746048,0.0012508715705146411,0.012396704675231407
343.35,453.3869208885469,0.01660562586830325,0.0016327901373013247,0.014972835731001926
344.9,451.87914897409416,0.01646834041144421,0.0018474093043265405,0.014620931107117669
346.45,467.18479930110703,0.01714016833134893,0.002344152289208063,0.01479601604214087
348.0,574.00785707983,0.022209460218670176,0.0033971470423978674,0.01881231317627231
349.55,579.978418839114,0.022436074781736867,0.004237642374848735,0.01819843240688813
351.1,622.420476387577,0.02441621595106548,0.004825596811088713,0.01959061913997677
352.65,731.2008282865575,0.029584541715329916,0.0051433878804177284,0.024441153834912188
354.2,630.7641214271998,0.02470521666034004,0.005118141102847092,0.01958707555749295
355.75,553.4812421020611,0.020939870846463947,0.005175913895400126,0.01576395695106382
357.3,533.3352337990551,0.019920871989075332,0.005412574224605435,0.014508297764469897
358.85,578.0898408099418,0.022021181341659413,0.005780087937900497,0.016241093403758917
360.4,575.9458270166039,0.021870731296703944,0.005623945878675581,0.01624678541802836
361.95,555.5582186875772,0.020845960035382072,0.005266003320643002,0.01557995671473907
363.5,602.9358396308673,0.02307820644208678,0.005529130032014183,0.017549076410072598
365.05,642.8224763265764,0.02495268523756511,0.005227157403318249,0.01972552783424686
366.6,657.1896985965041,0.025603458823702026,0.004762563067125173,0.020840895756576855
368.15,608.8147909671544,0.023242618653312303,0.004563125603767511,0.01867949304954479
369.7,600.2242225414744,0.02279489426381575,0.004823327253428775,0.017971567010386977
371.25,620.3768980330487,0.02372996673712714,0.004864129465545978,0.01886583727158116
372.8,673.901952609126,0.026270210686941277,0.0043994051885106866,0.02187080549843059
374.35,663.1962579417356,0.02572742625120488,0.004236920597366718,0.021490505653838164
375.9,648.9243993627651,0.025015561112356664,0.004002290156285748,0.021013270956070917
377.45,633.6212187223114,0.024256386100442468,0.003658918189048754,0.020597467911393715
379.0,562.5417321631173,0.020820319778697638,0.0033142883225782634,0.017506031456119373
380.55,546.106603325989,0.020011260271790357,0.0029162507466623305,0.017095009525128026
382.1,559.5438079950068,0.020639327403499434,0.002518740671552562,0.018120586731946872
383.65,536.9639450130538,0.0195396280044223,0.0020559815426451694,0.01748364646177713
385.2,506.1265009655543,0.018045549476076252,0.0018157132590914185,0.016229836216984834
386.75,482.122978386191,0.01688198981835705,0.0017237182795426164,0.015158271538814432
388.3,484.8432416148212,0.017004327276192634,0.0016435805719054546,0.01536074670428718
389.85,524.0256598396104,0.01888032669559752,0.0015316227394417648,0.017348703956155755
391.4,510.62249288456,0.018232709919163065,0.001170396808083103,0.01706231311107996
392.95,407.8426599650403,0.013294266472608745,0.0005258033645438108,0.012768463108064934
394.5,452.93866146816055,0.01546105286053535,0.0006391937109079774,0.014821859149627373
396.05,499.62388397820587,0.01770640320937272,0.00039769918489706137,0.01730870402447566
397.6,535.6194959925044,0.01944051115402393,0.0,0.01944051115402393
399.15,501.1836039315865,0.01779375218203244,0.0,0.01779375218203244
400.7,488.86133486070105,0.01721137646802432,0.0,0.01721137646802432
402.25,477.71069139577867,0.016687450086824124,0.0,0.016687450086824124
403.8,428.1820528715557,0.014322248360563054,0.0,0.014322248360563054
405.35,368.8856603725379,0.011490000778022287,0.00012063229519519567,0.011369368482827092
406.9,361.84574058728003,0.011169925639925587,0.00012464013920914326,0.011045285500716444
408.45,449.4410439424182,0.015397599368751182,0.0,0.015397599368751182
410.0,442.7633368584707,0.01509907692327865,0.0,0.01509907692327865
411.55,443.82626239188846,0.01517440391096536,0.0,0.01517440391096536
413.1,466.07620848365644,0.016269430329397493,0.00019419555133705197,0.01607523477806044
414.65,417.1780142490535,0.013948948005078015,0.0,0.013948948005078015
416.2,335.93395792730803,0.010076735619010818,0.0,0.010076735619010818
417.75,272.80709706748775,0.007076678349055973,0.0,0.007076678349055973
419.3,372.42754666872304,0.01189583249817872,0.0,0.01189583249817872
420.85,400.4061271395095,0.013275635290443507,0.00029901356842814206,0.012976621722015365
422.4,393.24762138648634,0.012969504394772971,0.0008766188642508067,0.012092885530522164
423.95,373.59484285901874,0.012065017422375611,0.0015194983024694022,0.01054551911990621
425.5,386.9904820465832,0.012749711634328057,0.0017012262695838222,0.011048485364744235
427.05,361.7662052839014,0.011581068876572929,0.002115114164523729,0.0094659547120492
428.6,289.00430232001503,0.008130700976043062,0.0028712049791106476,0.0052594959969324145
430.15,335.3340623835212,0.010402353124403524,0.003951580916286712,0.0064507722081168116
431.7,352.6751729725202,0.011283170126983872,0.0049789385410046,0.006304231585979272
433.25,345.5993244562846,0.010992703749052996,0.005753741313623388,0.005238962435429608
434.8,370.88066405843233,0.012257970661864381,0.006109901966817519,0.006148068695046862
436.35,386.8717953306851,0.013078456495862211,0.006723699393655976,0.006354757102206235
437.9,409.80080338899137,0.014233606848824075,0.007359762361100047,0.0068738444877240274
439.45,459.4552979359863,0.016673842388753173,0.0075504229201364195,0.009123419468616754
441.0,377.1490820217856,0.01277686308306801,0.007535590260549548,0.005241272822518462
442.55,304.84246271907926,0.009361467183698501,0.007091288921642524,0.002270178262055977
444.1,277.0275690285049,0.008084380327214891,0.006531654709037127,0.0015527256181777638
445.65,250.78348565307826,0.006883908754737615,0.006631624602970981,0.0002522841517666333
447.2,257.9745079889799,0.0072905523468927555,0.0063727966440352375,0.000917755702857518
448.75,283.15326082955545,0.008562265779597447,0.0058478165904459365,0.0027144491891515103
450.3,283.61744746031917,0.008647854080935161,0.00518349099273241,0.0034643630882027513
451.85,256.16823224343443,0.0073936104080692,0.00456815516302689,0.0028254552450423104
453.4,215.26177744925968,0.005493858166433768,0.004117131287432964,0.0013767268790008036
454.95,167.20588343735096,0.003251525785935291,0.0039558197140672656,0.0
456.5,212.46549901627316,0.005492237315999498,0.0041168304879830725,0.0013754068280164254
458.05,246.74465613724018,0.007206235636568233,0.004009611780026838,0.003196623856541395
459.6,249.1822523288297,0.00739143061200643,0.0036695149994732993,0.0037219156125331307
461.15,191.28795300062274,0.004679272764010846,0.003911801326031366,0.0007674714379794795
462.7,159.69655282897338,0.003231073278717455,0.004208229411690955,0.0
464.25,166.047454003127,0.00360585266191771,0.004471211885483007,0.0
465.8,255.47386368638968,0.007971455343137448,0.004584135291981194,0.003387320051156254
467.35,230.08466772494597,0.006822419805104129,0.005007070586092641,0.0018153492190114877
468.9,180.25694323783466,0.004499810160365503,0.005617366137913779,0.0
470.45,145.53296477261296,0.0029029170091846427,0.006307550117532366,0.0
472.0,137.0688503336724,0.0025675444196663964,0.006765285919874007,0.0
473.55,169.89294748843795,0.004215492858121086,0.007320080413371664,0.0
475.1,225.7179547023586,0.00696829573503417,0.007863194425807277,0.0
476.65,165.7469095855464,0.00415898680753203,0.008030311672040102,0.0
478.2,165.03823225633153,0.004196167581241896,0.008138740072233168,0.0
479.75,190.3970594705742,0.005485307760329733,0.008042398129560832,0.0
481.3,213.1159066473935,0.006647421074169759,0.007591717264932195,0.0
482.85,128.56494615159085,0.0026567058231397192,0.007100688349824,0.0
484.4,83.54956438141261,0.0005646697352973584,0.006405075686461576,0.0
485.95,109.78609443890528,0.001894691724112214,0.005459381052406679,0.0
487.5,44.86133121541299,0.0,0.004629171512450726,0.0
489.05,12.148760343685577,0.0,0.003792482303027268,0.0
490.6,23.061993853169007,0.0,0.003065210805578002,0.0
492.15,105.55916530026823,0.0019653461449826827,0.0025926694782862788,0.0
493.7,97.74735519519177,0.001656966876369852,0.0020228236838311514,0.0
495.25,103.98251300621995,0.002022653822614141,0.0012969965792740264,0.0007256572433401145
496.8,174.2596071927756,0.005463830060407245,0.0004976959846258559,0.0049661340757813895
498.35,88.6742684703483,0.001417712124966131,0.0003537876943745736,0.0010639244305915574
499.9,45.53850652025222,0.0,9.245824641305472e-05,0.0
501.45,47.900342540783726,0.0,0.0,0.0
503.0,74.9457677314776,0.0009486510524527583,0.0,0.0009486510524527583
504.55,98.85034344766567,0.0021589207633370003,0.0,0.0021589207633370003
506.1,96.60623592702031,0.0021124733532105074,0.0,0.0021124733532105074
507.65,42.191381009470426,0.0,0.0,0.0
509.2,32.174543935923666,0.0,0.0,0.0
510.75,50.25044639144319,6.564463864954792e-05,0.0,6.564463864954792e-05
512.3,80.65599957605991,0.0015846672871317638,0.0,0.0015846672871317638
513.85,14.837026903561712,0.0,9.965635554135975e-05,0.0
515.4,46.57730145545203,6.279697711505629e-05,9.93381699992429e-05,0.0
516.95,120.27225001508744,0.003659171175128437,0.00013580429599986758,0.0035233668791285694
518.5,192.10552858673142,0.007165508222212403,0.0005045929693015859,0.006660915252910817
520.05,158.1655187611507,0.005590597065854869,0.0009405920294802411,0.004650005036374629
521.6,130.16676323093876,0.004300502349830345,0.0014471388975887992,0.0028533634522415457
523.15,129.97093099238077,0.004345341315460382,0.002073818951866626,0.0022715223635937556
524.7,166.11934810245037,0.00613540825419188,0.0032428934275151263,0.002892514826676754
526.25,190.0087568951929,0.007336143401788182,0.0038609527727451764,0.003475190629043006
527.8,206.52677186595793,0.008182339494710804,0.004341710748957544,0.00384062874575326
529.35,223.07376851148803,0.00902948520877943,0.005187777096376498,0.0038417081124029317
530.9,240.48640619187432,0.009917790227654526,0.006008968571327056,0.0039088216563274705
532.45,270.1962860928874,0.01139637533282643,0.006562196071820161,0.004834179261006269
534.0,312.486787431772,0.013478872338662113,0.006698514288376154,0.00678035805028596
535.55,338.866583529343,0.01479676245739289,0.006643027796457516,0.008153734660935375
537.1,360.8136689517878,0.01590139142704188,0.007526483386889799,0.00837490804015208
538.65,368.7171579047892,0.016331131044660514,0.008891875322741985,0.007439255721918529
540.2,344.62597443328593,0.015223743101238592,0.009235491232331373,0.005988251868907219
541.75,350.15303605872634,0.015538723803444426,0.009634650334640376,0.00590407346880405
543.3,366.4007901679503,0.016368369212498422,0.009924831216628762,0.00644353799586966
544.85,388.8905143298948,0.01749756052830313,0.01000723249983895,0.00749032802846418
546.4,401.5045407218175,0.018152118181397957,0.009621531486930941,0.008530586694467017
547.95,380.12189985875915,0.017173434365968687,0.008695089564913506,0.008478344801055181
549.5,365.5932901827781,0.016523715229746678,0.007632105428950137,0.008891609800796542
551.05,408.43202425766106,0.018629294253221813,0.00659539598418218,0.012033898269039632
552.6,286.34824198159697,0.012812815608253078,0.006148477346730225,0.006664338261522853
554.15,260.18983923939425,0.011603712740158801,0.005995340977446898,0.005608371762711903
555.7,332.8222291216838,0.015139619571446267,0.006009687845629958,0.009129931725816309
557.25,228.0327824576255,0.010153077340637251,0.006784553290380251,0.0033685240502570003
558.8,229.96802610778337,0.010292630026250221,0.007893638533170547,0.002398991493079674
560.35,236.05804487927188,0.010631481387431826,0.009170879370430866,0.0014606020170009597
561.9,164.7302243502515,0.007251407728338595,0.010632486847967885,0.0
563.45,81.62160886335728,0.003305177525086039,0.012209857657286133,0.0
565.0,135.30826162821415,0.0059294088157635936,0.013658200538035686,0.0
566.55,274.32703425227294,0.012652138431750557,0.014899759586332335,0.0
568.1,198.1903683730975,0.009039891844784537,0.01572088435650917,0.0
569.65,177.79805907282915,0.008104920292769354,0.01603531595662037,0.0
571.2,173.2934001582654,0.00793275573579922,0.015953957413048163,0.0
572.75,164.39595047816437,0.007549245596485534,0.015422352257632835,0.0
574.3,67.01426678058321,0.0029151715623224658,0.014396411185058812,0.0
575.85,68.2203232803204,0.003016239062060678,0.013097484656813773,0.0
577.4,113.15366598374821,0.005217295080196359,0.011478449425212325,0.0
578.95,47.05149424818306,0.0020845282274639595,0.009307259910803833,0.0
580.5,9.642227859899341,0.0003295668100977494,0.007562088248782724,0.0
582.05,20.638828293069484,0.0008992779655205742,0.0062406870395447555,0.0
583.6,78.96589392486078,0.0037419912289820625,0.005307594959999235,0.0
585.15,-0.31085204794363497,0.0,0.004015068909915958,0.0
586.7,-7.906587348143758,0.0,0.0035265374842245833,0.0
588.25,34.40845848590817,0.0017221000071998974,0.003326355865856423,0.0
589.8,105.91661674657053,0.005196015725069653,0.002735509271606424,0.0024605064534632287
591.35,196.93578906782517,0.009606597996878425,0.0025060289427646515,0.0071005690541137735
592.9,197.47807691077824,0.009670731910449374,0.002216911148535905,0.007453820761913469
594.45,119.89759366271483,0.005981815036153249,0.0020709285362871008,0.003910886499866149
596.0,129.9177441464861,0.006500105848417576,0.0021301860443631786,0.004369919804054398
597.55,124.39992003709315,0.006271482201811972,0.001912027830063499,0.004359454371748473
599.1,130.18541622592028,0.006585209296335367,0.001832551207640504,0.004752658088694863
600.65,165.32497262380983,0.008308310696184974,0.0022223538417910794,0.006085956854393894
602.2,212.4677098981906,0.010607346088230772,0.002072019753071283,0.00853532633515949
603.75,193.12237232193002,0.00971208885189064,0.0023992575132780894,0.007312831338612551
605.3,154.6856641426275,0.007899148998658151,0.0030201847671168696,0.004878964231541281
606.85,202.01803779451654,0.010205319772095586,0.0036356292125113788,0.0065696905595842075
608.4,190.88700387452656,0.009702591034584733,0.004168097064152282,0.00553449397043245
609.95,205.5361051952789,0.010437452158311182,0.004819107444546179,0.005618344713765003
611.5,258.3024732487476,0.013002475869582518,0.005739840386863474,0.007262635482719044
613.05,280.8471935762484,0.014115082044074632,0.007827072728454749,0.006288009315619883
614.6,333.0921126790363,0.01665350085537631,0.009323024593453202,0.007330476261923107
616.15,358.02220985708186,0.017879075571404866,0.010530781248885155,0.007348294322519711
617.7,307.45274605607756,0.015477297013637726,0.011642179470947903,0.0038351175426898226
619.25,347.93009151571175,0.01744793816907863,0.013395066491128873,0.004052871677949757
620.8,336.6144956520643,0.01692987625483722,0.015013825205563049,0.0019160510492741718
622.35,312.6167448140045,0.01580170549928112,0.01646510214030827,0.0
623.9,378.40451839936145,0.018985270938384487,0.01772303036668696,0.0012622405716975274
625.45,362.7326058081617,0.018255031476013157,0.018807713495675938,0.0
627.0,352.26294289885107,0.01777362369212876,0.019924572863640872,0.0
628.55,364.9778221332049,0.01840475958079937,0.021068711402707302,0.0
630.1,386.3959775986503,0.019452811448575056,0.02190282755702107,0.0
631.65,371.8716913208457,0.018773245944622548,0.022332660035948592,0.0
633.2,360.858414819944,0.018261104140062424,0.02242751247959142,0.0
634.75,376.99350030007884,0.019051722827313017,0.022346205335295185,0.0
636.3,415.57517390755174,0.020919209928712375,0.02178098114297377,0.0
637.85,424.17084418551445,0.021344993853104476,0.021266296470282407,7.869738282206828e-05
639.4,406.8360584834279,0.020523823200172694,0.020700769986676176,0.0
640.95,363.00198910772986,0.018428319576445307,0.01965165440985082,0.0
642.5,323.9491099291216,0.016560935549702994,0.019352169722039844,0.0
644.05,315.71939562047135,0.01617249846161324,0.01883657593946953,0.0
645.6,325.88409460172113,0.016665950867205397,0.018018696532236176,0.0
647.15,285.6278968373843,0.014735790679965166,0.017099686034567404,0.0
648.7,306.85789806029123,0.01575724148047388,0.016241728346227866,0.0
650.25,342.56464531750447,0.017472209395418426,0.015495678231779796,0.0019765311636386305
651.8,365.80248644395147,0.018586333290698802,0.01483739593271595,0.0037489373579828525
653.35,236.6432264706106,0.01237830478048673,0.013680988630690859,0.0
654.9,198.87396904086543,0.010557997439830984,0.013053552860076173,0.0
656.45,202.56897902039708,0.010727231773671318,0.012113795033510923,0.0
658.0,210.1537698120185,0.011081100767573208,0.010146605617314678,0.00093449515025853
659.55,226.10774837861112,0.01183469148530121,0.009538142329881327,0.0022965491554198837
661.1,194.44880237822582,0.01029891227910429,0.008640177498232727,0.0016587347808715638
662.65,128.46814822987952,0.007112109856399055,0.007622219933096137,0.0
664.2,52.460972287702134,0.003441188941879082,0.006717872416801249,0.0
665.75,112.13815945709382,0.006285072930753995,0.0060868525281808,0.00019822040257319509
667.3,117.34776648493371,0.00651002207355398,0.0053345638561000264,0.0011754582174539532
668.85,64.71476126134121,0.003953842331398361,0.004510694608226783,0.0
670.4,44.235637690727316,0.0029392989982800996,0.003798878991791412,0.0
671.95,-13.627695685225202,0.00012615453578505864,0.0035596584946296765,0.0
673.5,18.257117834757402,0.0016209385326316284,0.0032131415417328926,0.0
675.05,139.94744926417593,0.007426325887919583,0.002696018814424156,0.004730307073495426
676.6,97.15992822425508,0.005328118635523992,0.0019351013092100897,0.003393017326313902
678.15,59.09605777021001,0.0034535732426202955,0.0015813984209316933,0.0018721748216886022
679.7,28.745908473829626,0.001946230956968929,0.0014046841261051806,0.0005415468308637484
681.25,2.1478665673615067,0.0006157190414057639,0.0011809157956915656,0.0
682.8,-85.13344717307169,0.0,0.0011080283780203586,0.0
684.35,-77.46316508483648,0.0,0.0005373972976887737,0.0
685.9,-25.48253549189483,0.0,0.0,0.0
687.45,23.35857281147689,0.0013874380545329723,0.0,0.0013874380545329723
689.0,-4.759482828807936,0.0,0.0,0.0
690.55,5.002308320298683,0.0003604557169221131,0.0,0.0003604557169221131
692.1,44.959177634029125,0.002201634843284116,0.0,0.002201634843284116
693.65,88.31576319385735,0.004202470761948767,0.0,0.004202470761948767
695.2,-48.34715521285184,0.0,0.0,0.0
696.75,-66.60735488950027,0.0,0.0,0.0
698.3,15.5021689429402,0.00043789343498948705,0.0,0.00043789343498948705
699.85,69.09373805918347,0.0029158293034328856,0.0,0.0029158293034328856
701.4,48.752567828495806,0.001838986897216265,0.0,0.001838986897216265
702.95,44.90022089818109,0.0015506812167726711,0.0,0.0015506812167726711
704.5,48.14042873275676,0.0015996285790516032,0.0,0.0015996285790516032
706.05,-33.09203770501088,0.0,0.0,0.0
707.6,18.29401651442207,0.0,0.0,0.0
709.15,59.7161171804092,0.00181555362554042,0.0,0.00181555362554042
710.7,60.716176746471035,0.001743778778681725,6.300611384222947e-05,0.0016807726648394956
712.25,60.28348431336457,0.0016000872482761935,0.0002430869935802816,0.0013570002546959118
713.8,98.81141047177577,0.003324789116299749,0.0006587933717420385,0.0026659957445577106
715.35,147.68620721988785,0.005543541768757211,0.0010139473514563554,0.004529594417300855
716.9,192.28257357825564,0.007553916147807952,0.0011744115262571453,0.006379504621550807
718.45,198.892540318736,0.00773687554341571,0.0011981396422779355,0.006538735901137774
720.0,170.98456448709243,0.006259095879440696,0.0012537815778828803,0.0050053143015578155
721.55,148.2434034190031,0.005026847496343409,0.0016126589130424755,0.003414188583300934
723.1,151.7023929038309,0.005050507293719379,0.0020621507485770506,0.002988356545142328
724.65,200.12993287206876,0.007231658901276207,0.0020289580037257606,0.0052027008975504465
726.2,167.5075900231637,0.005517268967402052,0.0019392034762371999,0.0035780654911648523
727.75,127.44177419380809,0.0034429807312253416,0.00201609709837358,0.0014268836328517618
729.3,129.61176547278433,0.0033951334037113684,0.002486649325591875,0.0009084840781194933
730.85,175.96684812357017,0.005467427716061019,0.0030145739134586173,0.0024528538026024017
732.4,203.74357674218717,0.006645185998736921,0.0036798400977436033,0.0029653459009933176
733.95,155.05053518930112,0.004147750589957066,0.004388339082798154,0.0
735.5,15.748141138646016,0.0,0.0050744743179012,0.0
737.05,35.33535322663476,0.0,0.006549171685670387,0.0
738.6,122.19529252076305,0.002082186075560496,0.007902176928545345,0.0
740.15,161.99971000491968,0.0038280357909983775,0.009234460540889462,0.0
741.7,92.93573142409102,0.00034293070723385343,0.010614684264441709,0.0
743.25,157.41596478674808,0.003270906774755954,0.011772876829366438,0.0
744.8,230.92350811138195,0.006631096050351283,0.013292460401441714,0.0
746.35,261.6944909665514,0.007937212061144757,0.014545557476799498,0.0
747.9,215.62673589135613,0.005551320371398347,0.015121542351546688,0.0
749.45,210.39158221846566,0.005125697002212021,0.015671933239782224,0.0
751.0,224.63556973708944,0.005634771513690055,0.01617384871043837,0.0
752.55,251.17985767274675,0.00673382935223093,0.017122966789164112,0.0
754.1,286.3007242641991,0.00824411681506925,0.01883152405589174,0.0
755.65,382.29097157088546,0.012677548496521097,0.019478806685892143,0.0
757.2,396.2296577940709,0.013169241332598636,0.020371446740862404,0.0
758.75,373.46790346757854,0.011897674655917153,0.0213839243674279,0.0
760.3,352.2342889729697,0.010699206042136073,0.02244281447308338,0.0
761.85,431.2345600685546,0.014315121015945453,0.02415989788647428,0.0
763.4,475.4082335807824,0.016258096906421198,0.025803624764016396,0.0
764.95,491.63650270734814,0.016858763282269346,0.027547254861511425,0.0
766.5,488.4547984030441,0.016527206894238027,0.02952769275247525,0.0
768.05,535.5850598879804,0.018612514158435782,0.032179073750025565,0.0
769.6,573.0548892380214,0.02023409857703309,0.03537858940000703,0.0
771.15,608.5495157950684,0.021761203552783083,0.03896979386407741,0.0
772.7,641.6496675287926,0.023173783003472996,0.04281370233362363,0.0
774.25,612.9814159760804,0.02161999094558614,0.04632547280495684,0.0
775.8,631.6912112134676,0.022342600495277642,0.049464476269741854,0.0
777.35,637.8873447417118,0.02246489040900311,0.05232836051175933,0.0
778.9,610.9139111763909,0.020994769649026225,0.05469941931497117,0.0
780.45,632.6202475664603,0.02186382916415882,0.05579671013757311,0.0
782.0,607.2800719670352,0.020474081611766344,0.0556381501603522,0.0
783.55,552.6589702877586,0.017678947625550247,0.05509956873971067,0.0
785.1,492.49065875041447,0.014618515901751568,0.05441828354683677,0.0
786.65,491.1775651042601,0.014386333396440567,0.05158176596803559,0.0
788.2,475.4893510340888,0.013464963920032401,0.047604246669895635,0.0
789.75,453.01919087696876,0.012219204991094988,0.04196692283871567,0.0
791.3,428.5610465260346,0.010879396847077047,0.034674350739931914,0.0
792.85,411.8696414555017,0.009914161180575717,0.02648369929730862,0.0
794.4,404.98064906992386,0.009421345704835419,0.019270788288589916,0.0
795.95,401.77033428343503,0.00910687229977893,0.013413082381992297,0.0
797.5,373.96236981042364,0.007612595653064071,0.008816780481685677,0.0
799.05,251.01416791566893,0.0015501736685046095,0.005010538629497254,0.0
800.6,318.2322338482405,0.004623936281522789,0.0022723437644963343,0.0023515925170264546
802.15,333.1827984820531,0.005189007647567289,0.000407277030827205,0.004781730616740084
803.7,312.70902629280613,0.004054486687302155,0.0,0.004054486687302155
805.25,357.94911290507866,0.00607845608796145,0.0,0.00607845608796145
806.8,352.39113296157257,0.005664503867843412,0.0,0.005664503867843412
808.35,371.43986831983085,0.006434646104444532,0.0,0.006434646104444532
809.9,393.31599265355004,0.007342806708738994,0.0,0.007342806708738994
811.45,385.55806956079937,0.006829809952454592,0.0,0.006829809952454592
813.0,326.0787835415048,0.003834784574836221,0.0,0.003834784574836221
814.55,320.4442067045303,0.003428495970329966,0.0,0.003428495970329966
816.1,357.00282183620413,0.0050513395933697285,0.0,0.0050513395933697285
817.65,420.8523469067994,0.007987564985906866,0.00047702580115031683,0.007510539184756549
819.2,451.479558888802,0.00933056864186806,0.0010461909633055163,0.008284377678562544
820.75,513.528841250921,0.012185502524895777,0.001460632154897442,0.010724870369998335
822.3,499.7760833494987,0.011402074582584963,0.0015561356877413534,0.00984593889484361
823.85,405.5217770186018,0.0067546057074565555,0.0014323791159613216,0.005322226591495234
825.4,436.0403793316277,0.00810319738800335,0.0016007632237151333,0.006502434164288216
826.95,485.5773682622109,0.010368144003391677,0.0017429154887873908,0.008625228514604287
828.5,509.2591255963106,0.011394061226175378,0.0022622882512788258,0.009131772974896552
830.05,521.3271468306793,0.011865068739859722,0.003156162840696734,0.008708905899162987
831.6,601.375898845673,0.015604416191938046,0.003914540750955184,0.011689875440982864
833.15,558.1258134185798,0.013424327591228314,0.004278254746973465,0.009146072844254848
834.7,597.0656561748335,0.015195192004328896,0.00524025556847144,0.009954936435857455
836.25,679.9191533884443,0.019078512299097985,0.006413124258315482,0.012665388040782502
837.8,701.0158595706065,0.019998612748537717,0.006824212637831267,0.01317440011070645
839.35,615.5774007712703,0.015804674246348946,0.007962323895210633,0.007842350351138313
840.9,657.4105837617138,0.01772729335158894,0.008498423807945164,0.009228869543643776
842.45,709.7950753906634,0.02016002421335031,0.008992634683096334,0.011167389530253978
844.0,671.8841951483828,0.018258886096288847,0.009762521993917925,0.008496364102370922
845.55,679.1249492187006,0.018529905984369762,0.009934510560223311,0.008595395424146451
847.1,681.3487519134771,0.018563344910728752,0.00984188559108436,0.008721459319644392
848.65,699.7996662110099,0.0193796605890824,0.009527590566491712,0.009852070022590689
850.2,740.4730756590308,0.021266861631144253,0.009162394003217398,0.012104467627926855
851.75,785.8479275208341,0.023383378273377005,0.008222867752394733,0.015160510520982272
853.3,722.0946107476457,0.020261602738896337,0.007316363335340318,0.01294523940355602
854.85,661.9095566080828,0.017314760628325224,0.006447562681468581,0.010867197946856644
856.4,635.4401778308859,0.015990958304666153,0.00578130619537632,0.010209652109289834
857.95,652.1365264317196,0.016744133992057278,0.005445550527044595,0.011298583465012682
859.5,648.6595905363355,0.016531911759183275,0.005029472613382673,0.011502439145800602
861.05,633.4541973636017,0.015759942104432878,0.004541654435618964,0.011218287668813914
862.6,644.8297622731662,0.016268374180151115,0.0039022541370759443,0.01236612004307517
864.15,703.9643864608461,0.019074478805975768,0.003090133853380143,0.015984344952595625
865.7,609.9485083186015,0.014527880303664292,0.0029850811900704955,0.011542799113593797
867.25,536.9399450746556,0.010993995164623845,0.0029973850788786536,0.007996610085745192
868.8,505.97048275454216,0.009483061193584648,0.003037291687355636,0.0064457695062290115
870.35,510.10623898051557,0.009662026525314133,0.0030353860886558246,0.006626640436658308
871.9,482.7334763767617,0.008331206805209575,0.0028981606034520647,0.00543304620175751
873.45,515.6573735056695,0.009900329656654596,0.0034277112555322438,0.006472618401122353
875.0,546.3162355566283,0.01136434265972805,0.0037811728019656707,0.007583169857762379
876.55,568.3437201722177,0.01241745113774083,0.003919065926992528,0.008498385210748301
878.1,584.467670212361,0.01319068470526471,0.004264354427466436,0.008926330277798274
879.65,416.0712872449071,0.0051044562594750095,0.004504753623439815,0.0005997026360351947
881.2,393.04203811631226,0.004004410409966791,0.004869773980197267,0.0
882.75,412.59463786002664,0.004953410242995335,0.005140832213226595,0.0
884.3,400.68712489843415,0.004394960495606193,0.005258449450241867,0.0
885.85,438.1394819279286,0.006211124601391104,0.0057789452314978085,0.00043217936989329523
887.4,468.7504043498353,0.007702355328181748,0.006024612723460518,0.00167774260472123
888.95,451.7630084349007,0.006910954212230609,0.0062243730980745,0.0006865811141561094
890.5,418.6793417207881,0.005350070457440852,0.006610259919433929,0.0
892.05,466.4553385743216,0.007676831000759848,0.007618006137066017,5.882486369383159e-05
893.6,497.65687977075424,0.009211130125974127,0.00795310276752515,0.0012580273584489772
895.15,529.9091065788534,0.01079955884590333,0.008604718884806142,0.0021948399610971885
896.7,528.0150756687588,0.010751478336733438,0.009294609924893945,0.0014568684118394931
898.25,470.0871254069986,0.008015539904450489,0.009747733007442604,0.0
899.8,451.5159002998429,0.00717367977687824,0.01071755887295023,0.0
901.35,426.0755670538176,0.006005500130510978,0.011080436946572493,0.0
902.9,426.84642996405074,0.006099952755818937,0.011135479567966023,0.0
904.45,424.42229551075695,0.006044544460314644,0.011122963010005168,0.0
906.0,321.4347469209583,0.0011623188722825128,0.01128328047981713,0.0
907.55,368.9577374645953,0.0035132210780736786,0.010806482075627765,0.0
909.1,443.86897267348337,0.007183245435014532,0.009709781679320418,0.0
910.65,471.45256422392686,0.008583514430869897,0.008457865730000465,0.0001256487008694327
912.2,430.94799691741196,0.006716814550343377,0.00762731115450578,0.0
913.75,580.8803674082172,0.014000993234674151,0.006912169388906959,0.0070888238457671926
915.3,562.1553385344876,0.013187482189094761,0.006572389143398466,0.006615093045696295
916.85,553.9845250233245,0.012884423677527962,0.0068160683511001435,0.006068355326427818
918.4,595.5203225312947,0.014972425962346247,0.007521067037776225,0.007451358924570022
919.95,639.8715026000093,0.017199120714450407,0.008213660319660171,0.008985460394790236
921.5,630.6519602637384,0.01685606607992194,0.008533977263128583,0.008322088816793357
923.05,645.0950321336361,0.017653026199008267,0.00919596932758978,0.008457056871418487
924.6,667.0606389846328,0.01881471276773708,0.00979554556637691,0.00901916720136017
926.15,673.4949758117135,0.019233745359246303,0.00984146067494305,0.009392284684303254
927.7,618.7627938156281,0.01671807617757002,0.009912545702511835,0.006805530475058184
929.25,656.0560515883641,0.018626019591012594,0.009984130311684797,0.008641889279327797
930.8,651.1874111952582,0.018512058583368664,0.00899732809015296,0.009514730493215703
932.35,624.9272004602642,0.017373831304407585,0.007389594796402707,0.009984236508004878
933.9,661.9345101674071,0.019277774119764578,0.006188140055085491,0.013089634064679088
935.45,600.6648233107071,0.016464303855915432,0.003998608511679895,0.012465695344235537
937.0,593.9040506818119,0.01627222193863694,0.002765884291292625,0.013506337647344314
938.55,564.7395308703116,0.015007104758359707,0.0016387709222542375,0.01336833383610547
940.1,540.416760141517,0.013977606594185836,0.00031375869586202824,0.013663847898323808
941.65,711.4742761568939,0.022335914410668147,0.0,0.022335914410668147
943.2,653.0801662754989,0.01967582523071314,0.0,0.01967582523071314
944.75,542.3790998009729,0.014506168185460515,0.0,0.014506168185460515
946.3,545.1990710916403,0.014792191079247109,0.0,0.014792191079247109
947.85,703.6922511365048,0.02255855920792955,0.0,0.02255855920792955
949.4,669.3489915208554,0.02106508695229477,0.0,0.02106508695229477
950.95,665.3528063878775,0.021032002546732414,0.0,0.021032002546732414
952.5,648.9929037178433,0.020407701412419897,0.0,0.020407701412419897
954.05,641.7347153622134,0.020223184684352222,0.0006991871116416114,0.01952399757271061
955.6,699.5417343254887,0.023166513629744805,0.0013454349453338656,0.02182107868441094
957.15,661.1329795182845,0.02149073786454094,0.0015234902772009742,0.01996724758733997
958.7,664.4420453401698,0.021821224119279208,0.0020722738518783776,0.019748950267400832
960.25,675.7226651379744,0.022536954596057004,0.002801003574738429,0.019735951021318573
961.8,690.6639747969282,0.02343079434093095,0.0034646240191054363,0.019966170321825516
963.35,769.9926567969082,0.027419586297146876,0.004140655350867364,0.023278930946279513
964.9,670.1525762489657,0.022804406303017496,0.004730655814826125,0.01807375048819137
966.45,656.4931707256878,0.022330836669751792,0.0054423937029418395,0.01688844296680995
968.0,710.1436934046061,0.025092370887018583,0.005998636059332504,0.01909373482768608
969.55,762.4260399035331,0.027790079148007917,0.006290474642190276,0.021499604505817643
971.1,687.7120341722234,0.024389518607788305,0.007461168510194304,0.016928350097594
972.65,736.1506405509128,0.026906130041927618,0.008102018728359122,0.018804111313568496
974.2,776.4000108146117,0.02903101778922941,0.008689575804132592,0.02034144198509682
975.75,774.9794834159825,0.029155897539007356,0.00936210601468798,0.019793791524319378
977.3,747.8281776952942,0.02804628648181501,0.01016325004220331,0.0178830364396117
978.85,861.7536707197228,0.0337144370002345,0.010992982166835088,0.022721454833399414
980.4,871.6156047157373,0.0343853028865847,0.01174040784056606,0.02264489504601864
981.95,891.7616388461167,0.035551297561065134,0.013111133241539877,0.02244016431952526
983.5,925.2209734443118,0.037357817256851195,0.014947570903636733,0.02241024635321446
985.05,921.5227123042573,0.03738045845869831,0.01633200162371629,0.021048456834982018
986.6,1040.413802549366,0.04329230996683975,0.01878100648782869,0.024511303479011058
988.15,1208.2832697861918,0.05155746214669259,0.021393398836480487,0.0301640633102121
989.7,1352.134406524246,0.058669506415759694,0.023773086960993124,0.03489641945476657
991.25,1463.8924012533364,0.0642404540843978,0.026190322996689188,0.038050131087708605
992.8,1604.8782886356462,0.07121563507314177,0.02984097774929977,0.041374657323842004
994.35,1558.83984987975,0.06920756160855379,0.0327032796893091,0.036504281919244694
995.9,1487.1131857642986,0.0659656224467737,0.03573604374792882,0.030229578698844885
997.45,1477.2554634641049,0.06569533997276136,0.03885977951096622,0.026835560461795145
999.0,1500.2815510855187,0.0670042969640418,0.04212820411010295,0.024876092853938846
1000.55,1315.0391496401726,0.05830894075954961,0.04602700014564291,0.012281940613906694
1002.1,1234.4437799895334,0.05463952143686299,0.050548241699634726,0.004091279737228261
1003.65,1153.739014065083,0.050964043100508664,0.05583419157178137,0.0
1005.2,1075.9299719075862,0.047426667314613175,0.06222295429082411,0.0
1006.75,1008.2381393458784,0.044374077298298197,0.06949875425443834,0.0
1008.3,938.9382640392242,0.04124287362587006,0.07587988493178649,0.0
1009.85,910.8168895254773,0.040088044074600274,0.07716215793706874,0.0
1011.4,833.3440044572004,0.036560913287367464,0.07715461538068036,0.0
1012.95,834.637525475056,0.036815224311625934,0.07620237502055985,0.0
1014.5,937.786739278936,0.04195982520459077,0.06916334067686625,0.0
1016.05,752.0269377253796,0.033224709847902614,0.05816483612312784,0.0
1017.6,654.4094486792012,0.028720749535047177,0.04787564464521385,0.0
1019.15,576.9567327388496,0.025182523912762027,0.038615396023483246,0.0
1020.7,496.42187941956206,0.021493177839674592,0.030329913631159153,0.0
1022.25,413.8010201077018,0.017700331493469577,0.023112112809810702,0.0
1023.8,392.6470109621527,0.016856420530579078,0.018502588669639553,0.0
1025.35,355.92414569126714,0.015260919946221956,0.014680342559741077,0.0005805773864808791
1026.9,316.8584913347462,0.013548890768684981,0.011977540447424108,0.001571350321260873
1028.45,269.12490084539854,0.011416279511879112,0.009810707717732346,0.0016055717941467658
1030.0,204.0179335972087,0.008444697534077703,0.00763665231329494,0.000808045220782763
1031.55,119.31546090387863,0.004527171131900769,0.00638351463391664,0.0
1033.1,127.31426020279196,0.0050574681495992495,0.004835635870174981,0.00022183227942426838
1034.65,114.75797376388985,0.004595252385831346,0.0036512780293514605,0.0009439743564798857
1036.2,63.983305967524586,0.0022918552426462215,0.002869962199142136,0.0
1037.75,-9.259186921367764,0.0,0.00230620680362793,0.0
1039.3,-36.1738468398421,0.0,0.0014374200308930269,0.0
1040.85,-104.86664440153599,0.0,0.0011544022626497408,0.0
1042.4,-90.40743720510909,0.0,0.0007375091193692343,0.0
1043.95,-51.04824881569656,0.0,0.00022596506802886478,0.0
1045.5,-52.075152091112145,0.0,0.0,0.0
1047.05,-42.316984704636155,0.0,0.0,0.0
1048.6,-29.31321501253435,0.0,0.0,0.0
1050.15,-45.53294494598894,0.0,0.0,0.0
1051.7,-86.62120854725349,0.0,0.0,0.0
1053.25,-114.91615858630942,0.0,0.0,0.0
1054.8,-11.383212157225152,0.0,0.0,0.0
1056.35,-24.668075819504992,0.0,0.0,0.0
1057.9,-36.39612232268328,0.0,0.0,0.0
1059.45,-7.112889427045896,0.0001464306132968248,0.0,0.0001464306132968248
1061.0,50.1054026276831,0.002926700400901597,0.0,0.002926700400901597
1062.55,34.07014417155031,0.0021821041342040865,0.0,0.0021821041342040865
1064.1,34.23506400377123,0.002209527927198725,0.0,0.002209527927198725
1065.65,163.07859818515243,0.008411814653312647,0.0,0.008411814653312647
1067.2,208.39105842363884,0.010595904154784492,0.0,0.010595904154784492
1068.75,148.23866113119925,0.007708350633591462,0.0,0.007708350633591462
1070.3,117.08877810036964,0.006208200100732403,6.292323533866722e-06,0.006201907777198536
1071.85,127.41808550034263,0.006694859300239752,0.000454527368018851,0.006240331932220901
1073.4,196.31254469647757,0.009989134396018375,0.00039296803856620654,0.009596166357452168
1074.95,215.85585011946398,0.010907536114830212,0.0006224985141797322,0.01028503760065048
1076.5,196.91876837296684,0.009972331475199528,0.0010808314829929173,0.008891499992206611
1078.05,287.0105813438421,0.014269010756692617,0.001348702927126787,0.01292030782956583
1079.6,217.29222679186665,0.01088440045361982,0.0014509761161005076,0.009433424337519312
1081.15,269.23390605615407,0.01333859850858934,0.0018487245627207018,0.011489873945868638
1082.7,335.67948420516666,0.01648462369259264,0.0021022183618497297,0.01438240533074291
1084.25,364.9945701888772,0.017842396407434548,0.002522725727030537,0.015319670680404011
1085.8,333.774135138748,0.016287790108696625,0.002761479441799669,0.013526310666896956
1087.35,357.1646552795552,0.017351788390751466,0.0029027940987953883,0.014448994291956077
1088.9,367.80371251102963,0.017798834610581255,0.003128177075886704,0.014670657534694551
1090.45,266.4872772718513,0.01286390675882755,0.003078616825422484,0.009785289933405068
1092.0,184.16899219416527,0.008837256608647476,0.0030070458287019485,0.005830210779945527
1093.55,210.40718855257418,0.01002077349556913,0.0031170063952674705,0.006903767100301659
1095.1,181.61554459404832,0.008556925463215192,0.0028974835053807084,0.005659441957834483
1096.65,73.33566887809064,0.0032709791894533894,0.003134248302345405,0.00013673088710798456
1098.2,68.13912697271724,0.002932571251463971,0.003542245216636455,0.0
1099.75,81.91389153125104,0.003501594997670351,0.0038232287099625043,0.0
1101.3,50.370163570993434,0.0018900742322862805,0.0038766185841434724,0.0
1102.85,-15.81809130830145,0.0,0.004249306974630373,0.0
1104.4,93.04632104271316,0.0037363565168453752,0.004641045272912063,0.0
1105.95,27.299553480844473,0.0004712598898975788,0.004828574482459473,0.0
1107.5,-26.600597590714827,0.0,0.0054747899539696965,0.0
1109.05,4.037317698662751,0.0,0.005983558924077428,0.0
1110.6,98.69982632780196,0.003559938933052606,0.00560754483421893,0.0
1112.15,82.28032999990639,0.0026514128603296826,0.005545016320021712,0.0
1113.7,105.32513927844187,0.0036356113371693024,0.005603059071058597,0.0
1115.25,94.45719508201213,0.002988108223564617,0.00548872003835379,0.0
1116.8,65.786873908922,0.0014828705923061929,0.005097972880459682,0.0
1118.35,50.95213882948032,0.0006397093456034716,0.004629235925021578,0.0
1119.9,70.95556945046403,0.0014675806837131456,0.00438799248667077,0.0
1121.45,112.61624943327674,0.0033334882337532953,0.003562682050374821,0.0
1123.0,105.42397456165376,0.0028507098703132263,0.0033196283406010806,0.0
1124.55,101.57260407175507,0.0025264271751312983,0.0031896859574000735,0.0
1126.1,136.54242577478487,0.004065010328591922,0.0030274850174298916,0.0010375253111620302
1127.65,205.24519435932604,0.0072221811488230635,0.0029755934962738756,0.004246587652549188
1129.2,150.6344514852382,0.004454578192676551,0.003076677129691186,0.0013779010629853647
1130.75,195.91669227306244,0.006483714603354184,0.003965578072255245,0.002518136531098939
1132.3,267.0580230335571,0.009753610717604121,0.004726293064904702,0.00502731765269942
1133.85,361.34404096004135,0.014134010064170881,0.005437514716461122,0.008696495347709759
1135.4,441.49159607789767,0.01783419772766754,0.006326747454973649,0.01150745027269389
1136.95,391.0423385509986,0.01526039644357838,0.006861457115355784,0.008398939328222596
1138.5,306.2293160110846,0.01103513664585439,0.007855405574717018,0.003179731071137372
1140.05,350.5113240739605,0.013010034336351404,0.008776445188683663,0.00423358914766774
1141.6,408.1823832224727,0.015627446807539584,0.00982715210799683,0.005800294699542753
1143.15,419.08603975787213,0.015997967478864394,0.010467045655410531,0.0055309218234538635
1144.7,406.9565365876399,0.015261750894486833,0.010151047948232074,0.0051107029462547585
1146.25,520.6239559691779,0.020567739375822566,0.01039821649919869,0.010169522876623876
1147.8,540.947280292793,0.02138993866484874,0.009892018013554318,0.011497920651294421
1149.35,555.0244603823721,0.02191207796542183,0.008628373545104531,0.0132837044203173
1150.9,563.6078809239661,0.02217040571113494,0.007379947191283327,0.014790458519851613
1152.45,540.4525820312333,0.02090439154398285,0.006356468932201092,0.014547922611781759
1154.0,450.3483374139404,0.016422869881378633,0.004449249978446863,0.011973619902931769
1155.55,455.06250437223514,0.016496193257090275,0.003330830932081421,0.013165362325008855
1157.1,529.2949935301474,0.01990921078875178,0.0023660926424703623,0.017543118146281417
1158.65,514.7250671976609,0.019057324358724655,0.0013898840713560637,0.01766744028736859
1160.2,461.46306440136436,0.016347605278781943,0.0006016972865606234,0.01574590799222132
1161.75,499.2055598742817,0.018009927375618566,0.00022407180983764866,0.01778585556578092
1163.3,470.09560625031713,0.016461964466691136,0.0,0.016461964466691136
1164.85,555.816524430329,0.020430691640779916,0.0,0.020430691640779916
1166.4,632.8976528365488,0.023985472480611576,0.0,0.023985472480611576
1167.95,652.4410823625872,0.024777657864546523,0.0,0.024777657864546523
1169.5,639.6154090019235,0.024016268784546883,0.0,0.024016268784546883
1171.05,681.6031059767677,0.02588906652241969,0.0,0.02588906652241969
1172.6,742.4595111887171,0.028669584300753417,0.0,0.028669584300753417
1174.15,742.4754783744839,0.028529191970675764,0.0,0.028529191970675764
1175.7,700.3711986793651,0.02636716081824503,0.0,0.02636716081824503
1177.25,621.580801404767,0.022444583397328244,0.0002805228846714693,0.022164060512656774
1178.8,542.945035452163,0.01853111908032494,0.0005823830190439456,0.017948736061280994
1180.35,560.1237965863077,0.019221713723210545,0.0007987730257118458,0.0184229406974987
1181.9,481.5052966549158,0.015312650625034598,0.0015756006187059126,0.013737050006328685
1183.45,476.5404033460567,0.014943309559375563,0.0017722686868967853,0.013171040872478779
1185.0,433.40844352462017,0.012742615860216204,0.0019505750819064764,0.010792040778309728
1186.55,368.45131801478215,0.0094955887013463,0.002133496263105399,0.007362092438240901
1188.1,341.5838776112722,0.008080206709608772,0.0022148866199316777,0.005865320089677094
1189.65,342.4109070878201,0.00799720991791645,0.002683195542443529,0.005314014375472921
1191.2,323.1685277767224,0.0069523903403801305,0.0029929281112787026,0.0039594622291014275
1192.75,330.51574679884544,0.007186999651348202,0.0027026966510512555,0.004484303000296947
1194.3,220.97762367798305,0.0018094923238657081,0.002266968596090783,0.0
1195.85,127.54708778718265,0.0,0.0019144831652096973,0.0
1197.4,238.353309375813,0.002419191864666044,0.001719980751052386,0.0006992111136136579
1198.95,263.99888263945036,0.00354227042626086,0.0016981157034130754,0.0018441547228477846
1200.5,280.1395824089809,0.0042113669816719376,0.0012280688467911677,0.00298329813488077
1202.05,239.8844695759105,0.0021742285256750424,0.0008262914603570711,0.0013479370653179713
1203.6,300.9908064686048,0.005008568361552203,0.0003192348835717663,0.004689333477980437
1205.15,380.4863059446295,0.008729019882668958,7.241606575944164e-05,0.008656603816909516
1206.7,268.5748451816349,0.003258424915176108,0.0002264600970854561,0.003031964818090652
1208.25,320.9115052400487,0.005680217480711496,0.00015273924029952685,0.00552747824041197
1209.8,421.06696995303116,0.010401971503298447,0.0007131920865306229,0.009688779416767825
1211.35,377.8056805755142,0.008238055656216419,0.0015004001525519902,0.006737655503664429
1212.9,413.0360085126999,0.009847581183373387,0.002403039503925006,0.007444541679448381
1214.45,543.9640155913258,0.016057092772510766,0.003365593378752992,0.012691499393757773
1216.0,570.8466002286737,0.0172723092995889,0.004441648816313663,0.012830660483275236
1217.55,697.7845339111338,0.02329697747448862,0.00669585658668538,0.016601120887803238
1219.1,735.8029510413696,0.02505404876378105,0.008153920977292606,0.016900127786488445
1220.65,798.0444409140405,0.027978227155744922,0.009415654757003969,0.018562572398740953
1222.2,869.634537672501,0.03135510857489201,0.010386877344706164,0.020968231230185846
1223.75,924.5879289640907,0.03393659344684118,0.011148816206716795,0.022787777240124388
1225.3,958.616823886816,0.035516786676906754,0.011970104236511918,0.023546682440394838
1226.85,1030.4623020188487,0.03891728620953378,0.012688841671371076,0.026228444538162705
1228.4,1053.934398092991,0.03999814297451359,0.012964656120637668,0.02703348685387592
1229.95,1137.4606358892347,0.04396756064607055,0.013170018030043874,0.03079754261602667
1231.5,1143.2798937391044,0.04420843979027656,0.013333700927476617,0.030874738862799945
1233.05,1053.3322546750187,0.039853342840047726,0.013501387519780224,0.026351955320267503
1234.6,1012.0711612404547,0.0378409111539012,0.013766903577809653,0.02407400757609155
1236.15,984.808939591784,0.03650500961431393,0.014014989055799157,0.022490020558514776
1237.7,1082.986528806825,0.04119856615329783,0.01421394722550553,0.026984618927792303
1239.25,1081.555028961883,0.041111724734608134,0.014325176925472808,0.026786547809135326
1240.8,1040.1195859172785,0.03910755161864288,0.014583518689660253,0.024524032928982625
1242.35,1058.2161731588812,0.0399671258455181,0.015133742332155703,0.024833383513362395
1243.9,1119.0150575482864,0.04288207188459987,0.015489655501840834,0.02739241638275904
1245.45,932.473569471729,0.03392064016764024,0.015841109536447528,0.01807953063119271
1247.0,914.2727510585117,0.033049447593691744,0.01642113204974961,0.016628315543942136
1248.55,902.7306219025645,0.032502348414588315,0.016754025296102003,0.015748323118486313
1250.1,888.1580312830876,0.03181393919071757,0.01725985915618901,0.014554080034528565
1251.65,882.951765422775,0.03157967779797595,0.018197740964285006,0.013381936833690943
1253.2,902.1955425151932,0.03252408164284215,0.019641502669729777,0.012882578973112374
1254.75,957.2362820977485,0.03519217350403881,0.020813077683423085,0.014379095820615726
1256.3,1006.8232753604126,0.037602525408790485,0.023267045715167762,0.014335479693622723
1257.85,949.2636071481925,0.03487045593050608,0.025565939317128982,0.009304516613377094
1259.4,955.4193956938493,0.035203048543817186,0.028387286528886124,0.006815762014931063
1260.95,973.6070323814095,0.03611773595190786,0.03143510317758674,0.00468263277432112
1262.5,944.943715384033,0.03478614498392921,0.03430654438934518,0.00047960059458402454
1264.05,1078.480314670134,0.041249687406614846,0.03768918879950348,0.0035604986071113634
1265.6,1024.711836780897,0.038720385686041026,0.04083489069015021,0.0
1267.15,1045.7489920265828,0.039788293138287224,0.04328307002071932,0.0
1268.7,1036.8011159223631,0.03941990677950396,0.04531942172940731,0.0
1270.25,1017.4001485366439,0.03855336786048519,0.046885491087467715,0.0
1271.8,1003.9272833286922,0.03797547234364605,0.047074111559232606,0.0
1273.35,948.0339850255791,0.035363817750484264,0.046865093509441055,0.0
1274.9,943.8293194187609,0.03523873313814943,0.04605786668772672,0.0
1276.45,872.0219294964842,0.031870177586273106,0.04320194179532282,0.0
1278.0,821.3784626630236,0.02952185810743474,0.039288120494733784,0.0
1279.55,792.0895471006013,0.02820286345663247,0.03540519303004055,0.0
1281.1,775.1816126046224,0.02748209103231557,0.031740563228398945,0.0
1282.65,762.1145706741116,0.026949257050435983,0.027894275791561035,0.0
1284.2,704.8344325551293,0.02429608456338998,0.02522926189123747,0.0
1285.75,589.988258147065,0.018881106299101315,0.021831799218216742,0.0
1287.3,618.93252959852,0.020376094804934748,0.019560924269251295,0.0008151705356834529
1288.85,590.6601306719932,0.01912589405530322,0.017434249497912647,0.0016916445573905738
1290.4,537.0417932935632,0.01666128108659186,0.015637619859268318,0.0010236612273235406
1291.95,545.4875047965968,0.017180775126915963,0.01463381970052098,0.002546955426394982
1293.5,503.1213164930502,0.015262461827878687,0.013769875701527389,0.001492586126351298
1295.05,579.2474064933099,0.01903852058399516,0.013135597243137006,0.005902923340858155
1296.6,471.4588935833501,0.013983202213077275,0.011757576254382073,0.0022256259586952015
1298.15,481.97234307763017,0.014612928106573239,0.010846272186020588,0.0037666559205526504
1299.7,490.53598372728993,0.015151490892272024,0.009941319489834803,0.00521017140243722
1301.25,427.0208388950858,0.012230254341606324,0.00901636337928002,0.003213890962326304
1302.8,409.1808210725071,0.011505251029178978,0.008645567745908148,0.0028596832832708304
1304.35,412.0870971475655,0.011778962496069629,0.007106066624487869,0.00467289587158176
1305.9,444.3978855687078,0.013467172338371846,0.006610875988516956,0.006856296349854889
1307.45,455.77064289945895,0.014151650643462113,0.0057154023517642484,0.008436248291697864
1309.0,463.70637262946605,0.014672928283415272,0.005261977221197166,0.009410951062218106
1310.55,426.92856907388193,0.01304824599049125,0.004786339124087742,0.008261906866403507
1312.1,334.6217649348527,0.008757992921970763,0.004094417091815719,0.004663575830155044
1313.65,307.1100024868478,0.007581644862608999,0.003931431731523165,0.0036502131310858343
1315.2,373.22955315840557,0.010904200066935115,0.00413289497120414,0.006771305095730974
1316.75,426.86964476619767,0.013628678962106072,0.004439559956135233,0.00918911900597084
1318.3,381.18203129355527,0.011583347185670122,0.005049720867147753,0.00653362631852237
1319.85,344.390914048476,0.009966478880990122,0.005864303878352263,0.004102175002637859
1321.4,325.66601888481864,0.009218415171001401,0.00658780755548267,0.0026306076155187316
1322.95,231.3048477523952,0.004838184549242196,0.007104601528734142,0.0
1324.5,117.55393518021637,0.0,0.007436852256261888,0.0
1326.05,200.70760498065033,0.0036752854311088287,0.007678007051570276,0.0
1327.6,127.95585795560451,0.00033506731590077346,0.007235127126975208,0.0
1329.15,142.14695399026817,0.0011714730192640215,0.006546093263013479,0.0
1330.7,222.350526738037,0.0051790331512907,0.005571905727548519,0.0
1332.25,229.1555281920448,0.005661237918968736,0.004398444791779017,0.0012627931271897187
1333.8,120.61830844109593,0.0006032760137602805,0.0033465058252172713,0.0
1335.35,194.78414039521118,0.004321189076033664,0.0017880159229077552,0.002533173153125909
1336.9,220.26718152231524,0.005700596068412951,0.00023849305929289245,0.005462103009120058
1338.45,164.6698576941617,0.003185215931107606,0.0,0.003185215931107606
1340.0,230.32702861402174,0.006493784350478009,0.0,0.006493784350478009
1341.55,304.1061406036078,0.010192036784984287,0.0,0.010192036784984287
1343.1,273.47938909118136,0.008874756252074591,0.0,0.008874756252074591
1344.65,337.81988356734337,0.012118413260576114,0.0,0.012118413260576114
1346.2,346.6531793820214,0.012695079477183534,0.0,0.012695079477183534
1347.75,320.2256833360042,0.011577143160843144,0.0,0.011577143160843144
1349.3,411.4881795177532,0.016111245286402894,0.0,0.016111245286402894
1350.85,407.20361072424623,0.016054746745397606,0.0,0.016054746745397606
1352.4,378.06721850463805,0.014803265208043474,0.0,0.014803265208043474
1353.95,437.1428285512977,0.01778752757604861,2.6135793928543825e-05,0.017761391782120065
1355.5,327.06475399250417,0.012645238083133127,0.00019559884669819583,0.01244963923643493
1357.05,411.5284508056469,0.016845831534789652,0.0004953536823837443,0.01635047785240591
1358.6,421.1161298833606,0.017448104625029145,0.0007401171724532206,0.016707987452575925
1360.15,503.7511707266966,0.021557203973150637,0.00107750232882172,0.020479701644328916
1361.7,504.2813700969923,0.021720497380689926,0.0013167526910156898,0.020403744689674236
1363.25,508.1685472167877,0.02204288102083882,0.001517440490969318,0.0205254405298695
1364.8,642.3171749244472,0.02861988405972695,0.0018869412536808821,0.02673294280604607
1366.35,643.3580734741028,0.028800829029234726,0.0020893986870335352,0.026711430342201192
1367.9,692.059194239047,0.031268490726869415,0.002332610993763262,0.028935879733106153
1369.45,646.612184979455,0.02921117637393407,0.0027154164938008965,0.026495759880133172
1371.0,634.5132294905984,0.028752826003924557,0.0030040996955430135,0.025748726308381542
1372.55,603.5026662723352,0.02738307666546833,0.0031692977700783836,0.024213778895389945
1374.1,585.2637665480877,0.026623634302234994,0.0029558176679017442,0.02366781663433325
1375.65,608.5166811734944,0.027853873115829122,0.0026136860843645167,0.025240187031464606
1377.2,508.60851399838043,0.023164782899985557,0.00275209705690959,0.020412685843075967
1378.75,500.50149990081235,0.022881589136083184,0.002664376421880197,0.020217212714202987
1380.3,455.97814034786916,0.020845395714910363,0.002660748858042355,0.018184646856868006
1381.85,432.9558816261733,0.01983801469710933,0.0031336664071529192,0.01670434828995641
1383.4,445.841605143937,0.020551291904982418,0.0036591833249926334,0.016892108579989785
1384.95,462.97056030559446,0.02146409003867821,0.00433368007893031,0.017130409959747902
1386.5,426.19095011173965,0.019783004543286693,0.005404239923188346,0.014378764620098346
1388.05,299.77014887760566,0.013791499692077224,0.006459334021365884,0.0073321656707113405
1389.6,250.7325848898655,0.011512166102407614,0.006860982943939054,0.00465118315846856
1391.15,244.65440262799012,0.011291329484807334,0.006933455346123894,0.00435787413868344
1392.7,266.55120288119895,0.012409059271133989,0.007193927147485545,0.005215132123648444
1394.25,192.12691205116784,0.008894802870076964,0.007413582946389476,0.0014812199236874882
1395.8,132.4926361940828,0.006085434160368202,0.007140257824990427,0.0
1397.35,161.29496030110414,0.007518274544558338,0.00666647035190131,0.0008518041926570278
1398.9,113.63159849371155,0.00527231072146669,0.006555944080532573,0.0
1400.45,16.194226399056646,0.0006294547032932817,0.005887954073245785,0.0
1402.0,59.04883346174946,0.0027190559589629192,0.006049185194946691,0.0
1403.55,-36.136147248380595,0.0,0.0058165019625187765,0.0
1405.1,8.273823118885224,0.0003229465775485641,0.005452130805444168,0.0
1406.65,74.43853135862702,0.0035123664992806436,0.004953496687218516,0.0
1408.2,50.593156485918044,0.0023713365938065425,0.004584768137679922,0.0
1409.75,18.76865365789198,0.0008399242935334425,0.0045186165923152615,0.0
1411.3,-23.089132877697672,0.0,0.0040781513334987455,0.0
1412.85,27.7817629448382,0.0012453006962006659,0.0037785676259993297,0.0
1414.4,-9.227196662592572,0.0,0.003034710571037077,0.0
1415.95,-28.11146264127492,0.0,0.002921616215651796,0.0
1417.5,-26.61000616025371,0.0,0.002489628690227432,0.0
1419.05,-38.70065971060251,0.0,0.0017026262476706054,0.0
1420.6,-68.11729111584431,0.0,0.0012699651357764225,0.0
1422.15,-55.03716202487053,0.0,0.0010484210003225505,0.0
1423.7,-19.056495597908345,0.0,0.0008926029931345873,0.0
1425.25,-56.90809879310004,0.0,0.000434170934026953,0.0
1426.8,-56.894121185551725,0.0,0.0006943016327435746,0.0
1428.35,-32.87191700432706,0.0,0.0008710259185661151,0.0
1429.9,8.846128483397488,0.0,0.0009199275273593411,0.0
1431.45,8.59305061996253,0.0,0.000977102189945825,0.0
1433.0,-73.00525279955622,0.0,0.0008863446082674726,0.0
1434.55,36.02732502211478,0.0005503306352435806,0.0009664180242193843,0.0
1436.1,-81.38709905861961,0.0,0.00160324042922281,0.0
1437.65,-53.58267200152508,0.0,0.002383070332938039,0.0
1439.2,-55.096913855820205,0.0,0.0032890550030257666,0.0
1440.75,-9.008366276241233,0.0,0.004197744707674924,0.0
1442.3,43.86322705359183,0.00015280459607458025,0.005208024412387089,0.0
1443.85,39.71509109218549,0.0,0.0062086798827246355,0.0
1445.4,97.43016288762904,0.0023659069337830744,0.006927908659947883,0.0
1446.95,130.3837603544225,0.003759119391628124,0.00781731847583438,0.0
1448.5,98.68025451784445,0.002040524066245698,0.008251001842727736,0.0
1450.05,75.8479089674781,0.0007422189548000461,0.008223177332483003,0.0
1451.6,120.64274287660038,0.002686739439813017,0.008276674336127424,0.0
1453.15,181.09300009680803,0.005377979669694793,0.008002608275934277,0.0
1454.7,198.92854308164652,0.006017300302981779,0.00739642273264751,0.0
1456.25,201.3692251062031,0.005912443825822616,0.00649580918502028,0.0
1457.8,296.6378805035283,0.010262007762759135,0.005762760799382111,0.004499246963377024
1459.35,283.691037139059,0.009409449926239193,0.004902912461217661,0.004506537465021532
1460.9,244.19650940576264,0.0072778360174584845,0.004353021065776241,0.002924814951682244
1462.45,155.8233121561267,0.0027948058076964063,0.003104832019371439,0.0
1464.0,163.9357720626956,0.0029429889259235645,0.0017715502616672126,0.0011714386642563519
1465.55,232.11789774299132,0.005973472171835841,0.0008330752472218949,0.005140396924613946
1467.1,279.5351839727401,0.008003765942272287,0.00028198042954106654,0.007721785512731221
1468.65,303.30093852814775,0.008895485301581152,0.0,0.008895485301581152
1470.2,298.52305928226673,0.008413917683159066,0.0,0.008413917683159066
1471.75,291.1129066629928,0.007803947349993295,0.0,0.007803947349993295
1473.3,263.88982498671277,0.006240597926645829,0.0,0.006240597926645829
1474.85,256.54247589908766,0.005630523873683687,0.0,0.005630523873683687
1476.4,270.43474510142835,0.006039506399323659,0.0,0.006039506399323659
1477.95,295.6245564822394,0.006990261378621289,0.0,0.006990261378621289
1479.5,311.5416903751951,0.0074949972870765194,0.0,0.0074949972870765194
1481.05,298.30688151362676,0.006599110850358123,0.0,0.006599110850358123
1482.6,269.2427137996518,0.004942798636090561,0.0,0.004942798636090561
1484.15,371.41554091813776,0.009590436183329254,0.0,0.009590436183329254
1485.7,421.85161094075016,0.011753421404155142,0.0,0.011753421404155142
1487.25,478.7472935870543,0.014227393162054144,0.0,0.014227393162054144
1488.8,512.4841955461791,0.015589939864013774,0.0,0.015589939864013774
1490.35,550.5826086742331,0.01716321878722099,0.0,0.01716321878722099
1491.9,591.2671689969685,0.01886221314547554,0.00012426671581266662,0.018737946429662873
1493.45,587.7147341960849,0.018438102559389116,0.0,0.018438102559389116
1495.0,546.356408882934,0.016200051942595304,4.032612787206158e-05,0.016159725814723244
1496.55,584.8678379861971,0.017800687549523825,2.9865755050324245e-05,0.0177708217944735
1498.1,593.375186661587,0.017962639029004572,0.0,0.017962639029004572
1499.65,675.7772369784448,0.0216767784719108,0.0,0.0216767784719108
1501.2,743.3277137174352,0.0246805623119824,0.0,0.0246805623119824
1502.75,757.0548217556582,0.02510228665947024,8.920506829809413e-06,0.02509336615264043
1504.3,790.6132967082958,0.026480090160127603,0.0001000425879733946,0.02638004757215421
1505.85,877.0327433838202,0.03040074225574072,0.000269364520654251,0.03013137773508647
1507.4,888.1882797988133,0.030710197788774755,0.001044069762772051,0.029666128026002703
1508.95,1010.6153722481829,0.03636864231982995,0.00149471636575697,0.03487392595407297
1510.5,1011.5111578490228,0.03619397614230648,0.001922948774064257,0.034271027368242224
1512.05,999.2570954379063,0.03539236860524696,0.0025477532825250895,0.03284461532272187
1513.6,1022.0585431116014,0.03627951748383235,0.0028791350194208257,0.03340038246441153
1515.15,1127.0084352063623,0.041117683421733185,0.003719289036538557,0.03739839438519463
1516.7,1183.7126377301379,0.04364380063994332,0.00483143789663701,0.03881236274330631
1518.25,1163.8187278201724,0.042496218455842345,0.005753300332085327,0.03674291812375702
1519.8,1249.7352161117692,0.0464368643882586,0.006845244825876678,0.03959161956238192
1521.35,1328.300591796913,0.0500304029146369,0.008007939367841652,0.04202246354679525
1522.9,1289.1395543476883,0.04797532526409054,0.009293274154545875,0.03868205110954467
1524.45,1439.2347263283407,0.05501727404884137,0.011522103666468442,0.04349517038237293
1526.0,1496.8820719175228,0.05762521411266845,0.013247455486361259,0.04437775862630719
1527.55,1556.2055725513055,0.06032043499045889,0.014853244929740968,0.04546719006071792
1529.1,1624.9892164615612,0.06347700951074445,0.01708364947234309,0.04639336003840136
1530.65,1662.2447600236694,0.06512630410365973,0.019546999889725313,0.04557930421393441
1532.2,1702.1837764949069,0.06691178828057154,0.021784808116802695,0.04512698016376884
1533.75,1855.8792389214868,0.07416884609016568,0.024764628597728766,0.04940421749243691
1535.3,1993.5802148397795,0.08066524294787783,0.026866076949753015,0.053799165998124815
1536.85,2046.1674374099468,0.08308108717666977,0.03107557018771346,0.052005516988956314
1538.4,1985.1856644004129,0.08004971393162985,0.034005536770922155,0.046044177160707696
1539.95,2087.2682712238698,0.08485892021867132,0.03678866599485325,0.048070254223818075
1541.5,2249.3530191438213,0.09255839068075851,0.03959514543426062,0.05296324524649789
1543.05,2290.968835002956,0.09447958523072364,0.042100049800285255,0.052379535430438384
1544.6,2264.630152716776,0.09314506085796197,0.044072661330130575,0.04907239952783139
1546.15,2339.1845791241913,0.0966652530568064,0.04578597829658334,0.05087927476022306
1547.7,2363.701319883193,0.09779051632115365,0.04786059422449366,0.049929922096659994
1549.25,2354.4811219833855,0.09730390955010787,0.04955509615046504,0.04774881339964283
1550.8,2409.66678523851,0.09991964104664336,0.05113317260718291,0.04878646843946045
1552.35,2451.339135372726,0.10189503883425245,0.05236777567395426,0.04952726316029819
1553.9,2377.3159237959258,0.09832198087905575,0.053801856980104104,0.044520123898951644
1555.45,2327.12108789838,0.09590232590728057,0.05493056332894356,0.040971762578337005
1557.0,2356.65966014048,0.09732141522745702,0.05594787859543716,0.04137353663201986
1558.55,2388.4050128708154,0.09885539264237238,0.05704184876200664,0.04181354388036574
1560.1,2374.7936158388475,0.09821962427308693,0.0581013488405751,0.040118275432511834
1561.65,2452.468300145562,0.1019775402241351,0.0597540988183276,0.042223441405807506
1563.2,2611.505265995986,0.10965245441376475,0.06104163361813824,0.048610820795626515
1564.75,2556.528844635762,0.1070564219168231,0.06188916159217032,0.045167260324652785
1566.3,2575.0327145932133,0.10799873407640503,0.06279356521004971,0.045205168866355325
1567.85,2604.151833483808,0.10945972045278404,0.06343435456835034,0.046025365884433705
1569.4,2615.6301960422825,0.11008209254198537,0.06370408748414012,0.04637800505784524
1570.95,2625.8204672520333,0.11065126087792311,0.06365793289017427,0.04699332798774884
1572.5,2631.126574450202,0.11099441755528515,0.06298146150914197,0.04801295604614318
1574.05,2590.290284441624,0.1091296987041438,0.062269753824347115,0.04685994487979668
1575.6,2473.491153970082,0.10362462628982581,0.06142405743528176,0.042200568854544054
1577.15,2419.9239758439517,0.10116510251424478,0.05959022307401386,0.041574879440230916
1578.7,2410.5183441610047,0.10083498984712091,0.057492971006585354,0.04334201884053556
1580.25,2352.028575160202,0.09815524339460933,0.055213655506363306,0.04294158788824603
1581.8,2261.648931969792,0.09395162393598142,0.05260514380337309,0.041346480132608325
1583.35,2228.6601978563726,0.09251244936516234,0.050265553694857426,0.042246895670304915
1584.9,2197.563319436962,0.09117174777485133,0.04826581832897528,0.042905929445876054
1586.45,2109.3488710573038,0.08709492258553626,0.04628664858538179,0.04080827400015447
1588.0,2003.783182220146,0.08219191205484534,0.04435499337666064,0.0378369186781847
1589.55,1943.5903102455495,0.07947538545228953,0.042907343525618195,0.03656804192667134
1591.1,1945.1046892847942,0.07972974846533616,0.04114192027208856,0.0385878281932476
1592.65,1859.0220217613773,0.07578319296162975,0.03956679712183308,0.03621639583979667
1594.2,1798.0879586998126,0.07305107564345141,0.037417626641506406,0.035633449001945004
1595.75,1657.5845330856428,0.06650320975796514,0.034946170740964407,0.031557039017000736
1597.3,1610.3609060711333,0.06444191829826654,0.032449515525858584,0.03199240277240795
1598.85,1563.7997859336147,0.062418238185785985,0.03033838157255332,0.03207985661323266
1600.4,1490.2583646850835,0.059104150919579594,0.027629123781973505,0.03147502713760609
1601.95,1458.8509188250875,0.057819211919773635,0.024140858545075593,0.033678353374698045
1603.5,1420.0702010300224,0.0561851652699178,0.021565066586470068,0.03462009868344773
1605.05,1219.7357433471907,0.046795929486055876,0.019504583927413492,0.027291345558642384
1606.6,1215.0263600584515,0.046807786917130355,0.017347702244406602,0.029460084672723753
1608.15,1129.3374294491782,0.04293418677906596,0.015920604244481114,0.027013582534584843
1609.7,1003.1007992242123,0.03711694074923526,0.014824521041959337,0.02229241970727592
1611.25,903.4398843719262,0.03257994526254378,0.014339864380535727,0.01824008088200805
1612.8,865.2954979958713,0.031001250451943296,0.014067427206607835,0.01693382324533546
1614.35,871.6188434352587,0.03156166094602682,0.013777183758935904,0.017784477187090912
1615.9,806.1270933848796,0.0286754217492658,0.013358495781066883,0.015316925968198919
1617.45,693.6940595558756,0.02353702029950259,0.0129096023979705,0.010627417901532092
1619.0,735.7163413927456,0.025819946202310495,0.012662721436050899,0.013157224766259596
1620.55,634.1832301866993,0.02120941225017346,0.012359124212221212,0.008850288037952247
1622.1,480.13168567871054,0.014077944790518698,0.011605915608842499,0.002472029181676199
1623.65,428.7321585742869,0.01187862325633241,0.010882451990972247,0.0009961712653601632
1625.2,457.55900556816425,0.013533965994376652,0.009769986064284522,0.0037639799300921307
1626.75,488.12175310995286,0.015273500867074496,0.008961360101064415,0.006312140766010081
1628.3,435.97437599611834,0.013040688470358415,0.008094671067756312,0.004946017402602103
1629.85,401.3279298317064,0.011648711369019318,0.007052850832937379,0.004595860536081939
1631.4,384.95208356642803,0.011134234267521675,0.005880731202848595,0.00525350306467308
1632.95,323.619406136822,0.008459916831951981,0.004834549956716029,0.003625366875235952
1634.5,277.1371526604137,0.006498202618015726,0.0041424072119239244,0.0023557954060918016
1636.05,154.1730232643271,0.0008617744809182096,0.002682996200913194,0.0
1637.6,287.1762356484161,0.007519018654368393,0.0022552656285317425,0.005263753025836651
1639.15,251.12501130042125,0.00605434801295474,0.001733442783621588,0.004320905229333152
1640.7,155.20307606860922,0.0017119278449750492,0.0006132474454928183,0.0010986803994822308
1642.25,108.83114294017894,0.0,0.00010916474021430698,0.0
1643.8,108.07204917701283,0.0,0.0,0.0
1645.35,52.306469556366565,0.0,0.0,0.0
1646.9,-5.638716792401876,0.0,0.0,0.0
1648.45,33.87950234785078,0.0,0.0,0.0
1650.0,80.8356561129288,0.0,0.0,0.0
1651.55,-7.642894490835651,0.0,0.0,0.0
1653.1,-54.000360244063096,0.0,0.0,0.0
1654.65,131.36083884784165,0.0028154940418874622,0.0,0.0028154940418874622
1656.2,-10.69287994550643,0.0,0.0,0.0
1657.75,61.196634866724054,0.0,0.0,0.0
1659.3,51.38991155128997,0.0,0.0,0.0
1660.85,75.07560218088099,0.001006053657243318,0.0,0.001006053657243318
1662.4,44.96341427982072,0.0,0.0,0.0
1663.95,1.4286773522165128,0.0,0.0,0.0
1665.5,76.55153046755501,0.0016989852661162467,0.0,0.0016989852661162467
1667.05,23.209201202694928,0.0,0.0,0.0
1668.6,9.477690849201977,0.0,0.0,0.0
1670.15,-16.231863072763367,0.0,0.0,0.0
1671.7,49.69290420407289,0.0011711391652697012,0.0,0.0011711391652697012
1673.25,89.60022570666432,0.003266462561221423,0.0,0.003266462561221423
1674.8,112.1612645562814,0.00452373386193572,1.876184835662183e-06,0.004521857677100058
1676.35,-1.9832014844628567,0.0,0.0,0.0
1677.9,25.57266020304744,0.0006972273732324489,0.00011869369478540199,0.0005785336784470469
1679.45,97.19150828617286,0.004296409313464878,0.00047442910784376236,0.003821980205621116
1681.0,56.07129357543987,0.002475529169047548,0.0005400225477494679,0.0019355066212980799
1682.55,43.29518761927856,0.002011316417297784,0.0003671511401135926,0.0016441652771841913
1684.1,93.8888630881615,0.004586188791081144,0.0004701714544815641,0.004116017336599579
1685.65,105.40765950035927,0.0052793843575125775,0.0007585771318238108,0.004520807225688766
1687.2,79.26016355371902,0.004158574326619681,0.0004297464086926206,0.0037288279179270604
1688.75,27.849866492249035,0.0018195529854171588,0.0010867669474478978,0.000732786037969261
1690.3,34.03102123376199,0.0022421099522478205,0.0011118634224063422,0.0011302465298414783
1691.85,10.01793631785036,0.0012096031082306437,0.0008713846330237985,0.00033821847520684517
1693.4,-58.913895681248064,0.0,0.001022493544145063,0.0
1694.95,-27.86751310837542,0.0,0.0010203821473415496,0.0
1696.5,3.062291005219917,0.0012100245965320363,0.0010142621100003204,0.0001957624865317159
1698.05,-5.2856614075424515,0.0009112192377016109,0.0010583108656000157,0.0
1699.6,29.225280245510582,0.0026664653943364027,0.0009906139458985411,0.0016758514484378616
1701.15,16.482646122626427,0.0021473805511709296,0.0012707268677550803,0.0008766536834158493
1702.7,-82.8301499862458,0.0,0.0014017031253294966,0.0
1704.25,-66.76971750507542,0.0,0.0010717715660334248,0.0
1705.8,-48.61516126918662,0.0,0.0010068726819014036,0.0
1707.35,71.61973110516773,0.005122772666751856,0.0010593807853620043,0.004063391881389852
1708.9,126.4293428004423,0.007826278864399811,0.0012109969206675062,0.006615281943732305
1710.45,120.03295520558277,0.007585633784189375,0.0012217255562182526,0.006363908227971123
1712.0,79.7086514126045,0.00571117965524369,0.0011850745133423165,0.004526105141901373
1713.55,22.979622625836562,0.003044696475146143,0.0012827914008498534,0.0017619050742962894
1715.1,26.773467285160976,0.003281364494897671,0.0014142364900521026,0.0018671280048455686
1716.65,27.63675454294556,0.003373373311343785,0.0012561704138482823,0.0021172028974955027
1718.2,-34.77712306317776,0.0004221437539773617,0.0011334999927188503,0.0
1719.75,17.767440480271677,0.0029890319717828045,0.0012548590145812068,0.0017341729572015977
1721.3,-10.285509400466983,0.001680881993750888,0.001506060707478866,0.00017482128627202206
1722.85,8.642315832823051,0.002625802025773111,0.0013040155692200636,0.0013217864565530475
1724.4,-19.896421762709945,0.0012872350555159636,0.0015995750343748114,0.0
1725.95,14.594723527221726,0.002972788382453088,0.001507018933665615,0.001465769448787473
1727.5,71.48616905486651,0.005730959053954111,0.0014527599317153228,0.004278199122238788
1729.05,75.39525504030888,0.005940932340393312,0.0013140536797670312,0.00462687866062628
1730.6,47.924193735365876,0.004640414531992306,0.0014508468887072447,0.0031895676432850614
1732.15,79.17069980378633,0.006157189151667532,0.0016393032875551144,0.004517885864112418
1733.7,46.312805409960795,0.004591764450308016,0.0017183113017705987,0.002873453148537417
1735.25,17.406462901110167,0.0032131801666976244,0.0017568965764106523,0.0014562835902869721
1736.8,89.27332961451867,0.006672192698022698,0.001806045932148683,0.004866146765874015
1738.35,29.709027122204187,0.0038152902983463197,0.0019285546206597763,0.0018867356776865434
1739.9,55.54424644326878,0.005057680739280714,0.0018945588389361477,0.0031631219003445663
1741.45,47.84286851756332,0.004686520693513882,0.0019721526964842817,0.0027143679970296005
1743.0,55.01450669725111,0.005027165395492353,0.001883860596606548,0.003143304798885805
1744.55,65.14123191082703,0.0055072273843888315,0.0021077908156785703,0.003399436568710261
1746.1,67.94177517238248,0.005632933187655195,0.002259537356962524,0.003373395830692671
1747.65,90.3954010492591,0.00670026213722024,0.0019143447973175368,0.004785917339902703
1749.2,70.71789077053691,0.005741573375961171,0.00211325135240994,0.003628322023551231
1750.75,79.41328908183176,0.006143491966709229,0.002248069447107769,0.0038954225196014603
1752.3,83.05860382313199,0.006300664418757501,0.002586407598579981,0.00371425682017752
1753.85,91.97911135662903,0.006709118515741551,0.002748067240588764,0.003961051275152787
1755.4,111.07625040494607,0.007604355576311836,0.0025880037731020548,0.005016351803209781
1756.95,83.13317180921177,0.006238118272860817,0.002755667096597887,0.00348245117626293
1758.5,66.50587348047935,0.005413515368218924,0.002709842650111929,0.0027036727181069947
1760.05,124.56941495601936,0.008174738032935655,0.0030210973981243013,0.005153640634811354
1761.6,25.704080519401852,0.0033963491848359615,0.003007484252118117,0.0003888649327178444
1763.15,169.86737794037643,0.010289767297694286,0.003141858678650847,0.0071479086190434395
1764.7,113.02959857543505,0.007526761491700869,0.002992835430652586,0.004533926061048283
1766.25,231.63994455695334,0.013189562978063993,0.003027567706157085,0.010161995271906907
1767.8,216.33993587744288,0.01241866780946342,0.003017923142457458,0.009400744667005962
1769.35,177.50544236849595,0.010515875169099858,0.0031048432595261067,0.007411031909573752
1770.9,186.53440547553035,0.010910737180673147,0.0032237471320283404,0.007686990048644806
1772.45,179.54775915278947,0.010534978531370453,0.003186321582746857,0.007348656948623597
1774.0,150.91544562094282,0.009118225800441518,0.003443991853823627,0.005674233946617891
1775.55,176.22716224191726,0.010291372568880006,0.003651417141347652,0.006639955427532354
1777.1,183.73007541994065,0.010607935955979848,0.0034830493962992454,0.007124886559680603
1778.65,108.41660696309776,0.006945430189859923,0.0033720326126351645,0.0035733975772247583
1780.2,203.4399027405724,0.011463737450820431,0.003384953025090602,0.008078784425729828
1781.75,167.6510848372131,0.00969768015389477,0.0032496222216959925,0.006448057932198778
1783.3,108.99567760975945,0.00683231023374031,0.003131273746345209,0.0037010364873951013
1784.85,170.89685625152435,0.009756793936596682,0.0030040017563086794,0.006752792180288002
1786.4,219.3423145658876,0.012034103228178971,0.00333699259511683,0.008697110633062142
1787.95,226.92888311594766,0.01234801768646112,0.0035083237508241973,0.008839693935636923
1789.5,195.55368222916334,0.010789710774408845,0.0030322978317497435,0.007757412942659102
1791.05,147.17932680428933,0.008414170393447832,0.0031649170195659888,0.005249253373881843
1792.6,157.31908653228962,0.008848608048497941,0.003200393538421671,0.00564821451007627
1794.15,147.27133509063276,0.008312755195404664,0.003160677275235859,0.005152077920168805
1795.7,176.9060147658382,0.009682418048806325,0.0030174998928527877,0.006664918155953537
1797.25,205.5435317660213,0.011003657154866679,0.003018506821670619,0.00798515033319606
1798.8,158.03983129365932,0.008667083850761589,0.0031473248937513884,0.0055197589570102
1800.35,171.9773797143657,0.009281304968748837,0.0029694626315023933,0.006311842337246444
1801.9,233.62411564067355,0.01218676206794239,0.003217176952533859,0.00896958511540853
1803.45,166.5969044479328,0.008911197562402823,0.003037603501173329,0.005873594061229495
1805.0,54.722424936908766,0.0034811373460333925,0.0025982310549811176,0.0008829062910522749
1806.55,167.38655494978275,0.008836161802263515,0.0026901775325352314,0.006145984269728283
1808.1,62.52467232284734,0.003742402601149496,0.002497942704083268,0.001244459897066228
1809.65,138.60009322137114,0.007339478354082646,0.002628228880058285,0.00471124947402436
1811.2,140.41280017742866,0.007369278039477981,0.0024857191241583402,0.004883558915319641
1812.75,107.11251812904707,0.005712334436248807,0.002324639612576634,0.0033876948236721736
1814.3,84.02692559800961,0.00454592823972434,0.0024844249164062333,0.0020615033233181063
1815.85,55.682338866410035,0.003126838129390693,0.0024265809403906605,0.0007002571890000323
1817.4,86.53019054727292,0.004550924368877241,0.002265238521517371,0.0022856858473598697
1818.95,156.53748934451005,0.007855965428966338,0.0023851814271747254,0.005470784001791612
1820.5,188.02416330962404,0.009310749024453122,0.002432817110543895,0.006877931913909226
1822.05,198.60502067523993,0.009761407475840587,0.002067471887282377,0.00769393558855821
1823.6,191.84225638393656,0.00937907615433718,0.001707259766533731,0.007671816387803449
1825.15,109.86269871748851,0.005383934567261707,0.001682979554604157,0.00370095501265755
1826.7,80.39610989330025,0.003911317404145303,0.0019777833729333707,0.0019335340312119326
1828.25,-8.566266287235125,0.0,0.001843851058102609,0.0
1829.8,88.30034918786949,0.004177060231797857,0.0016620935098592671,0.0025149667219385896
1831.35,127.97520475374486,0.006026150608474264,0.0018648088022038601,0.0041613418062704036
1832.9,153.65093417443842,0.0072030773573632245,0.0015298467775768224,0.0056732305797864025
1834.45,163.95681790322908,0.007642031048921695,0.0015053031331120918,0.006136727915809603
1836.0,115.50669999514392,0.005259053613960008,0.0015685640204654145,0.0036904895934945937
1837.55,170.11045924738877,0.00782646729269455,0.0013901552096937345,0.006436312083000815
1839.1,70.42618989548092,0.002983271991655441,0.0015125355955086434,0.0014707363961467975
1840.65,105.47097483797845,0.004611994230964068,0.0018457326330410132,0.0027662615979230547
1842.2,176.4302612879797,0.007966254389490278,0.0016997410655357405,0.006266513323954537
1843.75,127.03351544139824,0.005539861265859894,0.0016314922632296993,0.003908369002630195
1845.3,105.6613542287327,0.004460079959874243,0.001668465271773723,0.00279161468810052
1846.85,155.18711775295438,0.006786292604173198,0.0017344447554943129,0.005051847848678885
1848.4,146.00343566747793,0.006293030916905387,0.001968462655979748,0.00432456826092564
1849.95,114.41208793110778,0.0047240209571148975,0.002256301945828747,0.0024677190112861506
1851.5,127.44125930909581,0.005298884521323679,0.002069857812948254,0.003229026708375425
1853.05,198.05343456674314,0.008640278833879883,0.002279458374155987,0.006360820459723896
1854.6,144.33934047566385,0.006010490528937592,0.0025024529964977798,0.003508037532439812
1856.15,141.0070481351305,0.00580137996042931,0.002564841813441098,0.0032365381469882117
1857.7,188.6461837651787,0.008041290817266903,0.0023783209609512476,0.005662969856315656
1859.25,120.10362718214762,0.0047012971742913575,0.002427215517253259,0.0022740816570380987
1860.8,165.84234386815422,0.006851359396374375,0.002318073618624612,0.004533285777749763
1862.35,231.46522739789168,0.009957275327390163,0.002044859180847857,0.007912416146542306
1863.9,199.02194086964863,0.00835349833544953,0.002180432041173022,0.006173066294276508
1865.45,185.03551093493084,0.007637054060293403,0.0022467685311604005,0.005390285529133003
1867.0,197.3891894797212,0.008186620094058083,0.002214454657372812,0.005972165436685271
1868.55,179.95465938670196,0.007306174395617937,0.0024092855768924784,0.004896888818725459
1870.1,192.2291229661286,0.007853590993066867,0.0022506452424700682,0.005602945750596799
1871.65,187.7722822541408,0.00759819563836385,0.0024885227265034698,0.00510967291186038
1873.2,159.1320431958223,0.006182052684932553,0.002649629698758009,0.003532422986174544
1874.75,209.61421306014813,0.00856731394320336,0.002457121073854715,0.006110192869348644
1876.3,278.25032197428243,0.011825464244776832,0.002652744107639239,0.009172720137137592
1877.85,236.81485250413795,0.009797397042742765,0.002601539694757881,0.007195857347984884
1879.4,202.64385500804536,0.00811918298952335,0.002660542525475627,0.005458640464047723
1880.95,214.73142975262977,0.00866385471408479,0.00261370481131682,0.00605014990276797
1882.5,162.34500061361678,0.006112549664852086,0.0026100029392494358,0.00350254672560265
1884.05,155.403225671075,0.00574505262040192,0.002167734905590396,0.0035773177148115246
1885.6,242.3372766225554,0.009887689368330132,0.002336885536071985,0.007550803832258147
1887.15,293.44345984558805,0.012310346378602125,0.0022528972205046443,0.01005744915809748
1888.7,209.19988825214062,0.008232646545159605,0.0023445710821013415,0.005888075463058263
1890.25,178.98219734512628,0.006750966935581254,0.002125121608842033,0.004625845326739221
1891.8,234.68137695369518,0.009397147108622555,0.0022410685101037836,0.007156078598518772
1893.35,236.13783328726794,0.009438836470961266,0.0022055878692469155,0.00723324860171435
1894.9,277.0702494430554,0.011377672669291938,0.0021961074849884176,0.00918156518430352
1896.45,251.8284073651772,0.010138908878495905,0.0021724761927264676,0.007966432685769437
1898.0,137.95619277562764,0.004643900040560709,0.0022913560839656314,0.0023525439565950774
1899.55,131.0764094092011,0.004289090963693957,0.00227528447357702,0.002013806490116937
1901.1,178.4980474751723,0.006543547650107262,0.002367981582048118,0.004175566068059144
1902.65,195.08731046277697,0.007317995497935358,0.0023882299561567596,0.0049297655417785986
1904.2,182.97899889100302,0.006714974274603831,0.002179445286521752,0.004535528988082079
1905.75,156.38513324031462,0.005417134004129295,0.0018658159543453814,0.0035513180497839135
1907.3,136.3259242849769,0.004434145159213068,0.001748774018083453,0.0026853711411296147
1908.85,173.9066706638527,0.006220769348614904,0.0018613388641063368,0.004359430484508568
1910.4,210.63596791978762,0.007967455920872824,0.0018275274038633586,0.006139928517009466
1911.95,131.98242342833896,0.004172857557594863,0.001622397537480911,0.0025504600201139522
1913.5,177.235207382325,0.006330861559041442,0.0015066448219118625,0.004824216737129579
1915.05,161.33111076951786,0.005552230305050918,0.0015112196603357803,0.0040410106447151374
1916.6,118.62861221821895,0.0034873143299856374,0.0011289664571208446,0.002358347872864793
1918.15,219.41087523856172,0.008315400201454524,0.0014020572022118338,0.00691334299924269
1919.7,118.63106628747536,0.003462677408174387,0.001193278246635876,0.002269399161538511
1921.25,237.02344306070069,0.009138470721956704,0.0016912511710192601,0.007447219550937444
1922.8,231.82518013604675,0.008878677328163602,0.0014300714529448936,0.007448605875218709
1924.35,195.2120121426615,0.007110809181835084,0.001920871404101662,0.005189937777733422
1925.9,84.27440564750731,0.0017737608785939542,0.0020058022591507236,0.0
1927.45,94.18054016410133,0.002242129040179958,0.001736931326782964,0.0005051977133969942
1929.0,159.85844987181343,0.005390268465093176,0.0011478339717121402,0.0042424344933810355
1930.55,168.37216733408374,0.005793458826748373,0.0013888694650859843,0.004404589361662389
1932.1,171.13799169056216,0.0059213917246437745,0.0010220259540304293,0.004899365770613345
1933.65,145.54514960605823,0.0046879797532656635,0.0012302435428565273,0.003457736210409136
1935.2,118.33585463349813,0.0033777309705945602,0.0009974684805070704,0.00238026249008749
1936.75,191.58119187688712,0.006893461340524603,0.0008154707415369227,0.006077990598987681
1938.3,163.32378785736864,0.005534439466770033,0.0008112924829031097,0.004723146983866923
1939.85,129.68901381386107,0.003917886916276834,0.000675100866551189,0.0032427860497256447
1941.4,176.59868370235623,0.006170912266127123,0.0006092199135533244,0.005561692352573798
1942.95,182.06944380940556,0.006434213526678182,0.0006023015815333742,0.005831911945144808
1944.5,159.2405738625972,0.005338899352185998,0.0006190307660891422,0.004719868586096855
1946.05,173.8200465303223,0.006041135384095962,0.0006040697822568811,0.005437065601839081
1947.6,195.7165771220106,0.007095514344028645,0.0007050538015078774,0.006390460542520768
1949.15,179.82620343517033,0.006335517098921024,0.0011412843671451797,0.005194232731775844
1950.7,142.77600632579464,0.00455978106232091,0.0011221230156033472,0.003437658046717563
1952.25,109.31452726522149,0.00295704508736467,0.0006736504872339442,0.0022833946001307257
1953.8,135.14645649988682,0.00420297934193016,0.0005011136834815293,0.003701865658448631
1955.35,147.74485058176526,0.004813841184158823,0.0008147767166801267,0.0039990644674786965
1956.9,111.61275762082916,0.003084567171154747,0.0008942955604423508,0.002190271610712396
1958.45,186.50489095061306,0.006688711707942731,0.0008005141484043865,0.005888197559538345
1960.0,214.81473947106156,0.008055862633105221,0.0011105458893060627,0.0069453167437991585
1961.55,207.98607683345415,0.0077356817765502585,0.000621990247742484,0.007113691528807775
1963.1,178.52486097734587,0.00632885057783508,0.0005864072633460866,0.005742443314488993
1964.65,221.67862584659386,0.008410416120879153,0.0005206430844229495,0.007889773036456204
1966.2,107.80349996840613,0.0029497577481401006,0.000875260185446279,0.0020744975626938215
1967.75,180.9394155408239,0.006472287504574268,0.0008379455198795163,0.005634341984694752
1969.3,106.5016973658929,0.0029067108618624528,0.0008550592809414249,0.002051651580921028
1970.85,161.83432589676417,0.005574799789595464,0.0010778034060783927,0.004496996383517071
1972.4,121.03551803242695,0.003625677109588654,0.0006263705805650374,0.0029993065290236168
1973.95,130.44945033642495,0.004088736562081604,0.0006491070777507484,0.003439629484330856
1975.5,121.53848214972095,0.003671848543979155,0.0006709800785945656,0.0030008684653845892
1977.05,198.956883809937,0.007401894454051462,0.0005770284527723099,0.006824866001279153
1978.6,144.95409996996065,0.0048195273106116,0.0007934823350873142,0.004026044975524286
1980.15,171.19184970033425,0.006091568305992771,0.0009965440645338473,0.005095024241458924
1981.7,143.6658001425038,0.0047812923281685925,0.0006907771467328194,0.004090515181435773
1983.25,123.98174600455877,0.0038478101815681864,0.00045214372717167195,0.0033956664543965146
1984.8,177.6729173297552,0.006438880606728416,0.000244493816034005,0.006194386790694411
1986.35,175.38715520048797,0.006341237156214526,0.0002973477145241585,0.006043889441690368
1987.9,154.2472945699051,0.005337987197786888,0.0005357368957281043,0.0048022503020587835
1989.45,142.50383126261517,0.00478606807861648,0.000530563692946626,0.004255504385669854
1991.0,79.47011150913197,0.0017704551904699922,0.00019752773028849276,0.0015729274601814995
1992.55,25.146656028905866,0.0,0.0002458499586686131,0.0
1994.1,62.10817769506731,0.0009604680714012778,0.0003040164500585364,0.0006564516213427414
1995.65,181.1534328240684,0.00669041827285771,0.00035553611295500363,0.006334882159902706
1997.2,227.11255630890813,0.008909624600961966,0.0004943627315701876,0.008415261869391778
1998.75,133.94236414667762,0.004445776387063456,0.0001832964708026824,0.004262479916260773
2000.3,81.36951313682587,0.001931744532349812,0.00028263395715655276,0.0016491105751932592
2001.85,97.88452158657373,0.002736000396540103,0.0005742032250880967,0.0021617971714520063
2003.4,152.5446038434934,0.005372226311221337,0.00048355190319937047,0.004888674408021966
2004.95,127.55254138308118,0.004182183059431338,0.0002862931191148939,0.003895889940316444
2006.5,-0.21081344769365984,0.0,0.0004025443877303624,0.0
2008.05,74.3834432803456,0.001648099707432952,0.0003300072558242938,0.0013180924516086581
2009.6,190.4982572254639,0.007234861536887058,0.0003351791572178944,0.006899682379669163
2011.15,124.4306551544098,0.004070390484195305,0.00045300955106087866,0.003617380933134426
2012.7,192.50595052079603,0.007348883750358425,0.00043855210338166953,0.006910331646976756
2014.25,155.26424255023562,0.0055682362496740105,0.00011025866084069129,0.005457977588833319
2015.8,140.92173457746102,0.004887107539899772,0.0004571674555447337,0.004429940084355039
2017.35,66.51157632564583,0.0013202981551436773,0.0005625798264606942,0.0007577183286829832
2018.9,203.3838679902732,0.007901686786192057,0.0004581215193038159,0.007443565266888242
2020.45,114.79673786719961,0.0036530254427775822,0.0005733596051896972,0.003079665837587885
2022.0,101.53467884048199,0.003022028412961215,0.0008072976811609406,0.0022147307318002747
2023.55,182.15299255416562,0.006899957422293537,0.0007666920546712196,0.006133265367622317
2025.1,118.20740073718932,0.0038334879052874396,0.0005548570140675152,0.0032786308912199245
2026.65,110.247664191492,0.003455709088976638,0.00034759090210155133,0.0031081181868750866
2028.2,159.78510340126905,0.0058391994753654065,0.0,0.0058391994753654065
2029.75,57.45229319481637,0.0009272957263026049,0.00015909682945880932,0.0007681988968437956
2031.3,184.2593563078899,0.007021226210546986,0.0,0.007021226210546986
2032.85,62.6567091694581,0.0011826026858676307,5.034948412671877e-05,0.001132253201740912
2034.4,132.3314875915009,0.0045311142727880345,0.0,0.0045311142727880345
2035.95,47.46054172632171,0.0004556518545892751,0.00033527631180849967,0.00012037554278077544
2037.5,171.6835403870265,0.006423078960589341,0.00019709664976106433,0.006225982310828277
2039.05,21.458439781195636,0.0,3.2763648362834727e-06,0.0
2040.6,140.54165978645537,0.004926415248105995,0.00046381369785621437,0.004462601550249781
2042.15,154.16418431419788,0.005579349598053674,0.00022250680280878348,0.0053568427952448905
2043.7,98.23373248986451,0.0028907321618804977,0.0003374444584686253,0.0025532877034118726
2045.25,119.20847819495026,0.003895448059319633,0.0003149268650435066,0.0035805211942761266
2046.8,76.83069740917193,0.0018564177575731418,2.002118279322589e-05,0.0018363965747799158
2048.35,36.832746767934864,0.0,0.0,0.0
2049.9,57.717116569235976,0.0009292104613476039,0.0,0.0009292104613476039
2051.45,-14.697278814572764,0.0,0.0,0.0
2053.0,91.59592734848886,0.002544451661967241,0.0,0.002544451661967241
2054.55,56.59538465447581,0.0008561005698555339,0.0,0.0008561005698555339
2056.1,132.24199211901538,0.004481792218679326,0.0,0.004481792218679326
2057.65,127.56381443763517,0.004248491632933864,0.00019210710775553768,0.004056384525178327
2059.2,37.171721283505484,0.0,0.0,0.0
2060.75,73.52098192998656,0.0016333548054405093,0.0,0.0016333548054405093
2062.3,98.60175579510124,0.0028274173718826285,0.0,0.0028274173718826285
2063.85,34.4049023123419,0.0,0.0,0.0
2065.4,68.65504546100783,0.0013656905345931457,8.376249250340099e-05,0.0012819280420897448
2066.95,-11.168969460773612,0.0,0.0,0.0
2068.5,47.114024470237396,0.00030518272547659946,7.574464740847029e-07,0.00030442527900251476
2070.05,122.75485074805964,0.003924678458879701,0.0,0.003924678458879701
2071.6,39.67664123518672,0.0,0.0,0.0
2073.15,16.192458812476314,0.0,0.0,0.0
2074.7,135.19808425344308,0.004477903074739069,0.0,0.004477903074739069
2076.25,118.48321449696763,0.003659326788345649,0.0003027532704813156,0.0033565735178643333
2077.8,108.02466603019901,0.003140907862550377,0.0003855384736800366,0.0027553693888703406
2079.35,104.4614650126955,0.002953392391799888,0.00013575193592531003,0.0028176404558745783
2080.9,123.1910188200689,0.0038364226691904747,0.0001330596054975889,0.003703363063692886
2082.45,160.11837633394305,0.005593354743553847,4.776859831690592e-05,0.005545586145236941
2084.0,120.10289029943897,0.003654302015474785,0.0005642184475838855,0.0030900835678908996
2085.55,101.35253593436587,0.0027365858762138013,0.0004716819334301762,0.002264903942783625
2087.1,127.90417191464942,0.003994829987108929,0.00028625518380065223,0.003708574803308277
2088.65,124.50212225179612,0.003814291059757201,0.0005090010889854423,0.0033052899707717584
2090.2,110.2312679431763,0.003111731326754176,0.000663144765623092,0.0024485865611310843
2091.75,151.89415601499343,0.005095958531613738,0.0007864843635679392,0.004309474168045798
2093.3,128.86402845960978,0.003972897014096889,0.0007931940324516842,0.0031797029816452048
2094.85,189.8824230237206,0.006887169145057728,0.0008415643672175712,0.006045604777840157
2096.4,195.24026738629476,0.007128108260277103,0.0008632637394892199,0.006264844520787883
2097.95,229.6754829737096,0.008766018770140886,0.0008929228308860898,0.007873095939254796
2099.5,213.129096583028,0.007955434871291363,0.001155157369795625,0.006800277501495738
2101.05,254.85928749868017,0.009944452872524228,0.0013075641457984289,0.008636888726725798
2102.6,230.69229920310755,0.008768618426116426,0.0016183098227204374,0.007150308603395989
2104.15,280.5477071759658,0.011148799827371794,0.0020064584252434824,0.009142341402128312
2105.7,259.0309280142219,0.01010123054426878,0.0022693790616874336,0.007831851482581347
2107.25,281.7771995966883,0.011180315465161914,0.0027038346911511303,0.008476480774010784
2108.8,389.9910797456328,0.016365293363075184,0.0026770187363077762,0.013688274626767407
2110.35,414.579857808552,0.017534090775055095,0.00321791752176178,0.014316173253293315
2111.9,468.31808252202694,0.02010369994995903,0.0037631742501247267,0.016340525699834303
2113.45,462.76039317301706,0.019825817472299962,0.004095874372501266,0.015729943099798697
2115.0,374.2390587838582,0.01556363335401656,0.004433165602186811,0.01113046775182975
2116.55,532.197176983194,0.0231414800308464,0.0051249028859346865,0.018016577144911713
2118.1,508.0689175609302,0.021973876377409614,0.005894998806020604,0.01607887757138901
2119.65,482.7833025694847,0.02075150203581501,0.006227604629366435,0.014523897406448574
2121.2,564.1025885702109,0.02465057956946558,0.007024926978594381,0.0176256525908712
2122.75,549.1048733460982,0.023924085955184218,0.007225564449764465,0.016698521505419752
2124.3,596.9876057939146,0.026218850860147913,0.007715528945510021,0.018503321914637893
2125.85,710.5461987134657,0.03166916638663348,0.008694411588234374,0.022974754798399107
2127.4,718.4082101898044,0.03204343262436762,0.008551920393961935,0.02349151223040568
2128.95,679.3443800904734,0.030164626033591737,0.008975169048701409,0.021189456984890328
2130.5,699.7070267407933,0.031141229001972078,0.009000590659105969,0.022140638342866108
2132.05,609.7638581994245,0.026820414353999053,0.009370315189498398,0.017450099164500653
2133.6,636.3399874900178,0.028097386768488712,0.009356977559417895,0.018740409209070816
2135.15,699.5513095797203,0.031135034994398333,0.009237256599935434,0.0218977783944629
2136.7,672.8284117823248,0.029853786851239055,0.009106952479338232,0.02074683437190082
2138.25,749.4772455002112,0.033538796197516686,0.009042515194949214,0.024496281002567472
2139.8,561.0373389183077,0.024491613702269443,0.008469847277630407,0.016021766424639036
2141.35,624.2129819675783,0.027531336784317278,0.00830650051333839,0.019224836270978887
2142.9,565.9390895897891,0.02473833467915905,0.00772905131832001,0.01700928336083904
2144.45,615.0958711497398,0.02710650536222395,0.007269222719375455,0.019837282642848498
2146.0,532.4364707580436,0.02314396901734218,0.006512342124430005,0.016631626892912175
2147.55,575.684605288976,0.02523007267934502,0.0061776595845138135,0.019052413094831206
2149.1,414.4072473731424,0.017492941721820136,0.005834352220052071,0.011658589501768065
2150.65,329.2225181551007,0.01341161641279463,0.005395239237414154,0.008016377175380476
2152.2,333.88467319493805,0.013646733244396685,0.004835889321381352,0.008810843923015333
2153.75,404.27260883727587,0.017039641791920825,0.003967599287000782,0.013072042504920042
2155.3,372.52019107304113,0.015527115214717705,0.0035048319015285622,0.012022283313189143
2156.85,282.96389526901305,0.011238756253581502,0.00339554693262995,0.007843209320951552
2158.4,271.4985157843831,0.0107020314245007,0.0031990014751001722,0.0075030299494005265
2159.95,206.8904770867572,0.007613299028777973,0.0029205336013098824,0.00469276542746809
2161.5,178.27516193072012,0.006254005797434115,0.0025149735512922195,0.0037390322461418957
2163.05,197.4408170115738,0.00719034504336842,0.002029600077053118,0.005160744966315302
2164.6,252.8348938231661,0.009867369670476406,0.0017177193863162346,0.008149650284160172
2166.15,161.68946510227732,0.005506060188576981,0.001369106016236816,0.0041369541723401656
2167.7,164.10149648430968,0.0056390714696799215,0.0013318583462499048,0.004307213123430017
2169.25,133.0134660881603,0.004163347520677007,0.0012617444100389327,0.0029016031106380742
2170.8,84.0387161831165,0.0018288108874278245,0.0009109913030632553,0.0009178195843645693
2172.35,102.10963607469462,0.002715019246275931,0.0007992871550108359,0.0019157320912650952
2173.9,109.99413118381824,0.003112204457118007,0.0006194126953676687,0.0024927917617503384
2175.45,140.1152673136913,0.0045777178324576204,0.0006968404610802149,0.0038808773713774054
2177.0,93.94234049689379,0.0023787441716349024,0.0006165300604182413,0.0017622141112166611
2178.55,44.99913346490901,4.684477170211967e-05,0.00029740247316001887,0.0
2180.1,60.12910205424693,0.0007927012965643177,0.00021860569069042082,0.0005740956058738969
2181.65,78.30267974362565,0.0016848082443992527,2.7739965279989288e-05,0.0016570682791192633
2183.2,23.586392195207583,0.0,0.0,0.0
2184.75,55.29815242612321,0.0006181487284125719,0.0,0.0006181487284125719
2186.3,38.64163487167464,0.0,0.00010893150463795887,0.0
2187.85,116.25925845212159,0.0035843953523614367,9.727069538205257e-05,0.003487124656979384
2189.4,163.9868782350627,0.005895776626162532,7.859443560498699e-05,0.005817182190557544
2190.95,66.47010449220247,0.001230400774712502,0.0,0.001230400774712502
2192.5,44.72926573319215,0.00020461177560984856,1.4027938440362931e-05,0.00019058383716948562
2194.05,66.6689994807359,0.0012767242230388874,2.8551574289887927e-05,0.0012481726487489995
2195.6,38.03904684720189,0.0,0.0003112729195301921,0.0
2197.15,128.7825303536058,0.004295975341725011,0.00013722688962537267,0.004158748452099638
2198.7,7.7361016218017085,0.0,0.0,0.0
2200.25,116.35656946165163,0.00373352243132465,0.0,0.00373352243132465
2201.8,50.26912537643027,0.0005757570802375953,1.2457964353415908e-05,0.0005632991158841794
2203.35,-1.6242216000894518,0.0,0.00015397178512846786,0.0
2204.9,24.25194455866602,0.0,0.0001705063339396493,0.0
2206.45,76.81432928628362,0.0018983094531196103,0.00026211483204648806,0.0016361946210731223
2208.0,138.80500724861315,0.00489094360563173,7.943481363050764e-05,0.004811508792001222
2209.55,80.86824063511762,0.002122641389710263,0.0,0.002122641389710263
2211.1,125.9942432543341,0.0043044062584954735,7.806905654380433e-05,0.004226337201951669
2212.65,140.54849063542622,0.005017311711773368,0.00014470661714909887,0.004872605094624269
2214.2,109.9567333520742,0.0035613109961521046,7.8088714020418e-05,0.0034832222821316867
2215.75,57.813863897510174,0.0010697538398873705,0.00020802285076315617,0.0008617309891242143
2217.3,74.47264264769163,0.0018826027962684842,0.0,0.0018826027962684842
2218.85,106.14715847245276,0.003416337303148754,0.0,0.003416337303148754
2220.4,122.20708604886933,0.004199680140689467,5.091067781008951e-05,0.004148769462879377
2221.95,129.09091225187672,0.004541898057380105,0.0,0.004541898057380105
2223.5,102.32133433041443,0.0032672642016875223,2.0612434810695514e-05,0.003246651766876827
2225.05,54.17364578266668,0.0009654066231838877,0.0,0.0009654066231838877
2226.6,54.66530756864789,0.0009995106966368802,4.628089505903716e-05,0.000953229801577843
2228.15,118.18157966739768,0.004060553095945684,0.00024901704704707693,0.0038115360488986073
2229.7,113.7618609591726,0.0038580418609547567,0.0003415847094463872,0.0035164571515083694
2231.25,13.030152804279194,0.0,0.0006479885480312253,0.0
2232.8,146.6575916836644,0.005456659237014534,0.0002779370685713157,0.005178722168443218
2234.35,84.6370803161605,0.002486348043236664,0.0002301616929021954,0.0022561863503344688
2235.9,68.7696069681566,0.0017326025017870355,9.879354396770371e-05,0.0016338089578193317
2237.45,76.0251145369323,0.002089219065734688,8.573452715698114e-05,0.0020034845385777066
2239.0,102.20005439870761,0.0033542968657513453,9.700156887228e-05,0.003257295296879065
2240.55,190.41348255716568,0.0075990045392350875,0.0,0.0075990045392350875
2242.1,138.93179584251848,0.005133383359229859,0.0,0.005133383359229859
2243.65,140.1613824397991,0.005199392002034945,0.00032538768877622394,0.0048740043132587205
2245.2,66.43804122465252,0.0016648821300016526,7.892269423153252e-05,0.0015859594357701201
2246.75,173.3060081990173,0.006804542380432804,0.00033657938005295513,0.006467963000379849
2248.3,125.32929676612255,0.004506220366347098,0.00023670817463895865,0.0042695121917081386
2249.85,149.01337017917504,0.005649770363881396,0.0005485110432774665,0.005101259320603929
2251.4,129.101100617727,0.004698997212519705,0.00042662440387789756,0.004272372808641807
2252.95,89.77067837443661,0.0028152697310237255,0.000242156140861057,0.0025731135901626684
2254.5,57.090116598888784,0.0012507310499445922,0.00024709518984900757,0.0010036358600955847
2256.05,102.37321737252775,0.0034308370341740776,0.00031572068301048364,0.003115116351163594
2257.6,118.42779504837239,0.0042067783770146465,0.00028726482887969727,0.003919513548134949
2259.15,133.59380702585403,0.004939826863993894,0.000391660053550572,0.004548166810443322
2260.7,88.88380967271178,0.00279661427505141,0.0005535241528368049,0.002243090122214605
2262.25,87.91067733309168,0.0027540321609067276,0.00037944449151454775,0.0023745876693921798
2263.8,100.34614811374647,0.003355311962236437,0.00024333782954027284,0.003111974132696164
2265.35,72.34458717235493,0.0020140634157604495,0.00022027538415279673,0.0017937880316076528
2266.9,156.3928826393534,0.006054766488961075,0.0,0.006054766488961075
2268.45,126.44366808685194,0.004619580740782744,0.0002992440148754304,0.004320336725907314
2270.0,101.61847523501794,0.003430330917406113,0.00021032628562446073,0.0032200046317816524
2271.55,160.49844945324537,0.006261545181040566,0.00016840346076078718,0.006093141720279778
2273.1,47.00743229399835,0.0008129940881292696,0.00011077387942160369,0.0007022202087076659
2274.65,82.90269432523829,0.0025398020876778084,0.00010785230813287913,0.002431949779544929
2276.2,72.28011963551131,0.002032012053463473,0.0,0.002032012053463473
2277.75,55.92551453462352,0.0012487089146759655,0.0002489782132760392,0.0009997307013999263
2279.3,87.68601376383103,0.0027763585471239876,0.0002716517898638816,0.002504706757260106
2280.85,12.330913347120077,0.0,0.00028745027909207385,0.0
2282.4,36.36072662923902,0.0003146399697259853,8.538041748582255e-05,0.00022925955224016275
2283.95,91.69501214228697,0.002974078466288884,3.3007785092126155e-06,0.0029707776877796713
2285.5,130.1470757915865,0.0048224377136285865,0.0,0.0048224377136285865
2287.05,186.46788457040287,0.007528935659287963,0.00010694461495217543,0.007421991044335788
2288.6,110.57620958438821,0.0038846548844799094,0.0004550398735940348,0.0034296150108858747
2290.15,51.74467896277022,0.0010596868265573037,0.00017774475569835423,0.0008819420708589495
2291.7,53.69475901546371,0.001154132172048425,0.00029814654186623087,0.000855985630182194
2293.25,157.12210279336045,0.0061227511395772405,0.0006475817308794309,0.005475169408697809
2294.8,127.21115520515848,0.0046865397891504325,0.0007951292246386998,0.0038914105645117326
2296.35,81.91824828027171,0.002511357433427784,0.0005438928234122164,0.001967464610015568
2297.9,40.41490429075944,0.000518084038071508,0.0005359151021622084,0.0
2299.45,75.32933173323948,0.002195310362097752,0.0005884020454962889,0.0016069083166014631
2301.0,132.66166808126934,0.004949239305462551,0.00030194694446220694,0.004647292361000344
2302.55,103.30850061745944,0.0035392578851298163,0.0003678304142874145,0.0031714274708424016
2304.1,99.89128414086434,0.0033749711714495846,0.0004468256296783085,0.0029281455417712763
2305.65,153.03170288925452,0.005927248965042457,0.00033813248350669735,0.00558911648153576
2307.2,94.64060286399847,0.003122186257676725,0.0005598974272332074,0.0025622888304435176
2308.75,109.04020977666715,0.003813424885296512,0.0005484099893611708,0.0032650148959353412
2310.3,36.7516394292213,0.00034064021752708523,0.0005706812063385422,0.0
2311.85,105.83489618850427,0.003658351420555954,0.0003798354052072709,0.0032785160153486832
2313.4,62.61437903429409,0.0015816366727570718,0.0006680567061286234,0.0009135799666284484
2314.95,13.021218283995974,0.0,0.000668679716188426,0.0
2316.5,57.7448996801166,0.0013461270138795125,0.0005333051976527406,0.0008128218162267719
2318.05,80.04818889841313,0.0024165134040482284,0.00023470768740386952,0.0021818057166443586
2319.6,91.43799605801381,0.0029626243850720624,0.0002431771744844869,0.0027194472105875754
2321.15,165.49647888050475,0.006518876477877166,0.00020500377164062557,0.00631387270623654
2322.7,105.11913948185543,0.003617661945619428,0.0003943981097403943,0.003223263835879034
2324.25,86.0895865664393,0.0027024884314100417,0.0002521146430681566,0.002450373788341885
2325.8,48.48839110936112,0.0008952244106485782,0.00015494124438951055,0.0007402831662590677
2327.35,41.76751155297007,0.0005712272099604393,0.00030853443912075084,0.0002626927708396885
2328.9,110.42416210091596,0.0038678604233169022,0.00040681651444898824,0.003461043908867914
2330.45,121.14565760344688,0.004381658092984476,0.00047620447513135254,0.0039054536178531234
2332.0,72.04695558743556,0.0020220818444713607,0.00047827335654534596,0.0015438084879260147
2333.55,51.723821681932975,0.0010447015876538929,0.0004663889550431794,0.0005783126326107135
2335.1,113.926032196688,0.004031312654147791,0.0005940395906734954,0.0034372730634742955
2336.65,66.86641788618051,0.001769714581128564,0.0006095901651414921,0.0011601244159870718
2338.2,90.5200361849872,0.002904742596509231,0.00043920055867335996,0.002465542037835871
2339.75,100.13686793069459,0.003365563217718903,0.00019384937137329307,0.00317171384634561
2341.3,90.75862380327027,0.0029140176922806465,0.0,0.0029140176922806465
2342.85,110.6278289511421,0.003867367562972729,6.023981228953187e-05,0.003807127750683197
2344.4,117.76453719208985,0.004209174174602632,0.00020701456683376517,0.004002159607768867
2345.95,162.99569212650073,0.006380837022005069,0.0005457009815567416,0.005835136040448327
2347.5,138.07523716475646,0.0051829242874821685,0.000548407006558654,0.004634517280923515
2349.05,124.41971992760315,0.004526159754864064,0.0004268404213240192,0.004099319333540044
2350.6,141.29199118797573,0.005335807898217959,0.00048451292683962657,0.004851294971378333
2352.15,118.52156035724715,0.004241337496561978,0.0003598929578518292,0.0038814445387101485
2353.7,59.46505494162993,0.0014039806687716338,9.487566371629711e-05,0.0013091050050553367
2355.25,116.47667060943789,0.0041418418675594,9.490799142402404e-05,0.004046933876135375
2356.8,105.7335659138775,0.003625270052837907,0.00023538681553037985,0.003389883237307527
2358.35,141.93814015379598,0.005363822050129264,0.000468248751883079,0.004895573298246185
2359.9,119.61521849401457,0.0042911576707361085,0.0004315053993155686,0.00385965227142054
2361.45,142.0220933927994,0.005367084450275425,0.00035914714712582664,0.005007937303149598
2363.0,36.79593166784475,0.00031241376479856074,0.0006845307167864406,0.0
2364.55,123.12315148864926,0.0044587810435724575,0.0003679025301252359,0.004090878513447221
2366.1,112.28139915663186,0.003937843575042165,0.00046851922312649496,0.00346932435191567
2367.65,91.4235069084484,0.0029358540706843623,0.0006629699676302595,0.0022728841030541028
2369.2,72.33798773739073,0.0020190537972121377,0.0006256098427109994,0.0013934439545011384
2370.75,86.81765447746902,0.0027145600047173367,0.00046122116216203146,0.002253338842555305
2372.3,82.0634148162586,0.0024862455626042303,0.0005965511743128327,0.0018896943882913977
2373.85,75.61312148483549,0.002176511806371011,0.0007195784840633643,0.0014569333223076468
2375.4,80.42050091310026,0.0024075682516551595,0.0007313506623828535,0.0016762175892723061
2376.95,64.12367601848848,0.001624957742823261,0.0007133397894699551,0.0009116179533533059
2378.5,104.24325770367415,0.0035522619450623714,0.0005877215045335591,0.002964540440528812
2380.05,174.55869537084493,0.006930012625545196,0.0005854118696719015,0.006344600755873294
2381.6,95.3645390730795,0.003126326273872425,0.0006611385396884836,0.0024651877341839417
2383.15,165.90816482805644,0.0065150930410937825,0.0006142357654368119,0.00590085727565697
2384.7,145.33968707973486,0.005527447956325201,0.00046457144013640307,0.0050628765161887974
2386.25,134.06538985763768,0.0049862491932236765,0.00043726010192636836,0.004548989091297308
2387.8,139.5916785882405,0.005252049258636803,0.00044106839517023586,0.004810980863466567
2389.35,148.7727941979092,0.005693404685108337,0.0004582684235837388,0.0052351362615245985
2390.9,108.34841901696174,0.003752029349897977,0.0003465049240290218,0.003405524425868955
2392.45,72.47617981578526,0.002029295002087925,0.00040545511981795947,0.0016238398822699654
2394.0,201.3824357207455,0.00822142409557714,0.0007052224295200391,0.0075162016660571
2395.55,50.33999258320368,0.0009666102257189328,0.0008431871273384487,0.0001234230983804841
2397.1,86.01985014333573,0.002680679491995343,0.00038152402608567307,0.00229915546590967
2398.65,132.01213178480737,0.004890040962847482,0.0002996798845288212,0.004590361078318661
2400.2,97.36390270535759,0.0032258983449870967,0.0002070241252538376,0.003018874219733259
2401.75,133.62742928543113,0.004967825292090938,0.0002498687431580267,0.004717956548932911
2403.3,88.42391603256442,0.002796526416443541,0.00045903730078323597,0.002337489115660305
2404.85,94.01207143619355,0.0030648376896089224,0.00040808851237300804,0.0026567491772359142
2406.4,107.15934241095134,0.0036961375665843965,0.00029343074014576007,0.0034027068264386364
2407.95,107.20136613243503,0.0036978330700975746,0.00026170807672583406,0.0034361249933717404
2409.5,-22.332029232183046,0.0,0.00025099478005755315,0.0
2411.05,37.333540000970025,0.00034080257413344393,0.00020847882999423112,0.00013232374413921281
2412.6,112.86663096713858,0.003968208553476512,0.00018523543205286255,0.0037829731214236496
2414.15,142.74644213878548,0.005402615730562619,0.0002848968818744707,0.005117718848688148
2415.7,113.01954330225998,0.003973804445452624,0.0004774263014781143,0.0034963781439745095
2417.25,150.27087390029362,0.00576210245419908,0.0005726706488332869,0.005189431805365794
2418.8,169.81792572154683,0.00669992490850147,0.0006058989189593286,0.006094025989542141
2420.35,100.91837206779388,0.003389281911769522,0.0004195060960971958,0.002969775815672326
2421.9,223.28260573453235,0.00926564905421473,0.0005290428784487937,0.008736606175765937
2423.45,152.44137558752982,0.005861637274141324,0.0006144731151563978,0.005247164158984926
2425.0,63.72017174104226,0.0015987500270919686,0.00040505950336806976,0.0011936905237238987
2426.55,103.41455510658841,0.0035040814545739337,0.000439880175807054,0.0030642012787668797
2428.1,136.372774385416,0.005085829717246526,0.0005545842365982025,0.004531245480648324
2429.65,125.15279589599668,0.004545531079334356,0.0006248257485124932,0.003920705330821863
2431.2,115.50354379191053,0.004080673090751491,0.00033949006420571303,0.003741183026545778
2432.75,124.69380969474679,0.004520742770241225,0.0004666402319314301,0.004054102538309796
2434.3,92.21618556228161,0.002959364650604243,0.00035838897161759564,0.0026009756789866475
2435.85,58.10343578558398,0.001319457881239992,0.0005073112835034132,0.0008121465977365788
2437.4,107.59974124732679,0.003695603303315832,0.00021207866800959315,0.003483524635306239
2438.95,134.77604914250907,0.004999664585034584,0.0004016898111500495,0.004597974773884535
2440.5,76.09314187174235,0.002179636624635424,0.00028726470015469677,0.0018923719244807273
2442.05,72.3302661393685,0.001997642125726194,0.0004079964953302185,0.0015896456303959756
2443.6,75.88213905144255,0.002167037714643297,4.871082201800586e-06,0.0021621666324414964
2445.15,108.97030849547932,0.003755205988718758,0.00024509219354393146,0.0035101137951748266
2446.7,120.05888073173553,0.0042867022127352815,3.591667565519808e-05,0.0042507855370800835
2448.25,76.91597864687586,0.0022133205082265094,0.0,0.0022133205082265094
2449.8,159.65875108921557,0.0061867187526386605,0.00029122581380226607,0.0058954929388363945
2451.35,99.52319925385086,0.003297227817806909,0.00026628544134092816,0.003030942376465981
2452.9,111.96295891114707,0.0038938394274663337,0.00012697096420843313,0.0037668684632579004
2454.45,69.36848267770092,0.0018470240167855856,0.00011423094196081689,0.0017327930748247686
2456.0,153.5334838982467,0.005888969143095677,0.0,0.005888969143095677
2457.55,129.43458197286634,0.004730683702719221,8.517015697683837e-05,0.004645513545742382
2459.1,122.08311748729288,0.004376899113876779,0.00013194560775098087,0.004244953506125798
2460.65,187.55513356560147,0.007521143605115156,0.00038571137100967796,0.007135432234105478
2462.2,165.7672435287055,0.006474053799204201,0.0004467340132514494,0.006027319785952751
2463.75,136.75616702059,0.005080071579760465,4.900390172111484e-05,0.00503106767803935
2465.3,112.54740113823827,0.0039168220068185825,0.00020953432438418948,0.003707287682434393
2466.85,101.65011544395475,0.0033930281593721433,0.00034469925033793166,0.0030483289090342115
2468.4,99.01567839131607,0.003266184261007049,0.000587306075734398,0.002678878185272651
2469.95,63.7745614081663,0.0015731816032806582,0.00020205177765591364,0.0013711298256247446
2471.5,88.40256387367674,0.0027559522319316816,0.0002806995227923408,0.002475252709139341
2473.05,69.46861541648848,0.001846337947927046,0.0,0.001846337947927046
2474.6,116.34664488740864,0.004097946446916722,0.0,0.004097946446916722
2476.15,116.2836057778881,0.004094852049749233,0.00013171897095519842,0.003963133078794034
2477.7,121.84283537317572,0.004361851044456192,0.00020966206724745557,0.004152188977208737
2479.25,104.16035673934806,0.00351250146806502,0.00034818794357590694,0.003164313524489113
2480.8,80.99625756184254,0.002399877324646451,0.0,0.002399877324646451
2482.35,123.09067535157831,0.0044218688032171705,0.00019143694759945736,0.004230431855617714
2483.9,116.33077711676754,0.004097233091515239,0.00022396750162603465,0.0038732655898892038
2485.45,24.833429260843726,0.0,0.0004169564442057963,0.0
2487.0,79.16707524280983,0.002312286046043457,0.0006214952870621773,0.0016907907589812797
2488.55,44.98186500672982,0.0006703307528842551,0.0003358977082374485,0.00033443304464680657
2490.1,166.1814653608132,0.006492046258112639,0.0006099532070057852,0.0058820930511068546
2491.65,135.89157192252907,0.005037185909678824,0.000675143924735466,0.004362041984943358
2493.2,104.4184540485752,0.0035254795658748025,0.0006027373765263298,0.0029227421893484725
2494.75,144.43078183928293,0.005447451964272266,0.0006047395468787554,0.004842712417393511
2496.3,149.4865040132779,0.005690314977286673,0.0005419645310528971,0.005148350446233776
2497.85,98.34141228410618,0.00323362941915733,0.0006719847652099405,0.0025616446539473894
2499.4,138.4093374742294,0.0051581892693106845,0.0006377944730298157,0.004520394796280869
2500.95,127.31905269601971,0.004625401372503641,0.0007541646427163428,0.0038712367297872984
2502.5,19.070517386578718,0.0,0.0006562706165477845,0.0
2504.05,32.665495531163415,7.854444716512879e-05,0.00034278491705672147,0.0
2505.6,103.28039952417944,0.0034701812330410276,0.0006532464489850306,0.002816934784055997
2507.15,95.4552349448183,0.003094008682813278,0.0007155379709696392,0.0023784707118436384
2508.7,98.65689982148211,0.003247431559871537,0.0006979444065799591,0.002549487153291578
2510.25,70.20402388354734,0.001880312186689027,0.00023740232841002175,0.0016429098582790053
2511.8,21.18592082067149,0.0,0.00013415640475031643,0.0
2513.35,66.4235290401586,0.0016976599456995853,0.00023628556188910803,0.0014613743838104772
2514.9,62.67268860017886,0.0015168590445238021,0.00012864120274904477,0.0013882178417747573
2516.45,157.33871094841757,0.006063295808617789,0.000502930608703961,0.005560365199913828
2518.0,110.64247967401407,0.003819544392624797,0.00015077438881707175,0.0036687700038077254
2519.55,108.36162549925122,0.003709152839249673,7.941870126472194e-05,0.003629734137984951
2521.1,136.52716081462785,0.0050611422081090944,0.00024818380394843833,0.004812958404160656
2522.65,2.6824063674051595,0.0,0.00034540055992425555,0.0
2524.2,89.54565513149299,0.002802460643267642,0.0005059431855194371,0.002296517457748205
2525.75,122.56310703782877,0.004387319763905537,0.00042933193176339867,0.003957987832142138
2527.3,96.63231132778478,0.003140648464895325,0.00031038965966434994,0.002830258805230975
2528.85,46.61910410659514,0.0007371866330560111,0.00029604282215784365,0.0004411438108981674
2530.4,129.9310848363531,0.004737782042104146,0.00012911756592807889,0.0046086644761760675
2531.95,86.7062468940039,0.0026603681796997292,0.0004160340665204279,0.002244334113179301
2533.5,133.45040876056953,0.004904485808865688,0.0005645948936678714,0.004339890915197817
2535.05,174.03942253218423,0.006852967990725332,0.0004144556670415239,0.0064385123236838085
2536.6,89.85155670697655,0.0028080099059688566,0.0005321826504287528,0.0022758272555401036
2538.15,66.18501292000482,0.0016701402167967469,0.00033876118482001447,0.0013313790319767324
2539.7,100.34882129240009,0.003310111872718424,0.00037193364914842736,0.0029381782235699968
2541.25,106.95318700755215,0.0036263647211000915,0.00033414335882237526,0.003292221362277716
2542.8,188.10801660538044,0.007523602751729401,0.00040911043259503344,0.007114492319134367
2544.35,56.05705341612787,0.001179898297384428,0.0006371262032983379,0.0005427720940860901
2545.9,82.80658206506213,0.002464018409343168,0.0003566669113644663,0.0021073514979787016
2547.45,98.45678418626107,0.0032150902508253486,0.0004932161933400188,0.00272187405748533
2549.0,137.19688808465227,0.005075349315090319,3.002245906835184e-05,0.005045326856021967
2550.55,142.21897166890145,0.005316120330468013,0.00022283896086647715,0.005093281369601536
2552.1,110.30742645358265,0.0037829532183062307,0.0002427670955052472,0.0035401861228009836
2553.65,47.14486230108541,0.0007488098239498902,8.952207044532961e-05,0.0006592877535045606
2555.2,103.69199144908085,0.003464865460785697,0.00042400653048472276,0.0030408589303009743
2556.75,103.9648059691003,0.003478000391352281,0.00044056798958247494,0.0030374324017698063
2558.3,100.79814574219333,0.003326061690417604,0.00024304715962882983,0.0030830145307887743
2559.85,117.32494310946959,0.004120209894332756,0.0001734786959829939,0.003946731198349762
2561.4,160.0663364278634,0.00617368281594147,0.000638604814989627,0.005535078000951843
2562.95,80.75131968104478,0.0023645113968065166,0.0003925635171407619,0.0019719478796657547
2564.5,116.35032585568645,0.004075215625292084,0.00032664050452789646,0.0037485751207641874
2566.05,120.4437952551803,0.004272757011928546,0.0004266908093060514,0.0038460662026224947
2567.6,80.0966368389719,0.0023358211537604615,0.0002609280835855181,0.0020748930701749435
2569.15,112.49282595603637,0.0038931657084691116,0.00037243257484766314,0.0035207331336214484
2570.7,155.43973792535698,0.0059574645089411045,0.0003713531650052692,0.005586111343935835
2572.25,150.53317626261108,0.005723362415400404,0.0005448496520513397,0.005178512763349064
2573.8,88.5271411009457,0.00274674329201904,0.00044517449896450866,0.0023015687930545313
2575.35,135.71466851068175,0.00501524243676221,0.0002773371020089701,0.0047379053347532405
2576.9,135.81444284382752,0.005022123933113259,0.00018118523357291827,0.004840938699540341
2578.45,138.6131339712673,0.005158815272964642,0.0001604975416493003,0.004998317731315342
2580.0,109.17768717499385,0.003747359653682662,0.00035065245681911673,0.003396707196863545
2581.55,102.64392707983461,0.0034361221045664065,0.0002788521819599479,0.0031572699226064586
2583.1,87.09078281883187,0.0026918210196117793,9.669653946236772e-05,0.0025951244801494114
2584.65,105.96940594728973,0.0036015651174228043,4.791013674713285e-05,0.0035536549806756716
2586.2,62.90211514571858,0.0015359964169646223,0.00029736374054109864,0.0012386326764235237
2587.75,160.5931166795695,0.006231702545575903,0.00017885638534505358,0.006052846160230849
2589.3,72.4111839118147,0.0019994443256048087,0.00015113458510156413,0.0018483097405032445
2590.85,43.97135337565766,0.0006369654167773373,0.0001700229927672106,0.00046694242401012674
2592.4,41.892092742425135,0.0005408312067435937,0.00020245782470045971,0.000338373382043134
2593.95,55.62873787066429,0.0012045414313575508,0.00016742005479806945,0.0010371213765594813
2595.5,101.92686188342115,0.0034324410301083577,1.1752892065421513e-05,0.0034206881380429363
2597.05,95.14707391741987,0.003110967982220587,4.286417876431925e-05,0.0030681038034562676
2598.6,90.01649249698107,0.0028688528319361006,0.0,0.0028688528319361006
2600.15,190.170725420756,0.007684071097666254,0.00018145537750255327,0.007502615720163701
2601.7,150.04390902507697,0.005761233660231936,0.00042817089011044836,0.005333062770121488
2603.25,144.52893035423705,0.005501050581264799,0.0005550878071587973,0.0049459627741060014
2604.8,78.56996207866479,0.0023376532753503427,0.00026955614444989037,0.0020680971309004524
2606.35,153.35818719041873,0.005934949535237227,9.629935123977158e-05,0.005838650183997455
2607.9,199.19895899795355,0.0081419072298051,0.00030371133613812755,0.007838195893666973
2609.45,60.41471628643583,0.0014807831278972658,0.0003926077485908788,0.001088175379306387
2611.0,128.20160442182356,0.004742084276831218,0.0004806914851523563,0.004261392791678862
2612.55,37.24395393078284,0.00037841712893490483,0.00047194514280006044,0.0
2614.1,90.55944162840436,0.002944768783684074,0.0006329782041210057,0.0023117905795630687
2615.65,107.56353382467135,0.003767025796233682,0.0002536522495017797,0.0035133735467319026
2617.2,80.36508173407773,0.0024661398914189187,0.0002936169144767357,0.002172522976942183
2618.75,145.75386905912546,0.005612592111673823,0.00039007793081419125,0.005222514180859632
2620.3,147.32855921688096,0.005693871378972055,0.0003784430168248341,0.005315428362147221
2621.85,82.39074267959876,0.0025803536073662372,0.00042407892319781386,0.0021562746841684234
2623.4,109.54966058718634,0.003890583087874005,0.0003526812057775109,0.003537901882096494
2624.95,136.25480439532234,0.005179025274301115,0.0005842398041323467,0.004594785470168768
2626.5,65.84853784450148,0.0018028655655529056,0.0007900008781874464,0.0010128646873654593
2628.05,73.0561363353133,0.002154756410303072,0.0006205847809682672,0.001534171629334805
2629.6,152.908686504917,0.0059960115914173715,0.0005978658267720861,0.0053981457646452855
2631.15,52.205583926523815,0.0011645109628727866,0.00043398177764130807,0.0007305291852314785
2632.7,123.85205644024087,0.0046115104126744485,0.0006623376475320866,0.003949172765142362
2634.25,60.406927564784795,0.0015695252644113576,0.000412343608339133,0.0011571816560722245
2635.8,134.20308789865734,0.00511964051253132,0.0004925277228128993,0.004627112789718421
2637.35,26.532716869619527,0.0,0.00037701641508433874,0.0
2638.9,10.491318742630558,0.0,0.0,0.0
2640.45,130.46392415616066,0.004955719822471455,0.00013271418318632503,0.004823005639285129
2642.0,86.45547599205503,0.002846830826362636,0.0003184160599734736,0.0025284147663891627
2643.55,63.64186083559244,0.0017558735479189646,0.0004455056800074297,0.001310367867911535
2645.1,149.95825570099407,0.0059066748515456576,0.0002539574954241583,0.005652717356121499
2646.65,108.06220004179123,0.003898842240802037,0.00022013447780692578,0.0036787077629951113
2648.2,169.7779795308129,0.006867697448499543,0.0001246618724019724,0.00674303557609757
2649.75,99.93040979553831,0.003516948829639796,0.00023878438816838702,0.003278164441471409
2651.3,97.34598846881356,0.0033969182165087632,0.0006392800905715295,0.0027576381259372335
2652.85,155.58380353550183,0.0061982176304760835,0.00047327380410019313,0.00572494382637589
2654.4,51.47558902146248,0.0012012882075582694,0.00022171056504717015,0.0009795776425110992
2655.95,78.50088918516295,0.002502966356372973,0.00014741040765552669,0.0023555559487174462
2657.5,133.6942529617669,0.005157452824026626,6.54162992067972e-05,0.005092036524819829
2659.05,60.46162957938629,0.0016429794588075533,0.00030767488170043805,0.0013353045771071152
2660.6,192.63168463927735,0.007994490779895348,0.0002988585039357282,0.00769563227595962
2662.15,107.53424334324892,0.003909653902848436,0.0005361948403679218,0.003373459062480514
2663.7,100.19447219949087,0.0035595450126536376,0.00015549152901563328,0.0034040534836380044
2665.25,52.61612994158764,0.0012763814694492202,0.0001006690568730642,0.001175712412576156
2666.8,72.8508163358665,0.0022502463180596685,0.000217416389432868,0.0020328299286268003
2668.35,51.75982336914811,0.0012388146436769262,0.0005496489804818833,0.0006891656631950429
2669.9,76.35174679771863,0.002421400278252278,0.0004105823626832343,0.002010817915569044
2671.45,121.11203300243808,0.004572437693639301,0.00018978817499148856,0.004382649518647812
2673.0,88.96843136170352,0.003029195408612691,0.0002776139177599953,0.0027515814908526956
2674.55,179.28416019681407,0.007367770737712354,0.00020397528334784035,0.007163795454364514
2676.1,81.9908622580224,0.002694485714164809,0.0,0.002694485714164809
2677.65,104.8375335162473,0.003791583457895476,0.0,0.003791583457895476
2679.2,27.411513355808697,7.186073743650706e-05,0.0,7.186073743650706e-05
2680.75,164.73019834738673,0.00666668665005144,7.543178343648451e-05,0.0065912548666149555
2682.3,122.52466522027524,0.004637935040422828,0.00014202630013070985,0.004495908740292118
2683.85,56.8599010464096,0.001481935831749045,0.00021898221557066272,0.0012629536161783824
2685.4,83.92991555812247,0.0027798764104782904,0.0002459634288807788,0.0025339129815975118
2686.95,81.53215578064689,0.0026619258118293293,0.000501180386538955,0.0021607454252903745
2688.5,-21.92969981184226,0.0,0.00017917215767517133,0.0
2690.05,99.97553199600746,0.0035408498800811672,0.00011744781836624542,0.0034234020617149217
2691.6,107.40837418015063,0.0038936667876766956,0.00038467702232803053,0.003508989765348665
2693.15,86.19926044264302,0.002870238060774629,0.00047260043560476325,0.0023976376251698657
2694.7,120.95330803126086,0.00453444787095496,0.00020482820470615198,0.004329619666248808
2696.25,52.30335985997631,0.0012313410276279023,0.00023291731690690162,0.0009984237107210007
2697.8,118.81349673424893,0.00441998684126511,0.00010608067536197914,0.004313906165903132
2699.35,161.70667239788077,0.006473774625589419,0.0005498687872240604,0.005923905838365358
2700.9,159.28407868142443,0.006350439023702647,0.00018598449477092306,0.006164454528931724
2702.45,135.50771815449588,0.005200961991790694,0.00017060215445142678,0.005030359837339267
2704.0,116.43456727346432,0.004276953752015288,0.0002066020312504081,0.00407035172076488
2705.55,30.189105220504757,0.00012598466870464143,0.0006020583997811939,0.0
2707.1,180.75986123800175,0.007349685652492628,0.0001291049404388693,0.007220580712053759
2708.65,99.71947233777902,0.00344785885938926,0.0006023405372322241,0.002845518322157036
2710.2,71.42040946715245,0.0020789461010044586,0.00019240873467261967,0.001886537366331839
2711.75,165.71985517838652,0.0065984321908194995,4.4071059994593425e-05,0.006554361130824906
2713.3,81.67093784820851,0.0025507900071235377,7.388487870188297e-05,0.0024769051284216546
2714.85,90.98772392954314,0.0029873935106284146,0.00016949603456566602,0.0028178974760627484
2716.4,116.56045563635425,0.004204391769267267,0.00032263368525286255,0.0038817580840144047
2717.95,71.5585380077505,0.002031007845864626,0.0003016747590211517,0.0017293330868434745
2719.5,47.22273826973089,0.0008498528490093689,0.0002799063516801174,0.0005699464973292516
2721.05,55.11418298141151,0.0012162466975789857,0.00023159195342070823,0.0009846547441582775
2722.6,71.63975801238504,0.001996928461219421,0.00018069597169961875,0.0018162324895198022
2724.15,8.04325894259086,0.0,4.008917405430886e-05,0.0
2725.7,41.17594903116728,0.0005061223708989643,2.0213035238845453e-06,0.0005041010673750798
2727.25,79.31810905224111,0.002323806619654945,0.0005016592958995897,0.001822147323755355
2728.8,97.1092958176525,0.003163537708826737,0.000320099370909609,0.002843438337917128
2730.35,131.200948933978,0.00478582070096235,0.00032676116937544136,0.004459059531586909
2731.9,55.590386770511365,0.001138315719259886,9.563634796123996e-05,0.001042679371298646
2733.45,80.41341953825871,0.0023145862968474173,0.00033304530058007826,0.001981540996267339
2735.0,88.38771547901547,0.002681160777016339,0.00041455818855855347,0.0022666025884577855
2736.55,96.77663515230901,0.003067266038625414,0.00037123688988514983,0.002696029148740264
2738.1,167.79858022667423,0.006461476076506685,0.0002679732995484771,0.006193502776958208
2739.65,77.31584485330438,0.002097682202072429,0.000413781113921119,0.00168390108815131
2741.2,102.80703195426597,0.003304155542490926,0.0003415560710349652,0.002962599471455961
2742.75,169.09625235456355,0.006469942042580211,6.105333770197652e-05,0.0064088887048782345
2744.3,131.39826410695653,0.0046405073731180845,0.0002975419625320656,0.004342965410586019
2745.85,124.50654125788441,0.004290457186725224,0.00040115909307854303,0.003889298093646681
2747.4,68.35379014189093,0.0015738847726030549,0.0003020474677446639,0.001271837304858391
2748.95,90.86680376829115,0.0026355642557328034,0.00014111219450281342,0.00249445206122999
2750.5,61.354436843472506,0.0011979482182393867,0.0,0.0011979482182393867
2752.05,115.70779618569443,0.0037883641282121863,0.00021908181107234,0.0035692823171398465
2753.6,140.28484786914453,0.004948192454200847,0.00013244182929531912,0.004815750624905527
2755.15,86.06234190301961,0.002322678806022407,6.52946122709043e-05,0.002257384193751503
2756.7,90.0495826308885,0.002492860584645855,0.00019556932734904247,0.0022972912572968127
2758.25,47.065229590206314,0.0004065137624387597,0.0002833229018785315,0.00012319086056022818
2759.8,70.07441714348082,0.0014897499318587658,0.0002798674188309282,0.0012098825130278375
2761.35,25.579892105892405,0.0,0.0002374052302634483,0.0
2762.9,138.60444873824449,0.004736593769602886,0.0002692247293758097,0.004467369040227076
2764.45,44.966016246846166,0.00021590693697176873,0.00030470686404275257,0.0
2766.0,36.270743533224454,0.0,0.00019219611052696407,0.0
2767.55,81.72462099753895,0.0019348595174496518,0.0004979613607838391,0.0014368981566658127
2769.1,161.24383951654247,0.005730678555684753,0.0006636250211397041,0.005067053534545049
2770.65,157.6580732991586,0.005534408711788892,0.0005422192792055974,0.004992189432583295
2772.2,96.29924570947261,0.002562840280601592,0.00042536112834983745,0.002137479152251755
2773.75,97.78825080523244,0.0026098245415366443,7.668780902093338e-05,0.002533136732515711
2775.3,149.39211279195106,0.005063761139637568,0.0,0.005063761139637568
2776.85,65.63565788259945,0.0010156393319774128,0.0006205052580050484,0.0003951340739723645
2778.4,45.80052563187648,3.765927300706408e-05,0.0002153537579849138,0.0
2779.95,52.67522505365894,0.00034243129685097905,0.0006354148692966892,0.0
2781.5,23.5204385270764,0.0,0.00024215140240714287,0.0
2783.05,110.35133032149142,0.0030613173825416815,0.00022499798257745373,0.002836319399964228
2784.6,53.68067798088854,0.00031320039077222076,0.0,0.00031320039077222076
2786.15,148.67163135502705,0.004849757946874445,0.00017039519056030234,0.004679362756314143
2787.7,111.44638287423103,0.003035367418787108,0.00011192186015348278,0.0029234455586336252
2789.25,155.1744333526356,0.005109321130540017,9.518103016724816e-05,0.005014140100372769
2790.8,31.356777979445027,0.0,0.00019693460045687236,0.0
2792.35,95.45313445601352,0.002187479599379341,0.00019784439218482823,0.0019896352071945124
2793.9,116.01237883991956,0.0031482922100140136,0.00031113376236658127,0.0028371584476474324
2795.45,92.9640991669567,0.0020144440227373725,5.7753841737608144e-05,0.0019566901809997643
2797.0,160.4823524273186,0.005230807947011736,0.0,0.005230807947011736
2798.55,138.66570183587226,0.004156115533830561,0.0,0.004156115533830561
2800.1,190.1317290186551,0.00660148063984382,0.0,0.00660148063984382
2801.65,82.7430707959566,0.0014165601843243506,0.0,0.0014165601843243506
2803.2,139.22971263532384,0.004103224021592212,0.0,0.004103224021592212
2804.75,130.45284068006265,0.0036551590491351997,1.4916695170083849e-05,0.0036402423539651156
2806.3,74.09373693608264,0.0009216816277349964,0.0004158743583207386,0.0005058072694142579
2807.85,138.42774196648833,0.003985665511315993,8.867694133830379e-05,0.0038969885699776893
2809.4,123.17541249288513,0.003227012931756232,0.0003041557115241995,0.0029228572202320328
2810.95,140.80586174160447,0.004048029455213263,0.00022841827313892826,0.0038196111820743344
2812.5,115.72033788071649,0.002817464967912076,0.0001515617849890051,0.002665903182923071
2814.05,123.4964090788512,0.0031655947574218777,0.0003424287505458306,0.0028231660068760473
2815.6,136.46306538521642,0.0037633045914928502,0.0005147995228006422,0.003248505068692208
2817.15,84.58609069603897,0.0012466274079732326,0.0004966269773649864,0.0007500004306082462
2818.7,87.16939676805004,0.001346166277449635,0.00025635160390229757,0.0010898146735473374
2820.25,97.33775622932926,0.0018103606216805408,0.0005741682513542617,0.001236192370326279
2821.8,134.05307404067028,0.0035500367698720527,0.0005871986332333274,0.0029628381366387253
2823.35,48.67773728139842,0.0,0.0007269062587537764,0.0
2824.9,103.14441482519844,0.002018703947441072,0.0005150369815829491,0.001503666965858123
2826.45,122.98176904267027,0.0029488121374020766,0.00045388649831188836,0.002494925639090188
2828.0,83.94336803760633,0.0010513403609988211,0.0008777571267558529,0.00017358323424296817
2829.55,161.58315733473054,0.004758781350484752,0.0007752266977078315,0.0039835546527769205
2831.1,153.58649035601684,0.004353281614774709,0.0004891054031329146,0.0038641762116417943
2832.65,95.23379692997236,0.001529507208117438,0.0003585050125533969,0.001171002195564041
2834.2,112.79113495004518,0.002352480735101838,0.00041343547720473707,0.001939045257897101
2835.75,124.42436259961055,0.0028914464034355903,9.070089343041337e-05,0.002800745510005177
2837.3,126.72861376950837,0.0029828797831266242,0.00026803211785157645,0.002714847665275048
2838.85,138.53440219107657,0.003531298984237023,0.0004210569033985911,0.003110242080838432
2840.4,112.38335302361867,0.0022571353490140633,0.0002337791280197106,0.0020233562209943526
2841.95,169.73927259439634,0.0049947412649611325,0.00035981018960908084,0.004634931075352052
2843.5,134.5327267706649,0.003286909846929233,0.00044570904046643866,0.0028412008064627944
2845.05,163.21399972853933,0.004648515287248738,0.0006190556929856722,0.004029459594263065
2846.6,133.40083960574128,0.0032011324459270325,0.000601205703455301,0.0025999267424717315
2848.15,95.68919140922819,0.0013750816940909967,0.0007349237392678487,0.000640157954823148
2849.7,137.129597410714,0.0033517245076927138,0.0007233058917188632,0.0026284186159738505
2851.25,211.62110545416016,0.006916691644417127,0.0005131846610182013,0.006403506983398926
2852.8,226.65581756750737,0.00762652609677275,0.0004982315417964845,0.007128294554976266
2854.35,268.022464886448,0.009601978987524167,0.0004805101191794697,0.009121468868344697
2855.9,252.55371842757006,0.008848251954236833,0.0003417270159568373,0.008506524938279997
2857.45,151.75199037023748,0.003996523977410789,0.0005016748849354454,0.0034948490924753433
2859.0,224.44525249324187,0.007479221693426138,0.0004397500097368029,0.0070394716836893355
2860.55,165.25609441193313,0.004628019432020259,0.0007930409152217638,0.003834978516798495
2862.1,186.25897255205183,0.005629608308632406,0.001065296372082887,0.004564311936549518
2863.65,268.259172392095,0.009562014252526228,0.0009729090955952772,0.00858910515693095
2865.2,266.03557958951075,0.009449775188631597,0.0011200230480198985,0.008329752140611699
2866.75,254.67102663775768,0.008899394858911273,0.0011977655570275356,0.007701629301883738
2868.3,189.19333587939428,0.005750715287255932,0.001260783701180775,0.004489931586075156
2869.85,273.2304580839835,0.009784708652330013,0.0010851554422033843,0.008699553210126628
2871.4,209.85362211339688,0.006738861747673727,0.0012007555027128186,0.005538106244960908
2872.95,221.89052361083162,0.007316375894796099,0.0013264585653603794,0.00598991732943572
2874.5,240.16530841903779,0.008194503018962733,0.00159079347134902,0.006603709547613713
2876.05,147.6758954105031,0.003753233860881992,0.0017155261737409834,0.0020377076871410087
2877.6,199.77722604753325,0.006258164557296416,0.0018261687632431557,0.00443199579405326
2879.15,176.17903439067487,0.005127992968516708,0.0015614928180719403,0.003566500150444768
2880.7,208.31673933675108,0.006676027450103862,0.0016652119854895261,0.005010815464614337
2882.25,233.43806190535562,0.007888063577246281,0.0018001836398737919,0.0060878799373724896
2883.8,292.5740353766723,0.010734970641036982,0.0015484560895659245,0.009186514551471058
2885.35,224.49202225579532,0.007472187736736942,0.0017850330538972399,0.005687154682839702
2886.9,306.3558116709892,0.011412861958768155,0.001689771338992117,0.009723090619776038
2888.45,284.54582249123234,0.010374763522693007,0.0018834414172625637,0.008491322105430443
2890.0,289.1671733679007,0.010607296893274996,0.0016704970485133008,0.008936799844761695
2891.55,242.97683762359213,0.008400211048241317,0.0017935091393606124,0.006606701908880705
2893.1,254.23117773184669,0.008953436407637004,0.0017463282312462545,0.0072071081763907495
2894.65,292.64159553048376,0.010812104981574222,0.002043456203392666,0.008768648778181556
2896.2,255.36392662631624,0.009036251035234729,0.0019938211692911685,0.00704242986594356
2897.75,264.00440122094324,0.009467042870470127,0.0018207234785453425,0.007646319391924785
2899.3,252.03264610043198,0.008908790785283156,0.0019134852143970096,0.006995305570886146
2900.85,269.93003988089464,0.009786286594979942,0.002127754169411056,0.007658532425568887
2902.4,307.5678210492642,0.011613004844143116,0.001774696290543683,0.009838308553599434
2903.95,207.09073370340474,0.006806600446348392,0.0022952462736075064,0.004511354172740885
2905.5,300.56645759745885,0.011317434129925617,0.002076344074695913,0.009241090055229703
2907.05,294.8176425927463,0.01106316690796583,0.0017513677558269906,0.009311799152138839
2908.6,230.4669171616954,0.00799503560539457,0.0019178912319886242,0.006077144373405946
2910.15,267.23407951514537,0.00978492829888416,0.0018078891076869063,0.007977039191197254
2911.7,292.67217466240913,0.011031614055417732,0.0017095060315967785,0.009322108023820953
2913.25,231.94152156368403,0.008140269469078141,0.0019225088824398131,0.006217760586638328
2914.8,295.500577248794,0.011219934445733947,0.002342465900818149,0.008877468544915798
2916.35,238.88439151654998,0.008528090495879628,0.00214518093996514,0.006382909555914487
2917.9,261.9482615800736,0.009664468849819741,0.002091620393360775,0.007572848456458966
2919.45,288.9406943263483,0.010990444696252842,0.0016881643660009266,0.009302280330251916
2921.0,237.2121971971161,0.008536057290537469,0.0014844942155171257,0.007051563075020343
2922.55,275.34155330832925,0.010398714910415273,0.0015853932778817225,0.00881332163253355
2924.1,232.804628119512,0.008387529382584509,0.0017407271280897641,0.006646802254494745
2925.65,309.74749488709256,0.012116194112877218,0.0016045521607206358,0.010511641952156583
2927.2,214.72328126077744,0.007585478291021561,0.0014532250284093277,0.006132253262612233
2928.75,307.12774611410896,0.012058390981263987,0.0015429050419321078,0.01051548593933188
2930.3,257.0991482418546,0.009690499298222625,0.0015487041969620072,0.008141795101260618
2931.85,246.31138432402898,0.009208209578952006,0.0014853865984533212,0.007722822980498685
2933.4,214.31390227056752,0.007707845621561566,0.0012732208066977006,0.0064346248148638655
2934.95,287.9591920217773,0.011282548543579865,0.0015037372984988702,0.009778811245080996
2936.5,219.5290113349476,0.008033520285230982,0.0013040815584739835,0.006729438726756998
2938.05,209.14292619475665,0.007573173211983545,0.001328490434921683,0.0062446827770618624
2939.6,187.7851292191791,0.006586408419750649,0.0014932790924269514,0.005093129327323698
2941.15,249.70366520065727,0.009600258373187892,0.0013929419439586263,0.008207316429229266
2942.7,253.33155540428453,0.009814737003984863,0.0008270005053498636,0.008987736498635
2944.25,249.6583029224302,0.009679016556398344,0.0008922688915686068,0.008786747664829737
2945.8,184.67892883829873,0.006599017203293502,0.0006930940697608253,0.005905923133532677
2947.35,217.991580105574,0.008240761125922999,0.0007961422700003461,0.007444618855922652
2948.9,197.61009403275588,0.007303788949220456,0.0011929581650262683,0.006110830784194188
2950.45,155.6387956542721,0.005330148528764464,0.0009066939919848035,0.004423454536779661
2952.0,197.57142070324835,0.0073870362967662535,0.001053879565793938,0.006333156730972315
2953.55,88.44958465417062,0.0021885456492889517,0.0007552771387466365,0.0014332685105423152
2955.1,190.2186896544954,0.007120139539626516,0.0007077645955787596,0.006412374944047757
2956.65,211.1233112371529,0.008167750524849733,0.0007341911894008092,0.007433559335448923
2958.2,133.98604681765374,0.004506250303120821,0.00037620527469470725,0.004130045028426114
2959.75,174.98534620321323,0.006519405065301047,0.0006750488633385458,0.005844356201962502
2961.3,222.94314006158808,0.008866905435015254,0.0002892337954271317,0.008577671639588122
2962.85,181.35264466025947,0.006913154390530815,0.0004694292137873157,0.006443725176743499
2964.4,116.48876304768962,0.0038415260643095356,0.00010067344304702985,0.0037408526212625057
2965.95,121.38937247714547,0.004120912871876318,0.0003768920346048214,0.0037440208372714963
2967.5,168.67518042868105,0.006436150281987355,0.0004848544062308169,0.005951295875756538
2969.05,83.2907195430503,0.0023786717223705277,0.0005736536568803124,0.0018050180654902153
2970.6,153.32405960626636,0.005786309062115218,0.00048004636605765845,0.00530626269605756
2972.15,139.4271486789766,0.005162297819846551,0.00039123171915220374,0.004771066100694347
2973.7,84.31637399284057,0.00255841151639696,0.00042168913814392517,0.0021367223782530346
2975.25,51.92237431596577,0.0010454176324182886,0.00036528836124126023,0.0006801292711770283
2976.8,151.0191904967147,0.005848068364970839,0.0004398499882485415,0.005408218376722298
2978.35,66.45105411829053,0.0018282888111640972,0.00012810909412205664,0.0017001797170420406
2979.9,94.4167384663474,0.0032134939335324536,0.0,0.0032134939335324536
2981.45,79.29042441931895,0.0025283878120845094,0.0,0.0025283878120845094
2983.0,87.65209619264905,0.002970993778289453,7.556092773637728e-06,0.0029634376855158153
2984.55,92.8223300297788,0.0032597603474320814,0.0,0.0032597603474320814
2986.1,85.0526761122697,0.0029263894547773865,2.313871033955668e-05,0.00290325074443783
2987.65,87.81095980348383,0.0030980762327787806,0.0,0.0030980762327787806
2989.2,109.43237337575148,0.004175142385927177,5.203131369657796e-05,0.004123111072230599
2990.75,-10.947482965838354,0.0,0.00015448509123040335,0.0
2992.3,109.29102285182326,0.004243145530317468,0.00029194875242689097,0.003951196777890577
2993.85,89.95130858394384,0.0033503908450103854,0.0003525318961275231,0.0029978589488828624
2995.4,14.924771948739401,0.0,0.00016894783886750117,0.0
2996.95,32.88220622275253,0.0006790058567388025,5.016919239318194e-05,0.0006288366643456205
2998.5,4.9220217440927,0.0,6.270940991159569e-05,0.0
3000.05,45.649723447308745,0.0013585012136432223,0.0,0.0013585012136432223
3001.6,56.045464034174856,0.001889532374561671,4.0302987594850285e-06,0.001885502075802186
3003.15,77.71117288029109,0.002960916254527073,0.0002679423212058988,0.0026929739333211742
3004.7,107.95049402303822,0.004443112885921103,1.7847661315017843e-05,0.004425265224606085
3006.25,51.25391973567693,0.00174844268346205,0.00011462763998309152,0.0016338150434789585
3007.8,-10.524136612923797,0.0,0.0003678674926299829,0.0
3009.35,54.31598259087974,0.0019496527916396302,0.0,0.0019496527916396302
3010.9,3.97514218686766,0.0,5.792772285913385e-05,0.0
3012.45,121.16174286252635,0.005210227427833598,7.192367643564435e-05,0.005138303751397954
3014.0,65.6139801570257,0.002565268397032271,8.561853359048556e-05,0.0024796498634417855
3015.55,51.86330830478879,0.0019268387550786515,3.7732777343201508e-06,0.0019230654773443312
3017.1,64.29073790985242,0.002544693681078655,0.0,0.002544693681078655
3018.65,24.801478072039615,0.0006676575601478749,0.00021789437337391468,0.0004497631867739602
3020.2,92.66086123583382,0.0039457889292942045,0.00021427302655293667,0.003731515902741268
3021.75,134.8318522426538,0.005988844275355851,0.00045945649050657276,0.005529387784849279
3023.3,100.52915249067135,0.004357417411771397,0.000289051793519416,0.004068365618251981
3024.85,-16.063781465939435,0.0,0.00048328925375082593,0.0
3026.4,17.718040966531753,0.0004086136209208268,0.0002817197042336524,0.0001268939166871744
3027.95,144.21075083595326,0.006497138477718484,0.00039372723696426496,0.006103411240754219
3029.5,115.63691948802223,0.005136068211068535,0.0003978498824372769,0.004738218328631258
3031.05,64.96918810948304,0.0027125416830271728,0.0007058035203999747,0.0020067381626271983
3032.6,-9.469924954491928,0.0,0.0005770355185359484,0.0
3034.15,98.78941280436351,0.004353854563758121,0.0008687782449975769,0.003485076318760544
3035.7,105.09888013960745,0.004663513884931422,0.000631783977885965,0.0040317299070454565
3037.25,85.10897067059739,0.0037087237411405996,0.0004651347525982389,0.0032435889885423608
3038.8,97.12714193980095,0.00429020063237157,0.0008179376071847561,0.003472263025186814
3040.35,131.27311976709103,0.005933366160364625,0.000579768549462373,0.005353597610902252
3041.9,169.27409994511407,0.007760519015619601,0.0009291122459352319,0.006831406769684369
3043.45,69.78403700463903,0.002982320357279342,0.0006617031489125658,0.002320617208366776
3045.0,-21.111990114211167,0.0,0.001055188901054836,0.0
3046.55,94.69697361748617,0.004176770724869812,0.0007192251414686615,0.003457545583401151
3048.1,131.40042991942352,0.0059369256350723385,0.0008745508160900566,0.005062374818982282
3049.65,-1.3500178510319487,0.0,0.0008212058290636204,0.0
3051.2,106.49940591626199,0.004731771033336987,0.0006352478828584566,0.00409652315047853
3052.75,68.34456868373297,0.0028928664776319913,0.000505591615375842,0.0023872748622561493
3054.3,88.20082001434,0.003839357877856982,0.0005457536057079244,0.0032936042721490575
3055.85,138.02617990824106,0.006224310999223512,0.0006115115802942775,0.005612799418929235
3057.4,73.2075927498162,0.003101475974222562,0.0005422398248381609,0.002559236149384401
3058.95,103.39139272151589,0.004540916118403567,0.0008406022771247758,0.0037003138412787916
3060.5,103.43769117013181,0.004531744744421077,0.0006327213955817551,0.0038990233488393217
3062.05,87.75663458127624,0.00376614951385966,0.0007239866476614307,0.003042162866198229
3063.6,67.1260656044436,0.0027618454159244535,0.0007610452797961081,0.002000800136128345
3065.15,108.05961087540086,0.0047137311204750775,0.0007802870306417403,0.003933444089833337
3066.7,85.94769055988661,0.003636390961877831,0.0007418238176492845,0.0028945671442285464
3068.25,60.77099561474121,0.0024109231812263457,0.0009829198026708925,0.0014280033785554532
3069.8,57.79590685640646,0.002250976290054841,0.0006702563550959527,0.001580719934958888
3071.35,68.97480655963442,0.002770011041900898,0.0007323842066573733,0.0020376268352435244
3072.9,96.8958589403785,0.004092361659142129,0.0006277192145183784,0.0034646424446237506
3074.45,78.85641649689127,0.0032062167292668197,0.0007700262831813557,0.002436190446085464
3076.0,40.80995907018708,0.0013582273734678183,0.0006774866174238649,0.0006807407560439535
3077.55,117.29457921961895,0.005010741979093062,0.0008298264844676182,0.004180915494625443
3079.1,86.48439320999123,0.0035087043639939,0.0007736930611704926,0.0027350113028234077
3080.65,68.58267240247301,0.0026259108305060988,0.0004971346485897557,0.002128776181916343
3082.2,103.49530682360208,0.004279194105131543,0.0010544297001245794,0.003224764405006964
3083.75,93.66885959873733,0.0037827358557778524,0.000807851790144807,0.0029748840656330456
3085.3,86.07871919655315,0.0033929407801727425,0.0008297497704706904,0.002563191009702052
3086.85,149.41178701439753,0.006409092872454031,0.0008147467767951037,0.005594346095658927
3088.4,172.13268323520256,0.0074737711800484715,0.000476726451064044,0.0069970447289844275
3089.95,58.971509631415366,0.0020108419084571114,0.0005480873243984001,0.0014627545840587113
3091.5,-1.8665461154292942,0.0,0.000564727154142366,0.0
3093.05,68.43010738812669,0.002408253821094219,0.0005532363801823246,0.0018550174409118945
3094.6,135.6459451465112,0.005607381536552619,0.0004867010311701359,0.005120680505382483
3096.15,238.65613310375764,0.010525180042567181,0.0006066463118658221,0.009918533730701359
3097.7,125.76710285096793,0.005071948762983823,0.0006472531917289448,0.004424695571254879
3099.25,135.55472154610027,0.005510685347250022,0.00050717874044042,0.005003506606809602
3100.8,105.09471175619646,0.004015586246346191,0.0006198266798555132,0.003395759566490677
3102.35,36.49988642165403,0.0006881543002732737,0.00039912510811428636,0.0002890291921589873
3103.9,84.9501065535998,0.0029822360158584557,0.00015003236682150509,0.0028322036490369506
3105.45,211.78769300034662,0.009040984859574382,7.484730896760593e-05,0.008966137550606776
3107.0,138.17039376712495,0.0054706514349561535,0.00023246118697867283,0.005238190247977481
3108.55,58.01421622440319,0.0015857131614773143,0.00022967178912439422,0.00135604137235292
3110.1,102.61658459119613,0.003692858009838858,0.00011445812657452218,0.0035783998832643357
3111.65,74.06384603463675,0.0022856177921243724,0.0003695458254191516,0.0019160719667052207
3113.2,96.72026487770555,0.0033376561052274483,9.106710249221251e-05,0.003246589002735236
3114.75,87.02016397335062,0.002835036170514307,0.0002820413320218086,0.0025529948384924984
3116.3,94.73837524933703,0.0031686304889429772,0.00044083163378412466,0.0027277988551588526
3117.85,144.85097542410716,0.005538140591234946,0.00037521870755060635,0.005162921883684339
3119.4,205.08488251804005,0.008393390969387309,0.0,0.008393390969387309
3120.95,48.70116573550743,0.0008433327344993393,0.0002870398454183937,0.0005562928890809456
3122.5,123.05335237898808,0.004375927502108134,0.000366105666280426,0.004009821835827708
3124.05,25.1092445914344,0.0,0.0005335202586430396,0.0
3125.6,86.74294476951266,0.0025530671709797902,0.00011164022978792077,0.0024414269411918692
3127.15,40.108955170938906,0.00027315534856338407,0.00010478921046555281,0.00016836613809783127
3128.7,142.9764959749049,0.005173978757909957,0.00017321171693934114,0.005000767040970616
3130.25,115.46409006500548,0.0038118686984994444,0.00025629223947334136,0.003555576459026103
3131.8,95.00806843640515,0.002788385476162796,0.0002592728094071343,0.0025291126667556616
3133.35,172.11549730500553,0.006450912784393147,0.00010832028764940783,0.006342592496743739
3134.9,112.92939621655685,0.0035664978087789007,0.00017369374530623857,0.003392804063472662
3136.45,95.74832236359629,0.002699454762145209,7.226365765812212e-06,0.002692228396379397
3138.0,100.20414972870421,0.0028714439492023604,7.120293894733191e-05,0.0028002410102550284
3139.55,116.96061249031132,0.0036340241183607865,0.00021031523160243627,0.00342370888675835
3141.1,148.11550169828274,0.0050879713533327365,0.00020591861776419798,0.004882052735568539
3142.65,167.34811859532417,0.005969022212834128,0.00031081055186606,0.005658211660968068
3144.2,85.26028558749071,0.0019830814851328274,0.0003317131062250729,0.0016513683789077544
3145.75,143.99697280590357,0.004761226848076429,9.939410370777505e-05,0.004661832744368654
3147.3,82.7699247214496,0.0017768992089746856,0.00010007660050985099,0.0016768226084648346
3148.85,96.08704594702445,0.002373001202477898,0.0,0.002373001202477898
3150.4,118.53341673336257,0.003407435672475434,7.735996104136796e-05,0.0033300757114340662
3151.95,137.1915322114302,0.004259739122369252,0.000286875522467023,0.003972863599902229
3153.5,145.3098315458469,0.0046056195075923475,0.0001731733871251111,0.0044324461204672365
3155.05,168.5182523914924,0.00567618064538134,0.0001360908069851636,0.005540089838396176
3156.6,134.39618901471877,0.003992816388171681,7.262882812597145e-05,0.00392018756004571
3158.15,137.51612679789926,0.004098180497175353,0.00035276052740542524,0.0037454199697699274
3159.7,107.67176715590868,0.002620026751629413,0.00020501824906204186,0.002415008502567371
3161.25,116.7651492824028,0.0030120675206525152,0.00035868763756853676,0.0026533798830839783
3162.8,122.19222916801675,0.0032278884488532236,0.00027400061530203615,0.0029538878335511874
3164.35,109.89008712771631,0.0025920046047173705,5.1070987541013656e-05,0.002540933617176357
3165.9,65.7484814564867,0.0004266576923089246,0.00025210632602617637,0.00017455136628274822
3167.45,70.13454198211335,0.0005921667567388445,0.000425280948796321,0.0001668858079425235
3169.0,53.31280259823992,0.0,0.000516369150965626,0.0
3170.55,82.95443510377103,0.0011173443459671529,0.0002010804078400193,0.0009162639381271335
3172.1,190.65363206380187,0.006245087957315488,0.0002382076317413605,0.006006880325574128
3173.65,183.08705786964413,0.005836144533694367,0.00048410230510633666,0.00535204222858803
3175.2,123.41418288832173,0.0029242909794389583,0.0003273914245472598,0.0025968995548916983
3176.75,166.19609517636485,0.004933642033174902,0.0003800259255774607,0.004553616107597441
3178.3,208.4806766760724,0.006919054894889434,0.00038215292224684234,0.006536901972642592
3179.85,88.87571232157484,0.0011283046294710316,0.0002646580740100875,0.0008636465554609442
3181.4,168.0422535551338,0.004885204416232782,0.00015418159802504125,0.004731022818207741
3182.95,86.68688381352702,0.0009316437197770013,0.0003883978138780448,0.0005432459058989565
3184.5,117.59810277821548,0.002370610042679113,0.0006246577709494473,0.0017459522717296655
3186.05,170.90810469137162,0.00488544385030743,0.0005524721913876846,0.004332971658919746
3187.6,186.75208294376594,0.005600634041465731,0.0003463796026147682,0.005254254438850963
3189.15,129.08270369132595,0.0027847052955907174,0.0006442309367575229,0.0021404743588331948
3190.7,103.94234802681497,0.0015312462117182779,0.0002444382014645312,0.0012868080102537466
3192.25,157.40976380747753,0.0040535827110614745,0.00039134311775871803,0.0036622395933027566
3193.8,196.69113499469967,0.005894507064849832,0.0006105685480039139,0.005283938516845919
3195.35,158.31268493437526,0.004005154870479935,0.0005157091067270874,0.0034894457637528477
3196.9,190.12376015068367,0.00548724763244058,0.0007332587521705435,0.004753988880270036
3198.45,183.4880349038825,0.005122605242368562,0.000559183638926831,0.004563421603441731
3200.0,155.69518505444668,0.003741712007910609,0.0007110964429205669,0.003030615564990042
