wavenumber_cm-1,leaf_dq_median,leaf_dq_q25,leaf_dq_q75,leaf_dq_median_over_ink,leaf_tb1_median,leaf_tb1_q25,leaf_tb1_q75,leaf_tb1_median_over_ink,leaf_thi2_median,leaf_thi2_q25,leaf_thi2_q75,leaf_thi2_median_over_ink,cov3_median,cov3_q25,cov3_q75,cov3_median_over_ink
100.00,-110.27,-140.944,-67.1162,-0.0061781,-71.4132,-115.828,-41.6589,-0.00341177,-29.6722,-77.261,7.32244,-0.00194291,73.3977,37.9008,113.302,0.00367422
101.55,-55.2856,-98.6766,-24.4579,-0.00309748,-63.0324,-85.5773,-38.2826,-0.00301138,-42.2301,-67.0748,-9.58062,-0.00276519,-19.2265,-48.9251,0.0784135,-0.000962458
103.10,-29.1169,-57.3453,-1.58406,-0.00163133,-41.3383,-61.7406,-20.846,-0.00197494,-21.0185,-47.8891,-0.76119,-0.00137628,17.8691,-5.11019,49.5969,0.000894508
104.65,0.921703,-32.2347,33.3434,5.16402e-05,-17.4084,-47.6668,29.1006,-0.000831686,6.69777,-21.4353,39.0953,0.000438564,91.0959,59.1583,139.971,0.00456017
106.20,64.6702,33.0516,100.863,0.00362327,68.9363,26.0196,111.016,0.00329344,19.4987,-0.46405,45.7488,0.00127676,65.7546,32.2105,102.771,0.00329161
107.75,93.3809,57.8971,128.688,0.00523184,106.585,67.0697,165.572,0.0050921,3.64399,-18.0206,29.7847,0.000238605,32.7424,1.56661,63.353,0.00163905
109.30,97.5874,63.1684,163.396,0.00546752,155.366,104.276,203.969,0.00742263,6.73869,-27.2527,44.5566,0.000441243,32.634,6.91633,76.4373,0.00163362
110.85,152.829,98.9441,213.833,0.00856252,209.696,142.162,284.671,0.0100183,98.6231,65.5087,153.652,0.00645775,131.375,105.672,191.385,0.00657651
112.40,167.692,102.801,230.331,0.00939526,260.173,179.879,321.917,0.0124298,93.228,61.1707,135.48,0.00610449,144.598,104.59,182.347,0.00723845
113.95,191.748,110.407,268.073,0.010743,295.331,213.968,381.455,0.0141095,86.347,38.8481,125.202,0.00565393,124.354,83.9478,151.995,0.00622505
115.50,255.872,195.175,384.018,0.0143357,327.512,257.599,425.468,0.0156469,124.033,75.1327,183.72,0.00812157,128.606,73.8354,165.807,0.00643788
117.05,292.821,208.536,398.796,0.0164059,361.348,300.421,425.755,0.0172634,161.707,119.466,211.352,0.0105884,155.487,105.053,211.399,0.00778352
118.60,327.089,206.765,411.926,0.0183258,418.272,361.079,474.206,0.019983,182.775,120.569,242.033,0.0119679,190.948,139.553,252.331,0.00955869
120.15,353.654,231.997,505.278,0.0198142,551.203,466.269,635.126,0.0263338,150.97,102.04,219.868,0.00988538,228.583,186.685,304.047,0.0114426
121.70,389.832,281.334,565.111,0.0218411,597.032,518.162,670.372,0.0285233,200.786,142.032,261.35,0.0131473,233.098,195.616,292.65,0.0116687
123.25,398.277,299.611,580.154,0.0223142,637.891,549.423,718.32,0.0304753,227.812,166.9,301.399,0.0149169,232.029,189.201,280.983,0.0116151
124.80,380.154,271.211,517.656,0.0212988,684.884,593.033,772.683,0.0327204,186.574,135.315,281.097,0.0122167,205.8,147.125,264.237,0.0103021
126.35,386.076,321.871,548.178,0.0216306,745.672,670.533,860.265,0.0356245,237.609,178.735,306.37,0.0155584,273.126,223.087,340.9,0.0136724
127.90,427.674,354.909,592.53,0.0239613,772.586,697.967,900.963,0.0369104,269.153,196.747,338.079,0.0176239,320.128,266.034,393.035,0.0160253
129.45,452.503,361.561,643.977,0.0253523,745.736,607.354,849.37,0.0356276,225.177,166.957,324.26,0.0147444,342.219,293.844,425.662,0.0171311
131.00,467.494,359.241,645.368,0.0261922,812.498,703.575,915.442,0.0388172,253.007,207.043,332.536,0.0165667,387.41,324.17,447.157,0.0193934
132.55,519.091,411.899,677.79,0.0290831,886.952,780.364,1004.52,0.0423742,266.921,215.481,353.545,0.0174778,381.197,323.545,445.714,0.0190823
134.10,586.384,497.683,736.815,0.0328533,899.678,784.535,1029.77,0.0429822,276.948,210.056,367.986,0.0181343,316.743,274.767,396.05,0.0158558
135.65,552.023,479.67,720.549,0.0309281,935.717,841.171,1067.79,0.044704,343.772,258.342,398.239,0.0225099,319.506,265.125,403.422,0.0159942
137.20,560.648,470.373,739.718,0.0314114,939.088,821.71,1046.34,0.044865,344.48,282.072,410.152,0.0225563,292.238,231.88,363.716,0.0146292
138.75,604.439,496.409,759.451,0.0338648,869.312,774.068,1005.94,0.0415315,308.225,233.124,383.096,0.0201823,223.444,176.347,307.151,0.0111854
140.30,569.666,477.529,715.413,0.0319166,906.548,766.227,1038.1,0.0433104,293.49,230.984,382.812,0.0192174,273.002,217.564,332.204,0.0136662
141.85,490.056,424.39,662.116,0.0274563,899.375,741.352,1021.26,0.0429677,271.982,232.713,361.678,0.0178091,241.03,193.277,303.096,0.0120657
143.40,400.517,310.432,541.298,0.0224397,830.049,692.15,1004.57,0.0396557,261.766,195.081,332.221,0.0171402,153.154,107.085,211.972,0.00766673
144.95,471.249,371.611,594.147,0.0264026,758.661,633.27,926.366,0.0362451,163.338,107.958,232.566,0.0106952,201.34,138.681,237.006,0.0100789
146.50,436.446,335.826,555.683,0.0244527,703.713,535.68,842.626,0.03362,129.682,74.1567,189.314,0.00849145,170.627,127.177,216.777,0.00854144
148.05,312.365,207.599,415.759,0.0175008,612.23,439.834,741.1,0.0292493,142.831,76.347,223.146,0.00935244,86.2057,48.3191,159.097,0.00431537
149.60,307.268,207.39,386.096,0.0172153,622.696,453.077,758.588,0.0297494,154.97,116.253,235.714,0.0101473,67.9051,33.7318,123.849,0.00339926
151.15,275.077,191.68,373.502,0.0154117,607.758,428.691,727.689,0.0290357,126.842,83.8316,204.234,0.00830549,94.518,50.124,138.069,0.00473147
152.70,266.413,160.525,358.153,0.0149263,526.235,389.241,678.671,0.0251409,57.0866,22.5473,129.204,0.00373798,137.666,92.8403,185.722,0.00689143
154.25,131.241,35.7669,207.173,0.00735301,468.22,300.697,575.038,0.0223693,36.2201,-6.33466,78.0308,0.00237166,84.3197,33.0703,114.908,0.00422096
155.80,112.589,30.4334,202.27,0.00630802,461.752,289.907,570.87,0.0220602,31.1031,-5.83566,79.0566,0.0020366,46.0872,8.52189,81.1826,0.00230708
157.35,190.145,124.965,285.934,0.0106532,515.362,349.263,647.189,0.0246215,42.8136,-0.575344,121.499,0.0028034,38.5021,-1.02061,71.041,0.00192738
158.90,187.017,108.565,272.951,0.010478,565.451,381.927,674.663,0.0270145,36.1387,-7.20637,96.0982,0.00236633,25.1255,-8.83174,57.439,0.00125776
160.45,200.251,126.393,326.004,0.0112194,522.881,385.162,659.08,0.0249807,59.6567,16.4198,120.895,0.00390627,31.427,1.74801,69.6904,0.00157321
162.00,227.974,155.607,352.623,0.0127727,434.283,334.615,607.241,0.0207479,96.8621,56.4066,154.739,0.00634244,57.5789,6.80095,88.5562,0.00288234
163.55,207.061,128.441,319.289,0.011601,370.48,275.138,482.72,0.0176997,66.4046,29.0327,110.311,0.00434811,12.4917,-14.3447,51.8863,0.000625324
165.10,225.665,157.46,342.58,0.0126433,312.59,213.704,422.95,0.014934,114.592,70.3536,157.63,0.00750341,-5.30328,-28.729,21.7917,-0.000265477
166.65,292.113,207.23,389.498,0.0163662,293.284,200.354,396.816,0.0140117,188.317,136.126,235.429,0.0123309,-4.91512,-29.7875,32.9625,-0.000246046
168.20,328.896,260.1,439.341,0.018427,389.325,288.678,487.234,0.0186,205.84,133.634,260.775,0.0134782,83.0692,39.7303,116.453,0.00415836
169.75,390.636,312.292,503.187,0.0218861,411.617,332.719,520.367,0.019665,227.274,162.633,280.045,0.0148817,85.4163,50.4187,118.879,0.00427586
171.30,446.454,366.824,546.355,0.0250134,392.945,333.829,537.747,0.018773,232.643,189.355,315.339,0.0152333,67.898,29.9985,118.166,0.00339891
172.85,413.455,340.489,512.874,0.0231646,396.263,291.83,498.062,0.0189315,246.346,193.999,300.761,0.0161305,102.947,72.7636,158.288,0.00515343
174.40,446.008,338.592,518.789,0.0249885,516.137,443.74,616.307,0.0246585,267.062,189.919,339.753,0.017487,160.757,124.642,205.593,0.00804736
175.95,452.738,351.422,544.867,0.0253655,602.615,507.147,681.185,0.02879,290.156,199.448,379.803,0.0189992,205.16,157.13,252.726,0.0102701
177.50,411.013,326.837,514.87,0.0230278,429.662,342.658,520.885,0.0205271,308.898,240.615,401.115,0.0202264,224.782,179.873,274.865,0.0112524
179.05,422.243,340.841,522.781,0.0236569,436.239,346.503,532.966,0.0208413,296.47,219.598,404.893,0.0194126,222.343,178.152,261.723,0.0111303
180.60,448.458,365.945,557.267,0.0251257,463.369,364.325,551.571,0.0221375,300.115,205.263,401.48,0.0196513,200.035,157.351,249.565,0.0100136
182.15,483.9,425.628,596.122,0.0271114,457.682,346.658,522.73,0.0218658,296.811,229.555,419.125,0.0194349,179.209,135.234,213.153,0.008971
183.70,506.528,432.096,589.866,0.0283792,416.302,329.661,503.939,0.0198889,272.55,172.954,373.574,0.0178463,160.992,121.882,189.26,0.00805911
185.25,470.443,384.859,535.711,0.0263575,343.85,263.972,477.205,0.0164275,224.79,140.505,347.94,0.0147191,140.756,113.902,179.88,0.00704608
186.80,352.097,265.993,431.804,0.0197269,281.527,186.423,405.398,0.01345,253.697,184.747,373.364,0.0166119,149.469,107.468,197.569,0.00748229
188.35,313.991,235.573,391.547,0.017592,322.65,212.721,402.722,0.0154146,290.425,208.897,416.582,0.0190168,176.139,135.2,205.566,0.00881736
189.90,298.809,231.616,386.958,0.0167414,307.866,217.003,412.59,0.0147083,306.658,220.397,429.911,0.0200797,185.108,150.582,218.08,0.00926634
191.45,325.033,247.431,406.454,0.0182106,229.422,91.8334,357.605,0.0109607,281.498,196.531,394.843,0.0184322,193.658,141.457,234.146,0.00969433
193.00,288.662,222.441,356.046,0.0161728,246.136,138.916,355.05,0.0117592,242.267,170.681,371.743,0.0158634,108.92,77.013,142.467,0.00545244
194.55,215.596,145.313,273.73,0.0120792,258.425,153.096,368.954,0.0123463,207.086,147.955,328.094,0.0135598,47.4776,26.6138,89.3426,0.00237668
196.10,107.698,47.4196,183.121,0.00603399,260.824,119.115,386.547,0.0124609,169.094,103.121,281.52,0.0110721,53.4462,11.2544,81.6771,0.00267547
197.65,206.923,146.542,253.346,0.0115933,250.187,76.2155,346.834,0.0119527,147.379,74.1162,223.833,0.00965022,-20.1405,-53.1158,9.00248,-0.00100821
199.20,177.921,136.861,243.478,0.00996834,204.77,60.6555,294.442,0.00978291,140.78,78.5047,223.283,0.00921817,-41.3398,-72.3264,-8.30937,-0.00206943
200.75,74.875,21.3587,137.227,0.00419501,128.875,12.2218,240.877,0.00615703,163.85,100.46,275.924,0.0107287,-12.2836,-53.4587,25.7716,-0.000614903
202.30,19.2726,-28.3321,88.8004,0.00107978,125.981,5.50836,228.671,0.00601874,112.682,60.1415,192.823,0.0073783,-19.1692,-42.6845,19.8519,-0.000959592
203.85,5.67367,-23.2925,72.5693,0.000317878,177.72,55.648,262.774,0.00849058,113.565,51.8694,158.133,0.00743611,-26.7149,-51.4622,7.3262,-0.00133732
205.40,57.5343,-11.0738,109.992,0.00322347,257.069,103.529,329.868,0.0122815,123.168,68.794,184.772,0.00806494,-41.093,-68.8239,-2.61946,-0.00205707
206.95,31.2301,-24.0784,116.684,0.00174972,137.156,15.9599,216.253,0.00655265,98.5747,45.0609,154.101,0.00645458,-18.2339,-52.8973,23.0279,-0.000912772
208.50,39.3628,-8.55556,168.331,0.00220538,73.0876,-15.6412,168.647,0.00349177,109.632,55.424,152.365,0.00717862,42.9167,8.19991,76.6428,0.00214836
210.05,96.1407,9.35754,223.792,0.00538646,67.7238,3.42125,150.03,0.00323551,131.896,85.1926,187.402,0.00863642,118.374,74.5645,148.495,0.00592569
211.60,99.6856,36.2935,292.619,0.00558508,143.361,70.5273,248.452,0.00684911,106.953,64.4425,177.799,0.00700317,84.6111,41.6706,130.836,0.00423555
213.15,479.376,382.319,611.733,0.026858,70.8136,-25.9465,183.671,0.00338313,97.8534,49.1978,162.22,0.00640735,107.214,71.1634,165.773,0.00536705
214.70,440.094,350.153,578.989,0.0246571,-24.0785,-87.8064,133.76,-0.00115035,125.234,47.8556,191.622,0.0082002,155.531,117.094,221.493,0.00778573
216.25,408.499,304.648,599.555,0.022887,147.144,59.7281,262.908,0.0070298,142.03,81.1317,219.151,0.00929997,146.555,87.4,200.929,0.0073364
217.80,295.367,201.786,505.738,0.0165485,258.474,185.971,371.909,0.0123486,220.043,172.096,289.693,0.0144082,222.132,166.131,283.941,0.0111197
219.35,327.902,193.505,519.618,0.0183713,285.252,178.808,421.776,0.0136279,285.315,227.579,361.831,0.0186822,309.744,255.476,370.07,0.0155055
220.90,326.461,189.312,567.773,0.0182906,179.348,70.0163,295.141,0.00856837,242.539,193.513,315.591,0.0158813,335.817,286.471,401.894,0.0168107
222.45,334.138,156.018,562.073,0.0187207,167.731,82.0744,319.612,0.00801337,216.303,172.6,292.546,0.0141633,341.493,276.42,415.49,0.0170948
224.00,339.273,139.144,614.142,0.0190084,184.812,115.451,355.786,0.00882941,242.01,176.171,323.561,0.0158466,336.753,276.504,421.404,0.0168575
225.55,335.826,143.226,691.977,0.0188153,197.24,101.223,364.654,0.00942314,357.387,288.485,462.209,0.0234014,371.739,269.989,464.749,0.0186089
227.10,410.839,199.548,766.964,0.023018,163.746,52.6519,371.965,0.00782299,343.261,260.977,458.878,0.0224765,502.349,401.644,600.794,0.0251471
228.65,510.607,251.073,848.649,0.0286077,126.17,13.5133,372.671,0.0060278,327.682,283.504,468.669,0.0214563,637.981,523.764,766.391,0.0319367
230.20,599.67,295.183,928.858,0.0335976,94.6927,7.65949,356.862,0.00452395,477.691,402.74,648.916,0.0312788,699.907,610.029,839.763,0.0350366
231.75,678.398,365.059,1077.85,0.0380085,133.528,29.8523,349.909,0.0063793,508.571,427.345,665.982,0.0333008,770.271,652.389,890.642,0.038559
233.30,761.573,410.377,1197.42,0.0426686,207.905,108.996,416.311,0.00993268,530.147,435.681,687.565,0.0347135,828.675,729.015,975.487,0.0414826
234.85,811.118,435.162,1271.68,0.0454444,344.301,260.146,556.065,0.016449,547.823,438.073,744.652,0.035871,908.491,816.52,1087.9,0.0454781
236.40,732.844,359.637,1223.32,0.041059,202.379,113.867,477.179,0.00966869,523.835,395.341,713,0.0343003,914.197,799.151,1098.45,0.0457638
237.95,727.025,354.022,1228.97,0.040733,85.7653,2.85753,430.755,0.00409744,565.874,439.849,728.837,0.037053,979.61,853.307,1180.22,0.0490383
239.50,807.392,456.856,1312.54,0.0452357,68.3207,-22.1019,429.899,0.00326403,728.322,609.332,914.388,0.0476899,1134.32,978.341,1315.66,0.0567827
241.05,848.172,455.294,1427.88,0.0475205,69.3147,-17.4629,506.512,0.00331152,728.944,625.982,950.323,0.0477306,1083.2,926.911,1302.66,0.0542237
242.60,928.744,501.619,1545.95,0.0520347,85.249,-2.5038,543.314,0.00407278,766.497,651.665,1005.99,0.0501896,1109.59,950.595,1334.7,0.055545
244.15,999.646,523.063,1636.18,0.0560071,118.054,19.9921,663.125,0.00564002,816.965,673.548,1055.76,0.0534942,1234.35,1063.96,1440.2,0.0617902
245.70,1013.58,560.853,1640.6,0.0567876,72.4438,-35.1021,596.255,0.00346101,802.53,685.866,1092.18,0.0525489,1267.63,1091.62,1481.2,0.0634565
247.25,1059.78,566.891,1621.45,0.0593762,59.5171,-51.5625,613.336,0.00284343,846.668,697.322,1157.31,0.0554391,1334.65,1149.89,1581.47,0.0668114
248.80,1025.99,506.511,1639.5,0.0574832,79.326,-30.5346,647.651,0.00378981,895.464,719.58,1196,0.0586342,1411.86,1248.32,1667.82,0.0706761
250.35,1134.1,547.504,1764.73,0.0635399,68.6115,-45.8208,628.85,0.00327792,883.862,708.263,1163.75,0.0578745,1390.43,1237.21,1667.17,0.0696035
251.90,1164.38,536.138,1841.42,0.0652368,39.2973,-58.6939,678.642,0.00187743,890.163,733.812,1248.44,0.0582871,1419.09,1264.32,1703.61,0.0710384
253.45,1185.65,497.619,1912.27,0.0664284,76.4875,-54.8807,768.846,0.0036542,923.94,731.085,1300.79,0.0604988,1466.91,1270.59,1789.73,0.073432
255.00,1279.66,531.663,2045.38,0.0716955,254.391,138.706,941.62,0.0121536,944.877,714.862,1254.24,0.0618697,1449.37,1267.54,1795.66,0.0725538
256.55,1314.26,625.175,2061.94,0.073634,404.783,289.246,1147.51,0.0193385,1037.44,810.425,1366.01,0.0679305,1467.94,1277.16,1792.36,0.0734839
258.10,1311.59,711.796,2058.83,0.0734845,521.537,395.492,1257.61,0.0249165,1139.96,924.502,1508.65,0.0746435,1489.88,1295.32,1815.36,0.074582
259.65,1384.89,786.47,2051.25,0.0775908,571.536,449.953,1383.63,0.0273052,1169.87,918.847,1495.59,0.076602,1581.92,1379.37,1928.15,0.0791893
261.20,1361.72,775.242,2063.9,0.0762931,639.825,534.652,1468.8,0.0305677,1194.18,903.668,1540.69,0.0781937,1656.67,1441.72,2004.71,0.0829311
262.75,1353.72,765.798,2081.34,0.0758445,716.028,590.423,1541.07,0.0342083,1200.42,905.973,1554.37,0.0786025,1710.07,1512.8,2067.39,0.0856046
264.30,1374.6,789.204,2071.27,0.0770145,736.198,577.399,1530.24,0.0351719,1214.68,921.164,1564.16,0.079536,1773.53,1516.74,2100.49,0.088781
265.85,1315.21,734.295,2012.77,0.0736869,699.576,550.804,1491.69,0.0334223,1212.87,918.207,1592.57,0.0794176,1693.04,1436.1,1981.33,0.0847521
267.40,1272.31,708.937,1969.1,0.0712835,703.473,549.39,1476.2,0.0336085,1256.9,929.795,1649.91,0.0823006,1617.63,1373.74,1897.31,0.0809768
268.95,1326.57,777.916,1989.48,0.0743238,793.116,614.536,1582.12,0.0378912,1292.31,931.683,1590.75,0.0846197,1624.67,1386.78,1871.43,0.0813296
270.50,1239.01,742.572,1897.12,0.0694178,790.783,656.489,1504.42,0.0377797,1247,929.022,1614.21,0.0816524,1553.66,1334.93,1877.01,0.0777748
272.05,1126.16,660.817,1786.92,0.063095,778.333,659.797,1409.14,0.0371849,1223.71,928.869,1612.91,0.0801276,1509.9,1297.45,1857.51,0.075584
273.60,1007.86,573.912,1656.76,0.0564673,746.346,605.68,1328.06,0.0356568,1258.38,906.818,1582.13,0.0823979,1465.14,1238.02,1794.67,0.0733433
275.15,986.832,584.052,1581.79,0.0552891,799.551,675.747,1323.22,0.0381986,1156.43,840.483,1458.09,0.0757217,1433.2,1242.64,1731.21,0.0717445
276.70,921.453,572.68,1546.15,0.0516262,807.952,669.237,1316.02,0.0386,1068.76,749.801,1329.52,0.0699812,1427.2,1205.16,1714.06,0.0714443
278.25,885.698,546.374,1489.54,0.0496229,688.255,548.671,1118.63,0.0328815,1012.3,692.98,1263.32,0.0662844,1413.07,1159.86,1691.57,0.070737
279.80,737.797,427.873,1301.72,0.0413365,730.594,615.91,1219.36,0.0349042,983.784,698.867,1270.87,0.0644173,1309.4,1123.87,1607.28,0.0655474
281.35,678.891,379.146,1163.64,0.0380362,660.976,554.172,1119.97,0.0315782,904.632,652.89,1220.86,0.0592345,1218.01,1019.43,1461.09,0.0609724
282.90,641.212,383.705,1069.77,0.0359251,543.861,445.769,990.486,0.025983,825.054,596.981,1057.99,0.0540238,1066.04,840.157,1291.38,0.0533648
284.45,564.49,385.626,950.805,0.0316266,727.545,594.032,963.608,0.0347585,847.656,627.378,1068.44,0.0555038,948.575,773.816,1150.54,0.0474847
286.00,499.403,365.195,805.31,0.02798,731.555,599.598,954.682,0.0349501,788.708,583.258,1005.01,0.0516439,856.997,693.794,1041.37,0.0429004
287.55,463.035,313.046,688.924,0.0259424,653.818,554.168,864.601,0.0312362,674.328,498.182,902.455,0.0441544,753.538,627.207,941.683,0.0377214
289.10,413.907,267.442,653.806,0.0231899,673.316,556.112,799.321,0.0321678,573.85,455.688,773.321,0.0375752,688.122,559.602,850.977,0.0344467
290.65,333.437,211.617,530.462,0.0186814,603.718,537.496,754.406,0.0288427,472.351,363.013,647.631,0.0309291,638.806,527.914,786.953,0.031978
292.20,297.112,178.1,428.206,0.0166463,526.772,440.544,651.036,0.0251666,352.308,262.086,525.444,0.0230688,601.462,496.46,717.065,0.0301086
293.75,308.341,220.769,454.718,0.0172754,431.331,327.275,542.721,0.0206069,335.664,245.856,463.976,0.021979,481.337,390.559,571.969,0.0240953
295.30,300.758,217.118,467.753,0.0168505,360.428,270.12,479.691,0.0172195,315.178,241.136,434.742,0.0206376,443.655,366.759,533.545,0.0222089
296.85,302.845,208.548,446.409,0.0169675,330.942,216.82,452.836,0.0158108,283.345,209.042,391.876,0.0185532,415.181,340.505,485.121,0.0207836
298.40,296.542,219.897,444.363,0.0166143,343.935,219.678,480.608,0.0164315,183.705,128.615,267.11,0.0120288,298.824,221.535,373.908,0.0149588
299.95,264.157,188.536,412.992,0.0147999,433.125,328.79,535.313,0.0206926,230.013,172.139,298.138,0.0150611,247.756,193.8,334.192,0.0124024
301.50,207.548,117.302,316.284,0.0116282,453.237,346.746,562.632,0.0216534,247.837,198.179,323.539,0.0162282,211.957,152.043,280.994,0.0106103
303.05,93.2928,14.3383,186.702,0.0052269,376.324,248.776,471.132,0.0179789,192.253,144.912,272.929,0.0125886,147.776,98.9058,203.262,0.00739751
304.60,112.472,52.0344,200.607,0.00630144,397.923,300.463,526.733,0.0190108,155.698,113.952,232.324,0.010195,149.912,98.9999,201.003,0.00750446
306.15,129.343,70.4426,234.916,0.00724667,433.439,317.044,559.074,0.0207076,192.427,139.209,250.134,0.0125999,119.18,68.8313,166.312,0.00596604
307.70,148.553,85.53,250.118,0.00832294,441.088,317.119,545.432,0.021073,259.957,204.88,307.981,0.0170218,67.7476,22.394,120.231,0.00339138
309.25,87.3837,39.5383,206.135,0.00489584,444.417,332.178,569.26,0.021232,207.25,170.234,246.973,0.0135706,116.452,70.506,153.785,0.00582946
310.80,114.161,53.8891,219.418,0.00639608,446.464,289.528,563.295,0.0213298,174.893,143.178,217.066,0.0114518,128.682,87.1405,173.556,0.00644167
312.35,183.829,87.8125,256.546,0.0102993,409.311,216.745,552.279,0.0195549,162.289,115.623,197.067,0.0106266,121.233,87.4155,162.611,0.00606881
313.90,63.6123,10.1726,154.918,0.003564,448.408,228.054,655.517,0.0214227,102.122,58.0343,148.175,0.00668685,80.1781,46.287,123.265,0.00401364
315.45,23.6758,-34.0663,131.609,0.00132648,473.86,217.905,665.882,0.0226387,84.9532,51.5447,120.904,0.00556266,41.8455,10.8779,82.4848,0.00209474
317.00,20.1135,-47.8788,125.43,0.00112689,482.815,184.668,659.081,0.0230665,77.1056,23.7842,114.604,0.00504881,28.8293,-5.40591,73.3629,0.00144317
318.55,68.4291,20.21,149.221,0.00383387,531.02,202.113,711.799,0.0253695,34.9595,-14.9651,72.8206,0.00228912,134.975,98.2081,167.287,0.00675671
320.10,-3.55861,-42.2834,62.6562,-0.000199378,416.145,156.408,624.887,0.0198814,30.6628,-7.87184,77.1625,0.00200778,98.3336,63.8212,134.738,0.00492248
321.65,-42.9976,-74.9869,39.3434,-0.00240902,347.597,101.804,540.848,0.0166065,19.893,-10.2095,77.2038,0.00130257,46.4062,7.03512,88.5434,0.00232305
323.20,84.9351,15.5395,168.956,0.00475865,464.135,248.787,719.406,0.0221741,-31.8434,-71.6887,-0.503243,-0.00208508,55.2856,16.1457,106.603,0.00276754
324.75,63.7782,6.8207,155.78,0.00357329,573.122,304.667,794.009,0.0273809,-67.6322,-101.502,-28.4818,-0.00442849,65.2737,16.8227,90.0708,0.00326754
326.30,20.5197,-36.7777,127.743,0.00114965,653.028,361.864,839.52,0.0311985,-42.2929,-82.5723,-11.867,-0.0027693,41.406,-4.46272,81.9898,0.00207274
327.85,-6.57143,-96.105,133.912,-0.000368177,732.287,464.367,928.919,0.0349851,55.4849,4.87109,95.6592,0.0036331,-4.79943,-41.3202,44.6828,-0.000240254
329.40,20.966,-44.3624,191.976,0.00117466,791.737,526.717,962.791,0.0378253,17.7103,-21.4664,56.2522,0.00115965,17.9834,-22.8328,62.2952,0.00090023
330.95,19.0412,-37.1394,197.712,0.00106682,857.619,579.398,1034.76,0.0409728,5.20091,-31.0804,52.6529,0.000340551,14.7924,-29.2038,57.8383,0.000740495
332.50,13.4883,-97.6638,144.859,0.00075571,1002.25,745.293,1199.13,0.0478828,33.0952,-22.2375,91.7307,0.00216704,-10.0785,-70.5442,33.2599,-0.000504518
334.05,22.8913,-76.1967,139.374,0.00128253,1024.39,693.292,1213.47,0.0489403,42.0641,5.45186,79.4613,0.00275432,21.4643,-26.7952,62.824,0.00107448
335.60,72.8472,-18.6248,200.283,0.0040814,1127.14,773.414,1274.42,0.0538492,52.2681,15.7831,82.7779,0.00342247,56.6841,14.5827,103.497,0.00283755
337.15,128.729,61.2235,288.715,0.00721227,1204.8,827.177,1413.81,0.0575593,72.752,24.1028,120.238,0.00476374,98.5369,40.4354,134.536,0.00493266
338.70,119.261,52.7953,311.203,0.00668182,1216.36,741.336,1411.75,0.0581116,59.3679,9.91889,104.19,0.00388736,69.9245,35.8797,107.851,0.00350035
340.25,58.6129,-16.3924,242.973,0.0032839,1151.58,659.292,1347.88,0.0550167,37.0403,-12.5151,89.8306,0.00242537,25.1685,-8.23202,53.4872,0.00125991
341.80,26.4622,-57.6877,165.949,0.0014826,1123.23,662.438,1284.37,0.0536626,32.7182,-17.8276,82.1008,0.00214236,-6.94385,-42.0258,30.7816,-0.000347602
343.35,80.4084,-4.08171,252.559,0.00450503,1247.07,914.656,1433.88,0.0595787,74.5451,30.2234,117.664,0.00488115,77.8339,53.9368,111.054,0.00389629
344.90,55.1657,-23.0466,231.635,0.00309076,1222.42,900.093,1414.31,0.0584013,81.9688,44.0171,140.475,0.00536725,63.2466,29.6542,100.111,0.00316606
346.45,73.1775,-34.5936,227.716,0.00409991,1272.25,904.875,1508.15,0.0607819,116.817,76.2778,166.182,0.00764907,35.2765,5.22805,75.1126,0.0017659
348.00,125.569,39.6398,360.197,0.00703525,1612.46,1263.6,1921.07,0.0770352,172.456,134.634,226.456,0.0112923,92.1135,46.7052,126.218,0.00461111
349.55,176.241,85.9399,423.609,0.00987422,1688,1384.34,1941.95,0.0806443,190.175,154.843,223.012,0.0124525,121.024,78.2695,146.93,0.00605833
351.10,245.482,146.879,474.866,0.0137536,1729.54,1382.9,1894.12,0.0826289,219.651,179.033,266.039,0.0143826,121.736,83.3869,162.351,0.00609398
352.65,340.563,240.699,584.777,0.0190807,1661.14,1388.74,1885.97,0.079361,300.168,244.744,358.594,0.0196548,93.603,43.2568,138.843,0.00468567
354.20,266.369,171.559,515.408,0.0149238,1759.15,1425.95,1938.41,0.0840435,231.291,183.978,291.364,0.0151448,116.641,74.7788,164.564,0.00583894
355.75,238.072,139.426,455.634,0.0133384,1793.06,1471.85,2030.13,0.0856638,194.167,141.118,245.483,0.0127139,114.613,71.7299,151.244,0.00573742
357.30,265.263,156.97,519.043,0.0148618,1834.47,1524.96,2085.55,0.0876418,169.837,116.608,227.829,0.0111208,60.9222,20.1151,102.65,0.00304971
358.85,231.545,172.544,494.165,0.0129728,1713.99,1442.58,1946.14,0.081886,160.375,126.746,200.396,0.0105012,128.408,86.8058,172.85,0.006428
360.40,237.077,158.372,529.475,0.0132827,1775.53,1472.52,1998.33,0.0848262,166.43,120.992,208.995,0.0108977,142.891,106.355,192.569,0.007153
361.95,265.258,153.919,474.81,0.0148616,1912.35,1513.97,2103.36,0.0913627,163.171,117.811,209.64,0.0106843,146.269,94.9789,191.001,0.00732209
363.50,194.234,80.9393,402.473,0.0108823,1776.41,1406.63,2006.78,0.0848681,139.268,99.3049,179.105,0.00911918,140.561,106.607,191.385,0.00703634
365.05,217.09,99.2295,418.65,0.0121629,1714.14,1376.64,1895.07,0.081893,119.667,90.1224,164.299,0.00783566,118.343,81.8295,155.116,0.00592414
366.60,252.737,153.266,500.403,0.0141601,1670.37,1361.99,1800.67,0.0798022,143.097,91.5647,173.992,0.00936986,105.528,62.2562,153.347,0.00528265
368.15,235.537,157.905,485.759,0.0131964,1612.39,1318.36,1792.14,0.0770321,184.919,149.275,224.349,0.0121083,167.15,117.166,207.521,0.00836735
369.70,282.745,207.31,528.597,0.0158413,1583.11,1226.05,1721.65,0.0756331,204.217,169.022,241.406,0.013372,137.169,101.335,178.69,0.00686657
371.25,310.872,222.912,547.883,0.0174172,1506.78,1188.29,1684.39,0.0719865,214.505,163.282,261.395,0.0140456,120.587,69.6641,148.387,0.00603646
372.80,229.418,175.421,462.057,0.0128536,1508.83,1206.48,1669.13,0.0720844,195.587,143.833,242.945,0.0128068,121.481,58.4634,160.553,0.0060812
374.35,221.092,143.792,416.84,0.0123871,1490.84,1187.37,1656.09,0.0712252,164.986,118.9,208.403,0.0108031,116.305,78.8362,152.634,0.00582211
375.90,237.752,153.711,409.546,0.0133205,1386.57,1052.65,1527.77,0.0662437,144.246,111.559,185.503,0.0094451,123.174,80.4327,158.872,0.00616598
377.45,274.565,192.11,408.911,0.015383,1158.86,888.555,1304.26,0.0553648,156.497,107.995,198.956,0.0102473,146.703,96.8617,204.707,0.00734381
379.00,279.786,208.018,410.398,0.0156755,1097.28,780.738,1225.99,0.0524226,107.03,79.1267,144.289,0.00700823,190.162,146.458,224.37,0.00951933
380.55,261.236,195.861,373.167,0.0146363,1038.78,767.911,1194.1,0.0496278,110.19,72.1635,139.047,0.00721514,166.128,119.059,196.174,0.00831622
382.10,213.588,141.331,328.003,0.0119667,1071.02,789.168,1171.65,0.0511681,138.411,94.0703,170.264,0.00906302,97.1264,52.1357,162.249,0.00486205
383.65,216.25,172.263,324.692,0.0121158,1027.09,766.567,1146.13,0.0490694,190.525,146.314,231.091,0.0124754,111.214,74.1776,158.275,0.00556725
385.20,200.994,140.987,303.672,0.011261,1098.78,823.602,1249.41,0.0524944,151.381,123.76,191.155,0.00991232,128.518,94.1229,157.636,0.0064335
386.75,183.97,110.31,288.32,0.0103073,1119.09,838.131,1269.92,0.0534647,107.967,68.3434,156.606,0.00706961,94.851,64.1203,132.933,0.00474815
388.30,212.146,128.93,315.609,0.0118859,925.188,632.207,1125.12,0.044201,108.798,79.1704,148.554,0.00712402,-29.5882,-72.4736,1.61979,-0.00148116
389.85,252.258,187.996,361.161,0.0141332,682.872,479.491,793.553,0.0326243,46.3878,10.5321,76.311,0.00303743,21.7002,-10.9071,48.4142,0.00108629
391.40,231.107,185.525,339.539,0.0129482,517.843,348.301,642.482,0.02474,21.4122,-18.2495,50.0141,0.00140205,43.6715,7.17021,75.0697,0.00218615
392.95,116.741,45.5872,224.197,0.00654066,559.549,378.205,698.18,0.0267325,82.4366,38.0359,124.849,0.00539788,-41.861,-79.657,-4.22752,-0.00209552
394.50,226.066,151.898,314.774,0.0126658,469.317,253.955,612.886,0.0224217,51.2621,4.82979,89.3617,0.00335659,1.41855,-39.7126,40.7608,7.10113e-05
396.05,271.107,218.414,338.699,0.0151893,459.959,268.464,590.999,0.0219746,68.5042,31.0826,109.033,0.0044856,41.1703,3.5183,84.5943,0.00206095
397.60,248.677,188.529,330.03,0.0139326,487.912,355.072,603.608,0.02331,123.372,84.506,174.455,0.00807828,73.3547,23.6437,112.301,0.00367206
399.15,119.848,53.1437,217.465,0.00671469,357.33,270.573,462.433,0.0170715,60.8384,26.2933,97.6699,0.00398364,63.5906,19.0148,93.4346,0.00318328
400.70,51.3427,-13.584,125.024,0.00287657,302.774,221.032,389.269,0.0144651,28.9683,-7.5849,58.181,0.00189682,53.2465,23.1192,91.0053,0.00266546
402.25,49.5108,-21.3874,110.823,0.00277394,263.492,179.964,348.259,0.0125884,34.259,-4.4687,73.4634,0.00224325,65.0487,12.1053,100.984,0.00325627
403.80,108.154,37.8348,156.957,0.00605952,120.005,67.9988,204.858,0.00573325,160.042,114.66,205.206,0.0104794,53.3216,19.8067,100.181,0.00266923
405.35,118.064,58.4896,173.528,0.00661474,86.227,31.4232,157.594,0.0041195,164.228,136.897,194.735,0.0107535,115.75,86.2716,151.742,0.00579432
406.90,117.812,65.6849,182.654,0.00660063,95.0833,32.6184,175.311,0.00454262,102.085,64.7478,131.459,0.00668442,175.5,145.088,223.826,0.00878535
408.45,112.862,45.488,176.952,0.00632333,137.166,62.4427,235.868,0.0065531,-57.4663,-84.0643,-16.9906,-0.00376284,203.492,167.367,239.225,0.0101866
410.00,81.4421,33.7135,141.422,0.00456295,190.106,129.014,232.644,0.00908234,-32.4496,-49.4919,-1.05408,-0.00212477,101.18,65.4811,133.913,0.00506496
411.55,66.5598,19.7874,107.37,0.00372914,187.997,136.17,239.043,0.00898156,6.45858,-23.6367,40.9162,0.000422902,39.1998,-1.66192,73.2153,0.0019623
413.10,41.5071,-5.40036,113.959,0.00232551,147.863,85.5468,216.911,0.00706417,23.3751,-14.4905,76.5549,0.00153058,47.103,1.78613,100.109,0.00235793
414.65,76.1825,19.8568,118.771,0.00426827,89.2613,28.8192,158.989,0.00426447,55.2858,17.7007,86.9711,0.00362007,42.9485,3.70221,69.112,0.00214996
416.20,174.242,122.094,229.182,0.00976225,105.036,59.4296,167.479,0.00501812,79.0144,42.5525,109.011,0.00517379,73.9572,39.1685,115.462,0.00370223
417.75,252.051,183.941,319.294,0.0141217,137.419,59.6578,206.523,0.00656518,90.287,53.1364,135.221,0.00591191,122.576,53.7768,174.51,0.00613602
419.30,114.703,48.2876,161.027,0.00642646,10.6211,-48.3976,69.1178,0.000507424,43.5986,6.2922,84.1696,0.0028548,58.878,17.7938,95.2975,0.00294737
420.85,33.8824,-12.8811,84.7306,0.00189833,73.9711,24.5872,136.151,0.00353398,83.944,60.2689,119.546,0.00549658,51.5411,19.853,83.3499,0.0025801
422.40,46.5051,-11.143,104.014,0.00260554,151.978,83.7048,221.036,0.00726079,127.953,92.9854,158.671,0.00837823,57.8212,20.6872,102.608,0.00289447
423.95,151.873,106.423,242.468,0.008509,40.3302,-40.9798,101.629,0.00192678,61.2374,26.3733,96.9241,0.00400977,51.448,2.23328,87.0916,0.00257544
425.50,95.6444,52.7615,172.526,0.00535866,108.969,55.896,165.605,0.005206,115.837,75.8512,141.309,0.0075849,94.4566,48.485,126.911,0.0047284
427.05,117.017,60.4311,184.092,0.0065561,140.648,83.5267,217.559,0.00671947,120.941,80.8977,167.465,0.00791912,101.555,70.9508,143.211,0.00508374
428.60,239.839,176.468,345.999,0.0134375,73.346,-20.1637,166.382,0.00350411,46.3947,7.79671,107.841,0.00303788,55.8496,1.61761,113.123,0.00279578
430.15,219.503,155.894,307.728,0.012298,122.852,65.3972,188.979,0.00586929,108.54,76.3153,152.545,0.00710712,96.6362,72.9728,142.629,0.00483751
431.70,225.344,140.613,309.749,0.0126253,96.3851,27.1292,178.235,0.00460481,96.5769,59.6073,125.355,0.00632377,106.798,72.3843,137.268,0.00534622
433.25,269.818,182.373,380.799,0.015117,55.5608,-24.7792,142.983,0.00265442,41.7015,1.26406,87.6409,0.00273058,73.8705,32.0215,119.969,0.00369788
434.80,292.709,206.354,420.46,0.0163996,76.1218,18.6933,152.189,0.00363673,95.3351,67.4828,133.587,0.00624246,52.5435,17.7798,109.075,0.00263027
436.35,399.912,295.548,539.98,0.0224058,75.2082,11.6491,162.346,0.00359308,100.978,64.1242,141.489,0.00661195,101.849,65.289,152.006,0.00509846
437.90,477.898,373.778,644.131,0.0267751,141.802,75.9025,208.293,0.00677459,90.9761,48.1694,138.959,0.00595704,162.123,109.697,200.501,0.00811572
439.45,441.283,332.198,572.82,0.0247237,362.104,253.106,431.482,0.0172996,93.7531,55.4638,144.718,0.00613887,165.963,140.936,209.993,0.00830793
441.00,370.584,295.543,502.907,0.0207627,338.492,286.21,396,0.0161715,57.9734,16.2831,89.1374,0.00379605,131.605,99.8303,175.82,0.00658799
442.55,329.523,254.69,434.748,0.0184621,251.076,185.231,321.564,0.0119952,53.7571,9.62305,102.196,0.00351997,109.876,78.3737,142.416,0.00550028
444.10,298.451,217.46,415.007,0.0167213,152.29,97.0045,218.04,0.00727565,120.323,73.5369,172.113,0.00787864,118.099,47.3942,157.838,0.0059119
445.65,268.459,205.748,411.751,0.0150409,115.213,51.2376,172.291,0.00550432,158.016,113.236,193.753,0.0103467,84.065,57.8382,134.979,0.00420821
447.20,265.497,187.751,392.286,0.014875,63.048,-15.711,139.031,0.00301212,138.951,94.7905,173.785,0.00909839,101.373,58.9353,141.763,0.00507463
448.75,269.295,178.89,375.697,0.0150878,7.21167,-62.8819,92.5058,0.000344538,88.857,48.9945,147.35,0.00581828,119.64,85.4789,153.965,0.00598904
450.30,277.466,210.867,358.174,0.0155456,17.9249,-50.1235,95.3865,0.000856363,115.493,89.079,169.134,0.00756237,102.511,74.2596,144.933,0.00513161
451.85,219.225,140.827,287.194,0.0122825,86.706,11.5265,168.468,0.00414239,128.556,90.5273,162.803,0.00841775,80.3127,51.4252,114.851,0.00402037
453.40,167.054,96.9715,238.851,0.0093595,158.562,78.8671,235.079,0.00757531,142.156,87.5438,174.716,0.00930825,55.2483,24.8834,93.7835,0.00276568
454.95,193.47,118.478,276.411,0.0108395,180.01,70.9426,246.751,0.00859999,213.362,162.838,259.713,0.0139707,21.6064,-15.9869,68.0977,0.0010816
456.50,176.995,124.87,245.441,0.00991651,212.653,132.958,289.872,0.0101595,158.896,120.348,194.084,0.0104044,32.8182,1.64126,57.295,0.00164285
458.05,194.694,148.333,279.922,0.0109081,200.377,137.472,264.701,0.00957305,128.27,98.404,168.459,0.00839901,87.63,49.474,130.584,0.00438667
459.60,256.77,196.447,341.3,0.014386,184.995,102.828,262.052,0.00883817,138.695,94.3167,206.467,0.00908166,185.096,126.265,242.734,0.0092657
461.15,204.339,138.921,270.184,0.0114485,300.96,223.961,353.628,0.0143784,110.613,66.9062,149.97,0.00724282,191.91,160.239,246.732,0.00960683
462.70,190.167,120.235,239.244,0.0106545,300.769,215.932,380.065,0.0143693,89.0177,50.0163,131.75,0.0058288,220.919,186.481,257.283,0.011059
464.25,188.449,138.65,283.747,0.0105582,219.695,126.379,276.775,0.0104959,86.5959,51.1687,140.122,0.00567022,226.786,174.114,280.599,0.0113527
465.80,201.952,156.583,299.016,0.0113147,179.583,122.6,249.276,0.00857961,92.3226,56.349,130.139,0.0060452,203.973,155.087,241.893,0.0102107
467.35,194.869,140.263,257.272,0.0109179,165.664,96.5032,219.603,0.00791462,172.674,127.256,207.928,0.0113066,205.36,178.897,233.945,0.0102801
468.90,194.33,129.263,249.184,0.0108877,152.013,84.9813,231.535,0.00726242,213.939,170.931,251.981,0.0140085,183.887,160.14,225.138,0.00920518
470.45,222.203,149.491,310.109,0.0124493,186.972,111.807,287.418,0.00893262,154.758,108.71,195.766,0.0101334,118.325,80.4431,169.704,0.00592324
472.00,222.862,173.458,314.563,0.0124863,247.21,148.907,318.799,0.0118105,162.981,124.916,197.787,0.0106718,151.043,108.924,189.31,0.00756106
473.55,221.555,175.526,302.166,0.0124131,274.339,219.071,367.209,0.0131066,142.22,108.813,173.387,0.00931246,146.532,106.353,192.972,0.00733526
475.10,217.983,146.805,302.53,0.0122129,318.33,260.584,407.903,0.0152082,106.595,64.345,151.22,0.00697975,120.977,77.3183,177.096,0.00605599
476.65,250.357,195.18,318.091,0.0140267,288.675,213.471,370.184,0.0137915,171.109,135.421,208.961,0.0112041,162.755,123.172,211.029,0.00814734
478.20,216.102,149.576,263.871,0.0121075,347.262,258.836,427.401,0.0165905,211.351,179.472,256.642,0.0138391,177.688,137.876,227.927,0.00889488
479.75,165.723,107.382,223.628,0.00928494,375.041,315.08,475.584,0.0179176,216.406,182.175,264.463,0.0141701,167.92,131.762,225.623,0.00840589
481.30,184.693,101.157,250.501,0.0103478,285.591,236.496,361.196,0.0136441,168.742,120.409,215.177,0.0110491,181.887,127.734,248.376,0.00910509
482.85,94.384,36.2527,165.139,0.00528804,296.731,237.46,370.663,0.0141764,180.479,133.591,221.179,0.0118176,137.961,98.3448,179.207,0.0069062
484.40,67.4292,19.6812,127.348,0.00377785,273.774,214.96,341.284,0.0130796,185.093,151.97,233.215,0.0121197,132.22,94.027,168.312,0.00661879
485.95,115.035,46.6651,186.472,0.00644503,191.967,112.878,279.218,0.00917124,167.639,106.187,207.257,0.0109769,193.597,144.343,224.079,0.0096913
487.50,117.692,66.212,199.121,0.00659393,189.991,123.728,263.864,0.00907686,166.568,127.84,197.528,0.0109067,197.102,171.949,262.779,0.00986674
489.05,114.045,39.8181,179.863,0.00638959,106.573,49.17,172.7,0.00509155,143.515,112.518,174.221,0.00939726,190.262,148.783,220.739,0.00952432
490.60,94.7241,7.247,162.506,0.0053071,9.81564,-56.1513,92.1171,0.000468943,111.34,83.3698,159.082,0.00729046,168.097,116.521,211,0.00841477
492.15,106.642,41.0033,193.327,0.00597481,100.911,19.5127,170.502,0.00482105,138.823,78.1433,181.477,0.00909002,249.916,201.875,298.691,0.0125105
493.70,134.293,69.3873,222.643,0.007524,87.9677,13.1334,145.582,0.00420266,97.9422,64.3638,135.07,0.00641317,216.533,174.226,257.616,0.0108394
495.25,149.629,90.8975,248.723,0.00838327,67.7296,-9.57348,141.139,0.00323579,62.3025,28.9716,124.643,0.00407951,184.855,134.128,216.617,0.00925365
496.80,140.108,58.9282,224.635,0.0078498,125.098,42.7971,178.913,0.00597655,76.811,36.8319,119.868,0.00502952,205.293,163.728,257.894,0.0102767
498.35,162.412,97.3682,219.196,0.00909946,101.812,34.4991,157.274,0.00486408,110.78,73.4412,143.77,0.00725377,172.878,136.734,207.637,0.00865408
499.90,153.235,68.5385,212.63,0.00858529,62.3298,-8.25501,119.241,0.00297781,84.6123,54.5913,127.118,0.00554034,117.774,90.8771,153.712,0.00589565
501.45,114.687,16.8114,199.361,0.00642553,28.2574,-69.4225,113.928,0.00135,46.5338,10.1526,94.6886,0.00304699,74.3712,40.6234,118.827,0.00372295
503.00,104.583,5.6974,177.192,0.00585948,-23.4143,-87.1039,53.2535,-0.00111862,133.833,96.0662,184.963,0.00876324,163.878,135.01,203.302,0.00820355
504.55,85.5437,25.1372,159.824,0.00479275,-39.1741,-99.5217,67.6864,-0.00187155,137.387,103.112,169.525,0.00899598,154.647,121.327,188.15,0.00774149
506.10,102.997,26.4483,164.705,0.00577062,-2.10427,-90.5064,74.8114,-0.000100532,107.12,68.0263,136.28,0.00701412,149.758,109.004,191.809,0.00749674
507.65,134.05,61.9858,215.552,0.00751038,77.4167,-22.4808,133.504,0.00369859,76.6737,38.2125,109.761,0.00502053,211.52,177.356,256.233,0.0105885
509.20,105.936,57.8717,156.207,0.00593527,86.0631,3.09229,174.927,0.00411167,129.637,91.4086,170.115,0.00848852,166.375,114.013,199.726,0.00832854
510.75,87.1201,38.4317,143.864,0.00488107,101.735,42.2521,196.614,0.00486039,149.892,109.786,191.021,0.0098148,144.446,104.893,184.61,0.00723081
512.30,86.5621,23.8578,166.163,0.00484981,147.538,83.2787,204.885,0.00704865,129.938,88.5867,176.744,0.00850825,180.024,141.835,232.709,0.0090118
513.85,169.206,112.774,219.557,0.00948011,180.586,116.408,236.488,0.0086275,146.149,96.4153,189.575,0.00956969,169.045,139.449,209.142,0.00846222
515.40,198.606,138.113,246.168,0.0111273,179.202,97.4344,248.316,0.00856141,164.95,113.533,207.754,0.0108008,162.679,128.258,190.457,0.00814357
516.95,188.766,142.546,250.818,0.010576,192.515,107.26,255.57,0.00919742,178.474,136.982,228.226,0.0116863,147.609,101.94,182.382,0.00738915
518.50,182.501,116.735,242.047,0.010225,238.957,159.641,308.087,0.0114162,198.662,162.485,245.601,0.0130082,140.344,92.6741,173.338,0.0070255
520.05,122.876,77.0908,179.259,0.00688434,162.913,90.226,204.728,0.00778319,167.589,125.772,199.309,0.0109736,177.499,144.863,210.268,0.00888544
521.60,113.871,66.6699,174.192,0.00637983,229.91,174.042,299.41,0.010984,168.885,138.637,207.14,0.0110585,204.127,170.768,238.722,0.0102184
523.15,158.933,98.0334,245.581,0.00890454,514.855,380.818,603.785,0.0245972,221.11,174.881,255.441,0.0144781,196.303,162.009,235.5,0.00982674
524.70,226.275,160.429,297.345,0.0126775,747.94,589.464,884.814,0.0357329,152.735,124.862,188.508,0.010001,202.324,173.978,251.215,0.0101281
526.25,258.516,178.562,326.21,0.0144838,883.294,729.024,992.503,0.0421995,201.258,172.939,243.702,0.0131782,271.506,239.793,316.023,0.0135913
527.80,270.696,198.967,358.719,0.0151663,987.76,835.719,1062.02,0.0471903,279.599,231.067,322.931,0.0183079,315.13,282.67,368.361,0.0157751
529.35,328.5,231.741,410.241,0.0184048,1128.99,938.646,1255.68,0.0539376,257.887,206.75,326.305,0.0168862,215.422,154.144,255.83,0.0107838
530.90,359.689,280.239,455.791,0.0201523,1172.65,936.802,1300.44,0.0560236,266.829,220.954,314.402,0.0174717,206.906,168.837,250.731,0.0103575
532.45,380.694,305.286,476.983,0.0213291,1183.43,996.858,1310.93,0.0565385,276.794,236.065,322.777,0.0181243,213.768,171.16,251.543,0.010701
534.00,402.663,314.11,506.713,0.02256,1181.1,998.354,1306.24,0.0564273,303.628,242.829,348.874,0.0198813,209.277,173.471,258.712,0.0104762
535.55,332.596,265.958,460.208,0.0186343,1161.25,994.708,1272.91,0.0554789,349.006,303.683,395.179,0.0228526,240.724,204.378,281.448,0.0120504
537.10,303.005,229.537,433.221,0.0169764,981.633,848.855,1112.16,0.0468976,294.826,255.476,362.18,0.019305,185.272,151.996,227.748,0.00927452
538.65,305.786,238.411,385.854,0.0171323,858.116,699.001,976.285,0.0409966,269.497,216.714,328.316,0.0176465,114.737,94.6146,163.399,0.0057436
540.20,401.826,338.946,483.507,0.0225131,874.491,699.584,990.087,0.0417789,390.412,324.992,446.025,0.0255638,141.756,107.157,185.391,0.00709614
541.75,329.122,278.186,423.703,0.0184397,895.68,679.63,993.881,0.0427912,366.127,305.514,421.026,0.0239737,240.878,198.82,279.291,0.0120581
543.30,318.6,244.047,388.02,0.0178502,887.126,683.484,976.568,0.0423825,281.592,227.079,375.144,0.0184384,300.098,258.849,344.077,0.0150226
544.85,340.306,263.983,448.209,0.0190663,857.249,684.686,940.961,0.0409552,210.04,135.396,297.518,0.0137532,309.292,254.834,349.667,0.0154828
546.40,331.546,264.014,412.22,0.0185755,594.247,463.586,685.443,0.0283902,327.108,285.751,427.056,0.0214187,202.789,167.608,232.174,0.0101514
547.95,274.794,193.961,342.231,0.0153959,522.649,416.915,614.892,0.0249696,393.467,322.967,485.416,0.0257639,137.216,104.57,175.76,0.00686889
549.50,250.745,200.764,329.708,0.0140485,548.7,455.664,679.096,0.0262142,400.519,330.553,499.79,0.0262256,108.726,66.8928,159.392,0.0054427
551.05,384.088,331.015,484.077,0.0215193,649.816,500.4,732.541,0.031045,384.261,320.712,459.407,0.0251611,118.721,69.9165,161.907,0.00594304
552.60,292.191,245.972,396.779,0.0163705,505.466,392.014,594.641,0.0241487,350.267,281.365,418.54,0.0229351,65.8489,35.7335,93.3583,0.00329633
554.15,259.869,216.506,354.929,0.0145597,415.857,318.287,466.975,0.0198676,358.793,317.302,439.582,0.0234934,56.5181,16.6588,91.4252,0.00282924
555.70,305.806,241.16,394.618,0.0171334,433.94,326.734,524.507,0.0207315,423.868,358.517,489.376,0.0277545,84.6025,54.7839,121.235,0.00423512
557.25,193.741,152.335,254.684,0.0108547,467.54,352.611,564.723,0.0223368,271.471,220.035,358.95,0.0177757,131.513,84.3328,161.377,0.0065834
558.80,145.741,103.158,217.046,0.00816541,335.36,261.752,427.518,0.0160219,295.201,225.915,363.727,0.0193295,70.3179,42.4955,111.714,0.00352004
560.35,125.522,80.1008,193.136,0.00703262,194.278,110.41,265.549,0.00928163,316.499,265.425,383.414,0.0207241,39.3108,-0.217784,71.0583,0.00196786
561.90,101.305,52.4811,164.956,0.00567579,146.198,65.0441,231.058,0.0069846,228.958,178.151,307.365,0.014992,116.043,70.5202,159.259,0.00580897
563.45,90.7303,37.588,125.896,0.00508334,146.341,59.1962,205.472,0.00699147,297.694,256.468,357.465,0.0194927,40.5125,19.1507,76.2138,0.00202801
565.00,85.0664,43.7752,119.663,0.00476601,114.405,68.5978,184.607,0.00546569,283.176,260.506,346.483,0.0185421,31.3018,0.874089,59.1577,0.00156694
566.55,89.2853,43.8827,129.947,0.00500238,92.1818,7.5409,179.703,0.00440399,214.311,162.482,271.85,0.0140329,75.0666,37.4584,108.113,0.00375776
568.10,86.1646,41.486,124.374,0.00482753,-10.1744,-63.61,133.772,-0.000486084,143.09,93.4799,191.13,0.00936939,112.401,83.2967,150.927,0.00562667
569.65,57.9737,16.494,86.5279,0.00324809,50.6991,-3.14371,141.762,0.00242216,95.9195,64.8741,139.469,0.00628072,131.942,100.258,167.972,0.00660488
571.20,17.7954,-11.1436,57.7941,0.000997019,97.4551,16.526,163.74,0.00465593,57.7739,13.7343,95.3067,0.00378298,138.419,92.4567,185.174,0.00692912
572.75,7.12048,-45.7863,55.4011,0.000398938,11.8328,-62.9161,104.514,0.000565314,-4.97792,-40.7896,31.6743,-0.00032595,115.049,65.7514,157.461,0.00575926
574.30,68.618,31.7039,106.911,0.00384445,-14.763,-101.43,83.3013,-0.000705303,80.919,47.1423,118.609,0.00529851,80.1579,38.2788,111.136,0.00401263
575.85,70.2645,37.5969,116.735,0.0039367,-6.23885,-70.1033,70.0294,-0.000298062,125.404,88.3993,159.823,0.00821134,60.7087,23.7594,98.922,0.00303902
577.40,39.6997,0.917595,96.6207,0.00222425,29.5277,-22.024,107.02,0.00141069,133.493,96.7545,171.014,0.008741,80.9283,27.1474,110.248,0.00405119
578.95,66.6577,27.259,108.516,0.00373462,112.899,34.653,186.923,0.00539375,90.9096,48.2956,129.842,0.00595268,116.135,67.845,162.935,0.00581359
580.50,51.8711,12.3078,85.5443,0.00290618,-0.479682,-57.9684,88.1604,-2.29169e-05,105.487,64.1339,142.456,0.00690723,79.0832,40.0285,114.91,0.00395883
582.05,78.7944,36.787,129.446,0.00441461,0.753175,-51.4822,80.0284,3.5983e-05,114.684,66.5586,148.561,0.00750942,72.2655,39.715,116.53,0.00361754
583.60,176.062,110.284,222.556,0.00986418,157.736,95.7732,230.155,0.00753585,94.0158,38.8117,148.467,0.00615607,144.485,95.9651,184.599,0.00723279
585.15,142.027,108.27,199.217,0.00795733,179.089,117.702,230.181,0.00855599,158.751,119.618,198.449,0.0103949,126.321,83.4813,156.472,0.00632349
586.70,97.1795,56.4268,144.337,0.00544467,182.595,115.037,261.561,0.0087235,188.987,157.382,226.221,0.0123747,103.927,65.1034,129.725,0.00520249
588.25,66.3585,26.6455,123.649,0.00371786,227.841,140.687,324.557,0.0108851,166.683,130.025,213.116,0.0109142,82.6639,50.8537,120.524,0.00413807
589.80,148.983,100.26,227.955,0.00834708,298.508,204.847,406.906,0.0142612,43.5392,-3.1343,72.7871,0.00285091,88.9613,46.8385,141.985,0.00445332
591.35,160.017,116.958,220.817,0.00896525,346.361,250.492,460.178,0.0165474,53.9555,22.934,87.507,0.00353296,126.475,99.7998,164.909,0.00633123
592.90,130.069,84.4694,212.834,0.00728736,389.953,270.974,456.362,0.01863,68.731,35.8146,102.21,0.00450044,172.079,131.07,200.228,0.00861409
594.45,93.657,27.9999,162.491,0.00524731,363.278,224.82,471.541,0.0173557,82.1139,46.7408,123.927,0.00537675,200.771,157.606,238.382,0.0100504
596.00,50.2488,11.5398,120.453,0.00281528,414.128,248.989,499.071,0.019785,139.731,102.847,180.353,0.00914946,193.631,153.563,226.567,0.00969297
597.55,102.376,61.6567,159.739,0.0057358,351.77,232.472,461.685,0.0168058,207.956,175.588,236.74,0.0136168,135.466,100.086,175.601,0.0067813
599.10,138.013,96.925,216.265,0.00773244,358.457,252.525,447.899,0.0171253,217.253,182.511,256.444,0.0142256,113.548,68.6402,141.018,0.00568411
600.65,110.322,56.3458,173.687,0.006181,448.241,333.689,546.336,0.0214147,138.873,89.8339,190.702,0.0090933,128.479,97.4601,183.236,0.00643154
602.20,125.497,69.3054,181.063,0.0070312,403.896,253.281,496.495,0.0192962,179.101,146.457,223.698,0.0117274,123.79,86.8246,161.622,0.00619682
603.75,121.117,76.5802,165.757,0.00678579,306.507,176.67,374.392,0.0146434,159.684,133.31,200.831,0.010456,133.661,96.6668,171.654,0.00669094
605.30,107.666,82.0184,167.939,0.00603216,227.912,136.125,295.55,0.0108885,108.833,60.9533,155.82,0.00712632,129.105,76.4073,165.27,0.00646288
606.85,141.732,103.914,184.074,0.00794078,204.382,120.281,314.209,0.00976439,32.1722,-9.4395,88.2833,0.00210661,25.9655,-5.21616,59.6067,0.00129981
608.40,174.189,130.866,209.265,0.00975927,236.241,118.453,333.528,0.0112865,71.6907,31.7123,102.716,0.00469425,2.16345,-23.7241,36.7496,0.0001083
609.95,150.309,104.238,203.398,0.00842134,344.704,216.24,433.99,0.0164683,70.8102,40.6658,113.812,0.00463659,26.1133,-5.79643,61.3207,0.00130721
611.50,110.531,49.6707,153.437,0.00619271,526.089,358.294,641.627,0.0251339,36.2822,5.17192,75.7305,0.00237573,70.6906,31.5038,120.816,0.0035387
613.05,178.026,108.851,228.691,0.00997422,679.283,523.642,777.236,0.0324528,44.1658,7.5878,80.1677,0.00289194,92.0945,50.7251,131.162,0.00461016
614.60,178.709,134.451,248.11,0.0100125,762.656,565.1,859.428,0.0364359,94.2796,69.5677,131.072,0.00617334,158.158,128.205,187.306,0.00791723
616.15,186.209,134.874,252.318,0.0104327,744.38,585.164,878.464,0.0355628,124.86,98.0725,164.166,0.00817573,205.608,173.956,248.643,0.0102926
617.70,205.499,180.847,259.485,0.0115135,659.916,487.034,781.4,0.0315275,95.4483,59.1208,130.654,0.00624987,187.676,152.575,239.389,0.00939488
619.25,193.44,137.706,263.521,0.0108379,806.081,598.652,915.325,0.0385106,139.489,114.693,170.623,0.00913362,169.073,127.503,207.181,0.00846364
620.80,154.841,106.053,270.838,0.00867529,843.56,657.149,956.186,0.0403012,143.564,108.639,177.647,0.00940045,167.327,123.177,208.37,0.00837622
622.35,145.346,80.8508,229.026,0.00814331,849.068,674.611,962.492,0.0405643,123.433,77.5996,163.954,0.00808227,165.538,102.875,216.495,0.00828668
623.90,231.299,162.465,318.894,0.012959,957.522,799.285,1081.85,0.0457457,143.941,102.471,201.66,0.00942513,71.9337,24.7499,112.958,0.00360093
625.45,150.702,97.0376,253.942,0.00844339,964.506,791.625,1096.05,0.0460794,108.316,67.823,139.798,0.00709243,124.492,82.1424,160.391,0.00623196
627.00,101.825,41.3694,200.612,0.00570496,946.772,779.843,1046.86,0.0452321,91.5905,60.2337,127.277,0.00599726,163.335,127.066,212.315,0.00817637
628.55,124.742,45.6335,224.538,0.00698891,906.597,744.763,987.963,0.0433128,123.975,92.9558,172.789,0.00811774,166.313,116.382,200.395,0.00832545
630.10,196.168,119.906,294.039,0.0109907,870.558,654.072,933.14,0.041591,98.5664,50.3561,126.942,0.00645404,138.961,88.9539,166.496,0.00695625
631.65,247.535,172.399,371.691,0.0138686,887.06,725.671,1019.7,0.0423794,69.0056,39.6679,109.415,0.00451843,89.9285,49.7083,133.084,0.00450173
633.20,295.892,228.445,433.115,0.0165779,985.013,823.235,1105.37,0.0470591,80.5162,44.354,118.436,0.00527213,91.5357,60.6846,151.709,0.00458219
634.75,368.511,277.249,524.792,0.0206465,1033.28,871.759,1145.54,0.0493649,111.389,63.9226,159.648,0.00729363,211.632,156.598,250.352,0.0105941
636.30,265.454,204.205,388.374,0.0148725,1135.39,933.036,1250.06,0.0542435,128.063,82.4309,167.967,0.00838544,148.66,113.118,186.28,0.00744176
637.85,215.074,126.85,330.318,0.01205,1118.3,947.073,1251.94,0.0534268,152.782,113.256,179.546,0.010004,121.567,86.8564,151.126,0.00608554
639.40,192.341,107.313,309.354,0.0107763,1078.22,915.257,1171.5,0.0515122,177.746,132.491,218.937,0.0116387,113.662,70.817,167.153,0.00568982
640.95,181.277,114.643,334.278,0.0101564,1170.52,995.232,1285.42,0.0559219,198.68,142.606,256.052,0.0130094,119.565,78.4571,155.363,0.00598532
642.50,185.532,134.98,328.48,0.0103948,1124.89,917.33,1246.54,0.0537416,110.825,65.5207,159.959,0.00725673,103.267,62.4071,140.573,0.00516947
644.05,201.895,150.869,335.235,0.0113116,1134.84,961.821,1236.72,0.0542169,90.9246,62.2248,143.866,0.00595367,94.1024,52.2955,130.532,0.00471067
645.60,238.199,161.015,353.689,0.0133455,1134.29,910.414,1269.34,0.0541909,170.933,119.084,213.492,0.0111926,76.299,44.0524,123.75,0.00381945
647.15,274.789,216.249,378.093,0.0153956,925.452,753.827,1077.92,0.0442135,160.228,120.311,203.508,0.0104916,105.529,63.827,142.999,0.00528269
648.70,227.514,165.947,308.502,0.0127469,968.666,794.615,1070.03,0.0462781,133.741,110.01,180.374,0.00875724,118.35,93.6664,151.736,0.00592446
650.25,182.521,120.804,301.497,0.0102261,963.688,781.319,1060.09,0.0460403,133.205,103.904,162.471,0.00872216,114.259,76.5616,155.629,0.00571968
651.80,196.518,135.511,284.1,0.0110103,830.279,659.456,979.391,0.0396667,151.381,100.394,203.963,0.00991227,88.7917,37.6152,125.794,0.00444482
653.35,130.987,75.9786,226.058,0.00733879,852.728,677.777,989.175,0.0407392,151.308,114.24,191.509,0.00990754,85.0035,42.7187,118.507,0.00425519
654.90,181.075,121.878,247.317,0.010145,742.551,584.598,815.784,0.0354755,160.122,127.706,205.278,0.0104846,119.262,78.8285,152.157,0.00597013
656.45,223.807,170.686,306.896,0.0125392,697.693,546.162,834.237,0.0333324,183.338,152.868,229.711,0.0120048,160.545,126.54,200.692,0.00803671
658.00,198.523,157.153,324.23,0.0111226,871.797,682.342,1016.39,0.0416502,229.082,196.66,265.118,0.0150001,201.825,155.14,270.053,0.0101031
659.55,159.237,115.564,234.499,0.00892153,847.446,641.169,949.944,0.0404868,211.589,174.813,240.306,0.0138547,218.119,175.96,245.605,0.0109188
661.10,193.885,136.907,267.157,0.0108628,839.421,633.494,928.511,0.0401034,181.464,150.883,212.126,0.0118821,192.433,160.768,236.201,0.00963302
662.65,228.836,152.335,308.722,0.012821,827.045,649.711,916.857,0.0395121,141.211,103.815,178.976,0.00924635,192.757,148.03,223.13,0.00964922
664.20,140.303,59.56,221.554,0.00786073,786.049,570.242,862.102,0.0375536,62.0939,25.0218,110.65,0.00406585,234.094,190.862,282.859,0.0117185
665.75,209.387,145.368,290.524,0.0117313,779.287,591.88,870.331,0.0372305,159.41,129.233,200.332,0.0104381,254.936,221.234,279.269,0.0127618
667.30,199.607,140.173,284.71,0.0111833,717.589,572.688,810.773,0.0342829,191.038,146.851,221.976,0.012509,250.517,227.695,278.888,0.0125406
668.85,134.435,74.5772,220.076,0.00753195,631.798,520.029,741.528,0.0301842,148.416,96.3074,188.526,0.00971818,237.244,193.459,268.152,0.0118762
670.40,234.264,190.049,297.604,0.0131251,588.529,472.099,684.718,0.028117,153.712,125.109,193.194,0.0100649,134.689,86.4304,176.357,0.00674242
671.95,268.333,221.937,337.053,0.0150338,386.585,284.717,474.56,0.0184691,177.044,148.201,219.629,0.0115927,63.835,17.6725,99.3038,0.00319552
673.50,231.756,186.718,292.596,0.0129846,306.284,205.998,389.336,0.0146328,180.036,145.797,213.128,0.0117886,79.6174,36.6268,112.533,0.00398557
675.05,155.329,107.889,221.72,0.0087026,379.237,236.474,475.922,0.0181181,138.457,103.222,185.892,0.00906607,158.561,120.196,209.824,0.00793741
676.60,207.549,158.718,267.542,0.0116283,350.171,213.206,452.235,0.0167295,122.197,71.5253,166.781,0.00800134,166.443,125.661,202.425,0.00833199
678.15,144.891,105.617,230.241,0.0081178,264.672,164.536,343.243,0.0126448,141.447,110.393,164.944,0.00926184,115.446,80.0995,149.858,0.0057791
679.70,110.48,63.6906,174.687,0.00618984,199.961,134.567,305.363,0.00955315,147.152,115.986,179.308,0.00963535,89.612,51.4922,119.235,0.00448589
681.25,157.569,99.8249,211.846,0.00882811,221.167,161.899,312.078,0.0105663,102.895,67.5735,154.658,0.00673747,145.341,105.237,189.362,0.0072756
682.80,70.018,36.5991,127.221,0.00392289,203.794,126.625,266.093,0.00973627,152.543,114.063,190.277,0.00998838,154.021,120.785,196.848,0.00771015
684.35,63.3855,25.2122,112.033,0.0035513,179.953,100.826,250.743,0.00859728,162.887,124.203,200.983,0.0106657,118.721,88.3248,155.969,0.00594306
685.90,100.836,46.903,153.948,0.00564951,171.813,110.101,228.097,0.0082084,153.674,113.837,192.082,0.0100625,104.427,64.5677,143.037,0.00522751
687.45,116.485,71.0343,182.472,0.00652629,152.842,73.9494,230.905,0.00730203,106.504,62.9158,147.912,0.00697377,157.635,113.403,213.584,0.00789103
689.00,55.4207,6.55351,115.58,0.00310505,91.1533,27.5215,179.265,0.00435486,104.919,65.2896,139.306,0.00686998,89.4401,50.4622,141.911,0.00447728
690.55,55.3369,11.1999,97.8448,0.00310036,73.3293,-0.418663,128.546,0.00350332,119.956,84.9711,151.955,0.00785462,72.0189,40.4146,100.076,0.00360519
692.10,75.2079,29.0014,116.529,0.00421366,34.3465,-11.4316,107.701,0.00164091,123.099,89.2113,161.237,0.00806042,78.5774,37.8823,117.215,0.00393351
693.65,44.7727,-2.26963,99.2955,0.00250847,8.5311,-45.1933,66.5198,0.000407574,74.2366,38.5791,132.557,0.00486095,78.2048,32.0616,123.61,0.00391485
695.20,0.0748975,-38.2053,42.0049,4.19627e-06,-43.5569,-82.776,10.9416,-0.00208093,-2.74332,-29.1499,28.3987,-0.00017963,82.179,44.9783,112.192,0.0041138
696.75,3.59769,-33.2596,33.3907,0.000201567,-29.0428,-73.874,8.66264,-0.00138752,-3.85097,-33.7073,21.6118,-0.000252158,102.067,75.7878,129.307,0.00510938
698.30,28.9691,-33.2297,69.3275,0.00162305,10.1225,-46.0509,60.5465,0.000483601,53.3476,4.06199,88.2521,0.00349316,111.581,74.8773,161.503,0.00558564
699.85,-33.864,-60.9792,8.16554,-0.0018973,-18.536,-74.8635,57.4599,-0.000885559,84.0237,34.67,126.896,0.0055018,13.4996,-13.1586,56.2093,0.000675776
701.40,81.9847,52.8104,119.661,0.00459335,82.4592,19.6306,150.515,0.0039395,17.9017,-10.3983,54.4183,0.00117219,72.6298,51.5555,119.91,0.00363577
702.95,111.334,73.7927,157.425,0.00623768,86.9692,48.708,164.206,0.00415496,-11.0873,-34.9974,19.3176,-0.000725986,106.988,73.8606,149.2,0.00535571
704.50,97.3389,19.2609,142.333,0.0054536,29.8104,-32.783,105.136,0.00142419,11.8962,-14.1027,39.6934,0.00077895,81.893,49.6225,129.505,0.00409948
706.05,155.818,95.2519,203.435,0.00872999,69.0005,3.05351,118.593,0.0032965,104.86,62.5974,146.094,0.00686614,72.8196,35.9302,114.719,0.00364528
707.60,99.1604,60.6617,153.772,0.00555565,-3.12236,-41.3392,45.1838,-0.000149171,102.697,69.3375,138.828,0.00672452,39.8625,5.81465,64.4894,0.00199548
709.15,73.6784,27.0492,111.377,0.00412797,-4.24905,-55.8442,34.3531,-0.000202999,124.088,94.574,157.132,0.00812516,51.9332,16.6885,85.049,0.00259972
710.70,75.8107,27.2348,127.804,0.00424744,75.4725,4.84866,146.77,0.00360571,166.191,125.909,202.301,0.010882,121.104,65.9815,164.207,0.00606237
712.25,133.801,82.9363,190.402,0.00749645,142.24,59.1653,210.43,0.00679551,42.3831,-0.336681,75.5689,0.00277521,123.309,90.8314,152.268,0.00617271
713.80,180.423,147.112,223.223,0.0101085,235.866,160.562,323.947,0.0112685,137.339,106.944,174.387,0.00899285,120.33,76.7854,152.032,0.0060236
715.35,171.664,134.275,214.095,0.00961778,326.304,206.194,427.859,0.0155892,159.305,129.335,201.396,0.0104312,64.4866,32.6618,101.791,0.00322813
716.90,104.272,65.4911,156.378,0.00584202,383.865,249.971,469.518,0.0183392,49.3982,14.5279,95.4353,0.00323455,-10.9801,-36.9346,25.8895,-0.000549652
718.45,81.3511,41.821,141.927,0.00455785,292.789,202.41,391.331,0.013988,109.78,75.5257,147.012,0.00718829,139.965,106.071,177.133,0.00700653
720.00,110.055,63.8914,168.466,0.00616602,370.169,276.836,450.931,0.0176849,118.53,97.4826,151.524,0.00776123,119.132,80.5982,149.384,0.00596365
721.55,120.968,71.5545,184.143,0.00677745,484.736,350.849,569.515,0.0231583,123.398,92.762,161.283,0.00807998,63.8861,26.8194,96.8592,0.00319807
723.10,91.8401,47.8432,178.332,0.00514551,555.068,419.509,654.617,0.0265184,145.355,109.266,186.824,0.00951771,51.1469,6.92752,96.0446,0.00256036
724.65,214.362,166.518,276.427,0.01201,519.919,377.163,621.579,0.0248392,140.304,103.516,178.683,0.00918696,90.1975,57.2534,123.505,0.0045152
726.20,188.496,157.472,242.834,0.0105608,422.172,297.597,543.836,0.0201693,107.563,75.9966,148.828,0.00704315,85.679,63.2313,114.574,0.004289
727.75,191.535,144.399,247.194,0.0107311,438.52,315.583,510.707,0.0209503,101.169,70.0513,149.949,0.00662449,108.168,76.0794,143.287,0.00541477
729.30,279.564,224.546,352.627,0.0156631,518.666,422.53,613.818,0.0247793,165.892,120.226,209.632,0.0108625,177.444,144.833,222.045,0.00888269
730.85,407.963,334.261,476.693,0.0228569,507.325,383.047,601.031,0.0242375,167.067,137.361,210.19,0.0109394,178,143.659,207.33,0.00891051
732.40,380.135,311.086,487.52,0.0212978,567.363,419.615,691.935,0.0271058,190.44,149.781,217.334,0.0124699,170.388,140.88,198.502,0.00852945
733.95,339.492,268.133,474.673,0.0190207,697.012,545.18,775.915,0.0332998,201.565,170.605,238.018,0.0131983,136.881,95.3421,169.104,0.00685212
735.50,370.277,296.484,474.532,0.0207455,782.814,629.354,908.389,0.037399,188.517,123.005,227.178,0.0123439,56.8052,9.37941,106.135,0.00284361
737.05,386.774,325.983,497.299,0.0216697,769.081,576.369,890.641,0.0367429,190.859,157.795,234.108,0.0124973,109.555,73.9451,155.599,0.00548424
738.60,301.685,244.183,398.046,0.0169025,831.25,585.881,924.643,0.0397131,177.603,137.672,200.251,0.0116293,163.903,137.458,200.762,0.00820482
740.15,241.093,179.39,353.16,0.0135077,858.067,641.983,1003.77,0.0409942,138.825,95.2523,170.526,0.00909015,183.115,150.942,215.937,0.00916654
741.70,297.621,213.098,404.464,0.0166748,873.223,640.044,972.878,0.0417183,89.7033,37.8446,149.271,0.00587369,154.859,106.098,193.449,0.00775206
743.25,316.917,230.474,384.342,0.0177559,926.875,754.64,1066.07,0.0442815,105.951,55.9098,151,0.00693757,243.462,199.217,277.112,0.0121875
744.80,263.002,205.79,342.212,0.0147352,822.471,663.043,935.831,0.0392936,156.013,119.815,195.665,0.0102156,229.224,200.829,264.357,0.0114747
746.35,218.348,180.17,321.574,0.0122334,717.511,568.614,826.503,0.0342792,202.214,161.404,238.121,0.0132408,199.788,172.613,238.773,0.0100012
747.90,218.863,154.719,305.325,0.0122622,756.728,568.549,891.042,0.0361528,181.928,136.55,227.227,0.0119125,217.087,168.644,251.322,0.0108672
749.45,117.645,74.4175,186.411,0.00659128,417.737,294.497,495.119,0.0199574,143.339,110.289,180.308,0.00938574,122.806,75.3588,159.343,0.00614756
751.00,68.903,26.0251,125.858,0.00386042,310.773,214.272,402.694,0.0148472,168.675,131.197,200.817,0.0110447,160.392,131.308,202.271,0.00802905
752.55,70.6514,23.7376,120.509,0.00395838,367.828,260.408,459.166,0.017573,184.885,138.438,219.037,0.0121061,220.114,181.918,245.814,0.0110187
754.10,131.806,85.5675,192.742,0.0073847,446.081,355.305,559.746,0.0213115,136.346,102.614,192.707,0.00892785,182.952,136.806,248.54,0.00915841
755.65,171.753,135.631,242.824,0.00962276,429.178,331.015,522.564,0.020504,134.499,107.562,173.03,0.00880687,171.112,134.573,206.253,0.00856572
757.20,72.4696,35.9109,147.317,0.00406024,472.657,343.191,558.278,0.0225812,154.447,121.523,198.484,0.0101131,165.737,129.789,200.67,0.00829661
758.75,47.8917,2.23447,112.486,0.00268323,520.387,388.837,597.957,0.0248615,147.432,112.401,193.579,0.00965371,157.907,105.329,193.434,0.00790469
760.30,196.749,128.902,257.607,0.0110232,505.274,407.04,624.799,0.0241395,88.2453,34.6847,128.005,0.00577822,132.168,85.4031,169.542,0.0066162
761.85,75.7946,31.2764,131.535,0.00424653,493.353,390.432,604.255,0.02357,7.89864,-29.0589,45.072,0.000517196,140.387,112.264,173.797,0.00702765
763.40,130.974,77.8462,191.029,0.00733805,452.707,358.342,560.706,0.0216281,73.7728,35.3527,105.922,0.00483058,60.0978,37.7152,90.4681,0.00300844
764.95,191.557,149.32,248.254,0.0107323,424.124,303.643,503.186,0.0202626,131.411,103.442,155.167,0.0086047,8.26301,-22.394,44.2556,0.000413638
766.50,192.137,140.445,254.54,0.0107649,370.955,234.432,497.313,0.0177224,96.164,48.0654,134.361,0.00629674,58.7968,9.9543,99.757,0.00294331
768.05,251.489,204.378,295.714,0.0140902,301.433,199.086,392.818,0.014401,158.393,119.477,202.868,0.0103714,61.993,16.5165,99.7136,0.00310331
769.60,169.95,118.338,201.206,0.00952175,386.529,251.339,458.522,0.0184664,166.845,126.78,196.634,0.0109248,103.076,77.7745,141.376,0.0051599
771.15,124.427,72.8597,165.567,0.00697125,439.426,321.054,551.159,0.0209936,129.432,93.255,159.554,0.00847508,123.513,95.5548,154.463,0.00618291
772.70,233.707,176.403,287.864,0.0130939,398.22,278.461,526.142,0.019025,84.9609,41.8152,125.107,0.00556316,68.5756,21.7015,119.883,0.00343282
774.25,233.246,177.24,289.594,0.013068,426.123,324.952,555.336,0.0203581,73.8864,41.8078,108.078,0.00483802,85.1603,52.9196,124.2,0.00426304
775.80,240.314,188.956,286.155,0.013464,400.669,302.703,491.598,0.019142,108.676,74.8442,141.501,0.00711601,52.3799,17.7829,89.4824,0.00262209
777.35,253.215,209.283,305.901,0.0141869,399.324,300.451,488.286,0.0190777,117.47,88.5267,153.847,0.00769185,33.9002,-0.953438,79.1493,0.00169701
778.90,296.043,241.888,339.813,0.0165864,433.267,310.351,516.243,0.0206994,80.1244,38.8335,123.108,0.00524648,40.2095,12.1488,97.6547,0.00201285
780.45,230.039,172.213,305.677,0.0128884,364.502,261.965,463.742,0.0174141,23.0072,-10.3696,65.335,0.00150649,-5.99405,-40.6317,33.0772,-0.000300056
782.00,229.407,170.95,288.453,0.0128529,389.517,290.764,504.804,0.0186092,54.0256,22.8342,86.5662,0.00353755,55.0742,23.3587,85.6461,0.00275696
783.55,189.542,134.852,247.288,0.0106195,373.02,272.578,492.746,0.0178211,100.738,64.8445,125.298,0.00659624,123.618,83.6684,155.921,0.00618821
785.10,100.771,25.0824,180.417,0.00564589,268.081,177.767,422.969,0.0128076,117.055,76.1899,143.816,0.00766467,161.023,131.796,215.777,0.00806063
786.65,150.285,90.8165,239.919,0.00842001,421.207,302.657,526.005,0.0201232,50.0871,13.7958,85.507,0.00327966,199.391,166.732,234.024,0.00998133
788.20,224.517,158.928,287.495,0.012579,345.353,266.371,464.821,0.0164993,20.1909,-1.23648,57.638,0.00132208,159.273,118.997,189.005,0.00797305
789.75,250.275,195.739,311.813,0.0140221,319.649,230.733,444.196,0.0152712,85.3332,56.2663,114.775,0.00558754,111.329,73.7231,140.819,0.00557302
791.30,234.378,187.318,299.078,0.0131314,369.604,296.998,526.33,0.0176579,211.218,171.245,242.81,0.0138303,99.6471,65.219,137.253,0.00498823
792.85,181.829,115.458,239.455,0.0101873,535.498,427.933,630.286,0.0255835,188.973,150.755,236.807,0.0123738,169.876,130.867,207.868,0.00850384
794.40,188.306,142.359,273.216,0.0105502,498.353,390.341,619.377,0.0238089,113.195,78.064,154.25,0.00741193,142.315,110.702,186.532,0.00712415
795.95,191.758,143.928,269.719,0.0107436,479.421,372.016,600.478,0.0229044,102.065,62.2789,139.387,0.00668311,158.427,115.542,188.598,0.00793068
797.50,198.849,137.14,269.418,0.0111409,547.992,411.477,666.631,0.0261804,150.251,107.937,193.584,0.00983831,200.77,164.947,240.323,0.0100503
799.05,254.419,177.112,323.642,0.0142543,590.508,431.034,684.341,0.0282116,126.91,89.2918,167.607,0.00830997,245.143,196.103,287.87,0.0122716
800.60,277.125,222.427,364.98,0.0155265,551.766,418.622,655.432,0.0263607,164.896,131.369,194.048,0.0107972,238.688,209.62,276.627,0.0119485
802.15,255.912,202.264,332.328,0.014338,566.105,427.469,700.644,0.0270457,153.9,116.951,183.529,0.0100772,210.403,178.996,245.348,0.0105325
803.70,230.405,169.439,319.349,0.0129089,655.287,460.026,778.289,0.0313064,110.145,77.4559,150.107,0.0072122,163.373,128.213,204.604,0.00817831
805.25,235.605,191.799,322.631,0.0132002,655.508,452.613,743.427,0.031317,114.185,76.1025,158.784,0.00747675,109.523,66.9823,147.835,0.0054826
806.80,212.93,161.267,300.576,0.0119298,705.079,574.006,844.379,0.0336852,124.523,91.5573,151.64,0.00815364,167.97,125.773,200.765,0.00840842
808.35,191.613,123.897,268.157,0.0107355,662.639,538.383,798.932,0.0316576,127.42,90.4591,163.834,0.00834337,192.706,160.125,226.02,0.00964665
809.90,178.749,120.497,267.524,0.0100147,608.2,459.337,734.721,0.0290568,129.564,86.7289,176.447,0.00848373,196.646,155.758,236.57,0.00984391
811.45,193.53,122.559,312.338,0.0108429,651.084,500.163,775.893,0.0311056,131.62,86.2485,173.095,0.00861839,200.07,160.427,254.422,0.0100153
813.00,188.164,120.411,260.056,0.0105423,557.121,460.674,692.806,0.0266165,112.272,72.336,157.694,0.00735146,141.201,105.629,174.177,0.00706838
814.55,167.371,96.1988,268.389,0.0093773,648.528,530.48,752.165,0.0309835,103.645,73.8365,138.405,0.0067866,167.505,129.734,204.711,0.00838513
816.10,126.656,60.1483,218.117,0.00709613,698.029,525.983,777.691,0.0333484,123.753,85.4289,168.936,0.00810325,196.735,144.558,237.692,0.00984836
817.65,60.8812,8.34556,162.261,0.00341099,569.179,411.214,703.199,0.0271926,175.564,133.798,228.05,0.0114958,141.686,104.901,197.876,0.00709266
819.20,92.7267,49.6187,177.975,0.00519519,547.562,427.203,636.575,0.0261598,46.0549,7.05998,79.1958,0.00301563,121.495,80.5455,154.749,0.00608193
820.75,45.1827,-2.74101,133.899,0.00253145,528.23,395.107,606.025,0.0252362,53.0172,27.6261,93.2467,0.00347152,99.2082,56.6789,141.226,0.00496626
822.30,39.4267,-2.45616,127.675,0.00220895,515.506,368.434,613.847,0.0246284,98.6891,69.7285,135.847,0.00646208,107.741,66.8743,144.488,0.00539338
823.85,126.391,67.6022,191.018,0.00708132,483.02,306.106,578.549,0.0230763,117.376,70.0368,165.283,0.00768568,117.473,69.9021,155.711,0.00588059
825.40,86.6907,46.9071,143.136,0.00485701,292.992,181.898,398.044,0.0139977,103.54,62.4348,151.282,0.00677973,108.289,57.9152,148.468,0.00542083
826.95,109.976,72.1416,167.489,0.00616163,332.615,258.53,449.739,0.0158907,78.7858,45.7313,120.441,0.00515883,81.4283,50.5745,121.339,0.00407622
828.50,109.95,62.0581,167.055,0.00616014,387.948,249.199,464.738,0.0185342,77.7604,37.3179,115.051,0.00509168,86.0798,54.908,116.814,0.00430907
830.05,54.4465,17.9345,133.912,0.00305047,337.31,210.267,429.395,0.016115,94.041,43.8611,123.59,0.00615772,104.054,65.1914,151.634,0.00520885
831.60,81.2236,34.96,131.112,0.00455071,425.69,301.672,511.432,0.0203374,63.6073,22.8367,114.864,0.00416495,86.372,44.6609,121.623,0.0043237
833.15,137.463,102.669,190.506,0.00770164,408.762,279.716,485.917,0.0195286,38.7007,-2.11485,83.1708,0.00253409,142.126,102.614,179.681,0.00711467
834.70,131.777,83.9375,184.295,0.00738306,420.229,291.753,502.622,0.0200765,26.8518,-1.15104,73.0268,0.00175823,157.752,126.159,191.542,0.00789691
836.25,99.1584,35.8337,159.869,0.00555554,394.615,293.346,518.735,0.0188528,89.789,51.2615,114.205,0.00587931,112.897,74.8592,142.985,0.0056515
837.80,94.3476,41.1032,156.383,0.005286,302.646,206.382,387.318,0.0144589,209.791,175.059,259.882,0.0137369,-11.3927,-43.4436,33.3208,-0.000570307
839.35,157.889,115.464,212.309,0.00884604,315.169,230.251,409.402,0.0150572,102.685,72.4333,145.312,0.00672369,111.88,75.2825,146.447,0.00560058
840.90,128.458,83.2258,180.231,0.00719711,338.756,236.378,413.484,0.0161841,93.953,63.6386,127.886,0.00615196,140.89,106.117,170.523,0.0070528
842.45,105.975,59.9071,163.381,0.00593743,336.845,242.553,412.109,0.0160928,105.884,77.1767,150.816,0.00693319,139.699,102.49,173.58,0.00699318
844.00,195.632,138.533,243.027,0.0109606,296.49,204.66,403.223,0.0141648,80.9193,46.8775,111.851,0.00529853,161.938,118.127,215.767,0.00810645
845.55,115.838,70.5632,174.078,0.00649005,325.141,210.25,395.402,0.0155336,136.317,98.5763,185.597,0.00892595,170.842,139.202,215.097,0.00855215
847.10,143.172,85.8042,209.247,0.0080215,390.117,289.931,484.28,0.0186379,92.9175,61.1746,139.459,0.00608416,156.11,119.518,188.424,0.00781469
848.65,155.192,101.875,237.316,0.00869491,374.179,257.353,473.253,0.0178764,70.3607,34.6675,107.224,0.00460716,175.061,143.004,212.335,0.00876337
850.20,126.344,82.8798,170.677,0.00707866,212.354,91.5377,318.518,0.0101452,102.667,55.1437,146.588,0.00672252,212.229,178.678,258.266,0.010624
851.75,27.5833,-16.5661,110.698,0.00154541,131.627,54.4876,238.903,0.00628848,104.677,67.0111,148.077,0.00685413,22.2237,-12.182,49.6078,0.0011125
853.30,128.245,78.0196,164.863,0.00718517,145.275,77.6926,219.921,0.00694052,167.008,125.55,199.239,0.0109355,88.2405,59.0626,120.575,0.00441723
854.85,134.894,90.1912,184.595,0.00755768,177.109,118.139,265.022,0.00846138,141.411,100.711,176.403,0.00925946,132.013,92.8941,157.344,0.00660843
856.40,82.2095,31.2255,150.502,0.00460594,232.964,156.841,316.937,0.0111299,69.9929,24.4205,109.442,0.00458307,123.237,93.3971,156.83,0.00616911
857.95,144.704,72.9949,194.264,0.00810729,240.119,169.727,324.932,0.0114717,101.66,57.8917,135.115,0.00665659,177.115,131.128,207.511,0.00886619
859.50,153.304,97.7026,201.35,0.00858915,311.107,204.199,372.601,0.0148632,100.36,65.7599,136.244,0.00657146,164.619,127.293,197.288,0.00824067
861.05,167.461,114.273,211.469,0.00938234,197.606,132.95,275.971,0.00944063,137.104,93.0036,171.505,0.00897742,165.286,128.788,191.665,0.00827408
862.60,173.179,131.92,230.048,0.00970267,107.457,38.0274,186.708,0.00513374,156.987,117.929,205.658,0.0102794,146.623,111.337,180.88,0.0073398
864.15,194.368,142.522,252.319,0.0108898,151.841,62.217,254.825,0.00725421,123.8,86.4448,168.563,0.00810634,107.607,73.465,141.932,0.00538671
865.70,120.46,73.6759,161.271,0.00674899,169.808,73.5272,262.248,0.00811258,141.211,98.6311,188.489,0.00924635,106.091,54.8458,147.739,0.00531082
867.25,98.3157,60.3823,128.302,0.00550832,83.8198,37.6757,156.797,0.0040045,139.349,109.347,182.934,0.00912447,89.575,48.3372,127.674,0.00448403
868.80,79.0999,29.6003,119.737,0.00443172,63.5811,11.3285,122.442,0.00303759,108.669,75.5645,141.148,0.00711554,81.9057,42.2227,116.338,0.00410012
870.35,41.4778,-11.4023,105.126,0.00232387,111.61,56.9181,174.962,0.00533219,62.5786,38.1518,97.6039,0.00409759,89.2487,51.0269,133.791,0.0044677
871.90,130.019,80.9273,174.792,0.00728457,4.10654,-55.0613,112.575,0.00019619,220.147,177.769,264.433,0.014415,198.394,146.967,247.392,0.00993141
873.45,76.6756,5.93845,113.278,0.0042959,59.4202,-10.8773,110.388,0.00283881,105.709,80.4357,146.979,0.00692175,206.382,159.127,237.32,0.0103313
875.00,52.236,-1.87833,100.707,0.00292662,37.301,-20.8259,71.1195,0.00178206,112.49,79.4437,148.907,0.00736578,155.372,122.243,191.741,0.00777776
876.55,98.0397,48.6196,146.871,0.00549286,6.46882,-40.5925,60.2174,0.000309048,184.958,141.126,209.129,0.0121109,106.174,67.2794,147.261,0.00531498
878.10,176.029,112.798,229.322,0.00986234,32.3283,-8.33183,124.743,0.00154449,121.731,78.3151,170.538,0.00797083,122.072,82.8887,177.831,0.00611078
879.65,163.951,97.8097,209.29,0.00918565,-68.0934,-157.139,-11.7287,-0.00325317,115.503,68.739,155.49,0.00756304,71.0038,41.4188,118.082,0.00355438
881.20,122.789,93.5155,180.874,0.0068795,-70.3799,-133.193,0.295245,-0.0033624,82.9745,42.8359,127.02,0.0054331,114.199,78.1711,159.076,0.00571669
882.75,104.515,62.8097,144.488,0.00585563,28.1771,-21.1439,88.1162,0.00134617,53.5322,17.1607,97.3899,0.00350524,147.613,100.66,187.323,0.00738938
884.30,87.3103,39.58,151.35,0.00489172,58.3373,-12.9899,120.505,0.00278707,27.6899,-4.02433,86.2669,0.00181311,108.638,68.6578,150.031,0.00543831
885.85,147.008,109.101,193.147,0.00823639,93.0963,39.5322,148.8,0.00444768,133.943,82.9651,171.974,0.00877047,170.201,127.556,214.841,0.0085201
887.40,177.1,131.329,206.248,0.00992235,207.479,142.14,282.587,0.00991235,127.318,102.343,157.532,0.0083367,163.808,129.97,215.341,0.00820009
888.95,159.382,132.515,209.032,0.00892966,182.943,136.441,265.375,0.00874011,108.975,84.1237,137.333,0.0071356,140.058,110.195,183.431,0.00701119
890.50,136.428,85.6388,194.485,0.00764364,100.002,13.2766,157.105,0.00477762,105.586,66.0213,141.571,0.00691367,93.4951,58.5758,153.424,0.00468027
892.05,109.25,68.0161,166.15,0.00612095,171.54,92.9604,244.911,0.00819536,126.615,97.69,170.312,0.00829066,38.8925,-5.23122,96.992,0.00194692
893.60,163.872,122.871,208.418,0.00918124,195.353,113.453,262.41,0.00933302,137.608,111.56,166.864,0.00901048,17.1017,-10.8611,60.9149,0.000856095
895.15,141.491,103.937,177.905,0.00792732,153.513,102.421,203.348,0.00733408,170.242,144.29,198.053,0.0111473,45.7486,12.6862,89.5495,0.00229013
896.70,99.9085,69.0754,137.148,0.00559756,134.67,83.2983,190.805,0.00643389,151.408,122.668,183.963,0.00991409,61.6153,24.6957,109.764,0.0030844
898.25,98.6917,53.7135,142.201,0.00552939,164.07,98.5477,248.173,0.00783848,51.251,6.30175,83.4943,0.00335587,34.1778,-16.799,73.284,0.00171091
899.80,90.683,34.302,141.908,0.00508069,209.191,139.319,293.535,0.00999413,90.8678,57.8942,124.135,0.00594995,127.733,89.0362,174.056,0.00639421
901.35,85.9158,39.1779,124.455,0.00481359,209.969,141.447,277.302,0.0100313,137.284,93.3045,168.861,0.00898923,170.842,135.563,232.368,0.00855219
902.90,69.1595,28.0211,116.921,0.00387479,207.07,143.086,267.475,0.00989278,91.0237,63.0788,143.621,0.00596015,149.112,112.049,196.911,0.00746442
904.45,70.3099,25.9693,119.727,0.00393925,197.736,133.901,299.187,0.00944683,15.3075,-18.4571,59.8918,0.00100232,85.246,39.1113,145.935,0.00426733
906.00,138.776,102.531,191.793,0.00777518,183.923,92.438,255.795,0.00878692,77.4714,34.156,110.262,0.00507276,97.0018,31.4071,139.011,0.00485581
907.55,141.201,84.9385,195.912,0.00791107,213.875,126.561,294.01,0.0102179,117.762,78.8956,160.765,0.00771097,187.976,156.69,232.335,0.0094099
909.10,143.824,92.0257,193.036,0.00805802,272.615,178.077,353.877,0.0130242,129.976,96.8228,169.924,0.00851075,159.827,121.847,195.666,0.00800078
910.65,184.121,136.344,223.724,0.0103157,287.197,189.335,363.466,0.0137209,160.561,125.807,197.339,0.0105134,126.1,78.1957,177.115,0.00631246
912.20,252.105,184.435,327.483,0.0141247,293.662,196.572,368.774,0.0140297,223.224,184.761,289.485,0.0146165,189.868,161.151,251.772,0.00950462
913.75,230.242,161.586,318.202,0.0128997,589.514,399.852,686.827,0.0281641,157.071,111.863,207.507,0.0102849,195.194,152.846,236.715,0.00977119
915.30,191.224,140.62,260.894,0.0107137,762.256,549.223,877.652,0.0364169,203.47,164.85,241.059,0.013323,184.531,149.408,238.742,0.00923743
916.85,181.255,127.345,250.591,0.0101551,995.733,728.859,1097.35,0.0475713,257.891,222.979,304.981,0.0168865,192.9,154.55,238.717,0.0096564
918.40,208.775,139.671,304.112,0.011697,1205.83,948.552,1337.62,0.0576087,286.967,240.454,339.566,0.0187904,206.388,154.447,259.822,0.0103316
919.95,239.051,176.13,376.873,0.0133933,1285.65,992.69,1434.5,0.0614218,227.025,186.819,305.697,0.0148654,196.984,152.048,255.567,0.00986081
921.50,208.981,132.813,314.472,0.0117085,1251.25,956.702,1385.39,0.0597788,244.832,187.112,310.819,0.0160314,121.971,87.1016,177.653,0.00610574
923.05,273.389,194.448,375.242,0.0153172,1227.91,901.058,1350.53,0.0586633,211.651,167.616,293.454,0.0138588,198.336,168.951,236.36,0.00992848
924.60,315.893,228.949,406.703,0.0176985,1219.1,923.99,1354.04,0.0582426,211.388,158.657,287.485,0.0138415,272.606,244.923,304.561,0.0136464
926.15,277.294,184.095,373.279,0.0155359,1209.85,935.582,1331.02,0.0578007,257.626,191.553,323.083,0.0168691,218.295,177.754,276.504,0.0109276
927.70,289.264,215.839,417.055,0.0162066,1253.76,953.906,1425.78,0.0598985,185.733,132.714,273.392,0.0121616,158.908,110.239,207.764,0.00795478
929.25,241.436,164.551,351.051,0.0135269,1321.62,1031.64,1536.94,0.0631405,222.847,180.16,321.995,0.0145918,195,155.881,243.255,0.00976149
930.80,216.244,140.707,328.253,0.0121155,1305.67,1021.63,1487.02,0.0623786,240.776,186.961,332.576,0.0157658,156.077,125.184,216.159,0.00781306
932.35,215.681,130.136,359.742,0.0120839,1222.25,954.017,1385.58,0.0583933,215.916,145.349,294.194,0.014138,88.6969,46.9689,136.897,0.00444008
933.90,214.72,166.157,317.564,0.0120301,1220.07,970.962,1342.72,0.058289,206.625,141.67,306.044,0.0135296,95.8121,51.2461,156.972,0.00479626
935.45,225.239,156.437,339.77,0.0126194,1103.5,939.73,1238.96,0.0527198,274.947,187.429,350.838,0.0180033,123.186,85.3358,179.834,0.00616658
937.00,294.685,216.71,398.591,0.0165103,1104.99,944.268,1247.55,0.0527911,268.694,199.21,346.33,0.0175939,168.04,131.25,213.541,0.00841193
938.55,334.217,264.452,446.941,0.0187251,1163.4,962.662,1329.7,0.0555817,209.278,145.806,294.171,0.0137033,194.587,155.065,236.019,0.00974082
940.10,348.629,276.36,458.487,0.0195326,1203.57,1006.65,1391,0.0575005,171.786,108.202,234.552,0.0112484,187.17,138.787,239.934,0.00936952
941.65,303.199,223.302,434.095,0.0169873,1221.76,1032.16,1385.6,0.0583696,288.217,196.923,342.885,0.0188722,105.544,53.9067,159.593,0.00528343
943.20,210.36,138.532,312.837,0.0117858,1165.3,935.602,1321.17,0.0556725,226.343,161.972,268.1,0.0148208,155.431,94.5915,209.094,0.00778073
944.75,253.045,185.983,348.011,0.0141773,1125.56,822.829,1240.08,0.0537738,206.313,143.708,261.811,0.0135092,177.328,123.612,220.23,0.00887688
946.30,295.403,219.659,367.808,0.0165505,1109.66,836.47,1258,0.0530141,213.624,152.669,273.572,0.0139879,171.345,129.928,216.192,0.00857733
947.85,149.592,85.6085,251.262,0.0083812,1173.87,916.398,1325.03,0.0560817,194.34,152.966,270.111,0.0127252,171.046,122.385,228.431,0.0085624
949.40,195.608,86.2615,258.863,0.0109593,1030.93,834.702,1202.95,0.0492527,179.382,129.641,253.6,0.0117458,130.532,97.2978,182.673,0.00653429
950.95,247.697,179.054,329.818,0.0138777,946.475,692.527,1079.89,0.0452179,130.432,79.3325,197.734,0.00854056,172.068,137.399,217.102,0.00861353
952.50,266.639,197.288,346.438,0.014939,880.656,658.965,1017.2,0.0420734,192.208,150.26,246.397,0.0125856,182.847,137.376,210.716,0.00915312
954.05,231.453,176.356,337.438,0.0129676,868.94,673.65,1069.66,0.0415137,280.105,237.193,337.541,0.018341,159.48,108.794,218.583,0.0079834
955.60,293.018,215.309,376.638,0.0164169,874.426,629.84,1013.77,0.0417758,163.678,98.3183,231.426,0.0107175,194.725,152.377,270.25,0.00974773
957.15,253.592,162.491,347.851,0.014208,852.721,675.959,983.553,0.0407388,140.873,87.4519,201.895,0.00922426,168.266,127.898,224.165,0.00842321
958.70,251.974,189.613,336.776,0.0141173,792.417,595.415,925.039,0.0378578,111.519,62.2437,149.596,0.00730217,191.84,153.45,231.257,0.00960333
960.25,233.759,171.193,315.753,0.0130968,710.578,446.944,819.093,0.0339479,128.906,72.7065,169.314,0.00844064,173.324,129.358,222.269,0.00867642
961.80,159.992,92.3354,252.429,0.00896384,649.262,375.345,757.044,0.0310186,176.926,137.456,220.15,0.011585,99.9652,68.3383,154.485,0.00500416
963.35,118.237,62.4806,222.964,0.00662444,777.679,484.472,904.729,0.0371537,115.549,84.2727,171.787,0.00756607,105.85,55.0682,171.099,0.00529874
964.90,130.032,86.0452,227.205,0.00728529,709.671,492.01,829.367,0.0339046,67.2566,41.3752,132.207,0.0044039,103.08,68.4367,156.79,0.00516008
966.45,108.258,60.8902,219.374,0.00606536,685.555,426.297,798.226,0.0327525,112.205,73.1019,147.871,0.0073471,75.7333,35.0725,120.157,0.00379113
968.00,112.756,65.0869,223.209,0.00631736,650.712,451.669,739.457,0.0310878,142.091,93.2414,186.442,0.00930402,68.2266,28.5055,121.282,0.00341536
969.55,153.863,90.0834,241.738,0.00862048,484.925,371.707,629.525,0.0231673,110.547,58.5708,155.043,0.00723849,131.507,92.9457,183.46,0.00658313
971.10,125.056,58.3241,199.99,0.00700652,448.168,353.816,601.913,0.0214112,159.791,116.094,218.608,0.010463,198.496,160.437,266.495,0.00993651
972.65,68.1634,24.7571,150.142,0.00381898,441.952,309.455,564.146,0.0211143,172.48,138.357,217.202,0.0112939,97.8487,56.9562,147.74,0.00489821
974.20,81.3149,27.1644,136.988,0.00455582,411.314,274.695,533.326,0.0196506,174.119,129.125,217.1,0.0114012,63.5978,28.6826,108.922,0.00318364
975.75,111.292,66.9802,169.581,0.00623532,287.398,196.709,361.256,0.0137305,148.247,99.887,189.742,0.0097071,103.273,55.1596,149.847,0.00516976
977.30,135.528,93.9003,194.744,0.00759323,105.507,41.0184,230.034,0.00504061,81.4501,23.8576,129.979,0.00533328,109.524,64.7699,167.82,0.00548266
978.85,117.097,61.0969,161.658,0.00656056,214.922,136.33,308.884,0.0102679,133.707,95.592,185.986,0.00875501,131.841,89.7052,173.067,0.00659985
980.40,114.506,71.1818,173.004,0.00641542,211.31,135.798,283.628,0.0100953,118.958,76.7505,155.765,0.00778926,146.379,104.105,183.664,0.00732759
981.95,126.022,73.0978,174.586,0.0070606,189.798,130.982,284.448,0.00906761,133.416,89.2519,175.854,0.00873599,186.171,153.776,223.588,0.00931952
983.50,156.324,93.2096,206.192,0.00875835,165.91,108.443,259.487,0.00792638,173.316,135.145,223.671,0.0113486,207.836,179.192,262.048,0.0104041
985.05,201.59,141.569,266.158,0.0112944,92.3947,-12.2739,160.452,0.00441416,212.498,170.186,261.415,0.0139142,147.324,103.891,191.865,0.0073749
986.60,158.378,110.467,242.72,0.00887345,135.126,46.8991,237.4,0.00645564,218.502,177.213,263.207,0.0143073,247.891,210.33,285.724,0.0124092
988.15,205.812,127.988,285.33,0.011531,212.252,137.28,299.744,0.0101404,207.42,178.067,249.115,0.0135817,185.535,150.53,220.635,0.0092877
989.70,213.084,161.386,298.437,0.0119385,201.128,108.831,306.852,0.0096089,195.891,160.276,250.994,0.0128268,145.463,114.595,186.941,0.00728171
991.25,204.313,125.93,303.24,0.011447,95.9423,25.9252,191.503,0.00458365,195.547,155.774,244.013,0.0128043,203.789,166.043,247.213,0.0102015
992.80,253.953,155.676,344.974,0.0142282,62.3622,-8.58392,169.741,0.00297936,201.023,163.583,243.707,0.0131628,283.227,239.668,328.572,0.0141781
994.35,268.617,142.415,377.756,0.0150498,25.7206,-35.6889,131.865,0.0012288,214.928,180.886,256.797,0.0140733,272.393,229.93,310.626,0.0136357
995.90,205.333,59.262,315.624,0.0115042,-20.575,-82.4871,74.4028,-0.000982974,209.76,176.191,240.891,0.0137349,244.419,215.448,295.101,0.0122354
997.45,185.048,43.7894,306.6,0.0103677,-4.99845,-76.7515,55.8022,-0.000238801,205.286,163.445,244.227,0.013442,207.196,173.269,267.528,0.010372
999.00,259.062,131.64,369.627,0.0145144,38.7726,-34.0859,134.794,0.00185236,224.102,188.094,261.376,0.014674,180.159,128.114,224,0.00901856
1000.55,184.884,49.2935,287.521,0.0103585,-46.1302,-119.321,83.9944,-0.00220387,227.632,191.371,281.178,0.0149052,227.74,172.95,270.721,0.0114004
1002.10,191.037,96.5873,292.622,0.0107032,-20.7388,-95.8656,122.194,-0.000990797,224.859,170.359,247.677,0.0147235,324.909,271.612,366.313,0.0162646
1003.65,113.709,14.894,195.785,0.00637075,26.9616,-27.8226,133.141,0.00128809,224.947,191.909,263.593,0.0147293,263.638,220.368,299.269,0.0131975
1005.20,55.0242,1.99659,126.329,0.00308283,69.1016,4.10118,195.81,0.00330134,217.451,176.604,257.148,0.0142385,125.622,97.0027,157.98,0.00628853
1006.75,102.667,42.6094,166.128,0.00575213,123.389,10.312,205.21,0.00589493,149.095,111.346,190.223,0.00976261,35.1262,-0.96865,79.3406,0.00175838
1008.30,121.266,64.9221,178.216,0.00679417,156.547,78.2982,257.581,0.00747902,155.146,106.722,200.315,0.0101589,163.465,131.049,205.057,0.0081829
1009.85,172.042,121.757,237.975,0.00963898,142.482,67.327,274.523,0.00680711,124.407,86.42,151.402,0.00814604,172.494,127.92,219.093,0.00863487
1011.40,169.212,124.53,232.352,0.00948041,161.049,86.7278,263.097,0.00769415,107.799,70.3375,136.928,0.00705857,133.98,98.332,188.546,0.0067069
1012.95,173.363,131.883,242.977,0.00971301,241.01,163.877,336.966,0.0115143,100.518,68.7546,127.944,0.00658185,151.765,116.275,186.252,0.00759722
1014.50,227.975,191.075,316.849,0.0127727,313.163,226.589,409.473,0.0149614,105.348,67.5962,143.419,0.0068981,242.851,202.789,274.475,0.0121569
1016.05,181.363,126.59,235.347,0.0101612,329.9,218.35,449.057,0.015761,95.2965,57.7048,138.272,0.00623993,209.412,163.033,246.506,0.010483
1017.60,139.882,105.514,196.417,0.00783715,338.279,254.969,438.786,0.0161613,18.9656,-19.2163,68.6969,0.00124185,64.8229,23.7049,105.584,0.00324497
1019.15,126.881,97.5177,171.935,0.00710875,361.564,292.788,442.385,0.0172737,48.1457,14.9671,80.6545,0.00315254,91.4002,55.9607,122.117,0.0045754
1020.70,89.1726,57.1654,133.928,0.00499606,376.647,279.909,450.233,0.0179944,78.2707,45.1151,113.516,0.0051251,134.625,105.948,180.096,0.00673917
1022.25,15.0658,-29.4263,72.5858,0.000844089,373.598,259.385,481.241,0.0178487,48.2345,11.3587,94.2775,0.00315835,71.8098,28.7483,106.826,0.00359473
1023.80,84.7924,33.8661,140.142,0.00475065,338.253,228.542,438.856,0.0161601,95.2658,57.0721,135.246,0.00623792,86.0488,41.322,122.646,0.00430751
1025.35,58.2054,11.1755,116.958,0.00326107,254.46,148.52,344.03,0.0121568,58.028,32.9206,90.7298,0.00379962,115.545,77.4784,149.876,0.00578404
1026.90,69.3638,16.1299,121.504,0.00388624,333.163,189.169,434.638,0.0159169,57.4029,29.9208,95.3287,0.00375869,91.3799,61.2489,133.649,0.00457438
1028.45,72.8806,30.5143,149.753,0.00408327,519.212,323.699,589.93,0.0248054,69.8237,33.4044,107.699,0.004572,68.2239,34.4267,103.771,0.00341522
1030.00,30.902,-18.1716,102.671,0.00173134,548.517,383.438,660.002,0.0262055,35.0582,3.60037,88.3701,0.00229558,73.31,39.4024,116.167,0.00366982
1031.55,13.461,-35.8869,83.9059,0.000754177,489.049,342.963,578.502,0.0233644,-25.1988,-60.6818,3.57872,-0.00164999,54.2986,19.7432,82.4426,0.00271813
1033.10,159.628,119.356,213.858,0.00894344,542.381,388.213,659.358,0.0259123,25.9504,-1.21558,64.2159,0.00169921,73.9392,40.2022,109.91,0.00370132
1034.65,149.321,113.781,211.158,0.008366,553.654,402.106,660.051,0.0264509,79.8187,44.7189,115.66,0.00522646,70.9208,27.7002,110.967,0.00355022
1036.20,107.179,61.3795,163.452,0.0060049,532.098,372.449,654.281,0.025421,85.7558,55.4709,122.243,0.00561522,43.2109,-1.3641,79.4807,0.00216309
1037.75,166.031,116.949,240.803,0.00930221,525.699,383.526,630.877,0.0251153,52.2412,13.3643,81.9118,0.00342071,4.43173,-31.7648,70.4404,0.000221848
1039.30,104.418,40.3416,170.537,0.0058502,425.384,297.555,560.795,0.0203228,78.1569,42.6501,121.392,0.00511765,65.7567,25.681,113.978,0.00329172
1040.85,68.9238,17.1739,128.16,0.00386159,491.248,337.147,611.489,0.0234694,-1.29114,-24.2379,35.1519,-8.4543e-05,61.1083,25.1417,90.1338,0.00305902
1042.40,59.0811,10.4802,131.871,0.00331013,524.826,380.973,622.799,0.0250736,-11.6938,-37.8223,11.2062,-0.000765701,84.7373,57.2442,121.266,0.00424186
1043.95,92.7632,50.0292,169.07,0.00519723,543.781,366.212,627.601,0.0259792,7.67772,-19.1197,34.4922,0.00050273,107.627,74.7148,137.951,0.00538768
1045.50,185.675,122.141,251.154,0.0104028,541.696,413.9,649.871,0.0258796,26.4286,-10.5607,77.8359,0.00173052,82.2067,41.5482,116.997,0.00411519
1047.05,127.336,83.4964,203.052,0.00713423,572.47,407.053,698.479,0.0273498,56.2419,14.5724,98.0271,0.00368267,58.927,12.6218,92.8402,0.00294983
1048.60,104.454,62.621,172.163,0.00585223,565.019,403.316,652.254,0.0269938,149.309,111.808,176.469,0.00977665,83.0487,51.0065,123.3,0.00415733
1050.15,90.4573,51.3181,148.315,0.00506804,563.106,393.578,658.559,0.0269024,125.596,97.8832,153.057,0.00822395,74.8385,42.299,106.713,0.00374634
1051.70,115.024,65.1252,169.122,0.00644442,605.398,438.766,702.038,0.0289229,113.942,71.5036,144.818,0.00746083,56.5104,10.3975,87.7505,0.00282885
1053.25,156.815,98.3118,218.646,0.00878584,684.005,519.069,769.588,0.0326784,169.012,124.437,207.632,0.0110668,50.0733,14.8774,92.778,0.00250662
1054.80,130.778,62.9579,233.872,0.00732708,613.342,451.103,708.682,0.0293025,87.8808,37.4585,126.905,0.00575436,127.569,83.956,166.469,0.00638599
1056.35,124.657,66.4376,203.291,0.00698416,625.85,454.773,738.019,0.0299001,46.3993,20.7158,75.4812,0.00303819,71.2753,39.3342,107.966,0.00356797
1057.90,162.613,114.283,251.929,0.00911071,649.274,521.983,769.989,0.0310191,65.9461,27.733,102.119,0.00431809,23.8778,-6.68001,54.1993,0.0011953
1059.45,184.836,139.557,247.087,0.0103558,602.144,473.339,724.032,0.0287675,115.255,73.1096,146.421,0.00754682,-18.0844,-44.9312,16.5141,-0.000905286
1061.00,188.214,124.64,267.711,0.0105451,518.762,381.076,619.041,0.0247839,123.065,90.3041,154.041,0.00805819,-13.7667,-40.845,18.6922,-0.000689146
1062.55,239.035,173.867,344.24,0.0133924,674.298,503.555,768.996,0.0322147,29.4393,-19.5253,73.7624,0.00192766,171.333,139.382,203.647,0.00857674
1064.10,241.698,169.07,338.221,0.0135416,603.318,452.696,708.597,0.0288236,85.8831,44.3434,124.981,0.00562355,102.108,83.1799,148.426,0.00511142
1065.65,273.076,215.955,443.733,0.0152996,643.054,495.488,856.469,0.030722,99.9692,58.0421,131.656,0.00654589,149.643,97.8535,202.937,0.00749098
1067.20,298.217,252.671,444.423,0.0167082,707.597,508.593,878.836,0.0338055,103.281,58.065,134.393,0.00676277,128.116,98.1356,156.503,0.00641335
1068.75,323.547,245.74,473.01,0.0181273,780.867,565.015,878.623,0.037306,106.378,66.9122,132.878,0.00696551,109.422,80.8825,146.256,0.00547754
1070.30,349.227,265.991,459.996,0.0195661,728.685,513.752,851.799,0.034813,3.27209,-41.5107,45.4121,0.000214254,-4.05764,-47.9254,40.2132,-0.000203122
1071.85,313.122,253.951,443.777,0.0175433,675.147,472.732,805.729,0.0322552,54.8804,21.9654,100.517,0.00359352,121.09,85.6938,157.373,0.00606166
1073.40,338.925,288.148,470.955,0.0189889,659.787,479.834,787.584,0.0315214,108.719,85.2211,146.105,0.0071188,103.107,77.4015,134.025,0.00516142
1074.95,348.936,293.115,458.99,0.0195498,656.819,535.95,782.112,0.0313796,102.81,66.2526,136.15,0.00673193,114.107,73.0042,137.66,0.0057121
1076.50,480.579,421.811,587.272,0.0269253,607.29,367.906,743.176,0.0290133,39.022,-27.2402,105.52,0.00255513,268.649,167.851,333.924,0.0134483
1078.05,469.355,406.344,582.004,0.0262965,650.356,423.544,751.671,0.0310708,119.286,57.4248,169.539,0.00781076,260.188,148.966,312.552,0.0130248
1079.60,529.017,439.252,635.659,0.0296392,668.371,402.722,826.234,0.0319315,144.824,102.642,192.511,0.00948293,280.639,212.936,337.956,0.0140485
1081.15,303.907,238.048,399.741,0.017027,820.001,562.191,976.896,0.0391756,173.3,140.666,204.397,0.0113475,181.177,147.588,217.738,0.00906953
1082.70,281.798,222.857,367.595,0.0157882,851.881,613.835,1012.5,0.0406987,111.482,80.4656,147.621,0.00729972,167.301,131.268,196.292,0.00837494
1084.25,296.454,229.368,367.735,0.0166094,806.999,559.634,932.33,0.0385544,49.9291,-1.0475,80.9423,0.00326932,132.715,100.881,159.209,0.00664359
1085.80,178.549,115.626,252.819,0.0100035,712.406,533.935,859.227,0.0340352,55.5876,23.0263,104.867,0.00363983,55.4679,15.0873,96.2015,0.00277667
1087.35,127.08,86.3336,186.113,0.00711989,572.553,386.521,700.388,0.0273538,141.289,100.764,182.656,0.00925148,86.1992,51.3077,129.131,0.00431505
1088.90,115.651,81.0917,169.846,0.00647955,445.907,311.829,574.456,0.0213032,126.844,98.2472,167.323,0.00830566,119.831,87.4963,164.235,0.00599864
1090.45,54.7773,13.0332,101.243,0.003069,319.988,179.924,454.29,0.0152875,111.777,81.6161,145.387,0.00731906,142.863,104.99,187.431,0.00715157
1092.00,20.66,-12.4647,63.8681,0.00115751,240.948,125.829,387.053,0.0115113,112.79,74.1718,150.158,0.00738541,139.653,99.786,166.947,0.00699087
1093.55,51.7114,5.58516,90.6966,0.00289723,334.324,177.611,475.97,0.0159724,112.746,71.7548,161.433,0.00738252,116.779,77.7903,157.079,0.00584583
1095.10,-27.3985,-65.2759,16.9011,-0.00153505,367.303,204.341,487.54,0.0175479,65.3112,17.4093,108.282,0.00427652,145.215,107.579,185.004,0.00726933
1096.65,2.05532,-32.303,33.3252,0.000115153,219.694,101.667,319.778,0.0104959,63.7912,27.4371,114.365,0.00417699,44.7229,5.73028,81.8629,0.00223878
1098.20,82.0175,48.176,117.51,0.00459519,183.115,96.0887,298.082,0.00874833,76.4764,42.3306,108.316,0.00500761,83.615,53.1546,123.779,0.00418568
1099.75,109.712,78.0847,144.576,0.00614682,220.723,121.028,352.223,0.0105451,106.709,67.2252,135.334,0.00698718,96.106,66.6723,132.876,0.00481097
1101.30,71.5783,29.1193,109.145,0.00401031,202.612,109.521,343.085,0.0096798,156.583,108.392,184.258,0.0102529,56.8997,17.6952,91.385,0.00284834
1102.85,72.61,26.784,125.762,0.00406811,121.518,37.8904,247.829,0.00580551,158.228,118.541,212.903,0.0103606,111.494,70.0877,151.968,0.00558127
1104.40,95.5219,67.8004,131.097,0.0053518,205.249,128.224,285.318,0.00980579,159.04,115.982,209.553,0.0104138,113.618,74.1713,138.411,0.00568758
1105.95,43.93,0.837805,81.8191,0.00246126,123.877,59.758,186.914,0.00591823,95.7911,51.7459,128.291,0.00627232,67.4958,29.7852,103.285,0.00337877
1107.50,24.0624,-13.9925,50.5086,0.00134814,72.6921,11.9951,127.382,0.00347287,72.7055,42.885,112.274,0.00476069,73.5321,24.7565,113.645,0.00368094
1109.05,18.0034,-4.81679,54.7154,0.00100868,66.4351,6.96845,130.771,0.00317394,90.5037,58.4693,134.296,0.00592611,110.974,72.6177,155.722,0.00555523
1110.60,-9.46419,-48.9738,40.3788,-0.000530249,51.685,-10.2231,107.785,0.00246926,45.1152,20.5813,107.799,0.0029541,127.839,84.5907,165.767,0.00639951
1112.15,48.5395,-1.80293,103.268,0.00271952,97.2367,27.7332,177.235,0.00464549,18.399,-12.8066,79.4648,0.00120475,87.3966,39.6425,136.733,0.00437499
1113.70,23.1369,-15.5571,58.5773,0.00129629,-17.0869,-81.3628,71.8446,-0.000816328,79.7625,40.3485,132.669,0.00522278,161.863,120.04,201.07,0.00810271
1115.25,5.2611,-37.5423,63.8318,0.000294763,15.1262,-47.8472,87.1768,0.000722656,127.053,86.403,173.53,0.0083193,127.071,92.21,151.698,0.00636106
1116.80,53.2057,8.46141,104.986,0.00298095,42.9992,1.47504,129.452,0.00205429,132.923,101.697,169.883,0.00870366,106.306,60.5325,147.877,0.00532155
1118.35,122.941,70.8891,180.309,0.00688802,-3.00601,-57.2532,77.5778,-0.000143613,101.328,64.1959,143.196,0.00663484,159.32,121.805,199.954,0.0079754
1119.90,99.1179,50.9225,162.052,0.00555327,-7.76366,-73.0451,70.1055,-0.000370909,82.5487,28.3259,157.309,0.00540522,63.133,23.8208,109.753,0.00316037
1121.45,55.1912,4.00609,113.246,0.00309219,-28.3084,-96.8118,30.4011,-0.00135244,118.669,92.1201,178.367,0.00777034,33.8245,-4.65919,69.8575,0.00169322
1123.00,97.5777,40.9327,154.31,0.00546697,-6.6621,-62.3336,62.9861,-0.000318282,130.755,100.09,180.505,0.0085617,15.5294,-13.3376,50.3287,0.000777386
1124.55,101.9,52.9143,168.85,0.00570917,89.344,43.3609,146.346,0.00426842,178.117,139.449,227.891,0.0116629,9.84685,-18.2795,53.1993,0.000492924
1126.10,82.3042,28.2049,134.252,0.00461125,215.413,154.721,259.721,0.0102914,213.586,172.202,277.021,0.0139854,35.446,-8.34649,74.7542,0.00177439
1127.65,132.26,66.7519,233.474,0.00741012,252.33,184.653,332.801,0.0120551,117.287,65.4951,196.28,0.00767982,132.956,71.8317,182.765,0.00665563
1129.20,208.346,125.94,298.183,0.011673,194.93,121.509,270.389,0.00931282,193.244,147.166,258.905,0.0126535,157.936,111.022,214.18,0.00790611
1130.75,199.039,120.239,277.799,0.0111515,302.09,212.416,362.738,0.0144324,218.082,158.858,297.568,0.0142798,130.931,80.6056,169.354,0.00655428
1132.30,244.626,169.208,346.124,0.0137057,300.159,217.268,384.133,0.0143401,271.211,195.891,358.886,0.0177587,128.05,81.421,160.851,0.00641005
1133.85,287.392,209.643,401.043,0.0161017,275.005,188.162,373.474,0.0131384,318.832,242.694,391.255,0.0208769,160.071,114.982,213.562,0.00801299
1135.40,264.638,190.423,393.528,0.0148268,338.196,226.272,438.507,0.0161574,325.508,259.518,402.928,0.021314,207.868,165.354,266.812,0.0104057
1136.95,252.283,175.72,365.997,0.0141346,360.565,269.13,455.82,0.017226,281.474,211.019,381.063,0.0184307,137.424,80.6795,196.929,0.00687929
1138.50,289.221,230.777,399.843,0.0162041,312.957,195.892,377.514,0.0149516,270.816,178.619,359.938,0.0177328,146.367,105.348,201.2,0.00732697
1140.05,291.773,214.094,417.004,0.0163471,317.959,218.099,404.19,0.0151905,297.443,193.425,401.158,0.0194763,160.147,121.899,216.558,0.00801681
1141.60,250.796,165.921,385.899,0.0140513,389.863,267.374,483.093,0.0186257,334.876,237.435,419.021,0.0219274,206.576,158.029,275.212,0.010341
1143.15,224.759,108.92,316.673,0.0125925,408.687,282.263,510.285,0.0195251,358.268,275.929,463.872,0.0234591,235.244,188.857,301.612,0.0117761
1144.70,184.473,77.9593,314.544,0.0103355,347.463,270.544,448.141,0.0166001,413.402,332.334,487.478,0.0270692,166.303,133.626,223.382,0.00832495
1146.25,173.918,86.8454,275.415,0.0097441,316.454,217.81,414.925,0.0151186,330.081,253.281,450.592,0.0216134,92.7616,39.5599,154.911,0.00464355
1147.80,183.631,102.189,303.418,0.0102883,405.355,299.802,499.765,0.0193659,324.676,230.582,425.994,0.0212595,97.1176,47.1546,153.847,0.00486161
1149.35,231.103,126.311,345.532,0.012948,414.431,309.93,517.891,0.0197995,336.697,242.256,424.874,0.0220466,131.475,85.101,192.601,0.0065815
1150.90,250.876,153.359,377.52,0.0140558,419.254,283.101,523.443,0.0200299,338.096,242.124,428.62,0.0221382,198.375,126.611,255.89,0.00993044
1152.45,246.334,158.938,393.696,0.0138013,442.705,307.501,567.573,0.0211503,329.102,232.351,437.541,0.0215493,237.957,196.875,336.744,0.0119119
1154.00,375.401,304.033,514.749,0.0210325,466.169,360.373,615.753,0.0222712,323.018,259.257,419.478,0.021151,229.595,178.029,320.21,0.0114933
1155.55,310.862,233.925,385.609,0.0174167,377.877,235.828,513.168,0.0180531,305.417,221.361,407.075,0.0199985,266.134,202.762,329.351,0.0133224
1157.10,304.903,219.496,407.535,0.0170828,458.471,333.446,571.749,0.0219035,334.752,241.304,426.366,0.0219193,235.334,189.395,321.46,0.0117806
1158.65,291.888,210.449,389.818,0.0163536,603.767,469.533,696.846,0.028845,349.012,276.368,449.186,0.022853,192.551,132.673,262.682,0.00963889
1160.20,261.331,180.366,346.698,0.0146416,638.973,517.877,740.241,0.030527,357.803,282.465,434.65,0.0234287,183.797,128.587,259.796,0.00920071
1161.75,254.885,167.351,330.891,0.0142804,611.07,494.961,746.333,0.0291939,335.444,269.32,451.231,0.0219646,260.605,197.938,350.941,0.0130456
1163.30,302.05,207.812,385.392,0.0169229,665.073,449.89,774.052,0.0317739,185.203,122.744,279.442,0.012127,148.199,99.1884,230.803,0.00741868
1164.85,292.103,207.869,376.955,0.0163656,589.403,411.363,747.156,0.0281588,191.679,126.266,305.452,0.012551,184.483,124.737,229.23,0.00923504
1166.40,307.949,217.83,396.345,0.0172535,611.38,464.804,753.826,0.0292087,263.197,185.301,340.107,0.0172339,171.235,106.291,242.755,0.00857186
1167.95,331.496,238.471,416.832,0.0185727,629.988,467.735,765.07,0.0300977,285.426,221.447,357.077,0.0186895,179.524,114.036,247.115,0.00898677
1169.50,356.204,266.101,463.325,0.019957,563.977,404.46,678.755,0.0269441,214.187,149.548,297.293,0.0140248,186.746,130.34,261.798,0.0093483
1171.05,394.263,280.924,517.206,0.0220893,512.472,356.694,585.519,0.0244834,98.2035,6.42996,222.435,0.00643028,125.676,77.6238,174.004,0.0062912
1172.60,430.051,350.899,584.093,0.0240944,541.028,359.885,672.267,0.0258477,218.433,160.577,292.074,0.0143028,111.741,63.336,174.139,0.00559362
1174.15,534.039,437.477,685.086,0.0299206,612.63,440.439,771.99,0.0292685,221.032,173.28,301.528,0.014473,72.641,32.6789,129.066,0.00363634
1175.70,501.692,419.542,639.517,0.0281082,603.93,424.639,719.192,0.0288528,146.572,99.3533,217.893,0.00959739,68.9658,16.9075,125.078,0.00345236
1177.25,432.806,352.949,572.776,0.0242488,495.286,323.225,591.646,0.0236623,119.474,58.3498,189.053,0.00782308,113.525,75.4313,174.726,0.00568297
1178.80,414.007,337.439,574.838,0.0231955,401.325,280.156,533.871,0.0191733,172.308,118.12,235.753,0.0112826,212.222,158.478,268.105,0.0106236
1180.35,452.163,363.409,622.038,0.0253333,512.433,379.238,601.816,0.0244815,209.761,151.762,275.921,0.0137349,146.769,74.5845,192.783,0.00734712
1181.90,472.308,361.093,638.23,0.0264619,370.138,227.99,539.039,0.0176834,153.007,100.081,220.695,0.0100188,268.433,215.748,324.183,0.0134375
1183.45,494.516,411.945,668.276,0.0277062,486.473,305.231,588.285,0.0232413,137.499,97.4972,192.941,0.00900329,241.643,202.667,306.874,0.0120964
1185.00,459.995,398.372,606.55,0.0257721,506.412,357.4,648.601,0.0241939,158.574,115.441,207.699,0.0103833,228.943,174.827,289.21,0.0114606
1186.55,399.583,327.408,553.386,0.0223874,471.786,284.351,603.325,0.0225396,185.625,140.043,233.213,0.0121545,245.286,208.454,311.174,0.0122788
1188.10,383.701,308.394,547.466,0.0214976,471.145,307.408,554.047,0.022509,216.901,168.226,292.837,0.0142025,267.544,219.416,340.476,0.013393
1189.65,556.482,467.92,707.858,0.0311779,528.461,336.807,605.747,0.0252473,173.124,126.268,238.811,0.011336,221.507,165.275,303.876,0.0110884
1191.20,480.646,408.69,635.294,0.0269291,527.522,340.535,649.729,0.0252024,106.301,57.0137,169.283,0.00696049,204.841,167.252,277.398,0.0102541
1192.75,397.47,321.188,566.905,0.022269,509.282,301.487,626.989,0.024331,103.54,68.5214,157.754,0.00677968,199.411,166.63,245.191,0.00998232
1194.30,274.252,213.017,419.221,0.0153655,450.137,269.873,560.751,0.0215053,156.682,116.15,187.335,0.0102594,132.787,94.8152,189.607,0.0066472
1195.85,179.398,110.491,292.957,0.0100511,392.778,262.429,482.331,0.018765,174.53,144.587,221.206,0.0114281,103.945,63.0227,164.029,0.00520339
1197.40,213.381,107.587,303.67,0.0119551,365.616,245.553,510.595,0.0174673,140.973,112.702,199.655,0.00923079,193.708,161.907,256.948,0.00969681
1198.95,181.806,117.771,240.211,0.0101861,288.688,183.754,400.826,0.0137921,89.0438,64.8721,160.259,0.00583051,24.5794,-30.9986,70.2313,0.00123042
1200.50,67.5207,7.15068,116.477,0.00378298,280.244,189.735,375.143,0.0133887,41.6124,8.96103,80.6822,0.00272474,132.983,101.243,176.808,0.00665701
1202.05,50.9881,2.09186,112.79,0.00285671,222.139,155.316,296.25,0.0106127,40.7957,6.60105,85.1205,0.00267127,130.022,90.7196,173.553,0.00650875
1203.60,34.1781,-2.09169,100.269,0.00191489,170.329,125.393,246.04,0.00813748,99.7418,73.2366,137.91,0.00653101,73.5076,31.4569,128.488,0.00367972
1205.15,43.1252,-17.0946,83.9009,0.00241617,139.921,81.8184,222.133,0.00668474,147.323,118.244,185.046,0.0096466,63.499,16.5522,99.5982,0.0031787
1206.70,117.887,72.1834,186.094,0.00660485,125.127,64.0977,181.669,0.00597797,91.5175,51.2765,136.782,0.00599249,108.305,64.5045,148.288,0.00542164
1208.25,159.929,116.707,222.693,0.00896033,191.515,131.703,269.147,0.00914965,165.169,105.055,198.065,0.0108151,194.618,154.014,236.563,0.00974239
1209.80,156.027,127.762,200.268,0.00874168,129.229,65.7103,169.544,0.00617393,143.998,109.318,190.574,0.00942888,160.296,114.498,199.711,0.00802428
1211.35,153.708,130.018,204.515,0.00861178,142.128,80.7182,203.876,0.00679019,94.1829,68.8448,136.317,0.00616702,134.331,104.484,172.12,0.0067245
1212.90,196.206,152.762,240.977,0.0109928,210.706,146.533,275.289,0.0100665,108.82,72.935,133.233,0.00712547,118.809,85.3841,143.253,0.00594747
1214.45,252.236,196.9,300.723,0.014132,201.976,150.635,285.052,0.00964941,148.984,99.7458,193.337,0.00975536,114.347,76.8609,148.239,0.00572409
1216.00,222.502,173.523,303.622,0.0124661,120.314,43.2109,214.05,0.005748,90.4899,44.6614,143.492,0.0059252,181.48,136.554,227.905,0.00908468
1217.55,188.975,139.095,258.541,0.0105877,139.071,49.0802,191.718,0.00664413,178.667,126.524,231.92,0.011699,211.352,162.792,249.862,0.0105801
1219.10,230.442,183.764,298.717,0.012911,222.552,155.327,279.615,0.0106325,218.375,177.39,262.19,0.014299,179.758,147.615,228.591,0.00899852
1220.65,223.407,182.321,275.896,0.0125168,273.183,213.068,335.363,0.0130513,278.227,235.526,327.004,0.0182181,184.98,149.178,219.069,0.00925991
1222.20,214.85,170.645,263.421,0.0120374,270.653,214.068,355.464,0.0129305,273.789,229.998,327.176,0.0179275,185.49,166.239,226.703,0.00928546
1223.75,252.401,200.903,311.849,0.0141412,305.581,227.32,373.411,0.0145992,235.501,191.529,273.027,0.0154204,195.033,150.967,215.425,0.00976314
1225.30,340.069,294.428,427.532,0.019053,354.046,290.577,431.794,0.0169146,259.704,229.156,313.546,0.0170052,157.179,116.302,207.703,0.00786821
1226.85,247.344,176.258,334.072,0.0138579,406.338,307.543,478.517,0.0194128,181.832,135.141,234.764,0.0119062,231.486,199.926,269.504,0.011588
1228.40,348.016,288.697,451.137,0.0194983,484.632,407.607,581.674,0.0231533,195.854,143.794,245.049,0.0128244,121.018,78.4573,160.836,0.00605804
1229.95,384.6,320.093,494.679,0.021548,489.529,417.133,588.524,0.0233873,244.817,210.011,287.755,0.0160304,181.92,146.094,216.829,0.00910671
1231.50,385.09,321.427,508.627,0.0215754,535.589,441.589,625.692,0.0255878,282.522,238.65,326.659,0.0184993,209.019,174.403,240.084,0.0104633
1233.05,371.632,308.998,475.99,0.0208214,603.438,510.43,674.75,0.0288293,287.968,237.899,331.529,0.0188559,171.347,123.68,204.683,0.00857745
1234.60,332.404,226.172,421.624,0.0186236,575.66,477.996,655.999,0.0275022,280.798,237.401,332.908,0.0183864,244.496,205.699,282.124,0.0122392
1236.15,312.912,259.219,410.682,0.0175315,551.139,439.864,618.61,0.0263307,298.149,260.98,347.419,0.0195226,195.265,152.821,248.202,0.00977479
1237.70,332.3,250.611,427.445,0.0186177,587.169,503.523,681.3,0.0280521,186.836,144.151,247.63,0.0122339,297.164,254.965,337.244,0.0148757
1239.25,290.381,228.806,372.17,0.0162692,584.102,468.114,665.898,0.0279055,133.956,99.2866,184.58,0.00877133,233.303,195.803,276.265,0.0116789
1240.80,235.304,178.868,323.89,0.0131833,567.47,444.653,634.322,0.0271109,175.816,133.45,218.067,0.0115123,222.533,178.297,268.259,0.0111398
1242.35,247.649,181.549,343.776,0.013875,569.316,442.892,647.337,0.0271991,249.228,198.419,294.326,0.0163192,234.184,204.663,285.22,0.011723
1243.90,311.083,212.834,409.25,0.017429,583.094,470.702,684.582,0.0278574,237.496,185.873,303.082,0.0155511,126.135,71.3471,207.119,0.00631421
1245.45,232.969,163.379,312.114,0.0130525,535.818,416.809,637.233,0.0255988,179.321,134.319,219.908,0.0117418,185.688,139.174,238.912,0.00929537
1247.00,210.875,155.771,302.041,0.0118147,652.676,521.195,761.767,0.0311817,225.92,189.583,271.534,0.014793,229.293,183.549,276.151,0.0114782
1248.55,115.48,55.7338,213.316,0.00646997,716.188,565.255,816.747,0.034216,270.711,229.152,307.38,0.0177259,212.501,169.279,252.094,0.0106376
1250.10,125.572,58.7372,194.545,0.00703543,729.683,587.184,823.313,0.0348607,221.948,190.476,268.561,0.014533,222.896,177.289,263.051,0.0111579
1251.65,191.046,124.588,291.237,0.0107037,717.403,579.629,810.779,0.034274,167.986,131.206,204.34,0.0109996,224.611,188.932,276.105,0.0112438
1253.20,214.098,132.773,294.388,0.0119953,709.832,559.907,811.415,0.0339123,182.392,136.408,259.763,0.0119429,159.318,109.229,198.125,0.00797528
1254.75,180.121,97.1506,269.9,0.0100916,735.733,595.288,873.635,0.0351497,166.355,126.516,221.164,0.0108927,213.479,164.178,254.15,0.0106865
1256.30,226.419,122.448,320.437,0.0126855,862.57,670.686,976.122,0.0412094,185.844,125.841,221.874,0.0121689,234.087,182.361,268.78,0.0117182
1257.85,284.858,203.519,397.467,0.0159597,766.993,636.926,870.669,0.0366432,232.915,188.14,269.629,0.0152511,219.939,180.958,266.627,0.0110099
1259.40,259.473,190.7,421.464,0.0145375,788.248,659.66,888.16,0.0376586,276.957,237.551,305.662,0.0181349,225.059,181.458,262.585,0.0112662
1260.95,263.266,178.862,413.121,0.01475,853.681,731.977,989.566,0.0407847,291.049,243.344,344.444,0.0190576,249.366,212.616,296.697,0.012483
1262.50,333.175,243.371,464.583,0.0186668,819.8,694.071,938.625,0.039166,281.168,224.667,335.179,0.0184106,281.59,239.461,323.836,0.0140961
1264.05,307.493,218.609,442.322,0.0172279,907.592,723.689,1032.25,0.0433603,281.441,237.845,342.032,0.0184285,247.063,207.429,312.2,0.0123677
1265.60,187.743,105.633,332.638,0.0105187,839.977,680.232,950.404,0.04013,149.097,97.7075,188.179,0.00976272,233.318,184.955,273.571,0.0116797
1267.15,234.733,169.803,397.633,0.0131514,839.777,708.785,910.05,0.0401204,214.849,167.463,265.374,0.0140681,218.326,188.31,269.889,0.0109292
1268.70,243.253,173.195,392.734,0.0136287,714.762,608.914,811.803,0.0341478,266.244,217.962,317.831,0.0174334,159.904,125.188,196.397,0.00800462
1270.25,224.025,151.307,362.775,0.0125514,687.17,563.527,774.826,0.0328296,260.874,204.09,312.046,0.0170818,134.24,89.3722,164.03,0.00671992
1271.80,232.411,159.283,332.447,0.0130213,723.135,601.599,828.835,0.0345478,193.071,154.174,249.543,0.0126421,175.412,142.17,222.711,0.00878096
1273.35,181.419,115.314,272.375,0.0101643,609.225,515.32,725.496,0.0291058,104.773,55.4372,145.963,0.00686048,192.654,158.792,231.993,0.00964407
1274.90,130.307,68.545,234.991,0.00730068,598.212,512.639,723.231,0.0285796,161.807,111.09,212.684,0.010595,204.983,153.161,251.759,0.0102612
1276.45,236.315,169.873,298.397,0.01324,487.832,376.844,579.353,0.0233062,210.592,167.836,254.396,0.0137894,152.409,119.985,197.479,0.00762943
1278.00,232.349,178.628,290.344,0.0130178,375.011,293.326,457.75,0.0179162,243.479,216.691,284.714,0.0159428,117.634,88.9221,158.616,0.00588864
1279.55,223.993,171.527,268.067,0.0125496,364.608,294.305,465.118,0.0174192,177.251,147.919,217.717,0.0116063,177.363,138.722,218.492,0.00887861
1281.10,216.562,172.72,263.498,0.0121333,420.462,329.86,516.869,0.0200876,96.252,65.8656,130.271,0.0063025,254.928,221.357,296.026,0.0127614
1282.65,158.402,104.262,239.085,0.00887479,432.25,355.341,519.714,0.0206508,159.863,128.292,209.745,0.0104677,208.34,157.776,244.421,0.0104293
1284.20,225.282,166.055,295.25,0.0126218,498.086,405.747,600.015,0.0237961,129.303,74.4015,167.173,0.00846664,123.586,79.9592,175.336,0.00618658
1285.75,141.997,64.1461,186.509,0.00795565,418.07,345.263,517.211,0.0199733,102.39,60.4913,148.789,0.00670442,194.723,156.483,234.816,0.00974765
1287.30,180.151,122.959,251.289,0.0100933,396.511,300.467,492.779,0.0189434,106.052,71.7089,151.187,0.00694418,177.888,140.746,216.855,0.0089049
1288.85,147.873,94.9798,199.167,0.00828487,262.79,176.536,316.445,0.0125548,89.1444,50.0415,131.452,0.0058371,146.436,107.405,181.061,0.00733042
1290.40,94.0117,47.2507,145.2,0.00526719,108.054,36.378,174.235,0.0051623,71.609,23.7569,115.231,0.00468889,147.543,114.701,176.504,0.00738585
1291.95,155.332,109.181,204.98,0.00870279,109.833,49.3423,170.974,0.00524726,64.4554,28.6443,117.185,0.00422048,173.828,132.476,204.165,0.00870164
1293.50,110.704,50.8531,172.087,0.00620239,157.333,68.5281,238.121,0.00751657,-3.53277,-41.7325,52.1479,-0.000231322,163.946,128.52,203.733,0.00820696
1295.05,138.447,76.3355,182.301,0.00775677,154.729,82.1513,231.572,0.00739219,90.3601,43.385,116.424,0.0059167,100.217,50.4167,143.757,0.00501676
1296.60,131.448,79.2396,179.863,0.00736463,86.7224,27.9079,161.108,0.00414317,112.513,76.8676,150.53,0.00736727,28.1195,-13.163,68.8734,0.00140763
1298.15,144.767,101.515,184.58,0.00811086,135.159,67.6404,181.858,0.00645726,71.8866,49.6995,101.012,0.00470707,51.4181,10.0677,85.0779,0.00257394
1299.70,98.8291,67.5876,142.651,0.00553709,201.818,136.644,258.848,0.0096419,55.2455,30.3261,82.7178,0.00361743,109.536,74.1623,149.367,0.00548324
1301.25,72.5499,26.1885,135.124,0.00406474,204.442,122.14,261.15,0.00976724,68.1636,33.3038,110.269,0.00446329,141.884,109.805,184.062,0.00710256
1302.80,197.273,138.846,240.8,0.0110526,114.366,30.7041,163.02,0.00546383,44.8193,-0.89804,77.5724,0.00293473,109.26,61.7798,153.273,0.00546944
1304.35,122.917,56.7947,160.989,0.00688666,50.6047,-37.3232,126.63,0.00241764,-23.0872,-56.5974,4.79306,-0.00151173,34.0126,-2.24854,82.9131,0.00170264
1305.90,215.728,165.412,260.733,0.0120866,80.9401,35.531,161.06,0.00386692,44.6508,14.5797,86.3937,0.0029237,28.9154,-8.18159,63.9682,0.00144747
1307.45,194.056,134.821,269.91,0.0108723,4.67924,-58.009,81.097,0.000223551,50.9395,14.3993,77.9425,0.00333547,42.8998,7.88508,83.2484,0.00214752
1309.00,178.878,109.059,268.278,0.010022,-12.174,-68.2929,40.9212,-0.000581614,80.1531,52.0819,105.826,0.00524836,92.7632,63.3011,126.878,0.00464363
1310.55,148.605,84.5911,265.706,0.00832589,68.5013,1.37691,127.442,0.00327266,95.395,55.7483,123.816,0.00624638,115.585,82.6793,151.417,0.00578609
1312.10,151.695,40.3248,281.647,0.008499,112.733,33.5409,189.412,0.00538583,32.6044,1.36784,73.3891,0.00213491,64.094,36.1343,100.219,0.00320848
1313.65,197.437,105.711,361.043,0.0110618,-10.5546,-93,64.7024,-0.000504248,19.1943,-4.64012,66.6881,0.00125683,50.5443,20.7844,83.7554,0.0025302
1315.20,243.906,137.187,416.198,0.0136653,21.9459,-61.3494,101.379,0.00104847,44.0015,2.32378,87.1381,0.00288118,88.1021,44.3582,121.294,0.0044103
1316.75,279.395,209.004,486.757,0.0156536,97.6168,39.1247,156.727,0.00466365,28.2646,-1.95625,59.9147,0.00185074,98.013,62.8454,136.741,0.00490643
1318.30,276.716,189.862,497.45,0.0155036,44.934,-13.509,129.388,0.00214673,14.2087,-16.949,52.0194,0.000930375,36.3791,-2.11668,67.8555,0.0018211
1319.85,242.399,159.051,429.808,0.0135809,0.0450001,-68.5918,75.3942,2.14988e-06,65.2487,24.7368,97.4504,0.00427243,33.4948,6.86733,72.7549,0.00167671
1321.40,240.38,151.062,417.757,0.0134678,39.3814,-28.5175,120.142,0.00188145,125.586,87.5903,172.563,0.00822324,110.688,75.8511,158.896,0.00554094
1322.95,308.681,207.571,480.762,0.0172944,215.936,149.816,315.511,0.0103164,134.824,90.9614,177.151,0.00882814,132.519,86.4077,176.067,0.00663379
1324.50,237.018,123.939,453.663,0.0132794,359.501,255.295,437.371,0.0171752,112.078,61.3059,164.107,0.00733875,130.805,85.2543,179.463,0.00654797
1326.05,283.497,204.173,444.823,0.0158835,345.99,258.931,441.769,0.0165297,82.2072,42.3742,113.834,0.00538286,155.415,122.625,198.474,0.00777992
1327.60,261.342,201.728,416.265,0.0146422,354.709,277.304,436.644,0.0169462,124.973,85.5497,154.66,0.0081831,139.258,106.86,173.219,0.00697113
1329.15,263.492,201.133,395.759,0.0147627,403.047,281.907,503.689,0.0192556,171.899,137.372,215.944,0.0112558,193.21,161.06,223.831,0.0096719
1330.70,233.729,173.03,366.253,0.0130951,418.312,310.258,496.611,0.0199849,141.123,103.407,181.829,0.00924063,208.82,171.96,246.063,0.0104533
1332.25,203.606,139.767,322.364,0.0114074,416.298,330.387,498.169,0.0198887,36.4774,10.3011,88.9213,0.00238851,142.642,93.5407,185.819,0.00714051
1333.80,230.186,162.19,334.627,0.0128966,490.855,350.532,608.628,0.0234506,59.7491,17.3823,112.048,0.00391232,96.8028,63.093,147.762,0.00484585
1335.35,218.64,160.728,330.575,0.0122497,665.082,452.963,752.781,0.0317743,118.951,81.1625,160.419,0.00778882,117.713,77.915,160.853,0.00589259
1336.90,126.619,63.1484,223.956,0.00709406,663.139,500.558,796.868,0.0316815,102.55,75.7689,144.1,0.00671486,187.533,154.644,226.742,0.0093877
1338.45,146.051,82.2357,205.648,0.00818278,742.234,583.807,848.256,0.0354603,82.5785,56.5297,128.97,0.00540717,137.421,104.389,174.629,0.00687917
1340.00,186.72,139.267,258.534,0.0104613,881.903,712.165,985.142,0.042133,112.633,72.9498,146.94,0.00737511,86.7385,49.338,115.536,0.00434204
1341.55,167.108,121.265,255.477,0.00936252,928.013,712.466,1023.05,0.0443359,136.432,90.4156,165.651,0.00893345,76.5299,49.1664,124.416,0.00383101
1343.10,107.319,31.8976,188.118,0.00601276,816.934,550.895,912.913,0.0390291,123.673,87.4622,169.071,0.00809803,111.866,80.6423,142.836,0.00559988
1344.65,138.481,69.8695,226.593,0.00775868,896.394,584.254,1014.09,0.0428253,145.572,94.7685,203.696,0.00953194,98.4656,53.2812,137.265,0.00492909
1346.20,154.649,89.3396,248.884,0.00866448,803.692,523.694,924.356,0.0383964,119.169,73.8929,180.845,0.00780311,72.5192,34.9484,119.452,0.00363024
1347.75,144.216,90.0816,223.035,0.00807996,828.071,569.577,925.028,0.0395612,130.951,92.7151,185.472,0.00857454,94.9186,57.7905,135.846,0.00475153
1349.30,230.804,160.549,291.447,0.0129312,961.778,675.242,1045.81,0.045949,168.373,125.172,220.057,0.0110249,124.147,88.9264,161.919,0.00621469
1350.85,270.558,200.265,326.9,0.0151585,972.524,752.087,1100.58,0.0464624,214.718,165.151,266.105,0.0140595,128.265,93.4327,160.608,0.00642083
1352.40,225.342,152.663,307.726,0.0126252,911.686,704.632,1060.8,0.0435559,227.416,187.876,294.479,0.014891,156.949,126.513,200.482,0.00785673
1353.95,171.222,115.451,245.982,0.00959303,923.233,687.246,1058.41,0.0441075,209.855,164.031,281.558,0.0137411,229.05,191.2,287.344,0.011466
1355.50,101.818,46.4908,198.758,0.00570453,809.308,597.145,930.61,0.0386648,202.405,130.871,273.425,0.0132533,213.788,159.114,263.971,0.010702
1357.05,170.239,112.416,275.493,0.00953797,766.59,547.873,850.649,0.0366239,249.016,173.853,314.254,0.0163054,243.578,204.7,284.843,0.0121933
1358.60,198.112,142.493,257.156,0.0110996,713.584,555.388,802.724,0.0340915,283.164,205.706,361.309,0.0185413,227.369,197.259,261.27,0.0113818
1360.15,253.989,204.604,296.762,0.0142302,839.245,674.377,944.111,0.040095,328.616,231.713,423.246,0.0215175,286.605,245.822,317.096,0.0143472
1361.70,237.9,181.465,311.656,0.0133288,778.757,546.851,897.534,0.0372052,359.313,231.055,449.766,0.0235275,253.789,214.491,289.921,0.0127044
1363.25,207.648,147.518,272.194,0.0116339,609.226,444.338,767.286,0.0291058,346.596,232.097,468.425,0.0226948,183.247,137.547,220.144,0.00917316
1364.80,265.897,209.614,339.302,0.0148974,644.207,488.968,821.706,0.030777,383.516,270.048,539.848,0.0251123,168.466,120.12,211.271,0.00843325
1366.35,301.019,226.382,385.174,0.0168651,630.159,455.496,737.593,0.0301059,466.16,328.964,610.902,0.0305237,85.0244,33.8862,126.604,0.00425624
1367.90,291.786,223.51,388.386,0.0163479,651.242,443.796,770.369,0.0311132,423.241,257.166,599.617,0.0277134,214.827,171.806,257.858,0.010754
1369.45,276.463,189.682,374.045,0.0154894,672.64,501.014,808.115,0.0321355,534.356,347.032,710.556,0.0349891,184.535,141.074,226.555,0.00923762
1371.00,404.29,314.458,566.776,0.0226511,652.415,485.954,734.584,0.0311692,558.287,357.813,740.798,0.0365562,176.098,131.249,215.723,0.00881527
1372.55,486.294,414.053,675.655,0.0272455,642.251,491.714,732.584,0.0306836,564.175,351.358,751.276,0.0369417,155.95,127.243,203.194,0.00780669
1374.10,519.52,409.172,701.395,0.0291071,631.215,496.84,719.893,0.0301563,571.048,366.773,822.65,0.0373917,158.088,127.243,200.82,0.00791372
1375.65,538.403,430.169,754.169,0.0301651,582.774,392.769,708.353,0.0278421,596.478,363.708,804.481,0.0390569,169.551,139.22,213.056,0.00848755
1377.20,482.625,380.745,723.24,0.02704,569.997,368.377,686.88,0.0272317,534.704,324.706,759.262,0.035012,71.786,27.333,118.875,0.00359354
1378.75,498.077,408.226,758.715,0.0279057,537.015,341.963,636.946,0.0256559,555.39,372.827,768.593,0.0363665,116.296,83.1516,157.831,0.00582164
1380.30,535.073,447.659,759.873,0.0299785,488.233,312.735,569.432,0.0233254,566.006,390.552,800.756,0.0370616,143.418,103.601,185.733,0.00717934
1381.85,476.392,375.994,709.906,0.0266908,520.392,369.747,628.776,0.0248618,504.813,338.477,702.806,0.0330547,143.324,111.808,180.543,0.00717465
1383.40,342.43,258.418,554.26,0.0191853,457.755,315.889,568.539,0.0218693,456.341,296.795,640.524,0.0298808,158.792,123.809,193.874,0.00794897
1384.95,250.746,176.025,432.399,0.0140485,380.754,271.161,484.538,0.0181906,426.794,285.954,593.411,0.0279461,159.246,127.668,197.397,0.00797169
1386.50,270.461,194.584,403.013,0.0151531,444.539,330.864,548.72,0.0212379,353.87,234.396,479.403,0.0231711,127.023,91.994,163.442,0.00635867
1388.05,251.485,159.045,368.119,0.0140899,435.185,325.565,514.274,0.020791,286.56,187.19,413.37,0.0187637,45.4988,4.75338,84.8416,0.00227762
1389.60,178.631,121.14,281.78,0.0100082,384.441,268.93,483.867,0.0183667,157.104,97.196,257.755,0.010287,43.5498,-0.569949,93.04,0.00218006
1391.15,104.66,39.357,201.778,0.00586375,192.057,101.217,305.775,0.00917554,217.367,160.265,313.159,0.014233,113.74,83.7123,153.386,0.0056937
1392.70,145.73,96.0366,220.632,0.0081648,201.747,124.394,282.172,0.00963848,196.2,148.078,273.957,0.012847,121.776,86.1271,159.992,0.006096
1394.25,167.926,131.005,227.665,0.00940839,216.541,164.216,301.007,0.0103453,157.31,103.62,213.192,0.0103005,163,133.159,195.329,0.00815963
1395.80,113.649,76.6213,156.724,0.00636738,214.633,150.162,300.542,0.0102541,113.442,74.3389,147.219,0.00742811,191.235,154.31,221.685,0.00957304
1397.35,36.462,-21.5066,94.8072,0.00204285,198.109,138.432,261.719,0.00946468,90.3896,65.0609,115.766,0.00591863,110.195,71.3691,148.078,0.00551626
1398.90,13.2611,-36.8747,59.085,0.000742981,136.201,44.4355,201.592,0.00650704,138.561,93.2418,172.812,0.00907286,4.93648,-32.5226,39.1678,0.000247115
1400.45,4.20384,-38.7931,62.1858,0.000235528,11.8927,-76.3458,87.1245,0.000568173,7.39484,-21.2983,49.2494,0.000484208,-2.87583,-42.9986,30.9885,-0.000143961
1402.00,7.68575,-32.4827,58.1606,0.000430609,35.7041,-36.1544,124.879,0.00170577,9.25281,-17.9395,49.466,0.000605866,48.8343,9.72152,75.7086,0.0024446
1403.55,8.8607,-34.9197,59.867,0.000496437,22.0915,-42.1559,93.1421,0.00105542,39.2705,-6.85614,67.8606,0.0025714,-0.963836,-28.3183,29.3097,-4.82486e-05
1405.10,26.7244,-13.7419,74.1711,0.00149728,42.4018,-22.4227,99.9504,0.00202575,24.0557,-6.75712,45.2044,0.00157515,21.848,-3.60444,51.4499,0.00109369
1406.65,32.3896,-14.1699,78.9687,0.00181469,102.479,51.4146,171.342,0.00489593,23.0398,-10.9562,49.056,0.00150863,77.6726,55.2143,110.774,0.00388821
1408.20,17.7161,-29.792,54.1294,0.000992576,116.844,69.2906,172.833,0.00558225,43.3721,18.5008,81.2859,0.00283997,86.2976,46.4332,132.153,0.00431997
1409.75,4.38199,-47.6393,41.803,0.000245509,65.6639,21.5997,144.787,0.0031371,35.0733,5.98503,77.3597,0.00229657,20.6204,-14.6551,64.7995,0.00103223
1411.30,14.6267,-28.2775,69.1491,0.000819487,73.4227,-5.4993,152.604,0.00350778,-24.9609,-65.4358,22.0413,-0.00163442,1.32498,-42.1358,44.7887,6.63272e-05
1412.85,-59.5085,-97.6819,-34.2941,-0.00333408,47.9454,-12.2665,105.906,0.0022906,49.8689,16.4808,84.817,0.00326537,114.428,77.1378,145.917,0.00572815
1414.40,-9.81812,-46.2301,34.9328,-0.000550079,10.6756,-55.0499,60.4131,0.000510027,21.307,-13.2093,52.9454,0.00139516,52.7525,26.7569,84.1116,0.00264074
1415.95,92.2764,58.4174,121.161,0.00516996,125.108,67.7857,179.187,0.00597707,-15.8106,-45.9755,0.251355,-0.00103526,27.3913,0.000346917,61.6332,0.00137118
1417.50,104.919,64.7864,138.509,0.0058783,142.581,88.2939,184.994,0.00681182,-11.5709,-39.5717,14.1409,-0.000757651,36.2832,4.30999,67.5898,0.0018163
1419.05,68.391,21.5483,111.532,0.00383173,63.7646,-1.46865,103.766,0.00304636,44.4421,9.1817,75.9961,0.00291003,41.0443,13.6265,76.9844,0.00205463
1420.60,85.7405,41.6118,143.434,0.00480377,86.2351,34.3079,137.923,0.00411989,86.2668,46.0538,117.668,0.00564868,56.7642,27.0514,89.8747,0.00284156
1422.15,149.593,120.64,203.008,0.00838125,117.793,52.2267,177.857,0.00562756,66.4824,31.7466,108.614,0.00435321,15.4157,-9.45397,61.6827,0.000771694
1423.70,177.423,126.466,235.288,0.00994047,133.886,51.036,207.067,0.0063964,-11.9138,-46.3781,26.8693,-0.000780107,103.303,73.666,144.493,0.00517122
1425.25,124.826,88.2598,181.132,0.00699361,79.5496,16.1024,147.391,0.00380049,22.2314,-11.0589,51.4306,0.00145569,75.2719,48.7943,121.586,0.00376803
1426.80,104.089,64.5965,150.592,0.00583181,101.734,27.7113,179.844,0.00486034,93.6636,62.7745,123.106,0.00613301,139.098,102.223,167.448,0.0069631
1428.35,120.876,71.7446,162.651,0.00677233,113.89,36.9303,193.483,0.00544111,85.9781,51.4348,128.463,0.00562977,107.39,74.0431,135.503,0.00537585
1429.90,126.025,80.5512,176.155,0.00706081,148.978,81.9624,223.589,0.00711745,87.9424,55.0886,117.217,0.00575839,100.648,59.5048,128.147,0.00503833
1431.45,147.516,84.1117,188.026,0.00826487,198.965,114.048,260.598,0.00950557,106.59,73.9322,147.327,0.00697939,150.699,119.584,180.124,0.00754383
1433.00,176.231,108.515,219.696,0.0098737,94.8424,40.8127,156.621,0.0045311,89.0837,48.528,124.422,0.00583312,113.212,63.8137,154.958,0.00566727
1434.55,2.09203,-50.4846,88.3585,0.00011721,-105.219,-171.766,-28.5243,-0.00502683,157.21,107.88,186.959,0.010294,68.8889,31.3088,109.492,0.00344851
1436.10,-73.934,-115.153,-35.7387,-0.00414229,-106.588,-178.204,-50.4249,-0.00509224,36.0567,-5.18891,68.7303,0.00236096,47.6406,4.83546,83.4887,0.00238484
1437.65,-22.2394,-63.1496,19.4378,-0.001246,-109.23,-169.095,-14.9747,-0.00521846,27.4238,-1.78371,69.5702,0.00179569,91.8984,54.582,128.607,0.00460034
1439.20,23.5392,-20.5758,60.8479,0.00131883,-59.8122,-117.789,-10.1122,-0.00285754,93.7551,59.8019,132.43,0.006139,26.1677,-10.9199,61.2591,0.00130993
1440.75,4.24215,-30.4686,62.7501,0.000237674,74.2769,18.8151,113.771,0.00354858,144.029,114.85,184.666,0.00943087,-29.0002,-50.5438,7.46733,-0.00145172
1442.30,40.0458,-11.4869,84.1968,0.00224364,161.16,109.955,216.67,0.00769944,167.807,134.382,206.652,0.0109879,32.8023,-6.09126,50.2516,0.00164205
1443.85,145.801,98.2321,198.456,0.00816879,211.401,134.936,262.433,0.0100997,156.845,131.276,204.37,0.0102701,104.769,73.7771,157.41,0.00524463
1445.40,142.201,81.9431,225.302,0.00796706,411.355,285.93,520.399,0.0196525,120.681,75.113,166.505,0.0079021,127.554,84.5716,164.095,0.00638524
1446.95,59.7206,9.58312,136.031,0.00334596,426.843,251.258,498.313,0.0203925,75.5222,31.6783,127.51,0.00494513,29.9931,-28.7941,94.8187,0.00150142
1448.50,183.965,121.59,261.373,0.010307,497.779,285.253,596.075,0.0237814,161.839,120.801,203.39,0.0105971,73.724,36.0556,113.465,0.00369055
1450.05,156.25,112.081,252.556,0.00875422,589.912,390.413,662.324,0.0281831,90.3545,50.784,129.109,0.00591634,124.59,91.197,159.147,0.00623685
1451.60,167.154,105.619,279.811,0.00936514,584.21,385.098,693.65,0.0279107,167.689,125.14,208.777,0.0109801,129.05,100.818,170.275,0.00646012
1453.15,199.229,148.647,315.738,0.0111622,645.919,410.851,788.331,0.0308588,196.397,162.24,244.675,0.0128599,155.044,123.992,192.794,0.00776135
1454.70,214.023,156.439,323.667,0.0119911,764.942,506.843,894.237,0.0365452,110.961,70.8849,165.442,0.00726564,165.554,129.663,193.352,0.00828748
1456.25,209.507,120.308,330.143,0.011738,758.617,595.529,904.825,0.036243,54.6759,13.4992,109.832,0.00358013,95.355,40.6328,133.314,0.00477337
1457.80,210.487,123.405,349.715,0.0117929,855.756,705.931,953.856,0.0408838,88.7145,40.2412,140.936,0.00580895,104.634,61.6865,145.403,0.00523785
1459.35,178.827,83.9696,337.77,0.0100191,819.65,647.413,979.453,0.0391588,65.9286,38.4852,129.568,0.00431695,71.3555,26.467,114.441,0.00357198
1460.90,158.69,61.9892,326.626,0.00889089,781.441,591.007,871.221,0.0373334,53.7127,16.3152,116.021,0.00351706,97.8398,66.0417,140.947,0.00489776
1462.45,223.113,90.9063,385.074,0.0125003,788.991,569.62,908.726,0.0376941,92.8069,53.3889,137.287,0.00607691,145.383,102.113,182.879,0.00727773
1464.00,226.889,102.537,402.473,0.0127119,857.826,679.455,969.588,0.0409827,149.4,101.711,193.817,0.0097826,120.727,87.496,160.235,0.00604348
1465.55,170.368,54.285,372.44,0.00954517,885.056,703.344,996.331,0.0422836,111.693,83.509,171.453,0.00731353,97.6114,57.853,158.502,0.00488633
1467.10,134.482,24.8449,361.452,0.00753463,886.17,674.278,1021.36,0.0423369,69.9857,31.2881,111.373,0.0045826,124.65,78.4725,181.562,0.00623984
1468.65,232.114,86.7343,403.939,0.0130046,877.836,683.018,1017.32,0.0419387,122.406,84.3731,184.775,0.00801504,133.815,93.9601,177.836,0.00669862
1470.20,302.488,144.094,477.997,0.0169475,1012.22,768.563,1178.75,0.0483591,130.541,73.7215,178.277,0.00854773,69.0634,14.4066,119.575,0.00345725
1471.75,178.962,37.157,357.757,0.0100267,988.673,703.931,1181.09,0.0472339,189.261,132.105,264.48,0.0123926,129.589,90.6945,170.211,0.00648709
1473.30,188.922,60.4234,377.371,0.0105847,916.146,599.403,1081.46,0.043769,122.198,79.6305,187.411,0.00800142,123.58,79.7914,165.089,0.0061863
1474.85,151.729,27.7905,341.584,0.00850093,848.831,537.775,1033.47,0.040553,86.7644,36.5084,132.752,0.00568126,59.1579,18.1141,100.212,0.00296138
1476.40,86.2187,-34.0061,309.242,0.00483056,799.612,528.624,976.832,0.0382015,80.4013,36.3408,138.98,0.00526461,40.9649,-0.810129,86.8653,0.00205066
1477.95,132.026,-2.12873,285.956,0.00739702,782.45,529.383,951.607,0.0373816,83.207,51.1228,164.251,0.00544832,63.1743,27.2615,103.472,0.00316244
1479.50,217.841,105.979,375.606,0.012205,799.188,556.734,960.371,0.0381813,100.307,56.7187,155.937,0.00656803,95.6738,52.082,126.475,0.00478933
1481.05,201.074,77.6794,416.801,0.0112655,837.637,608.266,967.784,0.0400182,119.307,65.0331,200.818,0.00781211,95.073,43.8756,144.947,0.00475926
1482.60,182.085,39.2,404.93,0.0102017,886.12,667.683,1020.15,0.0423345,129.863,65.1974,196.65,0.00850334,56.9014,15.048,119.411,0.00284843
1484.15,291.997,126.944,461.738,0.0163597,834.838,625.945,1034,0.0398845,117.228,64.3028,191.534,0.00767601,85.6993,33.4746,140.337,0.00429002
1485.70,321.298,167.502,498.769,0.0180013,902.231,668.15,1077.69,0.0431042,52.4877,-17.0992,124.846,0.00343685,83.7086,47.8931,138.564,0.00419037
1487.25,311.556,161.801,477.222,0.0174555,864.377,629.677,1040.99,0.0412957,153.25,82.708,235.627,0.0100347,125.643,87.4093,179.386,0.00628957
1488.80,316.272,155.62,481.115,0.0177197,854.398,645.306,991.09,0.0408189,197.88,135.649,282.302,0.012957,153.225,105.951,208.293,0.00767027
1490.35,311.635,155.762,474.596,0.0174599,781.742,587.185,939.151,0.0373478,230.397,176.176,321.457,0.0150862,118.193,78.6087,173.557,0.00591661
1491.90,331.93,181.44,488.637,0.018597,702.572,493.583,800.53,0.0335655,247.722,192.362,352.815,0.0162206,78.3804,32.1182,137.053,0.00392364
1493.45,355.779,220.43,512.087,0.0199332,646.882,438.87,766.849,0.0309049,193.76,133.062,295.914,0.0126872,111.547,56.0243,161.64,0.00558395
1495.00,225.897,106.005,422.612,0.0126563,675.723,478.307,816.13,0.0322827,268.587,192.917,364.066,0.0175869,97.1499,39.998,160.277,0.00486323
1496.55,358.15,253.133,544.705,0.020066,599.966,435.376,751.741,0.0286634,273.106,200.072,358.674,0.0178827,173.104,124.545,266.052,0.00866541
1498.10,350.261,220.046,467.524,0.019624,629.646,434.473,756.7,0.0300814,201.266,131.727,309.282,0.0131787,180.137,113.413,257.427,0.0090175
1499.65,264.023,136.893,369.071,0.0147924,648.244,463.025,805.097,0.0309699,186.122,111.138,307.479,0.0121871,132.715,66.7309,178.597,0.00664357
1501.20,279.601,173.423,401.981,0.0156652,568.647,359.115,674.933,0.0271671,237.606,166.893,347.793,0.0155582,171.32,118.62,237.129,0.00857611
1502.75,269.308,165.561,407.687,0.0150885,477.249,296.758,619.283,0.0228006,314.481,236.955,400.271,0.0205919,199.731,135.384,274.989,0.00999836
1504.30,234.216,116.79,363.279,0.0131224,531.143,345.025,644.979,0.0253754,309.19,242.106,422.018,0.0202455,172.505,117.928,248.214,0.00863544
1505.85,272.812,159.245,412.629,0.0152848,596.57,418.499,727.365,0.0285012,257.219,201.647,388.883,0.0168425,170.649,117.113,260.378,0.00854251
1507.40,363.127,278.751,491.473,0.0203449,623.909,472.857,741.86,0.0298073,283.362,220.29,392.546,0.0185543,205.442,154.052,295.273,0.0102842
1508.95,333.977,222.002,433.561,0.0187117,519.828,332.966,619.716,0.0248348,311.936,251.657,407.017,0.0204253,245.381,181.73,305.948,0.0122835
1510.50,343.933,231.407,456.498,0.0192695,453.684,289.441,584.462,0.0216748,368.016,303.517,446.118,0.0240973,204.927,152.308,286.492,0.0102584
1512.05,381.284,282.228,518.51,0.0213622,504.367,373.325,618.715,0.0240962,338.035,242.492,421.543,0.0221343,212.985,155.747,286.651,0.0106618
1513.60,411.456,309.455,565.326,0.0230526,426.385,291.221,530.722,0.0203706,276.072,190.238,358.888,0.0180769,179.064,145.072,262.096,0.00896376
1515.15,436.346,319.11,638.512,0.0244471,378.703,244.244,488.005,0.0180926,321.265,240.958,402.319,0.0210362,201.207,126.327,252.923,0.0100722
1516.70,543.719,404.533,756.84,0.0304629,394.756,246.876,535.222,0.0188595,405.239,310.604,473.117,0.0265347,278.727,218.225,364.05,0.0139528
1518.25,669.826,496.482,929.505,0.0375283,508.471,342.019,637.332,0.0242923,400.573,356.994,506.171,0.0262292,339.71,287.976,423.86,0.0170055
1519.80,676.221,513.995,970.433,0.0378866,563.879,392.47,671.975,0.0269393,420.566,337.771,521.667,0.0275383,211.554,141.077,308.274,0.0105902
1521.35,800.88,627.83,1123.03,0.0448708,578.457,434.888,732.73,0.0276358,474.158,365.286,542.981,0.0310474,372.985,292.581,443.561,0.0186712
1522.90,823.647,631.541,1209.2,0.0461464,506.795,364.811,648.455,0.0242122,398.554,325.71,490.893,0.026097,246.361,181.885,322.292,0.0123326
1524.45,804.827,645.056,1198.37,0.045092,673.587,503.564,792.803,0.0321807,410.886,327.066,499.99,0.0269045,325.718,265.212,402.397,0.0163051
1526.00,867.049,646.945,1197.45,0.0485781,647.022,501.475,830.294,0.0309115,408.026,319.039,492.141,0.0267172,407.764,331.875,483.557,0.0204123
1527.55,778.302,592.486,1143.06,0.0436059,722.215,509.793,866.098,0.0345039,393.382,311.592,472.094,0.0257583,443.511,374.251,511.572,0.0222017
1529.10,738.005,566.132,1066.04,0.0413481,775.949,585.427,912.081,0.037071,367.38,269.867,458.379,0.0240557,372.563,296.394,431.938,0.0186501
1530.65,732.939,588.962,1045.59,0.0410643,771.985,581.21,917.501,0.0368816,336.259,266.146,436.213,0.022018,292.955,212.343,368.818,0.0146651
1532.20,725.114,578.891,951.292,0.0406259,813.905,617.759,948.041,0.0388844,359.115,275.411,435.024,0.0235145,389.768,309.722,465.719,0.0195114
1533.75,665.148,536.261,869.611,0.0372662,927.283,712.787,1121.6,0.044301,294.394,199.336,393.262,0.0192767,432.302,367.254,541.85,0.0216406
1535.30,639.794,484.566,813.639,0.0358457,877.911,640.232,1065.55,0.0419423,319.448,236.983,434.737,0.0209172,419.235,330.465,497.748,0.0209865
1536.85,675.353,544.704,869.279,0.0378379,1103.67,821.472,1281.04,0.0527279,426.665,365.073,533.503,0.0279376,372.571,301.638,461.507,0.0186505
1538.40,596.075,465.497,781.015,0.0333963,1103.15,830.931,1287.11,0.052703,402.91,290.401,511.045,0.0263822,389.364,338.565,485.014,0.0194912
1539.95,615.353,481.495,840.78,0.0344763,1171.43,898.064,1341.71,0.0559653,400.455,305.105,510.977,0.0262215,400.562,334.928,500.275,0.0200517
1541.50,665.357,527.598,861.07,0.0372779,1251.76,976.481,1455.15,0.0598029,350.67,258.798,452.584,0.0229616,372.213,295.506,456.03,0.0186326
1543.05,667.891,526.148,825.352,0.0374198,1313.16,999.136,1516.14,0.0627363,256.194,187.005,388.432,0.0167754,327.135,252.972,405.049,0.0163761
1544.60,626.622,492.587,750.671,0.0351077,1376.99,1086.12,1600.23,0.0657857,248.036,171.324,392.165,0.0162412,306.519,226.522,396.029,0.015344
1546.15,627.603,516.916,777.854,0.0351626,1435.92,1157.68,1680.45,0.0686013,296.003,230.914,407.915,0.019382,305.439,235.177,385.733,0.0152899
1547.70,733.844,585.325,870.333,0.041115,1438.04,1134.24,1679.26,0.0687024,251.782,185.692,406.942,0.0164865,300.297,217.886,400.755,0.0150326
1549.25,618.867,502.359,783.739,0.0346732,1527.77,1285.33,1807.37,0.0729894,269.762,172.535,384.001,0.0176638,312.447,231.253,415.137,0.0156408
1550.80,701.444,547.568,869.357,0.0392998,1604.22,1345.29,1857.45,0.0766417,357.433,253.85,482.504,0.0234044,274.921,172.721,361.358,0.0137622
1552.35,687.167,544.462,892.69,0.0384998,1582.85,1270.8,1833.03,0.0756207,309.432,194.142,403.307,0.0202614,320.554,247.01,406.714,0.0160466
1553.90,664.56,550.84,881.154,0.0372332,1590.68,1228.16,1856.57,0.0759948,252.786,170.645,363.765,0.0165522,282.13,230.8,378.466,0.0141231
1555.45,745.448,635.008,955.309,0.0417652,1614.97,1307.39,1837.45,0.0771555,311.368,221.135,430.641,0.0203881,326.942,247.896,416.17,0.0163664
1557.00,792.06,660.887,1014.43,0.0443767,1634.27,1299.11,1867.36,0.0780774,340.137,241.439,435.241,0.0222719,372.273,299.361,470.084,0.0186356
1558.55,775.438,622.318,961.754,0.0434454,1625.68,1294.6,1830.34,0.0776671,270.755,169.66,379.69,0.0177288,372.323,295.313,479.338,0.0186381
1560.10,836.287,672.21,1041.2,0.0468545,1644.79,1309.91,1897.33,0.07858,242.713,159.758,366.145,0.0158926,385.359,312.803,488.386,0.0192907
1561.65,1052.36,906.772,1328.76,0.0589606,1695.35,1324.77,1975.42,0.0809954,326.794,232.5,408.787,0.0213982,324.095,275.525,418.585,0.0162239
1563.20,1079.22,927.078,1429.12,0.0604656,1695.87,1322.53,2011.9,0.0810203,352.249,248.993,483.757,0.023065,353.499,292.867,467.716,0.0176958
1564.75,1158.53,990.833,1647.24,0.0649087,1679.41,1415.76,2012,0.0802341,285.823,205.03,387.88,0.0187154,309.796,247.346,427.82,0.0155081
1566.30,1241.24,1065.53,1754.52,0.0695427,1803.23,1454.32,2077.31,0.0861495,318.205,262.391,420.735,0.0208358,292.361,221.305,389.788,0.0146353
1567.85,1371.67,1161.67,1946.73,0.0768505,1870.54,1480.42,2138.36,0.0893653,331.546,245.955,448.979,0.0217094,356.887,300.074,471.6,0.0178654
1569.40,1456.51,1195.98,2125.49,0.0816038,1861.64,1551.16,2110.07,0.0889401,364.327,274.351,446.958,0.0238558,364.669,308.622,455.335,0.018255
1570.95,1461.38,1153.76,2163.38,0.0818767,1856.34,1550.68,2091.06,0.088687,351.848,257.881,438.351,0.0230387,318.801,252.048,429.221,0.0159589
1572.50,1446.08,1148.12,2212.13,0.0810196,1776.02,1465.75,2049.88,0.0848495,311.928,213.005,398.58,0.0204247,320.721,252.498,437.451,0.016055
1574.05,1527.08,1264.57,2323.47,0.0855575,1721.86,1426.49,2107.6,0.0822622,333.86,257.247,447.329,0.0218608,339.548,250.399,451.653,0.0169975
1575.60,1513.74,1166,2221.11,0.08481,1714.68,1312.6,2017.14,0.0819192,342.038,246.029,479.117,0.0223963,317.963,238.339,428.924,0.0159169
1577.15,1371.51,1119.24,2138.15,0.0768412,1718.65,1370.59,2012.72,0.0821088,356.884,280.38,451.122,0.0233685,302.309,234.08,411.048,0.0151333
1578.70,1291.28,1030.59,1920.03,0.0723462,1672.62,1323.09,1968.9,0.0799098,270.463,216.542,372.461,0.0177097,250.004,192.365,368.711,0.012515
1580.25,1168.67,932.415,1785.55,0.0654767,1652.4,1336.88,1934.42,0.0789438,305.131,224.253,417.963,0.0199797,329.742,261.797,459.105,0.0165065
1581.80,1109.34,899.421,1572.77,0.062153,1565.45,1192.1,1777.22,0.0747894,328.326,235.168,442.917,0.0214985,325.809,249.632,413.015,0.0163097
1583.35,944.789,770.27,1317.94,0.0529336,1506.85,1163.36,1736.41,0.0719899,317.763,239.167,412.34,0.0208069,307.631,223.735,397.539,0.0153997
1584.90,768.257,620.903,1213.11,0.0430431,1513.4,1232.59,1796.88,0.0723028,273.376,197.482,356.663,0.0179004,302.997,207.062,388.158,0.0151677
1586.45,683.24,532.314,1040.43,0.0382798,1497.93,1213.48,1765.17,0.0715638,236.053,173.371,347.043,0.0154566,326.597,252.021,397.196,0.0163491
1588.00,625.191,487.105,887.02,0.0350275,1399.24,1114.3,1626.11,0.0668487,258.528,177.022,352.445,0.0169282,354.392,290.889,433.886,0.0177405
1589.55,577.311,456.251,812.793,0.032345,1347.87,1124.22,1639.31,0.0643948,166.424,98.5848,251.866,0.0108973,353.751,269.629,431.969,0.0177084
1591.10,558.444,416.875,738.015,0.0312879,1378.48,1098.54,1650.35,0.0658568,233.046,166.112,316.593,0.0152596,311.331,219.627,395.291,0.0155849
1592.65,563.532,452.349,738.504,0.0315729,1298.29,1064.5,1501.78,0.0620258,314.121,232.356,396.996,0.0205684,408.641,311.29,493.208,0.0204562
1594.20,505.429,414.281,710.806,0.0283176,1206.94,958.531,1367.89,0.0576617,343.647,292.509,403.849,0.0225017,281.603,214.135,374.278,0.0140967
1595.75,499.984,405.457,668.029,0.0280125,1056.84,879.259,1196.27,0.0504906,279.869,222.594,337.647,0.0183256,232.024,174.397,325.845,0.0116149
1597.30,497.481,402.766,686.24,0.0278723,988.624,846.117,1133.96,0.0472316,204.095,149.444,255.931,0.0133639,289.966,224.149,366.776,0.0145154
1598.85,492.68,405.791,672.282,0.0276033,880.188,721.246,1006.11,0.0420511,160.354,99.7551,220.071,0.0104999,335.491,283.153,424.063,0.0167943
1600.40,457.909,382.324,654.856,0.0256552,800.356,602.508,918.4,0.0382371,194.031,141.233,262.279,0.012705,337.705,279.89,414.018,0.0169052
1601.95,418.988,344.375,611.525,0.0234746,777.69,666.388,926.04,0.0371542,272.667,220.3,334.234,0.017854,318.343,266.699,385.393,0.015936
1603.50,422.426,351.922,607.113,0.0236672,721.721,602.606,846.417,0.0344803,241.451,194.978,318.309,0.01581,295.011,242.347,359.988,0.014768
1605.05,407.288,318.3,611.818,0.0228191,661.593,544.603,760.861,0.0316077,256.132,204.316,337.825,0.0167713,181.961,131.084,247.913,0.00910879
1606.60,407.926,306.955,552.446,0.0228549,545.758,414.657,657.213,0.0260736,241.86,189.459,301.337,0.0158368,318.617,258.74,372.094,0.0159497
1608.15,354.673,293.475,553.306,0.0198712,435.229,354.751,504.528,0.0207931,214.776,160.288,287.766,0.0140633,262.544,219.377,327.448,0.0131427
1609.70,387.384,287.517,551.798,0.0217039,445.552,350.915,525.523,0.0212863,199.277,148.078,256.627,0.0130485,254.125,202.889,310.298,0.0127213
1611.25,381.329,299.127,507.963,0.0213647,311.231,258.518,407.809,0.0148691,169.765,134.953,213.17,0.011116,217.149,170.873,260.828,0.0108702
1612.80,304.776,212.259,431.333,0.0170757,239.203,176.437,332.996,0.0114279,123.216,84.5039,163.757,0.0080681,193.245,150.018,241.085,0.00967366
1614.35,277.511,195.738,393.268,0.0155481,181.479,113.5,267.043,0.00867019,125.292,92.1503,168.215,0.00820402,197.15,146.562,235.902,0.00986913
1615.90,271.577,196.192,376.513,0.0152156,123.589,75.4925,206.198,0.00590449,160.237,134.069,206.303,0.0104922,222.102,176.87,264.804,0.0111182
1617.45,211.609,140.872,287.166,0.0118558,173.419,103.78,253.692,0.00828511,119.923,73.81,167.16,0.00785245,231.287,187.453,276,0.011578
1619.00,220.79,137.251,297.995,0.0123702,229.628,173.441,327.267,0.0109705,43.7477,-2.81401,85.6985,0.00286456,128.111,85.138,176.069,0.0064131
1620.55,226.446,164.74,288.118,0.0126871,245.958,165.074,320.35,0.0117507,83.8531,39.6178,127.102,0.00549063,33.6368,-0.221939,75.1711,0.00168382
1622.10,133.659,59.8645,208.933,0.00748852,84.8533,28.7348,167.149,0.00405387,152.321,116.123,199.974,0.00997387,72.9165,35.4084,118.528,0.00365013
1623.65,110.876,51.2709,169.012,0.00621202,96.6381,21.6871,175.182,0.0046169,50.8961,12.0113,97.8957,0.00333263,104.796,64.7795,146.531,0.00524597
1625.20,81.7833,26.2891,160.467,0.00458206,52.3007,-8.54696,115.689,0.00249867,57.5457,21.4446,93.8374,0.00376805,91.9548,53.5615,131.713,0.00460316
1626.75,89.4719,40.2565,159.383,0.00501283,44.1841,-20.0533,86.2847,0.0021109,87.2019,51.4603,119.442,0.0057099,91.7255,62.7491,141.801,0.00459168
1628.30,96.4348,37.7412,158.646,0.00540294,-23.2306,-71.5479,45.7551,-0.00110984,103.882,68.7152,132.245,0.00680213,83.2248,55.5328,125.093,0.00416615
1629.85,94.8209,56.1285,161.554,0.00531252,-58.4973,-113.683,25.2344,-0.00279472,88.9642,56.3985,119.931,0.0058253,100.486,65.3015,129.035,0.00503022
1631.40,109.418,62.6067,170.424,0.00613034,-17.5529,-69.9077,53.4436,-0.000838589,104.499,71.9714,143.307,0.0068425,129.032,99.4306,161.198,0.00645919
1632.95,112.987,48.7143,164.852,0.00633028,-0.66082,-69.6632,66.2993,-3.15708e-05,144.743,115.029,183.025,0.00947765,146.426,106.853,190.482,0.00732994
1634.50,103.054,57.802,144.834,0.00577378,-72.7356,-116.867,31.5779,-0.00347495,56.5146,22.5984,90.8566,0.00370052,163.792,117.181,198.627,0.00819928
1636.05,32.187,-4.72436,84.4861,0.00180334,-80.2274,-147.394,14.3459,-0.00383287,68.7851,34.663,100.143,0.00450399,113.956,80.2192,153.804,0.00570454
1637.60,24.0201,-14.4761,61.8516,0.00134577,29.184,-24.862,132.952,0.00139427,35.336,-8.90808,76.1052,0.00231377,-7.22481,-41.9197,40.676,-0.000361667
1639.15,100.796,57.7648,145.544,0.00564729,-26.3386,-124.549,76.2136,-0.00125833,125.589,85.8143,172.857,0.00822347,54.5584,-0.410357,82.5431,0.00273114
1640.70,107.452,68.5412,134.466,0.00602021,-28.7818,-99.8261,46.1762,-0.00137505,159.827,117.142,187.016,0.0104653,52.8769,22.958,88.4682,0.00264696
1642.25,96.6023,59.3073,132.89,0.00541233,-35.9826,-81.6139,18.2634,-0.00171907,124.029,91.4276,159.064,0.00812129,104.078,81.3757,133.672,0.00521002
1643.80,-5.79323,-34.5672,38.5362,-0.000324577,14.9086,-30.7311,68.7001,0.00071226,63.0607,28.2796,90.0734,0.00412916,97.0965,64.2778,136.214,0.00486055
1645.35,-27.1572,-65.0907,-0.106628,-0.00152153,45.5418,-19.0549,101.969,0.00217576,37.4688,-1.77398,69.4259,0.00245342,46.5404,15.2109,78.6467,0.00232977
1646.90,22.7327,-0.643982,77.6736,0.00127364,3.64204,-44.8839,47.6768,0.000173999,21.4771,-12.2369,47.6802,0.0014063,66.97,35.4341,98.6955,0.00335245
1648.45,9.96007,-26.1007,53.9261,0.000558032,9.33019,-40.252,78.7407,0.00044575,-11.8192,-42.0688,27.6242,-0.000773909,119.51,84.8847,147.649,0.00598257
1650.00,-50.2948,-81.8908,-12.5093,-0.00281786,128.3,66.1239,181.078,0.00612954,-0.503383,-27.034,38.9202,-3.29611e-05,71.3986,31.9088,119.471,0.00357414
1651.55,50.4593,4.91863,89.7278,0.00282708,52.4925,-13.3969,161.474,0.00250783,0.337653,-26.7739,41.6938,2.21092e-05,24.5351,-11.9131,55.1328,0.0012282
1653.10,-101.874,-140.987,-59.7835,-0.0057077,110.726,41.3657,185.15,0.00528993,102.671,62.3816,136.444,0.00672282,9.68157,-21.4872,54.0598,0.00048465
1654.65,73.3898,23.2088,127.644,0.0041118,203.71,111.228,299.51,0.00973226,76.3124,32.8373,108.629,0.00499687,108.616,72.3353,149.033,0.00543723
1656.20,31.2796,-4.57351,93.1298,0.0017525,293.159,187.067,378.967,0.0140057,90.6459,55.4407,117.859,0.00593541,54.3113,21.8873,93.8379,0.00271877
1657.75,99.0444,65.0333,144.935,0.00554915,279.93,206.254,371.322,0.0133737,89.8486,58.8861,120.918,0.00588321,101.235,71.7275,143.081,0.00506771
1659.30,49.703,13.0878,105.607,0.0027847,351.075,217.477,416.734,0.0167727,126.157,82.4646,157.41,0.00826063,195.282,167.659,231.504,0.0097756
1660.85,42.206,14.6596,83.5419,0.00236467,454.374,305.258,545.869,0.0217078,108.842,80.6022,142.839,0.00712691,172.454,146.66,206.828,0.00863289
1662.40,31.3905,-3.8127,81.6418,0.00175871,463.138,306.339,546.937,0.0221265,64.7808,34.6873,91.8753,0.00424179,84.3012,58.6138,111.069,0.00422004
1663.95,-8.63861,-44.6568,45.417,-0.000483994,417.081,241.714,512.935,0.0199261,-10.3874,-39.7893,14.4677,-0.000680158,90.5288,58.897,122.015,0.00453178
1665.50,33.307,-1.16126,94.6928,0.00186609,445.572,281.796,535.333,0.0212872,-45.2021,-70.2432,-16.7285,-0.00295979,109.551,83.3248,138.218,0.00548399
1667.05,129.305,85.3271,194.15,0.00724455,450.316,315.416,560.629,0.0215139,82.593,47.1018,112.769,0.00540812,-16.8313,-46.2519,14.7493,-0.00084256
1668.60,109.497,57.4403,162.719,0.00613477,386.43,272.034,454.083,0.0184617,104.082,61.4783,143.507,0.00681518,116.08,83.2757,149.436,0.00581085
1670.15,-16.4435,-58.2625,44.926,-0.00092128,453.776,287.191,558.019,0.0216792,33.5864,-1.67619,65.8117,0.00219921,77.1437,45.4647,114.047,0.00386173
1671.70,-12.5262,-46.1783,59.7422,-0.000701806,507.396,377.039,601.238,0.0242409,90.2014,53.3755,142.235,0.00590631,103.328,61.5721,140.9,0.00517252
1673.25,21.5579,-22.4828,80.6726,0.00120782,466.687,323.58,566.132,0.022296,81.63,58.5798,124.117,0.00534506,34.1329,-6.84339,61.9709,0.00170866
1674.80,104.039,67.0521,164.829,0.00582901,587.782,333.914,700.981,0.0280814,53.037,25.6686,88.3368,0.00347282,112.181,83.9964,147.037,0.00561569
1676.35,96.4796,72.2192,164.96,0.00540545,612.881,408.663,745.149,0.0292805,31.0829,4.27397,67.6779,0.00203528,74.8786,34.7175,102.213,0.00374835
1677.90,121.077,86.9906,180.31,0.00678358,685.315,484.048,794.953,0.032741,46.0353,23.7515,79.583,0.00301435,64.322,33.4709,92.803,0.00321989
1679.45,180.407,133.868,235.39,0.0101076,701.944,464.452,821.154,0.0335354,88.1066,64.4452,122.443,0.00576914,90.1808,63.2018,126.668,0.00451436
1681.00,176.047,132.212,229.345,0.00986337,708.311,471.412,826.476,0.0338396,104.707,77.574,139.914,0.00685612,60.7644,29.893,94.0389,0.00304181
1682.55,136.743,101.245,198.853,0.00766131,847.705,650.348,963.958,0.0404992,104.024,76.5916,134.539,0.00681141,30.3726,4.49249,60.537,0.00152042
1684.10,113.88,59.7475,169.838,0.00638035,885.748,674.529,1039.76,0.0423167,131.064,94.0692,168.177,0.00858197,94.067,55.4674,141.449,0.0047089
1685.65,92.2516,44.3193,161.176,0.00516857,741.292,543.733,905.635,0.0354153,111.72,72.1621,145.9,0.00731532,118.675,82.8119,160.239,0.00594074
1687.20,241.164,184.728,306.41,0.0135117,728.224,524.967,878.065,0.034791,99.6664,47.5972,148.669,0.00652607,134.886,95.9234,171.246,0.00675224
1688.75,170.53,123.826,222.468,0.00955426,725.868,543.815,850.627,0.0346784,105.206,74.0029,135.827,0.00688879,57.5097,14.5175,97.3514,0.00287888
1690.30,221.104,170.891,282.033,0.0123878,750.333,568.024,901.208,0.0358472,139.935,110.96,162.309,0.00916279,246.308,213.806,282.003,0.0123299
1691.85,107.807,47.6511,169.149,0.00604008,644.749,509.248,759.678,0.0308029,75.2066,37.0805,115.173,0.00492446,114.811,75.6642,150.912,0.00574733
1693.40,75.757,36.4126,139.242,0.00424443,563.791,447.093,663.527,0.0269352,0.681707,-25.2287,38.614,4.46376e-05,124.317,90.4221,151.318,0.00622317
1694.95,71.0087,39.3646,136.858,0.0039784,558.554,413.753,669.248,0.026685,42.9572,16.5115,60.5048,0.0028128,178.993,139.953,200.46,0.00896023
1696.50,79.8553,46.7486,116.365,0.00447404,540.942,393.529,625.566,0.0258436,90.876,66.8812,111.796,0.00595048,99.0824,64.925,137.197,0.00495996
1698.05,74.184,31.3098,139.535,0.0041563,448.364,298.226,548.589,0.0214206,110.102,75.0874,132.957,0.00720937,3.0399,-22.8645,40.0095,0.000152175
1699.60,80.5379,35.4899,131.942,0.00451229,378.638,229.286,468.664,0.0180895,137.37,101.404,179.177,0.00899488,-18.0639,-42.1116,10.485,-0.000904261
1701.15,141.672,104.969,204.174,0.00793746,457.761,309.547,560.001,0.0218696,140.762,102.365,182.465,0.00921695,-31.3246,-60.7413,-9.34343,-0.00156808
1702.70,183.081,130.634,231.401,0.0102575,394.559,254.008,510.414,0.0188501,104.647,56.1887,131.046,0.00685216,107.055,66.0986,138.828,0.00535907
1704.25,131.733,88.3746,175.104,0.00738057,260.422,157.189,352.455,0.0124417,127.451,81.4318,167.606,0.00834539,112.052,74.5783,146.355,0.00560921
1705.80,156.674,120.769,187.209,0.00877797,236.989,133.63,318.066,0.0113222,130.943,99.6595,163.297,0.00857405,86.7871,50.0323,120.681,0.00434447
1707.35,117.832,79.5237,150.309,0.00660178,267.352,175.203,342.696,0.0127728,109.558,76.672,142.687,0.00717378,46.7964,10.5036,92.6412,0.00234258
1708.90,134.432,89.5102,164.784,0.0075318,255.439,173.733,357.119,0.0122036,92.0915,70.7185,133.149,0.00603007,69.7694,42.1235,110.932,0.00349258
1710.45,85.7932,51.7374,118.83,0.00480673,215.598,138.002,300.09,0.0103002,91.0497,59.1037,124.284,0.00596186,142.049,106.508,180.761,0.00711082
1712.00,24.6406,-10.3699,69.4363,0.00138054,179.162,116.049,250.4,0.00855948,59.8191,39.6956,84.7161,0.00391691,99.8123,70.4061,138.77,0.0049965
1713.55,67.1252,39.456,111.804,0.00376082,85.7001,26.0341,140.634,0.00409433,29.4591,2.98831,50.6869,0.00192896,72.5614,41.0924,102.615,0.00363235
1715.10,132.707,104.827,157.238,0.00743516,49.748,-10.841,106.563,0.00237672,17.9815,-11.2023,47.8577,0.00117741,123.628,85.7849,153.988,0.00618868
1716.65,109.917,77.615,138.235,0.00615833,123.076,78.1482,169.906,0.00587999,54.7753,24.0174,78.6223,0.00358664,132.699,102.498,161.658,0.0066428
1718.20,65.0674,21.8801,94.7831,0.00364553,154.813,106.915,198.076,0.00739622,113.316,86.0176,136.621,0.00741982,63.4323,35.4017,95.0919,0.00317536
1719.75,25.7078,-4.42899,67.6513,0.00144033,126.162,77.665,167.398,0.00602742,122.164,95.7949,152.839,0.0079992,90.1622,51.3751,116.213,0.00451343
1721.30,57.6558,8.36602,94.5406,0.00323027,47.9778,-3.82266,102.028,0.00229214,101.619,66.1498,132.93,0.00665392,70.6589,33.2754,111.742,0.00353711
1722.85,190.129,136.037,222.36,0.0106523,114.401,49.662,161.448,0.00546552,76.3805,34.4479,107.402,0.00500133,71.7483,31.3057,102.275,0.00359165
1724.40,110.541,69.8455,157.376,0.00619328,48.9599,-0.0433174,94.8881,0.00233907,62.6563,25.658,90.1713,0.00410268,109.135,69.8582,156.735,0.00546318
1725.95,119.052,60.2351,148.469,0.00667011,23.2742,-20.1166,72.9948,0.00111193,157.203,134.384,187.865,0.0102935,65.9578,31.3737,90.8328,0.00330178
1727.50,74.7341,32.9856,104.825,0.00418712,116.86,66.0972,160.926,0.00558302,114.437,89.6785,145.729,0.00749324,171.558,133.235,216.237,0.00858804
1729.05,31.4776,-0.187385,77.2917,0.00176359,111.661,64.8811,151.583,0.00533461,73.4815,41.5049,103.711,0.0048115,102.541,70.828,141.211,0.00513309
1730.60,68.1462,13.2058,99.4334,0.00381802,134.203,56.7261,175.162,0.00641154,80.2227,55.4285,106.388,0.00525291,98.6495,64.7375,124.136,0.0049383
1732.15,71.9677,46.3263,100.951,0.00403213,136.841,103.213,177.591,0.00653761,110.839,84.4955,135.941,0.00725761,112.714,90.0417,144.751,0.00564234
1733.70,116.616,93.2327,139.292,0.00653361,83.9606,45.2614,127.02,0.00401123,131.476,103.28,156.046,0.00860892,86.7935,67.5425,113.223,0.0043448
1735.25,155.832,119.697,191.063,0.00873076,19.0349,-15.3606,74.321,0.000909394,92.2395,63.7993,130.29,0.00603976,81.9684,63.7074,107.737,0.00410326
1736.80,113.308,81.2157,140.569,0.00634828,10.2284,-28.9633,51.6512,0.000488661,22.2418,-2.38102,53.4277,0.00145637,104.553,77.1553,128.376,0.00523384
1738.35,107.112,72.0087,145.688,0.00600114,-45.5552,-93.9015,4.0334,-0.0021764,12.2471,-14.6061,36.0482,0.00080193,79.9538,40.2379,112.08,0.00400241
1739.90,141.493,114.6,189.173,0.00792743,133.815,71.852,179.576,0.00639305,108.785,73.4638,147.048,0.00712311,121.166,81.2482,147.663,0.00606545
1741.45,85.7505,42.4291,131.361,0.00480434,134.855,63.0167,197.439,0.00644272,88.5116,63.9763,134.694,0.00579566,32.6699,-8.83248,64.3141,0.00163542
1743.00,105.953,57.5886,142.553,0.00593619,90.614,56.8915,152.326,0.00432909,140.558,95.3651,179.57,0.00920362,161.984,128.169,202.91,0.00810877
1744.55,59.3654,5.5899,96.0301,0.00332606,121.975,70.8243,169.612,0.00582736,130.068,99.1867,158.274,0.00851676,16.1089,-16.2382,47.7142,0.000806394
1746.10,122.138,76.2842,160.061,0.00684302,168.332,110.4,247.361,0.0080421,204.12,161.465,239.646,0.0133656,99.5018,76.4156,131.083,0.00498096
1747.65,120.408,80.0613,157.218,0.00674607,199.079,116.664,256.03,0.009511,96.9483,71.137,130.546,0.00634809,119.054,94.3488,144.437,0.00595973
1749.20,158.968,136.776,202.67,0.00890651,215.394,157.518,298.119,0.0102905,128.792,97.2563,153.643,0.00843319,138.346,111.452,161.828,0.00692548
1750.75,165.418,125.534,205.606,0.00926786,248.643,181.175,306.119,0.011879,171.211,142.209,199.56,0.0112107,167.613,145.807,195.097,0.00839052
1752.30,156.068,116.396,190.13,0.00874399,268.032,193.1,338.686,0.0128052,189.235,152.089,213.909,0.0123909,173.55,154.365,205.399,0.00868776
1753.85,154.877,125.728,197.868,0.00867731,273.409,172.222,347.663,0.0130621,116.423,85.7812,151.646,0.00762325,146.561,125.298,172.725,0.00733667
1755.40,150.612,105.094,187.814,0.00843831,328.56,185.154,384.013,0.015697,86.6716,49.9308,114.945,0.00567518,105.223,76.5615,136.877,0.00526736
1756.95,115.372,80.6636,166.538,0.00646391,371.934,269.43,438.417,0.0177692,171.983,148.503,205.732,0.0112613,72.6873,40.7024,96.6571,0.00363866
1758.50,106.75,64.6147,148.896,0.00598089,356.992,268.101,417.907,0.0170553,101.526,73.4294,139.978,0.00664785,73.4122,39.1566,112.488,0.00367494
1760.05,200.753,162.148,252.074,0.0112476,495.418,402.291,570.335,0.0236686,152.771,109.782,192.699,0.0100033,191.324,156.327,218.175,0.00957747
1761.60,205.696,156.945,244.633,0.0115245,568.107,452.608,652.277,0.0271414,141.751,100.799,181.62,0.0092817,60.324,20.3916,98.5852,0.00301976
1763.15,203.149,167.949,257.047,0.0113818,622.83,465.609,729.58,0.0297558,125.45,83.205,166.125,0.00821433,66.7932,34.1051,99.5299,0.0033436
1764.70,151.998,105.27,202.244,0.00851595,596.567,433.544,691.109,0.028501,107.522,80.2675,138.22,0.00704046,82.5656,43.921,118.017,0.00413315
1766.25,204.027,172.603,267.263,0.011431,708.125,564.369,784.813,0.0338307,136.397,105.961,179.919,0.00893113,110.27,79.1741,147.441,0.00552
1767.80,140.601,100.215,205.432,0.00787743,611.727,448.764,743.427,0.0292253,112.309,85.3307,149.4,0.00735389,172.564,136.726,193.875,0.00863837
1769.35,96.4708,59.5667,160.144,0.00540496,662.134,523.652,797.822,0.0316335,80.4053,47.6039,106.953,0.00526487,117.062,88.9911,143.393,0.00586002
1770.90,187.484,148.305,235.716,0.0105041,697.407,511.301,787.625,0.0333187,92.0367,60.9821,116.783,0.00602649,48.3259,15.6627,76.3843,0.00241914
1772.45,185.376,147.417,220.53,0.010386,713.359,529.419,793.402,0.0340808,141.527,115.51,171.696,0.00926709,108.541,78.7055,133.648,0.00543348
1774.00,140.736,90.9794,185.343,0.00788499,765.563,546.618,868.94,0.0365748,147.82,122.633,182.754,0.00967911,111.411,91.6641,138.839,0.00557711
1775.55,124.965,85.6461,188,0.00700138,769.648,529.264,855.628,0.03677,135.182,102.199,165.34,0.00885162,54.2203,25.3271,92.6676,0.00271421
1777.10,144.111,110.05,201.107,0.00807411,755.191,529.849,848.513,0.0360793,171.013,144.246,206.399,0.0111978,68.5079,42.8042,115.826,0.00342944
1778.65,258.375,219.075,313.943,0.0144759,800.894,613.745,923.355,0.0382628,188.817,162.356,219.603,0.0123636,75.8882,39.1445,103.058,0.00379889
1780.20,223.618,173.649,279.864,0.0125286,858.018,646.783,956.711,0.0409919,162.979,127.904,188.355,0.0106717,110.95,89.1994,139.965,0.00555403
1781.75,177.326,126.565,239.386,0.00993503,733.61,569.617,897.422,0.0350483,128.609,93.6965,180.218,0.0084212,181.946,147.615,229.396,0.00910803
1783.30,178.092,128.851,239.514,0.00997794,815.038,593.831,905.304,0.0389385,125.038,78.1525,153.779,0.00818738,130.86,89.3811,168.617,0.00655072
1784.85,163.776,111.614,236.967,0.00917585,663.341,450.544,779.971,0.0316912,137.794,96.4649,176.785,0.00902264,153.817,114.839,190.452,0.00769992
1786.40,226.902,185.34,295.753,0.0127126,701.925,568.2,790.343,0.0335346,181.334,141.297,216.022,0.0118736,119.151,79.209,151.216,0.00596457
1787.95,188.473,132.361,277.838,0.0105595,768.735,629.532,883.709,0.0367264,231.865,197.546,272.46,0.0151823,98.8111,71.3477,142.69,0.00494638
1789.50,226.366,171.219,302.658,0.0126826,725.145,582.128,825.607,0.0346439,146.321,114.178,189.102,0.009581,118.368,88.5021,147.755,0.00592537
1791.05,224.523,196.55,276.093,0.0125793,764.115,657.958,837.289,0.0365057,142.8,113.757,179.134,0.00935041,101.965,71.7223,127.049,0.00510426
1792.60,160.639,122.995,234.947,0.00900009,726.396,617.528,821.267,0.0347036,163.695,128.543,187.516,0.0107186,130.7,91.0615,151.359,0.00654271
1794.15,176.113,140.637,269.47,0.00986706,690.585,596.134,786.504,0.0329927,102.465,76.606,138.165,0.00670931,142.988,113.544,171.471,0.00715784
1795.70,209.225,173.596,279.498,0.0117223,680.247,605.09,782.006,0.0324988,94.671,68.3705,120.475,0.00619898,155.763,136.041,176.433,0.00779733
1797.25,198.517,163.734,253.364,0.0111223,652.003,535.844,733.637,0.0311495,119.413,101.325,151.979,0.00781904,148.805,117.451,170.42,0.00744901
1798.80,177.533,133.864,231.105,0.0099466,610.897,473.562,681.844,0.0291857,140.324,113.242,162.598,0.00918828,124.38,101.341,145.578,0.00622631
1800.35,141.776,106.622,194.8,0.00794326,637.095,481.042,743.541,0.0304373,157.193,125.857,184.654,0.0102929,158.098,119.267,188.398,0.00791424
1801.90,151.342,97.8799,194.521,0.00847922,730.544,545.515,824.783,0.0349018,49.5373,15.7635,84.7625,0.00324366,129.619,94.9814,159.579,0.00648861
1803.45,204.21,160.18,248.234,0.0114412,676.36,550.752,760.196,0.0323132,184.258,152.776,220.928,0.0120651,89.2862,56.8087,117.095,0.00446958
1805.00,151.528,120.629,215.423,0.00848967,606.827,454.018,696.589,0.0289912,109.243,76.6458,150.87,0.00715311,113.842,88.7544,158.003,0.0056988
1806.55,214.565,154.117,261.446,0.0120214,529.261,323.208,628.577,0.0252855,94.2262,66.6238,139.673,0.00616985,55.8512,24.6565,112.604,0.00279585
1808.10,202.194,166.717,252.019,0.0113283,594.978,430.674,707.759,0.0284251,187.156,147.234,222.614,0.0122548,53.9704,14.4261,88.7811,0.00270171
1809.65,122.516,90.1544,161.755,0.00686417,410.563,262.708,491.225,0.0196147,122.478,89.1346,150.481,0.00801978,147.948,119.51,191.04,0.00740615
1811.20,95.1198,49.9126,139.706,0.00532927,365.322,267.715,447.027,0.0174533,117.565,86.7146,151.324,0.00769805,71.7335,39.449,111.328,0.00359091
1812.75,143.217,112.487,173.351,0.00802398,350.62,226.229,439.485,0.0167509,135.367,105.745,170.367,0.00886373,75.3458,37.3897,102.725,0.00377174
1814.30,94.0012,62.5864,139.281,0.00526659,393.482,275.328,462.588,0.0187987,107.681,79.9636,134.106,0.00705086,77.3657,50.7577,99.5218,0.00387285
1815.85,69.0857,38.5496,97.5258,0.00387066,283.004,204.813,349.633,0.0135206,102.891,78.9639,137.038,0.00673724,71.7849,51.1824,97.6306,0.00359348
1817.40,97.8104,70.1486,119.117,0.00548002,261.703,197.692,326.986,0.0125029,103.088,78.3192,136.661,0.00675013,60.4988,29.349,93.7896,0.00302851
1818.95,170.168,142.137,194.275,0.00953398,262.217,187.366,315.877,0.0125274,83.5242,44.2431,109.223,0.00546909,110.466,79.509,143.833,0.00552983
1820.50,163.172,130.821,200.681,0.00914202,257.68,184.028,309.951,0.0123107,69.9489,37.2,104.205,0.00458019,115.712,87.9595,143.238,0.00579242
1822.05,88.4385,62.7283,124.031,0.00495493,225.128,181.242,280.232,0.0107555,103.603,72.052,135.335,0.00678386,63.6423,33.9355,87.2417,0.00318587
1823.60,92.6671,67.1689,131.535,0.00519185,109.586,62.5866,161.343,0.0052355,135.24,112.251,175.282,0.00885542,101.799,77.4325,127.966,0.00509597
1825.15,66.6998,43.459,92.4671,0.00373699,162.611,115.343,211.591,0.00776877,82.0609,50.4805,111.18,0.00537327,129.594,101.033,150.587,0.00648734
1826.70,60.476,23.9456,94.3192,0.00338828,-27.9195,-72.1182,16.0692,-0.00133385,60.5907,24.7752,105.265,0.00396743,62.4968,40.2618,94.1142,0.00312852
1828.25,116.467,74.4439,155.695,0.00652527,60.1397,14.4314,88.3588,0.00287318,105.879,75.2915,143.078,0.00693288,152.999,118.119,180.172,0.007659
1829.80,109.746,69.8802,144.245,0.00614874,121.796,74.4762,164.496,0.00581884,105.481,74.172,137.386,0.00690679,135.1,104.647,173.911,0.00676295
1831.35,105.161,56.9428,148.607,0.00589187,55.4333,-18.6268,111.067,0.00264833,45.6062,3.5788,72.0988,0.00298625,116.425,79.7822,161.095,0.00582812
1832.90,110.733,63.3419,153.738,0.00620405,153.739,81.2271,203.383,0.0073449,-12.4321,-40.4448,17.9466,-0.000814041,121.144,90.0548,159.639,0.00606437
1834.45,96.1629,63.2553,151.948,0.00538771,-12.1442,-73.3628,47.3001,-0.00058019,33.6701,2.66167,62.199,0.00220469,104.266,72.7414,139.797,0.00521946
1836.00,135.314,93.711,183.652,0.00758122,-6.03715,-57.9111,53.443,-0.000288425,133.746,107.65,164.493,0.00875757,125.332,95.6147,166.687,0.00627399
1837.55,151.066,112.296,182.34,0.00846379,-35.6343,-84.062,14.0606,-0.00170243,107.153,82.6125,132.797,0.00701628,114.579,76.6816,145.847,0.00573573
1839.10,180.204,153.713,210.878,0.0100963,6.85531,-38.8406,43.8743,0.000327513,109.43,83.357,139.342,0.0071654,68.4295,39.3178,103.42,0.00342551
1840.65,110.588,77.7532,135.359,0.00619592,82.2496,44.0386,131.718,0.00392948,103.928,74.42,137.763,0.00680509,82.0142,48.1374,107.966,0.00410555
1842.20,73.3055,42.3493,104.511,0.00410708,51.2141,8.54776,82.2055,0.00244676,85.8997,54.5833,116.857,0.00562464,97.8932,76.5397,122.672,0.00490043
1843.75,77.4637,48.1266,108.534,0.00434005,-13.9722,-46.0362,16.1056,-0.000667523,109.653,71.0946,138.788,0.00717998,125.548,99.848,155.246,0.0062848
1845.30,29.6014,-4.38996,66.7548,0.00165847,-15.9832,-51.7072,26.2858,-0.000763597,82.6314,57.7272,114.148,0.00541063,145.97,111.537,173.942,0.00730712
1846.85,49.6814,22.8116,72.2963,0.0027835,67.8537,26.588,113.333,0.00324171,36.7382,4.76824,70.4895,0.00240558,121.053,96.0578,152.011,0.00605978
1848.40,128.681,95.837,160.27,0.00720959,174.74,116.99,234.115,0.0083482,79.9405,53.0959,111.22,0.00523443,87.3108,62.1099,111.957,0.00437069
1849.95,72.4504,44.1495,107.736,0.00405917,181.408,119.751,239.849,0.00866678,133.246,110.042,163.425,0.00872481,60.4878,20.8663,97.4741,0.00302796
1851.50,80.2538,50.5242,107.557,0.00449637,252.139,167.617,306.148,0.012046,131.588,104.537,168.334,0.00861629,45.8849,14.9263,71.9485,0.00229695
1853.05,177.354,146.396,222.183,0.00993659,265.637,186.263,321.296,0.0126908,131.451,103.622,168.456,0.00860731,129.173,104.257,164.868,0.00646626
1854.60,118.943,77.982,156.046,0.00666402,282.83,206.824,351.936,0.0135122,165.325,123.906,199.815,0.0108254,138.476,105.086,172.244,0.00693198
1856.15,184.516,136.145,222.383,0.0103379,287.14,180.746,349.015,0.0137182,10.1324,-17.9721,52.7438,0.000663461,142.403,109.958,177.642,0.00712854
1857.70,112.261,74.8992,159.905,0.00628964,293.67,188.967,381.998,0.0140301,144.843,102.563,179.756,0.0094842,117.313,80.1018,150.531,0.00587257
1859.25,112.703,77.7793,158.932,0.00631441,363.902,272.733,442.755,0.0173854,114.465,83.967,151.512,0.00749504,50.8666,18.7838,90.636,0.00254633
1860.80,74.6542,42.7849,108.772,0.00418264,423.202,312.989,502.261,0.0202185,165.749,136.463,195.754,0.0108531,190.684,146.74,223.48,0.00954547
1862.35,79.1022,41.61,109.791,0.00443185,454.006,371.413,541.599,0.0216902,61.4613,24.2462,96.8473,0.00402443,102.817,73.3458,139.519,0.00514692
1863.90,148.875,110.012,177.486,0.00834098,374.097,275.735,472.322,0.0178725,126.417,98.1842,153.986,0.00827765,80.3128,47.7942,117.44,0.00402038
1865.45,101.058,72.0739,133.709,0.00566196,533.983,387.628,608.429,0.0255111,115.246,83.149,143.375,0.00754622,127.683,99.9285,155.342,0.0063917
1867.00,114.724,81.6316,157.719,0.00642765,505.104,400.341,592.05,0.0241314,110.115,80.5902,137.917,0.0072102,94.285,63.7836,122.698,0.00471981
1868.55,119.139,85.8302,160.3,0.00667501,488.101,404.506,577.645,0.0233191,119.205,99.2315,148.987,0.00780546,138.683,105.006,167.67,0.00694235
1870.10,111.605,83.5123,157.668,0.0062529,515.906,423.592,605.225,0.0246474,123.475,99.6462,156.732,0.00808506,166.47,144.647,193.74,0.0083333
1871.65,184.106,152.963,225.318,0.0103149,429.086,335.308,488.812,0.0204996,129.402,99.0724,157.751,0.00847314,98.5623,59.5562,124.72,0.00493393
1873.20,204.409,171.464,242.554,0.0114524,407.639,291.408,493.265,0.019475,96.0428,68.9907,128.988,0.0062888,96.4635,66.601,125.031,0.00482887
1874.75,184.621,151.481,213.647,0.0103438,513.597,385.855,582.115,0.0245372,82.5101,53.1941,112.69,0.00540269,130.198,89.2514,151.02,0.00651756
1876.30,160.693,122.316,200.393,0.00900312,532.47,394.281,604.586,0.0254388,117.97,90.0553,151.862,0.00772454,55.7571,30.3546,85.2053,0.00279114
1877.85,37.8518,8.23056,78.7064,0.00212072,563.236,405.046,634.531,0.0269087,92.8654,53.8011,121.024,0.00608075,53.4411,26.2556,80.7407,0.00267521
1879.40,75.5258,43.9539,132.5,0.00423148,570.953,428.811,687.828,0.0272773,65.1255,39.3421,92.4209,0.00426436,54.2472,27.8233,85.5213,0.00271556
1880.95,152.462,113.352,187.311,0.00854199,542.614,436.672,665.194,0.0259234,124.218,90.0502,152.298,0.00813366,84.3289,58.8131,107.754,0.00422142
1882.50,155.822,106.574,194.923,0.00873023,459.071,341.453,573.838,0.0219322,97.4013,69.9014,131.613,0.00637775,38.7463,10.5301,74.8352,0.0019396
1884.05,49.8317,14.8541,94.1085,0.00279192,524.159,373.89,610.423,0.0250418,112.219,71.3695,144.215,0.00734799,180.447,133.097,202.897,0.009033
1885.60,178.361,147.658,216.212,0.00999299,581.675,406.899,711.942,0.0277896,132.706,92.2892,170.671,0.00868946,210.907,172.183,246.607,0.0105578
1887.15,108.411,65.4481,157.089,0.00607394,492.289,335.005,576.612,0.0235192,126.774,88.9384,174.148,0.00830108,34.0864,-1.24082,58.4752,0.00170633
1888.70,230.184,179.744,273.533,0.0128965,478.231,305.424,601.377,0.0228475,69.0704,39.7501,99.4567,0.00452267,105.706,62.7694,141.336,0.00529152
1890.25,176.406,132.408,215.927,0.0098835,521.769,370.423,631.692,0.0249276,81.7231,57.734,114.732,0.00535116,110.455,74.535,143.386,0.00552926
1891.80,141.047,103.84,183.034,0.00790245,589.723,433.303,722.63,0.0281741,102.939,69.698,137.464,0.00674036,104.819,71.7083,138.317,0.00524714
1893.35,101.792,62.6753,176.523,0.00570307,615.309,466.169,719.523,0.0293965,109.728,70.1018,138.95,0.00718487,126.383,92.5994,156.793,0.00632662
1894.90,40.758,-1.58396,92.1822,0.00228355,560.382,338.551,663.118,0.0267723,96.3453,68.5475,122.699,0.00630861,169.443,133.695,208.584,0.00848213
1896.45,99.4386,59.0299,145.788,0.00557124,578.29,373.991,664.194,0.0276279,161.711,136.227,194.486,0.0105887,136.133,98.9706,174.948,0.00681466
1898.00,163.892,129.571,211.177,0.00918236,604.772,434.56,684.402,0.028893,152.457,113.41,181.958,0.00998274,65.2124,40.1299,99.543,0.00326447
1899.55,129.238,85.1688,166.125,0.00724078,666.7,451.342,740.06,0.0318517,157.204,128.259,188.947,0.0102936,134.781,107.593,161.078,0.00674699
1901.10,97.6587,55.8946,135.444,0.00547151,594.767,423.047,675.549,0.0284151,131.723,107.593,170.568,0.00862508,167.319,147.349,195.599,0.00837582
1902.65,136.946,110.669,176.721,0.00767265,481.663,368.171,587.226,0.0230115,104.19,75.7417,131.05,0.00682228,186.382,163.778,211.387,0.00933011
1904.20,128.275,101.162,160.684,0.00718687,432.223,338.472,528.276,0.0206495,146.719,123.478,177.589,0.00960705,158.208,131.268,184.496,0.00791973
1905.75,108.367,84.0211,143.03,0.00607147,413.941,310.203,486.051,0.0197761,205.273,184.299,229.778,0.0134411,72.4738,32.8732,100.462,0.00362797
1907.30,167.061,133.527,210.083,0.0093599,401.226,319.161,472.914,0.0191686,156.521,124.407,183.643,0.0102489,61.5229,45.7619,94.7329,0.00307978
1908.85,177.363,149.086,220.699,0.00993707,366.219,281.06,449.208,0.0174961,94.6709,65.3138,123.531,0.00619897,87.4907,59.3793,114.754,0.0043797
1910.40,143.605,114.259,186.092,0.00804572,339.32,267.483,406.463,0.0162111,113.793,73.4285,141.555,0.00745107,46.7535,9.07486,71.8277,0.00234043
1911.95,169.902,120.519,207.237,0.0095191,444.771,347.54,523.968,0.021249,126.354,89.1159,152.234,0.00827353,100.555,71.5779,135.775,0.00503368
1913.50,137.887,108.349,171.351,0.00772537,404.321,286.052,482.406,0.0193165,190.696,165.134,226.214,0.0124866,31.3861,0.0162599,62.3423,0.00157115
1915.05,64.8515,19.8804,98.6817,0.00363343,304.575,205.675,370.872,0.0145511,193.763,165.851,232.527,0.0126874,92.7016,59.3915,120.679,0.00464055
1916.60,97.2716,58.6188,129.854,0.00544982,358.732,253.527,453.608,0.0171384,103.408,69.5461,146.834,0.0067711,110.999,77.4821,146.832,0.00555651
1918.15,162.11,132.137,190.173,0.00908254,345.88,219.161,406.13,0.0165244,155.17,119.003,177.89,0.0101604,130.505,101.753,159.87,0.00653297
1919.70,89.7273,54.3545,128.645,0.00502714,281.959,198.874,367.654,0.0134706,-12.8095,-35.8171,13.3751,-0.000838756,122.772,86.085,148.87,0.00614584
1921.25,183.811,140.27,238.592,0.0102983,269.46,204.701,335.187,0.0128735,154.075,122.878,197.109,0.0100887,208.008,161.833,246.018,0.0104127
1922.80,129.429,93.7097,176.441,0.00725148,280.541,190.209,362.845,0.0134029,133.453,100.012,175.746,0.00873842,45.7334,11.4355,98.0854,0.00228937
1924.35,149.689,81.7907,199.45,0.0083866,273.26,165.315,349.434,0.013055,122.392,48.6582,181.09,0.00801415,92.2283,52.8827,151.881,0.00461685
1925.90,103.621,59.4265,143.952,0.00580558,246.836,182.508,378.177,0.0117926,169.068,117.059,214.404,0.0110704,77.5143,35.6336,130.653,0.00388029
1927.45,53.6964,22.5395,88.9757,0.00300844,201.792,139.594,275.642,0.00964062,183.228,146.772,207.867,0.0119976,149.96,113.154,179.946,0.00750683
1929.00,105.707,73.0825,133.913,0.00592243,141.345,100.71,196.714,0.00675275,63.8965,33.2493,84.8869,0.00418389,154.306,124.063,185.555,0.00772441
1930.55,160.486,125.123,186.613,0.00899152,120.507,81.0242,167.54,0.00575721,58.3956,29.8835,93.4642,0.00382369,173.523,142.373,215.29,0.0086864
1932.10,113.26,80.7601,145.645,0.00634561,205.411,168.709,264.997,0.00981352,79.7213,51.7858,118.37,0.00522008,59.0593,27.235,96.3555,0.00295645
1933.65,104.685,81.5444,142.58,0.00586516,144.314,97.4961,188.257,0.00689461,155.972,138.715,179.44,0.0102129,54.6378,26.594,74.5099,0.00273511
1935.20,56.6513,29.1866,81.0772,0.003174,125.401,86.3747,179.304,0.00599104,209.401,185.684,236.58,0.0137114,79.2124,52.2973,109.417,0.00396529
1936.75,113.523,79.6033,142.052,0.00636036,183.462,137.915,233.211,0.00876493,152.553,118.461,180.238,0.00998901,94.1376,65.8858,115.413,0.00471243
1938.30,107.363,83.3986,141.085,0.00601521,182.09,129.437,226.831,0.00869937,151.405,118.457,181.115,0.00991386,153.483,130.997,172.371,0.00768321
1939.85,81.8198,61.6365,107.654,0.00458411,169.871,119.632,209.892,0.00811561,141.407,116.335,177.734,0.00925918,113.498,86.6348,145.806,0.00568159
1941.40,119.549,84.1594,141.734,0.00669794,158.517,116.275,194.946,0.00757318,113.5,91.9127,141.477,0.00743189,100.236,72.1543,134.25,0.0050177
1942.95,105.064,82.9028,135.527,0.00588642,82.4862,47.7534,123.477,0.00394079,132.268,104.596,149.322,0.00866078,134.823,106.93,163.534,0.0067491
1944.50,62.5966,33.1476,86.0948,0.00350709,69.9763,30.4793,103.474,0.00334312,143.177,117.358,167.046,0.00937511,97.0806,70.8085,130.228,0.00485976
1946.05,55.3235,28.456,85.6617,0.00309961,78.173,32.9536,121.676,0.00373472,169.951,142.275,208.537,0.0111283,91.4626,65.4436,117.604,0.00457853
1947.60,59.3445,33.803,96.4093,0.00332489,53.1932,6.75358,103.131,0.00254131,153.229,125.923,184.227,0.0100333,107.618,81.8548,136.588,0.00538726
1949.15,60.6161,32.5979,90.8319,0.00339613,97.1743,60.2179,136.62,0.00464251,107.21,83.0162,133.908,0.00702004,123.685,95.547,151.791,0.00619154
1950.70,64.5093,32.8117,96.3166,0.00361426,77.7636,29.4652,116.946,0.00371516,142.694,114.042,172.011,0.0093435,155.558,126.495,178.682,0.00778709
1952.25,96.9958,69.418,131.594,0.00543437,142.621,81.5701,202.202,0.00681372,131.381,90.5809,156.438,0.00860269,125.328,97.147,145.733,0.00627378
1953.80,105.178,66.6461,138.225,0.00589278,151.638,111.475,199.742,0.00724451,77.9221,49.6443,107.328,0.00510227,166.995,135.798,190.999,0.00835962
1955.35,109.218,66.3987,144.32,0.00611915,103.672,63.6048,143.694,0.00495295,81.583,52.9358,114.835,0.00534198,193.448,164.205,224.885,0.00968379
1956.90,100.999,68.0593,134.774,0.00565864,36.518,-3.38331,77.6446,0.00174465,65.0465,36.3696,97.5881,0.00425919,145.013,125.914,184.863,0.0072592
1958.45,121.536,71.5422,162.672,0.00680926,193.471,142.745,242.701,0.00924312,132.924,95.865,168.676,0.00870375,123.03,95.6815,161.654,0.00615876
1960.00,182.674,142.297,221.879,0.0102347,173.155,137.558,222.627,0.0082725,40.8058,5.36013,84.0074,0.00267193,70.6114,31.4417,96.3087,0.00353474
1961.55,155.413,111.613,197.926,0.00870734,234.951,184.359,281.436,0.0112248,32.1231,-0.391579,61.4297,0.00210339,54.511,28.8067,83.6654,0.00272877
1963.10,84.5201,47.1866,111.69,0.0047354,127.197,66.0315,177.846,0.00607683,129.507,88.8902,161.188,0.00848003,156.663,118.438,191.356,0.00784237
1964.65,149.616,106.596,192.682,0.00838251,51.1268,-10.6988,133.164,0.00244259,92.8433,54.7658,130.719,0.0060793,181.746,137.636,219.848,0.00909803
1966.20,159.302,130.061,201.703,0.00892519,143.79,107.483,195.902,0.00686959,34.0345,0.494423,71.7844,0.00222855,110.844,71.7271,145.945,0.00554873
1967.75,195.328,154.875,228.425,0.0109436,72.0838,28.8345,117.903,0.00344381,150.106,117.375,192.656,0.00982881,183.157,148.685,218.093,0.00916864
1969.30,113.309,72.4163,164.987,0.00634837,130.827,79.2902,190.066,0.00625029,189.415,143.459,225.877,0.0124027,90.513,62.7464,122.983,0.00453099
1970.85,104.277,61.6908,140.991,0.00584233,263.368,222.729,311.778,0.0125824,87.9936,55.0613,128.33,0.00576174,80.6814,48.2387,120.277,0.00403883
1972.40,78.7627,30.2969,114.337,0.00441283,249.342,182.589,323.28,0.0119123,162.036,132.484,189.409,0.01061,33.3694,-1.65285,68.3362,0.00167044
1973.95,115.475,79.7106,150.511,0.00646969,194.236,110.875,257.638,0.00927966,85.9063,48.357,117.549,0.00562507,109.233,74.1942,129.527,0.00546809
1975.50,133.914,108.173,173.568,0.00750277,205.821,136.05,279.438,0.00983311,98.2908,76.9339,131.794,0.006436,129.204,105.034,160.169,0.00646782
1977.05,144.905,114.369,180.933,0.00811856,282.575,200.231,357.491,0.0135001,116.188,93.4867,141.022,0.00760792,136.071,102.216,161.478,0.00681157
1978.60,67.6409,24.9696,89.4782,0.00378971,285.274,196.178,338.611,0.013629,124.881,105.654,166.907,0.00817711,143.187,109.192,167.066,0.00716782
1980.15,111.648,83.3199,148.861,0.0062553,282.571,165.147,353.326,0.0134998,108.981,75.8347,135.572,0.00713596,151.6,127.379,173.357,0.00758892
1981.70,101.421,70.4406,133.111,0.00568231,302.429,195.575,352.612,0.0144486,113.171,92.2799,140.636,0.00741031,139.534,109.025,167.357,0.00698491
1983.25,104.257,78.1386,135.474,0.00584119,253.764,173.058,315.56,0.0121236,118.238,86.8988,146.149,0.00774212,111.113,80.1539,147.663,0.00556222
1984.80,55.3695,30.7376,89.0196,0.00310218,228.246,161.004,293.846,0.0109045,19.4318,-8.84045,48.4188,0.00127238,138.818,115.057,172.848,0.00694911
1986.35,75.443,31.6805,109.003,0.00422684,249.488,171.588,321.922,0.0119193,75.3696,51.2773,103.975,0.00493514,85.2847,56.6024,117.901,0.00426927
1987.90,61.9783,26.4397,89.9951,0.00347245,266.505,201.89,346.094,0.0127323,113.177,80.3856,145.468,0.00741072,-24.8789,-43.7081,-6.54319,-0.00124541
1989.45,90.4712,66.8395,118.609,0.00506882,352.679,241.603,440.982,0.0168493,149.254,120.188,183.518,0.00977301,25.0231,1.58602,50.918,0.00125263
1991.00,75.4659,47.4165,105.543,0.00422812,304.943,202.327,404.252,0.0145687,91.2896,71.2761,118.58,0.00597756,109.325,85.3454,140.826,0.00547272
1992.55,73.4251,35.5219,101.783,0.00411378,206.419,143.923,294.595,0.00986168,32.102,11.4972,57.3304,0.00210201,161.341,125.7,180.662,0.00807656
1994.10,130.077,99.7988,163.079,0.00728783,206.994,155.269,276.467,0.00988918,123.385,100.567,141.727,0.00807916,178.407,140.765,199.573,0.00893087
1995.65,117.645,91.9695,146.124,0.00659126,245.286,163.127,322.635,0.0117185,142.149,114.655,173.278,0.0093078,102.424,83.3976,128.476,0.00512726
1997.20,134.568,104.685,160.553,0.00753944,269.88,178.53,318.03,0.0128935,74.5817,48.0687,100.13,0.00488354,101.085,71.7103,123.702,0.00506024
1998.75,90.9356,59.2363,110.3,0.00509484,186.718,119.673,253.475,0.00892046,39.2823,18.4181,60.6105,0.00257217,152.997,120.535,179.562,0.00765885
2000.30,48.8287,23.6599,78.3875,0.00273572,132.249,86.3183,205.749,0.00631819,89.065,68.2503,121.461,0.0058319,170.394,142.549,192.037,0.00852974
2001.85,83.0922,49.5063,117.25,0.0046554,140.421,71.9191,180.396,0.00670865,108.156,79.4953,136.706,0.00708198,158.534,132.693,185.793,0.00793605
2003.40,94.6418,60.7445,119.193,0.00530248,201.322,143.743,272.889,0.00961818,141.563,116.086,171.573,0.0092694,141.489,120.26,173.45,0.00708278
2004.95,122.632,98.4163,156.96,0.00687071,160.027,118.407,218.285,0.00764531,117.482,90.8332,140.234,0.0076926,158.502,139.696,185.873,0.00793447
2006.50,112.078,87.2489,141.93,0.00627938,136.259,85.124,186.356,0.00650978,114.76,89.9751,151.758,0.00751441,138.319,110.554,168.684,0.00692411
2008.05,54.7149,16.0938,95.1802,0.00306551,202.63,147.116,239.698,0.00968069,142.987,111.944,174.749,0.00936263,60.3873,25.6684,96.5638,0.00302293
2009.60,52.1381,21.3324,77.754,0.00292113,256.461,208.193,303.382,0.0122524,155.731,123.735,188.824,0.0101971,101.016,68.4999,119.831,0.00505677
2011.15,75.5133,31.557,100.654,0.00423077,182.902,128.438,228.591,0.00873815,86.2776,62.0527,118.145,0.00564938,105.627,77.5975,127.166,0.00528756
2012.70,162.033,132.016,199.976,0.0090782,227.165,161.666,278.349,0.0108528,97.5034,67.1116,123.995,0.00638444,85.8924,58.2675,115.874,0.00429969
2014.25,151.357,118.349,183.124,0.00848005,308.944,232.554,376.784,0.0147598,54.6667,28.7813,82.6893,0.00357953,75.1682,43.7024,103.37,0.00376285
2015.80,211.514,180.518,235.514,0.0118505,268.988,160.421,319.844,0.0128509,159.772,127.131,191.301,0.0104618,61.6262,23.9498,103.395,0.00308495
2017.35,128.162,100.955,180.06,0.00718053,339.566,234.633,397.525,0.0162228,151.191,118.477,191.214,0.00989987,182.323,153.935,222.962,0.00912691
2018.90,47.7327,16.0261,90.3771,0.00267432,376.443,296.447,451.817,0.0179846,72.4127,42.9539,114.642,0.00474152,162.402,129.086,194.053,0.0081297
2020.45,183.984,148.321,236.089,0.0103081,317.542,252.682,410.142,0.0151706,174.096,139.117,209.84,0.0113996,114.903,83.2247,164.02,0.00575194
2022.00,145.679,108.829,193.108,0.00816196,183.968,103.748,286.681,0.00878911,99.956,70.2398,134.254,0.00654503,53.0795,23.8644,98.4892,0.00265711
2023.55,72.5858,33.2842,102.214,0.00406676,251.682,134.609,305.651,0.0120242,18.5739,-15.8229,51.0828,0.0012162,117.58,80.8804,146.974,0.00588594
2025.10,56.4805,16.1034,101.913,0.00316443,303.927,205.219,379.277,0.0145202,144.38,104.93,165.065,0.00945387,163.751,118.709,191.018,0.0081972
2026.65,123.506,72.4719,159.143,0.00691965,191.837,111.185,263.455,0.00916501,111.364,84.0206,157.163,0.00729204,146.76,112.837,190.09,0.00734667
2028.20,121.273,86.0446,147.305,0.00679455,125.465,53.1434,202.214,0.0059941,43.7731,12.632,76.0753,0.00286623,40.6851,4.262,73.9727,0.00203666
2029.75,77.7201,35.8848,113.511,0.00435441,64.9318,22.6342,124.026,0.00310212,18.7436,-16.2569,46.7258,0.00122731,65.1634,31.5848,110.588,0.00326201
2031.30,12.017,-18.4807,54.2712,0.000673273,102.105,48.001,165.572,0.00487807,80.4248,45.8411,114.554,0.00526614,126.784,95.5108,169.404,0.00634668
2032.85,88.7285,53.5256,117.198,0.00497118,149.706,104.108,205.526,0.00715221,58.5734,23.1482,90.7048,0.00383534,78.002,46.0702,113.499,0.0039047
2034.40,50.1809,11.6422,93.2198,0.00281148,81.1587,9.66254,117.131,0.00387737,125.993,97.5671,159.501,0.00824994,124.018,76.2016,154.707,0.0062082
2035.95,-1.1473,-29.3372,37.1979,-6.42795e-05,126.759,84.4494,192.435,0.00605592,144.062,114.6,178.514,0.00943308,72.6679,39.1441,106.267,0.00363768
2037.50,87.053,32.8187,130.31,0.00487731,144.671,82.514,219.81,0.00691167,96.9824,70.7681,126.363,0.00635033,162.316,130.305,205.21,0.00812539
2039.05,85.5963,57.7799,126.63,0.0047957,134.951,78.0852,182.941,0.00644729,142.226,103.19,173.135,0.00931285,147.171,107.026,184.199,0.00736726
2040.60,41.2546,-2.50751,73.8498,0.00231137,56.805,18.1899,106.44,0.00271386,83.3866,45.1333,116.347,0.00546008,69.603,39.7302,121.021,0.00348426
2042.15,114.598,71.5776,155.496,0.00642058,-4.44645,-43.5258,39.6101,-0.00021243,187.719,161.857,224.217,0.0122917,-37.423,-62.4212,-1.6165,-0.00187336
2043.70,68.4778,38.9342,90.819,0.0038366,84.2105,50.9713,150.159,0.00402317,256.882,222.807,289.639,0.0168204,63.288,27.6275,90.7875,0.00316814
2045.25,88.0162,63.1119,131.507,0.00493127,101.799,55.0154,147.904,0.00486346,70.3746,42.0175,98.3164,0.00460807,104.809,66.4427,135.022,0.00524661
2046.80,77.0468,49.1609,109.415,0.0043167,163.579,121.06,201.697,0.00781499,98.3353,61.2452,126.166,0.00643891,141.212,99.1364,182.394,0.00706892
2048.35,75.9124,42.0433,109.489,0.00425313,129.854,83.1123,200.711,0.00620378,96.6872,56.7528,129.035,0.006331,173.214,140.862,212.636,0.00867091
2049.90,82.4289,38.4671,119.401,0.00461824,98.7031,37.7606,159.79,0.00471555,118.08,84.5039,151.052,0.00773175,151.569,120.126,184.289,0.00758738
2051.45,57.8958,25.9714,89.1484,0.00324372,95.4842,30.7184,169.903,0.00456177,134.976,105.22,158.545,0.00883809,98.3013,63.2018,139.659,0.00492087
2053.00,129.042,101.232,160.628,0.0072298,70.8508,2.03207,133.864,0.0033849,76.1685,47.1628,106.465,0.00498745,140.317,91.2989,172.145,0.00702413
2054.55,88.4013,53.6666,125.742,0.00495285,158.422,112.773,210.902,0.00756865,63.1695,28.5483,83.0654,0.00413628,104.325,71.9138,135.129,0.00522242
2056.10,44.6816,4.3648,73.0504,0.00250337,121.539,86.5612,177.351,0.00580654,46.7412,24.7888,76.5,0.00306057,94.9732,65.6884,127.284,0.00475426
2057.65,82.8764,58.0659,133.328,0.00464331,159.199,101.21,217.339,0.00760572,37.2683,1.03617,73.0541,0.0024403,144.555,110.505,174.258,0.00723628
2059.20,121.505,96.2875,159.509,0.00680755,146.923,81.0746,210.288,0.00701924,140.255,100.322,178.131,0.00918378,80.5099,51.7831,113.985,0.00403025
2060.75,86.8345,50.1069,126.007,0.00486507,186.994,122.556,273.053,0.00893367,62.0719,32.7526,94.2758,0.00406441,197.427,171.121,235.478,0.00988298
2062.30,96.4265,57.9525,127.851,0.00540248,178.356,106.717,230.63,0.00852099,-2.08455,-29.6111,30.5835,-0.000136494,131.833,99.2513,158.883,0.00659945
2063.85,55.7498,31.0262,79.1765,0.00312349,197.237,128.851,244.724,0.009423,104.124,75.5239,129.344,0.00681796,57.2457,28.8575,86.7258,0.00286566
2065.40,69.0923,37.1236,98.7594,0.00387103,139.064,66.1378,192.958,0.00664379,93.796,62.1211,126.272,0.00614168,44.8946,14.0697,74.2982,0.00224738
2066.95,32.48,4.38604,63.234,0.00181976,162.63,114.517,230.177,0.00776967,68.1202,39.7455,107.102,0.00446045,112.676,71.8334,142.266,0.00564047
2068.50,38.556,11.6669,77.7886,0.00216017,178.828,134.993,237.744,0.00854352,79.7519,55.3054,104.397,0.00522208,82.6052,54.9537,113.092,0.00413513
2070.05,93.2315,48.254,130.987,0.00522347,174.891,125.915,218.19,0.00835542,87.3405,49.016,115.2,0.00571898,55.7685,38.8543,88.3467,0.00279171
2071.60,54.8856,13.7907,85.8642,0.00307507,92.8183,35.1056,153.084,0.0044344,99.7876,65.7993,123.127,0.006534,150.662,126.005,177.749,0.00754197
2073.15,69.588,36.6846,110.294,0.0038988,99.4324,55.1772,127.166,0.00475039,147.014,126.257,177.933,0.00962636,120.029,100.853,146.84,0.00600855
2074.70,48.7982,6.36101,82.254,0.00273401,36.6015,-17.2161,85.6854,0.00174864,67.643,43.9817,94.0953,0.0044292,86.7664,54.1172,119.345,0.00434344
2076.25,44.1236,10.8211,81.6804,0.00247211,33.837,-12.7474,83.9265,0.00161656,70.481,37.1598,97.401,0.00461503,-5.12267,-31.741,36.9232,-0.000256436
2077.80,35.9038,-6.21354,72.8231,0.00201158,94.3561,35.4566,144.199,0.00450787,-8.6689,-32.9472,23.2973,-0.000567632,116.097,96.1382,148.594,0.00581172
2079.35,101.91,71.4558,136.722,0.0057097,52.0603,-1.76193,104.275,0.00248718,38.646,13.8081,68.8767,0.0025305,95.6893,70.2433,122.581,0.00479011
2080.90,125.797,85.938,155.811,0.00704802,9.44565,-38.4297,60.0099,0.000451267,143.428,110.375,165.603,0.00939157,51.6585,30.4213,81.0598,0.00258597
2082.45,43.7302,5.73655,71.6472,0.00245007,21.083,-24.4381,66.3967,0.00100724,14.5108,-18.1044,40.4819,0.000950152,52.1143,30.3528,95.2313,0.00260879
2084.00,24.5797,-11.7616,55.1479,0.00137713,46.8221,2.18748,100.14,0.00223693,12.3242,-7.17114,43.7551,0.000806975,115.843,86.9241,145.849,0.00579899
2085.55,29.832,2.91801,67.7584,0.0016714,34.6781,-0.528685,65.9571,0.00165675,45.8494,18.6786,73.3784,0.00300218,20.2096,-8.70676,44.23,0.00101167
2087.10,24.8963,-6.73185,59.3002,0.00139486,34.3249,-17.2395,72.954,0.00163987,52.2872,19.9589,77.7159,0.00342372,-20.7352,-35.5777,-0.535806,-0.00103798
2088.65,71.4486,34.3126,106.385,0.00400304,3.90288,-41.9737,69.2139,0.000186461,67.0707,52.9833,98.8306,0.00439173,111.161,84.0343,152.667,0.00556461
2090.20,70.5237,17.2721,96.933,0.00395122,56.5057,5.32205,112.144,0.00269956,41.6875,-1.56702,70.9957,0.00272966,22.5558,-13.4267,49.917,0.00112912
2091.75,25.6127,-11.5342,55.1468,0.001435,93.4394,57.4637,151.904,0.00446408,100.045,65.6085,133.226,0.00655086,18.1546,-13.103,49.8627,0.000908802
2093.30,63.2733,28.7026,94.1375,0.00354501,99.5791,63.8983,149.048,0.0047574,18.783,-8.39722,48.3226,0.0012299,131.379,96.7283,155.151,0.0065767
2094.85,135.992,99.2082,178.201,0.00761919,150.232,104.858,186.123,0.00717733,101.325,69.7918,121.65,0.00663465,-4.86693,-22.9175,26.6533,-0.000243634
2096.40,88.55,55.8417,124.502,0.00496118,130.779,82.3731,181.29,0.00624796,114.96,79.9512,138.724,0.00752747,98.5754,68.6491,128.319,0.00493459
2097.95,99.8356,62.0272,132.589,0.00559348,75.8173,33.1042,127.098,0.00362218,44.5254,23.6595,79.7766,0.00291548,104.189,75.1508,144.197,0.00521561
2099.50,109.115,64.5664,125.142,0.00611337,91.6945,47.2042,138.858,0.00438071,144.231,112.915,174.177,0.00944411,162.197,128.664,187.939,0.0081194
2101.05,85.8955,51.0061,137.07,0.00481246,173.335,123.874,221.775,0.0082811,23.7207,-4.61058,49.7389,0.00155321,165.13,131.085,201.757,0.00826622
2102.60,72.3033,40.6538,107.558,0.00405093,181.28,147.662,236.024,0.00866065,55.7327,16.4018,81.5268,0.00364933,108.997,77.6461,148.717,0.00545627
2104.15,60.4335,26.6415,90.2112,0.0033859,131.341,86.659,188.719,0.0062748,104.849,76.7947,138.234,0.00686541,115.052,77.9647,135.327,0.00575941
2105.70,43.2054,17.748,73.4165,0.00242066,198.811,156.198,237.625,0.00949822,153.462,133.224,181.374,0.0100486,82.1452,54.7813,110.984,0.0041121
2107.25,65.3309,31.4484,94.2518,0.00366029,207.786,139.963,268.073,0.00992699,122.396,88.3809,155.994,0.00801437,94.4503,60.9511,124.552,0.00472809
2108.80,209.528,154.679,250.464,0.0117392,283.33,215.023,349.344,0.0135361,156.313,118.515,176.647,0.0102352,13.4293,-11.9991,46.8232,0.000672259
2110.35,167.193,131.908,219.295,0.00936729,285.788,230.611,328.262,0.0136536,164.209,126.571,198.814,0.0107523,180.575,156.617,212.073,0.00903942
2111.90,136.649,92.4349,190.549,0.007656,284.552,224.572,344.149,0.0135945,188.891,153.165,229.329,0.0123684,36.6786,11.4438,61.9143,0.00183609
2113.45,139.336,90.5513,174.603,0.00780656,285.074,202.99,338.928,0.0136194,146.243,115.547,182.545,0.00957587,111.315,72.1868,138.263,0.00557229
2115.00,176.829,131.235,223.422,0.00990716,197.975,153.344,265.781,0.00945828,91.9531,63.2701,126.771,0.00602101,153.3,121.617,186.476,0.00767403
2116.55,91.3628,36.7265,148.107,0.00511878,226.896,161.966,297.856,0.01084,120.941,82.6199,145.328,0.00791912,118.085,78.5079,150.474,0.00591123
2118.10,190.487,137.45,261.96,0.0106724,233.65,168.372,307.061,0.0111627,135.3,107.804,166.62,0.0088593,130.378,97.4822,165.044,0.00652658
2119.65,272.342,221.621,362.007,0.0152585,235.339,167.685,283.732,0.0112434,155.16,112.357,191.628,0.0101598,123.518,92.9161,163.624,0.00618318
2121.20,298.129,225.667,375.263,0.0167032,302.939,219.474,377.6,0.0144729,207.038,176.553,258.861,0.0135566,151.905,121.962,182.722,0.00760423
2122.75,229.875,173.791,317.556,0.0128792,422.644,331.301,497.236,0.0201919,165.475,127.819,212.352,0.0108351,187.524,146.298,230.629,0.00938727
2124.30,270.358,193.687,355.271,0.0151473,360.693,289.985,417.496,0.0172322,62.8635,32.6436,121.145,0.00411624,229.764,182.483,269.306,0.0115018
2125.85,364.516,280.831,475.132,0.0204227,421.736,352.644,497.883,0.0201485,213.69,182.917,255.44,0.0139922,220.929,185.071,275.308,0.0110595
2127.40,310.321,220.318,435.706,0.0173863,372.797,310.489,439.384,0.0178104,254.794,215.907,322.141,0.0166837,205.568,148.404,268.625,0.0102905
2128.95,246.112,167.194,391.255,0.0137889,322.823,257.261,387.3,0.0154229,200.671,154.323,255.357,0.0131397,183.719,135.672,246.57,0.0091968
2130.50,293.339,221.913,460.141,0.0164349,414.324,359.604,498.501,0.0197944,206.562,161.388,265.089,0.0135255,306.694,239.496,362.653,0.0153528
2132.05,366.236,288.981,516.416,0.0205191,325.139,275.966,388.227,0.0155335,135.557,75.7161,203.048,0.00887618,244.494,183.036,301.389,0.0122391
2133.60,315.357,226.417,525.847,0.0176685,342.319,244.315,411.792,0.0163543,283.858,226.052,343.609,0.0185868,424.338,350.462,483.101,0.0212419
2135.15,401.921,307.811,616.244,0.0225184,367.86,280.354,434.596,0.0175746,298.223,245.919,386.765,0.0195274,361.312,290.464,422.971,0.0180869
2136.70,399.423,335.816,659.37,0.0223784,333.795,262.026,403.506,0.0159471,233.29,165.775,307.652,0.0152756,315.483,246.032,376.619,0.0157928
2138.25,475.15,385.522,722.638,0.0266212,438.392,357.918,504.306,0.0209442,283.044,215.178,345.03,0.0185335,403.826,309.886,479.818,0.0202151
2139.80,368.909,271.677,589.617,0.0206688,417.386,324.998,501.057,0.0199406,383.982,313.046,446.03,0.0251428,417.112,345.323,487.387,0.0208802
2141.35,310.887,221.778,550.41,0.017418,340.31,257.116,405.055,0.0162583,282.443,217.161,351.757,0.0184941,376.974,299.464,474.461,0.018871
2142.90,312.11,240.616,583.008,0.0174865,378.968,308.825,445.358,0.0181053,248.214,200.834,322.031,0.0162528,446.231,359.216,519.121,0.0223379
2144.45,335.618,261.462,615.869,0.0188037,407.142,347.054,483.947,0.0194512,256.752,200.62,316.511,0.0168119,411.492,329.909,509.225,0.0205989
2146.00,394.654,296.571,653.176,0.0221112,286.754,221.364,365.996,0.0136997,294.496,239.95,376.826,0.0192834,384.57,313.39,481.092,0.0192512
2147.55,393.696,284.479,623.573,0.0220576,366.346,285.746,416.338,0.0175022,269.837,207.71,337,0.0176687,393.054,336.926,491.071,0.0196759
2149.10,246.278,146.198,495.496,0.0137982,218.984,143.652,269.214,0.010462,326.073,268.454,392.197,0.021351,381.396,297.735,459.996,0.0190923
2150.65,320.493,221.92,563.803,0.0179562,335.035,284.878,369.486,0.0160063,352.522,302.757,412.83,0.0230828,413.686,347.612,493.457,0.0207087
2152.20,332.363,239.507,549.038,0.0186213,305.663,254.605,363.954,0.0146031,293.992,241.047,361.854,0.0192504,473.981,396.355,571.308,0.023727
2153.75,337.557,251.549,532.273,0.0189123,286.469,228.573,353.736,0.0136861,260.634,202.826,320.405,0.0170661,379.813,317.219,481.948,0.0190131
2155.30,338.714,265.985,551.353,0.0189771,181.273,140.583,237.317,0.00866033,295.522,246.935,375.794,0.0193505,387.624,304.914,466.852,0.0194041
2156.85,266.122,174.164,448.982,0.01491,222.46,171.063,277.326,0.010628,268.501,201.308,320.273,0.0175812,393.906,337.064,493.711,0.0197185
2158.40,241.882,179.499,423.242,0.0135519,213.647,142.702,265.834,0.010207,162.573,114.591,221.074,0.0106451,294.338,220.904,371.841,0.0147343
2159.95,224.325,148.166,394.207,0.0125682,128.179,86.4393,179.279,0.00612376,147.785,90.577,193.691,0.00967682,336.384,265.075,402.854,0.0168391
2161.50,181.784,109.103,308.773,0.0101848,231.949,174.198,288.872,0.0110814,213.599,168.822,270.579,0.0139863,314.661,247.346,392.824,0.0157516
2163.05,226.812,158.239,371.621,0.0127076,276.694,229.568,329.734,0.0132191,182.78,147.085,224.975,0.0119683,309.332,223.542,372.994,0.0154848
2164.60,191.796,146.814,310.815,0.0107458,206.082,173.123,253.761,0.00984557,149.012,113.37,194.901,0.00975719,300.686,208.629,370.76,0.015052
2166.15,201.229,160.262,330.283,0.0112742,89.4835,55.8219,145.949,0.00427508,200.771,159.676,245.122,0.0131463,166.809,110.787,249.265,0.00835029
2167.70,216.403,157.708,337.006,0.0121244,119.071,77.0821,168.903,0.00568865,181.303,149.092,232.707,0.0118715,198.924,144.821,263.29,0.00995796
2169.25,203.747,138.054,311.859,0.0114153,203.647,148.087,250.892,0.00972927,154.228,133.741,203.62,0.0100987,300.029,256.868,333.95,0.0150192
2170.80,178.065,131.663,293.783,0.00997643,181.952,123.19,214.672,0.00869279,151.386,117.178,178.57,0.00991265,225.174,178.742,274.126,0.011272
2172.35,148.333,107.87,229.79,0.00831064,210.275,160.008,264.477,0.0100459,153.376,111.002,180.626,0.010043,176.733,145.672,236.572,0.00884709
2173.90,122.272,72.8139,192.249,0.00685053,141.221,99.0242,188.247,0.00674686,156.81,128.254,196.992,0.0102678,193.995,164.43,241.603,0.00971118
2175.45,132.449,95.0198,200.555,0.00742071,90.7642,49.6396,133.853,0.00433627,125.01,96.995,158.277,0.00818557,214.199,171.671,254.751,0.0107226
2177.00,139.101,98.9994,208.979,0.0077934,154.565,109.15,190.625,0.00738436,168.033,142.041,195.839,0.0110027,222.219,189.387,261.34,0.0111241
2178.55,157.88,112.184,204.866,0.00884551,82.2852,45.4525,128.12,0.00393118,203.597,177.389,241.021,0.0133314,210.773,189.287,259.155,0.0105511
2180.10,191.094,137.884,232.027,0.0107064,19.9118,-17.4301,73.6862,0.000951288,205.271,175.938,234.698,0.013441,186.172,149.497,214.7,0.0093196
2181.65,131.134,91.6596,167.545,0.00734704,76.2921,35.9639,129.908,0.00364486,118.786,87.0573,144.358,0.00777799,108.226,70.7075,145.73,0.00541769
2183.20,72.7473,37.2365,108.582,0.00407581,69.9018,25.8952,114.647,0.00333956,174.108,139.407,204.221,0.0114005,126.345,92.7694,170.034,0.00632471
2184.75,37.9658,9.98565,79.4901,0.00212711,60.3935,12.0295,99.3552,0.0028853,78.6899,41.9871,111.033,0.00515255,149.021,117.013,186.081,0.00745987
2186.30,91.7639,56.8575,141.785,0.00514124,98.8294,51.137,150.359,0.00472159,83.6034,48.5852,125.379,0.00547428,123.444,86.2895,165.158,0.00617947
2187.85,73.7993,47.508,105.684,0.00413474,80.0375,38.2025,112.57,0.0038238,104.678,65.5292,141.766,0.0068542,227.948,195.572,266.532,0.0114108
2189.40,47.4687,12.8064,84.3722,0.00265952,37.17,-10.1279,85.0535,0.0017758,209.299,178.538,238.986,0.0137047,173.816,141.731,214.325,0.00870107
2190.95,116.602,81.6315,159.012,0.00653283,95.8988,52.4405,147.489,0.00458157,130.82,94.2626,159.291,0.00856599,138.671,103.038,181.616,0.00694173
2192.50,47.5463,-0.426571,73.0201,0.00266387,67.9274,33.7237,114.943,0.00324524,5.11636,-20.1195,46.1026,0.000335015,52.3457,27.6167,105.954,0.00262037
2194.05,85.8116,28.6471,126.988,0.00480776,89.8786,45.9086,139.319,0.00429396,48.8931,15.7821,88.8667,0.00320148,97.7304,60.9612,134.562,0.00489229
2195.60,125.53,91.4688,169.433,0.00703307,82.4602,34.728,131.938,0.00393955,180.567,145.226,211.708,0.0118234,167.98,136.038,202.786,0.00840891
2197.15,116.778,70.7504,155.419,0.00654273,134.58,84.8961,180.128,0.00642958,123.232,84.9126,148.227,0.0080691,107.75,60.9276,156.955,0.00539385
2198.70,168.316,131.365,209.999,0.00943021,129.091,81.3749,186.86,0.00616736,98.4297,63.7924,130.256,0.00644509,131.545,105.546,182.188,0.00658502
2200.25,89.2285,65.7948,128.085,0.00499919,33.7135,-16.5457,72.477,0.00161066,79.7612,51.5338,103.498,0.00522269,212.617,175.407,253.689,0.0106434
2201.80,123.735,92.425,164.363,0.00693251,13.408,-22.6086,54.3006,0.000640568,120.519,82.4865,145.744,0.00789151,153.951,123.307,190.884,0.00770662
2203.35,61.1426,39.0094,103.622,0.00342563,0.536602,-47.8057,55.3253,2.56362e-05,164.15,139.506,197.331,0.0107484,169.228,136.425,204.489,0.00847137
2204.90,141.866,102.838,171.386,0.00794834,75.0586,44.8754,131.256,0.00358593,62.6264,35.6666,94.0208,0.00410072,211.91,179.135,244.025,0.010608
2206.45,40.4723,4.25592,78.2529,0.00226754,74.9732,12.0533,117.589,0.00358185,87.841,49.8638,108.063,0.00575175,174.842,144.481,218.443,0.00875243
2208.00,122.084,85.3061,160.942,0.00683997,100.911,66.0547,145.026,0.00482103,105.354,77.3497,137.288,0.0068985,70.6346,41.0495,107.547,0.0035359
2209.55,139.436,109.508,171.379,0.00781219,200.175,159.505,238.549,0.00956338,135.482,102.262,165.07,0.00887122,81.587,59.1748,111.298,0.00408416
2211.10,59.4726,32.7409,93.0999,0.00333207,176.199,136.258,219.104,0.00841791,41.4822,11.142,60.8104,0.00271622,17.9577,-13.2821,42.4056,0.000898942
2212.65,85.2766,56.8731,125.023,0.00477779,119.949,72.8436,150.994,0.00573055,91.1109,66.6249,123.332,0.00596586,81.9279,65.4949,121.295,0.00410123
2214.20,68.0509,40.4466,96.816,0.00381268,115.554,76.0918,147.735,0.0055206,84.3172,65.3513,104.799,0.00552102,79.3992,54.1129,109.785,0.00397465
2215.75,56.7615,33.6446,82.5723,0.00318017,67.7384,27.5996,123.394,0.00323621,80.7886,49.4897,105.19,0.00528996,72.2362,42.5094,94.14,0.00361607
2217.30,34.076,2.92303,63.3899,0.00190917,124.163,86.4545,177.662,0.00593191,68.3905,39.8399,89.9932,0.00447815,106.841,74.3127,130.429,0.00534835
2218.85,30.0684,-3.87487,55.7126,0.00168464,191.416,134.895,241.612,0.00914493,115.329,91.7147,143.101,0.00755164,146.546,121.958,169.373,0.00733596
2220.40,99.1276,68.244,132.953,0.00555381,172.392,128.65,226.432,0.00823603,86.729,65.3464,124.452,0.00567894,67.6006,44.325,81.3294,0.00338402
2221.95,72.9116,43.4529,98.5571,0.00408501,172.136,110.577,216.968,0.0082238,33.1061,7.52522,55.8226,0.00216776,50.2155,28.8194,90.0215,0.00251374
2223.50,73.5032,41.3923,102.756,0.00411815,242.123,188.281,288.728,0.0115674,38.6229,16.8834,67.0615,0.00252899,117.822,94.5402,149.723,0.00589807
2225.05,70.4918,34.5302,104.799,0.00394944,302.585,251.835,364.646,0.014456,68.2954,46.8718,101.4,0.00447192,103.822,73.6793,123.499,0.00519722
2226.60,120.028,89.1296,163.86,0.00672479,110.067,71.9307,152.326,0.00525845,69.9809,38.7095,89.2741,0.00458229,49.1758,19.4267,78.309,0.00246169
2228.15,145.767,118.562,182.835,0.00816689,152.113,82.1455,204.027,0.00726721,9.32437,-14.55,32.931,0.000610552,78.8762,44.117,112.093,0.00394846
2229.70,119.601,79.3755,159.756,0.00670089,199.693,140.51,272.234,0.00954035,6.36953,-19.7654,27.722,0.000417071,61.9756,35.0865,99.4938,0.00310243
2231.25,126.285,81.9939,166.307,0.00707533,182.389,113.164,236.898,0.00871367,95.84,60.6999,129.242,0.00627552,86.5876,52.7029,123.912,0.00433449
2232.80,98.2002,64.5362,137.724,0.00550185,243.592,179.422,321.438,0.0116376,178.511,148.534,212.654,0.0116888,-3.17378,-37.2425,37.8934,-0.000158876
2234.35,71.3212,33.1329,117.008,0.00399591,170.921,103.259,235.279,0.00816579,185.622,148.283,216.68,0.0121544,160.549,132.094,190.514,0.00803691
2235.90,80.5586,33.7893,118.069,0.00451345,159.175,102.142,229.616,0.00760462,89.8851,56.8647,126.852,0.0058856,121.247,91.5211,154.992,0.0060695
2237.45,101.298,57.9048,141.72,0.0056754,233.794,175.739,291.723,0.0111695,97.6531,51.2785,117.643,0.00639424,117.195,88.9404,150.327,0.00586666
2239.00,82.9744,48.3123,139.282,0.0046488,280.637,201.426,339.479,0.0134075,147.493,113.116,178.552,0.0096577,19.0804,-6.85641,54.2376,0.000955144
2240.55,95.2433,59.5674,135.086,0.00533619,211.061,151.838,270.051,0.0100835,89.1047,49.55,125.318,0.0058345,81.041,49.4961,115.528,0.00405683
2242.10,133.692,107.013,165.079,0.00749037,153.954,111.422,214.815,0.00735519,81.7284,52.3725,106.592,0.00535151,94.0286,66.2766,127.607,0.00470698
2243.65,95.6022,61.4416,135.064,0.0053563,187.757,141.274,246.74,0.00897013,81.8408,58.8746,114.111,0.00535886,103.341,79.0183,136.992,0.00517317
2245.20,105.732,78.4439,132.701,0.00592385,173.207,113.966,210.586,0.00827499,118.036,76.5073,138.794,0.00772889,151.205,128.596,183.299,0.00756916
2246.75,54.0001,18.6108,80.5471,0.00302546,213.182,159.921,268.129,0.0101848,109.154,78.9841,145.909,0.0071473,132.335,100.376,162.171,0.00662456
2248.30,3.73463,-24.5892,39.3202,0.00020924,199.033,142.829,256.792,0.00950883,42.9566,2.7841,68.2855,0.00281276,124.625,102.771,150.83,0.00623862
2249.85,31.3963,3.50013,56.427,0.00175904,183.82,134.875,240.442,0.00878201,39.8622,12.3076,68.584,0.00261014,141.467,114.591,165.953,0.0070817
2251.40,114.197,87.7257,142.094,0.00639813,174.973,131.809,226.465,0.00835934,94.4473,72.2959,112.057,0.00618433,97.3013,64.3364,111.994,0.00487081
2252.95,104.815,73.8469,135.777,0.00587248,185.931,132.664,243.797,0.00888288,98.6809,70.955,122.328,0.00646154,44.477,10.0746,70.8566,0.00222647
2254.50,93.932,67.8911,123.466,0.00526272,123.133,94.5301,188.305,0.00588268,51.6335,30.9186,78.5311,0.00338091,43.0499,12.5259,71.5935,0.00215504
2256.05,105.479,83.679,131.256,0.00590968,224.609,161.007,286.383,0.0107307,114.714,83.2158,143.101,0.00751134,62.224,32.088,92.6217,0.00311487
2257.60,96.0825,65.797,129.889,0.00538321,200.707,128.928,251.547,0.00958878,119.834,96.0147,150.265,0.00784664,111.006,82.1929,149.217,0.00555687
2259.15,95.6575,66.0523,123.374,0.00535939,211.956,141.766,280.002,0.0101262,57.6903,25.1473,95.3682,0.00377751,96.4315,66.3507,133.982,0.00482727
2260.70,71.1746,43.4468,105.133,0.00398769,259.447,195.469,325.529,0.0123951,136.493,104.399,172.97,0.00893743,66.5432,29.6846,94.0406,0.00333109
2262.25,86.5281,31.5842,112.051,0.0048479,120.077,74.7627,184.366,0.00573668,100.572,60.5,127.652,0.00658534,89.4206,59.911,129.619,0.00447631
2263.80,85.4067,47.7349,135.215,0.00478507,134.493,95.0617,188.874,0.00642541,100.796,74.8789,132.016,0.00660004,39.4911,10.2201,67.4401,0.00197688
2265.35,-2.24743,-37.5598,37.0606,-0.000125917,143.792,91.8489,212.521,0.00686968,42.8044,12.6866,80.2962,0.00280279,-43.953,-66.4943,-17.8929,-0.00220025
2266.90,-30.6219,-53.3446,-2.69021,-0.00171565,77.0827,25.1077,131.064,0.00368263,38.4106,2.94403,69.4877,0.00251509,87.1426,59.8484,137.517,0.00436227
2268.45,86.378,54.6665,125.006,0.00483949,78.1056,22.0455,124.792,0.0037315,27.7541,1.48708,49.7257,0.00181731,86.4826,61.0928,117.333,0.00432923
2270.00,98.4135,71.9948,127.268,0.0055138,39.9663,-6.50719,84.4363,0.00190939,185.44,149.491,217.108,0.0121424,98.4858,57.9357,136.812,0.0049301
2271.55,39.8697,13.9423,76.8261,0.00223378,136.224,89.1631,169.637,0.00650809,52.7733,22.1774,79.0969,0.00345555,61.1719,31.0153,90.1067,0.0030622
2273.10,34.6307,8.90848,74.8955,0.00194025,67.8531,22.4863,109.842,0.00324169,87.7646,56.4697,113.214,0.00574675,39.8818,10.3261,72.1039,0.00199644
2274.65,123.011,93.6043,153.699,0.00689192,140.023,106.027,179.862,0.00668962,29.0001,1.69558,57.1978,0.0018989,40.4574,10.5764,71.5116,0.00202525
2276.20,124.347,100.994,165.277,0.0069668,112.321,71.7204,158.139,0.00536613,44.7869,16.5218,73.3091,0.00293261,81.4428,39.1769,107.902,0.00407695
2277.75,85.8404,56.6969,107.499,0.00480937,162.487,120.999,213.207,0.00776285,89.0314,68.561,113.61,0.0058297,71.4074,49.1989,110.013,0.00357458
2279.30,87.3852,55.9964,119.524,0.00489592,122.51,76.2722,167.936,0.00585292,113.648,89.1417,132.999,0.00744159,70.6067,42.4925,92.4955,0.0035345
2280.85,85.755,57.4006,111.036,0.00480459,120.138,82.5162,155.408,0.00573961,158.177,139.994,198.434,0.0103573,102.304,79.335,126.732,0.00512125
2282.40,141.123,110.116,166.259,0.00790669,173.372,128.454,219.657,0.00828288,94.6856,68.9136,124.012,0.00619993,120.463,95.1958,146.999,0.00603026
2283.95,52.7468,15.5296,79.4902,0.00295524,109.36,72.8947,170.375,0.00522467,154.044,130.069,182.75,0.0100867,127.047,101.174,158.84,0.00635982
2285.50,56.6928,29.473,85.3831,0.00317632,98.9582,53.2535,153.985,0.00472774,106.948,87.3755,131.842,0.00700286,83.2043,54.1407,117.735,0.00416512
2287.05,97.9058,54.0835,134.654,0.00548536,150.02,112.25,189.733,0.0071672,95.4924,53.6088,122.483,0.00625276,67.6266,38.3099,94.8445,0.00338532
2288.60,182.698,137.716,222.5,0.010236,170.268,113.242,241.848,0.00813458,61.934,22.6083,85.9536,0.00405538,84.9721,53.4838,121.426,0.00425362
2290.15,99.4231,55.26,140.023,0.00557037,109.016,35.1437,162.313,0.00520824,112.127,80.9941,145.265,0.00734198,108.142,77.8742,142.153,0.0054135
2291.70,74.3329,47.3108,114.621,0.00416464,91.3741,49.3983,158.902,0.00436541,156.319,121.534,197.738,0.0102356,79.4331,40.3324,115.054,0.00397634
2293.25,146.328,111.941,194.736,0.00819829,213.409,146.551,260.907,0.0101956,35.0211,0.219403,74.306,0.00229315,41.9886,4.822,72.119,0.00210191
2294.80,100.62,66.8855,131.749,0.00563741,285.573,229.055,334.559,0.0136433,98.0843,70.6772,128.389,0.00642247,29.9103,-2.41354,61.1766,0.00149728
2296.35,65.5978,35.7622,96.8575,0.00367524,308.74,242.264,362.08,0.0147501,121.012,99.9179,142.974,0.00792378,24.351,-0.00691633,51.2507,0.00121899
2297.90,111.279,79.4797,138.122,0.0062346,236.709,183.783,281.658,0.0113088,32.2518,11.5627,54.6416,0.00211182,83.6409,60.436,113.692,0.00418698
2299.45,121.343,82.7474,161.94,0.00679847,201.58,123.499,244.552,0.0096305,105.474,77.96,135.171,0.00690635,96.2942,70.2172,124.59,0.00482039
2301.00,132.133,104.718,154.845,0.00740299,219.138,155.516,280.54,0.0104693,166.209,133.28,193.763,0.0108832,99.682,82.6271,136.294,0.00498998
2302.55,148.67,121.534,178.098,0.00832954,178.367,138.44,223.901,0.00852151,154.649,128.342,180.232,0.0101263,136.751,109.117,164.851,0.00684561
2304.10,155.089,129.245,191.352,0.00868918,179.569,130.801,226.85,0.00857891,98.7702,72.5043,138.438,0.00646738,175.899,153.697,199.744,0.00880531
2305.65,131.117,88.6902,153.422,0.00734606,233.187,189.029,275.318,0.0111405,41.9609,11.9779,78.5892,0.00274757,111.769,68.6276,144.975,0.00559505
2307.20,61.7111,27.176,107.222,0.00345748,243.766,171.268,296.186,0.011646,45.9946,6.93139,76.5762,0.00301169,113.56,86.858,145.726,0.00568471
2308.75,78.9533,38.3399,109.871,0.00442351,155.951,97.3596,215.7,0.00745058,89.2425,65.0548,120.174,0.00584352,202.566,180.137,235.632,0.0101402
2310.30,117.226,75.7486,156.744,0.00656783,203.361,135.443,264.435,0.00971559,161.464,127.071,199.357,0.0105725,90.2654,58.4435,124.943,0.0045186
2311.85,81.1351,42.5251,117.578,0.00454575,102.679,55.5199,141.9,0.00490549,101.975,73.0893,139.282,0.0066772,144.86,109.947,187.284,0.00725156
2313.40,129.331,102.307,161.464,0.00724604,173.514,118.912,221.361,0.00828964,240.451,203.816,271.283,0.0157445,111.729,87.6092,152.397,0.00559302
2314.95,148.491,113.965,176.628,0.00831948,119.005,78.672,172.842,0.00568547,90.7022,53.918,112.663,0.0059391,55.6366,31.2597,89.0495,0.00278511
2316.50,38.232,1.18608,69.7079,0.00214202,156.919,124.207,199.362,0.00749683,59.5347,31.2103,81.4852,0.00389828,62.3335,31.6666,88.9694,0.00312035
2318.05,22.8228,-1.15559,64.2105,0.00127869,103.747,57.3352,143.348,0.0049565,103.266,67.4261,127.112,0.00676176,117.544,95.5458,135.846,0.00588415
2319.60,91.226,68.1456,111.357,0.00511111,89.9277,57.1188,116.211,0.0042963,75.894,42.559,97.6088,0.00496948,143.289,111.846,161.909,0.00717289
2321.15,157.049,135.088,183.205,0.00879899,52.6468,14.5727,89.096,0.00251521,108.95,84.6616,133.219,0.00713394,156.5,132.367,187.983,0.00783425
2322.70,108.649,65.7756,140.841,0.00608729,11.5861,-22.134,43.3235,0.000553527,116.51,90.5808,143.949,0.00762894,148.434,120.072,173.415,0.00743048
2324.25,134.595,106.366,162.294,0.00754095,59.5927,12.8525,95.345,0.00284705,116.404,97.8264,148.126,0.00762205,105.365,74.9071,130.79,0.00527445
2325.80,128.765,99.7398,163.84,0.00721431,156.481,111.675,190.234,0.00747591,44.8657,18.9989,66.4065,0.00293777,160.194,136.725,190.225,0.00801916
2327.35,102.502,67.9477,131.356,0.00574287,135.364,87.2297,176.358,0.00646703,80.3626,53.8895,103.692,0.00526207,121.812,94.8882,150.541,0.00609781
2328.90,131.934,98.8456,167.364,0.00739184,96.6533,64.7226,154.1,0.00461762,12.5268,-10.1971,43.1099,0.000820246,39.476,9.18235,61.7536,0.00197613
2330.45,135.103,108.673,175.807,0.00756938,108.483,61.1839,152.754,0.00518278,58.7277,15.5165,89.8895,0.00384544,155.377,126.931,192.469,0.007778
2332.00,88.5011,55.5228,126.018,0.00495844,116.861,55.517,158.57,0.00558302,36.2075,-3.88702,61.2782,0.00237083,190.535,154.575,226.199,0.00953797
2333.55,39.9665,13.7799,88.8187,0.0022392,102.902,50.0635,135.554,0.00491615,98.1044,70.3656,126.23,0.00642379,54.427,22.2744,86.1144,0.00272456
2335.10,131.536,90.9295,148.643,0.00736954,90.5126,55.3359,135.863,0.00432425,125.417,98.7887,155.093,0.00821216,87.431,53.8627,110.009,0.00437671
2336.65,78.5684,50.1497,117.95,0.00440195,99.2197,53.9871,139.805,0.00474023,47.895,27.6304,81.5168,0.00313612,-9.4375,-29.5625,26.5561,-0.000472432
2338.20,114.449,80.6338,141.476,0.00641225,90.7532,55.8253,129.22,0.00433574,141.111,102.979,167.801,0.00923984,53.6092,26.8776,85.1622,0.00268362
2339.75,128.755,98.6851,157.836,0.00721376,129.979,95.0561,161.348,0.00620977,58.6445,35.8431,86.379,0.00383999,104.087,75.2053,130.723,0.0052105
2341.30,81.828,57.4532,109.663,0.00458457,231.186,169.367,266.943,0.0110449,81.8301,67.994,119.713,0.00535816,101.113,80.4066,136.33,0.00506164
2342.85,104.027,71.6241,132.871,0.0058283,166.682,130.534,209.942,0.00796325,91.5955,63.6153,121.203,0.00599759,112.217,85.1511,147.749,0.00561748
2344.40,179.345,147.337,211.755,0.0100481,124.709,90.3856,158.641,0.00595798,78.577,51.482,104.841,0.00514515,151.249,126.846,174.008,0.00757136
2345.95,163.364,128.792,188.853,0.00915276,49.9017,13.6953,97.3843,0.00238406,153.015,116.346,181.54,0.0100193,158.727,127.806,191.956,0.00794572
2347.50,154.173,112.442,179.498,0.00863785,209.857,141.165,254.787,0.0100259,134.903,114.291,163.026,0.0088333,80.0116,51.0575,115.896,0.0040053
2349.05,155.055,117.929,197.241,0.00868723,92.3011,48.4599,132.721,0.0044097,87.9169,47.22,121.564,0.00575672,163.506,131.759,199.823,0.00818495
2350.60,91.2642,56.5856,141.942,0.00511325,126.56,90.2113,173.366,0.0060464,59.2656,32.001,95.225,0.00388066,143.175,115.325,171.388,0.00716717
2352.15,103.668,82.4527,146.615,0.00580821,132.963,88.6272,180.49,0.00635233,56.2614,35.249,85.7326,0.00368395,87.3384,48.9435,118.901,0.00437207
2353.70,157.567,130.319,187.515,0.00882801,102.961,66.5652,136.5,0.00491899,73.3083,44.8738,103.989,0.00480017,57.4413,25.8778,86.4358,0.00287545
2355.25,85.4113,52.8445,109.722,0.00478533,84.5016,42.7092,123.435,0.00403707,83.454,53.347,111.138,0.00546449,135.18,96.0025,162.996,0.00676699
2356.80,81.3987,45.7213,112.53,0.00456052,82.1411,41.7834,125.108,0.0039243,162.732,134.148,194.224,0.0106556,34.3497,8.13314,64.0543,0.00171951
2358.35,71.6181,54.0185,95.0004,0.00401254,58.8935,31.3731,97.6469,0.00281364,135.679,111.93,159.208,0.00888414,80.6889,58.9851,107.201,0.00403921
2359.90,69.1854,42.286,98.7456,0.00387624,123.201,92.1142,161.338,0.00588594,52.6153,21.8979,75.4705,0.0034452,128.112,89.8876,153.571,0.00641314
2361.45,110.367,79.9568,137.257,0.00618355,133.083,89.6325,183.803,0.00635806,97.2187,71.051,124.879,0.00636579,179.454,151.906,206.221,0.00898326
2363.00,96.8202,55.5257,139.331,0.00542454,144.487,106.703,202.223,0.00690286,53.6707,17.9469,74.7614,0.00351431,78.5101,45.6929,116.221,0.00393014
2364.55,125.529,87.4981,151.959,0.007033,166.276,121.623,226.664,0.00794383,71.5944,41.5639,101.856,0.00468794,117.032,68.9417,143.534,0.00585848
2366.10,123.793,75.9136,158.616,0.00693576,56.2068,0.483642,107.596,0.00268528,50.0902,16.6653,89.4602,0.00327986,182.75,142.677,217.966,0.00914827
2367.65,134.196,88.7827,166.606,0.00751856,220.655,189.864,262.385,0.0105418,114.752,83.7996,139.401,0.00751388,112.856,85.5013,145.295,0.00564948
2369.20,44.6306,1.26069,83.8545,0.00250052,152.649,122.302,196.798,0.0072928,175.97,143.543,200.083,0.0115224,101.024,72.157,142.984,0.00505717
2370.75,131.785,100.796,155.812,0.00738351,139.368,114.19,186.138,0.0066583,41.2364,12.3549,62.0916,0.00270012,88.6845,71.4383,118.202,0.00443946
2372.30,110.843,79.4358,136.334,0.00621021,135.134,97.814,195.616,0.00645604,67.6126,44.0146,89.642,0.00442721,99.7239,81.2372,136.633,0.00499208
2373.85,130.407,109.577,160.205,0.00730631,138.951,94.8432,175.377,0.0066384,122.768,98.976,153.088,0.00803874,189.412,154.463,217.261,0.00948175
2375.40,139.061,114.403,170.156,0.00779118,121.001,74.3043,153.742,0.00578084,134.882,110.626,166.742,0.00883193,166.453,136.752,194.519,0.00833248
2376.95,127.116,104.834,154.849,0.00712191,78.0627,39.2722,128.429,0.00372945,60.3301,23.839,91.4988,0.00395036,39.8931,6.45354,69.5151,0.00199701
2378.50,182.432,148.019,222.146,0.0102211,202.229,154.388,252.373,0.00966151,70.3696,42.6765,104.427,0.00460774,129.363,102.589,165.864,0.00647576
2380.05,88.0821,52.7147,127.019,0.00493496,173.451,127.365,223.268,0.00828663,137.576,100.473,164.764,0.00900833,71.8668,24.796,95.8514,0.00359758
2381.60,105.573,70.6218,140.036,0.00591492,105.636,56.2187,155.09,0.00504679,128.267,97.8524,174.922,0.00839878,126.098,85.1598,160.815,0.00631236
2383.15,26.1735,-10.0542,60.4071,0.00146642,204.696,163.671,243.6,0.00977935,194.627,169.582,231.888,0.012744,89.6467,57.904,121.813,0.00448762
2384.70,134.54,106.731,159.168,0.00753787,120.148,80.4499,164.126,0.00574009,83.0762,45.0448,116.674,0.00543976,129.415,104.614,161.66,0.00647838
2386.25,101.239,69.3766,127.114,0.00567211,164.05,114.111,206.997,0.0078375,53.4544,26.3719,81.3215,0.00350014,115.997,89.6549,143.452,0.00580671
2387.80,91.6472,66.3296,122.996,0.00513471,234.325,198.56,273.821,0.0111949,58.4997,33.0812,82.766,0.00383051,124.414,94.7444,154.171,0.00622802
2389.35,74.9588,47.0778,103.739,0.00419971,162.686,131.561,197.607,0.00777232,82.7205,58.5771,107.823,0.00541647,44.6645,26.801,69.7739,0.00223586
2390.90,95.9711,64.4768,124.129,0.00537696,134.04,101.114,181.729,0.00640377,108.084,86.9644,130.069,0.00707722,70.6865,42.5422,98.2423,0.0035385
2392.45,46.596,19.7053,71.744,0.00261063,142.617,104.849,193.373,0.00681353,111.408,85.1203,141.076,0.00729492,60.2673,37.3679,90.5197,0.00301692
2394.00,57.7601,16.2012,91.163,0.00323612,158.156,121.855,189.869,0.00755594,129.076,97.2704,157.386,0.00845177,92.6068,71.9759,123.826,0.0046358
2395.55,153.854,110.093,191.937,0.00861994,239.325,175.995,294.219,0.0114338,103.002,69.1827,130.052,0.00674447,52.9911,11.4854,85.5315,0.00265268
2397.10,132.974,84.2716,161.588,0.0074501,111.893,63.8826,153.994,0.00534569,172.093,131.058,208.52,0.0112685,126.505,105.414,162.668,0.0063327
2398.65,148.873,115.877,177.81,0.00834089,124.127,83.0539,174.866,0.00593019,133.371,103.241,165.379,0.008733,139.592,102.029,172.02,0.00698782
2400.20,123.847,93.2937,154.782,0.00693875,213.136,169.653,254.411,0.0101826,137.132,114.76,162.311,0.00897931,42.6273,14.5325,67.8869,0.00213388
2401.75,110.714,81.7345,135.893,0.00620298,110.353,68.1031,148.023,0.00527213,100.579,70.827,123.717,0.0065858,202.467,168.287,223.397,0.0101353
2403.30,51.3644,15.6316,76.5172,0.00287779,176.593,141.078,229.668,0.00843676,87.4315,58.054,110.306,0.00572494,122.035,97.7567,143.308,0.00610895
2404.85,60.8392,34.2499,90.256,0.00340863,173.5,129.229,208.496,0.00828899,150.482,128.641,174.749,0.00985344,99.6997,71.269,131.42,0.00499087
2406.40,119.572,95.6689,142.625,0.00669927,59.7551,23.5363,111.174,0.0028548,145.98,119.661,167.981,0.00955862,120.073,95.0015,146.342,0.00601074
2407.95,132.936,95.451,160.283,0.007448,69.564,29.2743,104.45,0.00332343,129.793,105.14,172.579,0.00849875,72.5672,40.9286,106.901,0.00363264
2409.50,100.579,63.2022,128.999,0.00563515,74.2605,37.3194,109.111,0.0035478,207.268,167.729,239.111,0.0135717,103.961,78.4451,153.263,0.00520419
2411.05,102.607,74.043,142.539,0.00574873,45.3992,-3.22684,83.7535,0.00216895,42.0379,10.1923,83.2526,0.00275261,91.0962,61.6272,124.772,0.00456018
2412.60,65.9009,40.2385,99.0359,0.00369222,164.676,116.665,210.937,0.00786739,114.618,87.6935,146.907,0.00750506,-1.81632,-25.2596,30.2886,-9.0923e-05
2414.15,153.804,122.921,193.377,0.00861716,105.988,64.2297,137.329,0.00506357,71.3233,41.5282,110.444,0.00467019,95.9697,70.9698,129.747,0.00480415
2415.70,66.4861,35.6656,95.384,0.00372501,121.585,81.6855,155.953,0.00580876,86.2957,65.1393,118.137,0.00565057,71.2678,48.4244,97.0405,0.00356759
2417.25,127.375,101.264,158.328,0.00713642,124.238,86.6404,165.434,0.00593549,97.309,73.711,124.421,0.00637171,137.657,121.295,157.552,0.00689096
2418.80,142.481,118.131,164.621,0.00798275,138.37,102.113,181.542,0.00661063,29.5665,9.90392,50.269,0.00193599,152.113,128.388,171.993,0.00761463
2420.35,86.2961,53.2833,115.299,0.0048349,124.568,74.7569,152.436,0.00595122,65.4555,38.8979,92.8221,0.00428597,178.34,156.371,202.149,0.00892754
2421.90,132.742,105.469,166.884,0.00743711,144.903,106.478,192.326,0.00692273,185.195,147.869,211.724,0.0121264,97.9851,61.6393,134.956,0.00490504
2423.45,100.126,64.2259,139.712,0.00560975,271.489,204.231,319.379,0.0129704,139.096,101.214,168.948,0.0091079,84.3303,49.8493,120.742,0.00422149
2425.00,137.972,99.0122,166.974,0.00773013,138.953,89.1072,189.806,0.0066385,129.944,99.6295,155.962,0.00850863,41.9453,16.1898,74.5565,0.00209974
2426.55,80.7219,49.4412,111.793,0.0045226,128.219,73.5763,167.799,0.00612567,136.359,104.036,163.837,0.00892865,131.12,99.2484,167.907,0.00656373
2428.10,55.2839,26.3969,90.1631,0.00309739,113.245,71.0783,145.054,0.0054103,132.5,104.681,161.719,0.008676,63.3115,41.2269,98.0795,0.00316931
2429.65,64.6244,35.7681,92.7011,0.0036207,122.218,89.671,161.845,0.00583896,155.429,136.787,184.479,0.0101774,100.78,72.3504,128.701,0.00504494
2431.20,75.7972,47.6568,104.46,0.00424668,121.914,88.24,161.191,0.00582447,137.093,113.571,163.921,0.00897675,151.766,127.554,177.485,0.00759727
2432.75,53.6464,26.6579,87.668,0.00300564,113.089,69.8871,156.439,0.00540285,131.504,109.199,157.425,0.00861076,134.896,111.201,159.091,0.00675277
2434.30,130.709,94.1627,163.109,0.0073232,45.2475,17.8386,90.2258,0.0021617,92.8368,59.291,117.696,0.00607887,179.255,159.262,199.013,0.00897333
2435.85,160.352,125.524,202.043,0.00898403,135.319,91.5432,179.731,0.00646488,61.5837,37.765,97.6842,0.00403244,123.143,88.3699,151.775,0.00616441
2437.40,117.596,91.3532,162.689,0.00658856,125.827,86.6034,170.401,0.00601138,10.685,-28.5243,46.8447,0.000699647,93.2441,57.217,116.628,0.0046677
2438.95,55.3314,24.9052,91.3308,0.00310005,201.48,154.092,246.389,0.00962575,67.7485,36.0441,96.0712,0.00443611,84.1913,52.3745,120.414,0.00421453
2440.50,62.6877,30.9155,93.208,0.00351219,50.6823,20.2159,95.5314,0.00242135,108.05,76.9255,133.811,0.00707499,101.007,76.5773,127.874,0.00505633
2442.05,89.6633,70.5985,123.148,0.00502356,92.0208,61.2397,138.499,0.0043963,75.537,48.8805,104.006,0.0049461,127.443,101.743,156.056,0.00637968
2443.60,122.96,91.0419,150.531,0.00688908,109.821,71.6007,147.954,0.00524669,83.1741,55.1258,109.167,0.00544617,90.557,65.1153,116.167,0.00453319
2445.15,98.7748,75.8687,130.04,0.00553405,106.858,68.0702,145.12,0.00510516,104.381,66.7449,132.05,0.00683479,74.9213,49.9983,103.999,0.00375049
2446.70,126.442,96.9297,155.302,0.00708413,71.1284,31.6616,116.631,0.00339816,81.4619,50.8787,108.315,0.00533405,107.642,74.9653,132.713,0.00538844
2448.25,122.059,79.5424,159.097,0.00683858,57.1896,14.2148,90.1557,0.00273224,147.515,114.385,181.761,0.00965915,71.9252,29.5409,106.033,0.00360051
2449.80,45.3193,6.21443,79.1255,0.0025391,62.5742,35.6827,104.335,0.00298949,31.2226,-3.3173,53.3014,0.00204443,28.9122,1.11882,66.9919,0.00144731
2451.35,42.1315,17.6937,81.7463,0.0023605,47.8214,16.6013,91.7981,0.00228467,79.2138,55.559,104.544,0.00518685,90.7434,66.2685,122.008,0.00454253
2452.90,69.2314,35.681,99.443,0.00387882,27.283,-6.13983,63.6068,0.00130345,105.344,76.6569,127.868,0.00689783,119.601,93.6134,151.362,0.00598712
2454.45,56.9457,40.5771,84.7661,0.00319049,39.6903,-2.48348,77.1088,0.00189621,94.2797,72.4238,122.359,0.00617335,57.7084,30.1606,76.6048,0.00288883
2456.00,42.0151,18.8123,77.2779,0.00235397,128.058,94.916,162.51,0.00611798,27.2646,0.344863,56.6502,0.00178526,119.857,94.1758,146.854,0.00599992
2457.55,134.182,111.506,170.05,0.00751779,120.364,90.0251,150.861,0.0057504,-3.05624,-18.3132,22.7281,-0.00020012,95.1397,68.2205,119.349,0.0047626
2459.10,79.3075,46.6795,113.853,0.00444336,90.481,42.7622,141.692,0.00432274,120.636,95.0663,143.105,0.00789911,75.3133,49.8109,104.76,0.00377011
2460.65,27.834,-4.39344,67.9257,0.00155945,-1.7561,-28.2741,35.3099,-8.38978e-05,165.91,134.591,196.681,0.0108637,118.813,78.3599,140.954,0.00594765
2462.20,97.2034,61.1544,123.311,0.00544601,148.844,96.9037,183.26,0.00711103,121.646,88.5063,150.793,0.00796525,162.237,120.568,198.351,0.00812141
2463.75,103.945,70.4466,135.566,0.00582374,166.004,125.716,194.112,0.00793084,112.476,94.0465,147.283,0.00736481,137.196,104.257,160.544,0.00686789
2465.30,75.9221,44.3372,103.706,0.00425368,117.425,78.9232,147.421,0.00561,125.081,98.0003,145.172,0.00819022,70.6471,36.206,96.0321,0.00353652
2466.85,89.0408,62.9266,119.717,0.00498868,133.606,92.6466,167.118,0.00638304,90.1761,58.4552,126.089,0.00590465,86.9258,58.3996,106.649,0.00435142
2468.40,43.0103,12.81,69.7439,0.00240974,61.6762,32.4006,102.977,0.00294659,84.4367,69.5741,112.57,0.00552884,98.9415,72.4084,119.494,0.00495291
2469.95,141.293,120.884,169.458,0.00791622,162.187,112.857,208.692,0.00774851,70.1727,41.6248,97.6093,0.00459485,124.012,96.097,157.439,0.00620791
2471.50,181.325,148.121,216.362,0.0101591,186.116,139.025,211.473,0.0088917,108.438,71.2581,142.782,0.00710045,128.301,100.977,152.397,0.00642262
2473.05,128.442,93.3702,159.064,0.00719618,107.789,71.9622,141.221,0.00514962,85.2878,46.2816,110.367,0.00558457,194.841,157.109,233.549,0.00975354
2474.60,104.144,72.1675,129.927,0.00583484,79.9921,37.8602,125.3,0.00382163,114.533,88.0504,144.906,0.00749954,160.146,128.712,196.711,0.00801675
2476.15,38.6298,22.0964,70.8182,0.00216431,80.2644,36.7646,130.181,0.00383464,94.6253,60.3152,116.854,0.00619598,105.351,81.3815,131.287,0.00527377
2477.70,58.7304,37.6171,91.1906,0.00329048,76.0939,43.4572,111.694,0.0036354,98.4019,74.9886,121.304,0.00644327,87.5176,59.3802,117.356,0.00438105
2479.25,37.4088,9.3246,59.5373,0.0020959,152.346,110.866,183.321,0.00727833,76.6716,44.5393,101.567,0.00502039,111.157,74.947,135.198,0.00556442
2480.80,124.813,82.9873,176.986,0.00699286,171.533,142.306,212.767,0.00819499,136.531,108.361,160.37,0.00893992,103.935,77.1235,145.614,0.00520287
2482.35,101.425,52.0685,134.496,0.00568252,186.312,128.283,237.551,0.00890107,52.0984,18.4218,88.2179,0.00341136,52.7257,28.2566,88.8335,0.0026394
2483.90,41.8847,8.8898,73.36,0.00234667,193.027,152.486,231.991,0.00922187,33.0999,-0.823859,63.5529,0.00216735,106.764,72.4881,138.555,0.00534452
2485.45,34.1722,-1.68225,62.003,0.00191456,111.148,78.1362,158.635,0.00531012,103.585,65.6836,128.531,0.00678266,181.599,150.904,207.467,0.00909066
2487.00,138.283,109.206,176.021,0.00774755,181.67,134.169,223.72,0.00867929,105.621,80.0438,140.376,0.00691594,128.414,98.3309,151.454,0.00642826
2488.55,164.314,130.697,196.519,0.00920599,188.061,146.047,232.198,0.00898461,138.995,114.802,169.013,0.00910127,64.9534,37.1234,91.4284,0.0032515
2490.10,134.415,108.657,157.009,0.00753084,126.076,88.7644,174.146,0.0060233,85.7684,60.2369,112.875,0.00561604,78.0025,55.1295,102.373,0.00390473
2491.65,143.988,116.774,182.182,0.00806722,119.611,83.0349,160.536,0.0057144,91.5096,66.9607,128.345,0.00599197,144.557,115.946,174.932,0.00723639
2493.20,82.3692,51.0459,133.795,0.00461489,169.523,110.318,217.533,0.00809896,70.8395,42.8681,100.533,0.00463851,129.394,94.3327,159.153,0.00647734
2494.75,3.98522,-17.3335,34.2103,0.000223279,54.9222,4.5448,95.0896,0.00262391,44.169,11.124,83.2245,0.00289214,18.5319,-7.54484,52.8216,0.000927687
2496.30,21.9481,-9.02385,54.9142,0.00122969,147.03,97.654,176.078,0.00702436,74.0673,43.6502,101.456,0.00484986,166.872,136.57,197.625,0.00835347
2497.85,101.114,72.9609,131.911,0.0056651,86.3482,43.9189,113.515,0.00412529,69.9682,39.289,91.9626,0.00458146,126.122,102.449,149.33,0.00631355
2499.40,97.7519,73.8258,122.587,0.00547674,68.51,39.8965,100.664,0.00327307,115.042,87.9722,135.618,0.00753288,106.434,80.5086,129.498,0.00532796
2500.95,105.592,82.5709,145.484,0.00591597,116.697,77.808,144.931,0.00557519,138.984,103.521,170.735,0.00910058,45.3068,21.9769,84.7331,0.00226801
2502.50,121.477,90.8375,167.134,0.006806,124.685,82.1414,165.387,0.00595682,57.0003,26.8983,88.912,0.00373233,85.863,55.2493,113.897,0.00429822
2504.05,80.1299,57.122,107.829,0.00448943,64.6747,9.15967,106.992,0.00308984,39.9703,15.5365,77.1649,0.00261722,135.109,108.262,167.555,0.00676343
2505.60,67.6341,37.5814,99.0588,0.00378933,73.4728,43.7973,112.966,0.00351017,115.362,89.4539,146.498,0.00755381,71.7033,46.6592,104.253,0.00358939
2507.15,100.659,79.56,131.327,0.00563959,215.181,177.261,244.269,0.0102803,116.978,82.2811,138.706,0.00765964,168.707,126.603,189.447,0.0084453
2508.70,146.842,127.416,177.241,0.00822707,119.36,81.9495,146.709,0.00570241,141.864,111.809,163.115,0.00928913,108.076,88.1964,133.452,0.00541016
2510.25,126.947,95.2541,159.215,0.00711242,45.0558,-4.41821,69.9988,0.00215255,58.4505,28.8411,74.4254,0.00382729,138.153,105.227,159.172,0.00691581
2511.80,179.662,144.926,209.73,0.0100659,92.3796,55.3786,132.542,0.00441344,13.1488,-13.0387,37.7688,0.000860973,48.2503,16.7345,72.4368,0.00241536
2513.35,131.413,91.7257,169.231,0.00736264,-37.1068,-77.2761,18.6208,-0.00177278,90.4798,46.3246,127.811,0.00592454,66.5168,31.6728,114.33,0.00332976
2514.90,138.802,102.297,182.721,0.00777665,157.03,113.692,212.302,0.0075021,198.048,160.413,230.627,0.012968,32.0511,12.1701,64.3207,0.00160444
2516.45,82.0036,54.9004,112.306,0.00459441,88.2521,44.7218,128.608,0.00421625,91.6756,65.1372,119.009,0.00600284,175.298,141.837,199.86,0.00877525
2518.00,73.3226,47.1467,97.2154,0.00410804,76.4268,44.3612,118.056,0.0036513,68.6641,45.2078,89.7858,0.00449606,97.1747,76.9284,118.984,0.00486447
2519.55,86.598,59.6675,123.86,0.00485181,200.768,166.27,240.169,0.00959169,122.984,101.281,144.668,0.0080529,81.2816,52.2002,101.412,0.00406888
2521.10,188.906,159.72,211.509,0.0105838,117.214,78.8293,145.174,0.00559989,173.353,138.913,196.666,0.011351,-20.5947,-40.5504,-0.0807911,-0.00103095
2522.65,92.7466,54.4723,138.793,0.0051963,157.836,108.355,190.453,0.00754062,216.94,184.959,249.597,0.014205,73.0118,32.7365,94.6241,0.0036549
2524.20,46.991,19.4111,88.1533,0.00263276,187.849,134.661,225.424,0.0089745,66.3428,23.3869,97.2937,0.00434407,65.7979,29.7075,93.0215,0.00329378
2525.75,97.4399,68.8078,127.093,0.00545925,215.214,166.554,277.574,0.0102818,53.9408,24.8437,81.4233,0.003532,133.493,98.6773,166.272,0.00668251
2527.30,130.399,104.818,158.857,0.00730585,229.825,178.652,269.055,0.0109799,47.9394,25.5761,75.3612,0.00313903,135.235,103.116,158.242,0.00676973
2528.85,129.303,101.681,154.081,0.00724443,192.691,155.592,227.019,0.00920583,107.579,85.3582,130.071,0.00704418,124.257,104.711,148.294,0.00622016
2530.40,141.208,115.09,160.722,0.00791143,139.825,104.286,173.381,0.00668014,89.6804,61.1994,123.194,0.0058722,38.0612,7.95803,64.498,0.00190531
2531.95,151.605,115.002,187.872,0.00849395,173.864,145.668,206.283,0.00830635,128.157,91.9366,154.113,0.0083916,111.241,82.1802,143.802,0.00556862
2533.50,168.386,117.921,213.206,0.00943417,119.902,83.2408,169.593,0.00572835,171.628,123.641,199.392,0.0112381,89.3226,59.8163,119.664,0.0044714
2535.05,93.9327,61.494,128.487,0.00526276,124.769,82.4156,162.989,0.00596086,112.117,85.8539,133.296,0.00734129,28.9812,5.76539,58.6147,0.00145077
2536.60,44.9006,24.4061,73.7433,0.00251564,130.129,92.2283,158.71,0.00621695,60.4922,34.6579,100.332,0.00396097,69.1493,47.3482,96.2638,0.00346154
2538.15,94.3644,67.5407,114.031,0.00528694,161.446,124.638,199.185,0.00771309,60.1444,33.7263,94.2226,0.0039382,101.977,69.733,122.014,0.00510487
2539.70,190.277,156.271,212.87,0.0106606,130.718,67.2761,171.481,0.00624507,142.874,105.271,163.525,0.00935524,112.633,83.3986,140.755,0.0056383
2541.25,33.1579,9.92306,77.1715,0.00185773,103.579,63.3813,141.977,0.0049485,24.5384,-3.48975,58.6954,0.00160676,62.4737,28.7947,99.6005,0.00312737
2542.80,39.8393,10.4168,83.2617,0.00223207,203.826,179.421,258.618,0.00973781,118.261,89.42,148.916,0.00774361,151.94,124.239,189.673,0.00760598
2544.35,60.8038,32.3021,97.1603,0.00340665,158.471,131.128,209.143,0.00757097,97.5694,65.7006,120.34,0.00638876,188.162,166.003,218.388,0.00941918
2545.90,61.5697,39.16,87.3255,0.00344956,132.429,102.244,157.16,0.00632683,113.775,95.9438,138.574,0.00744992,66.3327,35.8093,95.98,0.00332055
2547.45,66.6494,45.8734,94.5215,0.00373416,143.186,116.699,173.358,0.00684072,124.112,96.271,149.175,0.00812674,78.3517,52.1923,99.4048,0.00392221
2549.00,122.658,83.9885,156.402,0.00687214,145.83,100.984,173.945,0.00696706,135.705,103.2,159.059,0.00888586,7.80392,-17.0698,28.1055,0.000390656
2550.55,149.669,114.411,185.805,0.00838547,165.945,121.92,213.75,0.00792803,110.778,68.6782,140.31,0.00725365,119.505,87.4966,157.449,0.00598232
2552.10,147.411,121.724,192.846,0.00825896,154.038,97.7804,198.457,0.00735917,61.482,35.9761,93.7354,0.00402579,94.2689,71.1956,121.266,0.00471901
2553.65,109.118,79.913,141.293,0.00611357,113.561,64.5163,148.813,0.00542538,67.5411,38.9348,86.2505,0.00442253,130.732,104.646,157.037,0.00654431
2555.20,86.2652,59.7877,115.758,0.00483317,192.072,147.232,235.07,0.00917627,163.261,135.295,184.836,0.0106902,133.028,108.841,164.94,0.00665927
2556.75,82.2379,54.0271,114.792,0.00460754,190.956,153.132,224.206,0.00912296,135.473,108.404,155.456,0.00887068,98.5508,70.6634,123.775,0.00493335
2558.30,122.275,94.1527,155.315,0.00685067,181.838,139.974,225.369,0.00868732,104.954,75.4105,136.105,0.00687226,134.177,100.635,174.244,0.00671675
2559.85,44.1545,8.86044,97.9505,0.00247384,146.425,97.332,186.15,0.00699548,48.4219,8.68622,82.4798,0.00317063,110.887,59.7431,138.108,0.00555091
2561.40,108.648,67.4093,132.882,0.00608721,175.727,135.816,222.189,0.00839536,151.687,125.302,184.576,0.00993233,88.0163,55.0575,118.529,0.00440601
2562.95,87.4588,56.4039,133.262,0.00490005,191.816,135.73,244.322,0.00916404,80.4172,54.7324,105.801,0.00526565,136.903,108.481,160.014,0.00685324
2564.50,61.6716,28.348,93.1139,0.00345527,204.399,166.054,243.881,0.00976517,86.826,58.0634,111.832,0.00568529,180.153,159.569,200.52,0.00901826
2566.05,113.335,76.8925,138.049,0.00634981,176.996,137.247,206.521,0.00845601,108.614,80.0325,131.886,0.00711197,131.717,96.3191,158.545,0.0065936
2567.60,154.224,118.887,184.537,0.00864069,266.727,220.522,333.38,0.0127429,106.153,65.3334,132.073,0.00695084,158.45,107.332,186.726,0.00793187
2569.15,73.2361,35.908,107.84,0.00410319,288.885,233.433,341.374,0.0138015,78.8489,44.7849,107.58,0.00516296,80.9669,45.9512,120.002,0.00405312
2570.70,89.5151,61.3839,126.079,0.00501525,137.821,89.8904,195.418,0.0065844,91.1082,54.8956,124.394,0.00596569,74.1082,42.454,115.547,0.00370978
2572.25,132.717,111.844,160.82,0.00743575,197.309,144.209,253.054,0.00942647,74.1401,50.9177,96.5453,0.00485463,114.023,87.2497,140.589,0.0057079
2573.80,72.4969,45.5956,101.626,0.00406178,164.742,102.769,215.884,0.00787056,103.1,72.4049,126.53,0.00675088,116.049,90.1325,146.364,0.0058093
2575.35,91.8173,55.297,133.341,0.00514424,202.608,149.097,245.658,0.00967963,66.6886,37.4855,102.372,0.00436671,94.7492,56.9631,125.677,0.00474305
2576.90,15.5114,-18.8838,53.3173,0.000869057,169.665,130.939,213.042,0.00810578,43.254,9.50967,73.3092,0.00283223,43.668,17.1971,77.0209,0.00218598
2578.45,123.807,92.9373,159.587,0.0069365,160.215,118.918,201.803,0.0076543,135.148,103.392,165.556,0.00884936,126.565,93.584,152.829,0.00633574
2580.00,168.527,137.857,191.618,0.00944206,124.734,90.3918,162.389,0.0059592,113.777,83.4318,137.99,0.00745003,29.4673,1.95996,47.6391,0.00147511
2581.55,133.542,117.861,162.319,0.00748197,123.86,88.3051,161.484,0.00591744,55.4354,39.6069,87.0858,0.00362986,98.5235,71.6467,125.341,0.00493199
2583.10,94.1456,67.2112,131.266,0.00527468,118.49,86.2941,161.42,0.00566085,168.866,139.639,198.686,0.0110572,125.763,107.24,159.31,0.00629559
2584.65,150,112.934,177.294,0.00840403,87.2657,51.0466,130.69,0.00416912,70.8596,34.4893,99.4779,0.00463982,91.0044,60.9393,116.161,0.00455559
2586.20,171.484,140.996,208.549,0.00960773,76.4201,43.2561,115.941,0.00365098,91.389,66.3903,130.817,0.00598407,129.713,95.2453,173.426,0.00649332
2587.75,87.7223,57.0593,118.415,0.00491481,138.463,111.265,164.192,0.00661509,124.56,97.6688,156.774,0.00815608,70.3584,38.1155,105.518,0.00352207
2589.30,141.938,110.76,165.156,0.00795233,98.7083,65.9629,141.181,0.0047158,201.208,177.614,226.044,0.0131749,97.1761,64.31,117.21,0.00486454
2590.85,147.321,124.239,175.831,0.00825393,112.546,81.6075,148.145,0.00537691,109.361,84.1459,137.876,0.00716089,87.2561,55.8895,118.324,0.00436795
2592.40,25.0205,-3.03593,55.7001,0.00140182,110.041,58.9616,148.728,0.0052572,55.3518,26.0844,75.8056,0.00362439,72.9164,42.416,103.653,0.00365012
2593.95,76.0882,52.1228,122.362,0.00426299,96.5737,44.8426,139.758,0.00461382,115.043,80.6791,145.773,0.00753289,117.988,84.131,154.498,0.00590635
2595.50,119.327,78.3417,138.123,0.00668553,3.9853,-29.9581,40.3633,0.000190398,72.5183,42.8469,102.123,0.00474844,37.2945,2.72766,65.8601,0.00186692
2597.05,121.893,92.1435,148.945,0.00682931,124.523,95.518,154.572,0.00594909,78.7965,54.9198,109.719,0.00515953,67.1237,44.3448,97.7304,0.00336014
2598.60,136.96,113.391,164.182,0.00767343,87.4836,47.4542,129.899,0.00417954,56.0268,28.5083,78.2427,0.00366858,81.2907,60.2771,107.656,0.00406933
2600.15,126.67,83.0652,166.671,0.0070969,80.2835,33.8888,116.726,0.00383555,118.053,91.9867,146.905,0.00772999,105.35,76.3467,137.595,0.00527371
2601.70,115.071,76.6583,143.068,0.00644707,110.175,80.5804,153.427,0.00526362,61.6698,15.4712,92.4581,0.00403809,153.473,114.421,183.099,0.00768273
2603.25,98.3812,68.6512,130.732,0.00551199,115.029,91.374,149.891,0.00549553,92.3545,67.0196,118.822,0.00604729,194.354,166.8,231.831,0.00972916
2604.80,118.962,90.7225,146.507,0.00666505,125.861,86.1172,153.657,0.00601302,108.005,79.7638,139.362,0.0070721,134.111,110.942,156.911,0.00671348
2606.35,118.692,83.1322,143.912,0.00664993,144.837,93.3169,177.593,0.00691958,112.21,87.6261,142.903,0.00734743,175.566,157.638,205.823,0.00878863
2607.90,132.222,103.415,163.746,0.00740799,165.348,128.415,211.885,0.00789953,124.208,107.811,158.071,0.00813304,161.594,131.059,188.425,0.00808921
2609.45,67.3412,37.4626,100.117,0.00377292,143.419,100.745,187.386,0.00685185,109.437,69.7534,150.711,0.00716586,93.7662,57.0331,127.554,0.00469384
2611.00,133.938,104.809,160.751,0.00750412,102.167,66.8523,141.731,0.00488103,123.177,100.259,146.638,0.00806555,91.2902,65.5831,120.608,0.00456989
2612.55,123.457,94.0866,157.791,0.00691693,123.475,89.6175,164.845,0.00589903,105.761,84.981,133.715,0.00692514,46.7238,22.5209,77.602,0.00233895
2614.10,93.3668,61.2138,116.502,0.00523105,177.365,126.224,211.741,0.00847365,115.408,93.1617,144.431,0.00755683,82.2164,62.8745,107.751,0.00411567
2615.65,105.779,69.5064,132.849,0.00592645,150.448,94.7842,196.478,0.00718769,95.0058,70.4608,128.7,0.0062209,80.1173,37.6923,100.271,0.00401059
2617.20,106.799,66.511,133.729,0.00598361,85.7843,52.0704,135.48,0.00409835,149.502,109.945,190.155,0.00978926,29.179,-11.4698,65.1705,0.00146067
2618.75,75.3109,41.6452,106.783,0.00421943,112.352,51.1824,157.249,0.00536763,142.968,112.089,172.732,0.00936144,144.976,117.613,180.877,0.00725738
2620.30,100.59,73.1944,130.411,0.00563574,173.999,141.942,206.909,0.00831282,85.5211,63.6337,119.251,0.00559985,135.288,113.893,165.415,0.00677236
2621.85,74.3118,42.9928,94.5193,0.00416346,173.682,143.592,215.265,0.00829765,83.947,64.4809,111.129,0.00549678,128.385,101.693,160.053,0.00642681
2623.40,8.85806,-12.4059,43.3859,0.00049629,178.033,117.985,214.155,0.00850553,33.9717,4.64647,60.0707,0.00222444,143.582,117.043,176.594,0.00718755
2624.95,104.493,76.2581,133.724,0.00585443,143.789,98.5834,188.492,0.00686952,135.459,96.6053,166.706,0.00886971,111.228,71.8571,144.728,0.00556799
2626.50,120.906,87.5662,156.044,0.00677401,162.005,122.39,204.879,0.00773981,84.6695,52.8199,113.003,0.00554408,105.894,75.7236,133.068,0.00530093
2628.05,150.429,112.335,179.315,0.00842805,186.572,161.785,235.21,0.00891348,67.8165,46.7097,94.8529,0.00444056,131.38,107.979,156.584,0.00657673
2629.60,80.2587,53.2769,113.79,0.00449665,165.72,117.389,199.417,0.0079173,77.125,54.1497,106.695,0.00505008,105.515,77.2126,135.485,0.00528196
2631.15,81.3712,39.9049,113.416,0.00455898,177.191,144.945,220.607,0.00846531,98.6974,61.7892,131.99,0.00646262,138.707,116.412,180.422,0.00694355
2632.70,143.983,107.729,163.083,0.00806691,121.431,89.0942,164.321,0.00580139,125.117,91.2558,162.287,0.00819256,103.696,73.7698,134.654,0.00519092
2634.25,98.0921,68.8606,122.129,0.0054958,163.99,131.601,194.172,0.00783465,104.209,74.9243,135.643,0.00682355,100.197,79.402,126.001,0.00501575
2635.80,119.963,97.7329,149.487,0.00672115,152.86,97.2053,184.006,0.0073029,222.277,191.83,251.126,0.0145545,90.6358,68.0871,107.843,0.00453714
2637.35,118.875,92.4631,148.069,0.0066602,174.426,129.781,214.431,0.0083332,167.351,143.776,191.532,0.010958,74.9581,45.911,109.195,0.00375233
2638.90,46.7072,9.12,89.3192,0.00261686,131.752,79.802,166.438,0.00629448,164.141,123.351,193.672,0.0107478,141.924,103.166,172.112,0.00710455
2640.45,98.8885,77.3831,131.515,0.00554041,54.868,8.10847,100.796,0.00262132,143.2,114.207,176.348,0.00937662,159.389,125.92,183.377,0.00797885
2642.00,104.104,80.8284,140.587,0.00583262,148.58,108.723,183.107,0.00709841,157.723,126.848,180.202,0.0103276,141.565,117.616,167.196,0.0070866
2643.55,114.089,78.5772,144.56,0.00639206,159.791,126.957,193.625,0.00763403,156.923,133.809,184.42,0.0102752,51.7325,23.8903,84.4108,0.00258968
2645.10,65.8302,33.3611,99.291,0.00368826,188.424,140.103,229.885,0.00900195,149.899,115.655,175.936,0.00981522,111.159,84.4783,151.515,0.00556453
2646.65,88.3526,58.5026,124.425,0.00495012,193.005,157.456,245.742,0.00922081,122.537,98.416,162.663,0.00802359,118.047,79.385,145.919,0.00590931
2648.20,113.659,76.8054,140.079,0.00636794,134.199,102.818,177.958,0.00641139,113.773,80.2816,136.355,0.00744977,95.7281,64.7424,132.488,0.00479205
2649.75,65.2067,33.4719,87.8435,0.00365333,113.281,84.1067,146.607,0.00541202,124.077,105.47,156.038,0.00812448,81.3376,61.2861,113.849,0.00407168
2651.30,110.881,86.1958,139.83,0.0062123,126.83,93.8308,163.942,0.00605933,128.491,105.686,156.905,0.00841348,124.873,99.1376,143.484,0.00625099
2652.85,87.0582,51.5547,122.935,0.0048776,122.881,69.9382,166.104,0.00587065,-45.5852,-61.0599,-19.0652,-0.00298488,71.2045,29.2424,98.4786,0.00356443
2654.40,159.43,134.754,191.214,0.00893234,100.324,58.8499,143.254,0.00479299,44.3956,8.16039,70.3257,0.00290698,148.462,126.861,172.779,0.00743186
2655.95,105.335,82.519,136.984,0.0059016,122.986,76.7027,163.172,0.00587568,131.394,108.175,162.671,0.00860356,130.944,101.752,156.75,0.00655495
2657.50,94.7665,59.2132,117.799,0.00530947,152.875,114.888,204.006,0.0073036,156.652,129.126,172.831,0.0102575,100.672,79.4161,119.113,0.00503956
2659.05,98.9171,66.8558,125.016,0.00554202,124.053,83.055,160.687,0.00592667,99.1552,65.052,133.077,0.00649259,1.43797,-24.0174,26.2699,7.19835e-05
2660.60,166.726,136.573,192.559,0.00934113,185.645,140.353,237.464,0.00886919,81.885,56.2103,127.008,0.00536176,148.196,127.917,182.833,0.00741855
2662.15,194.179,162.23,224.289,0.0108792,158.501,119.722,193.378,0.00757238,149.718,123.628,180.262,0.00980343,18.412,-11.8647,44.8619,0.000921686
2663.70,152.949,122.319,184.337,0.00856927,155.838,105.594,189.17,0.00744515,124.56,98.4127,152.604,0.00815609,38.8231,18.4746,59.0796,0.00194345
2665.25,113.43,92.4288,147.701,0.00635514,186.851,155.366,221.472,0.00892684,38.3258,11.4647,63.1368,0.00250954,66.863,44.2035,99.7148,0.00334709
2666.80,55.3863,14.6453,90.188,0.00310312,210.03,165.169,242.265,0.0100342,146.269,116.487,165.018,0.00957757,57.6933,24.2383,84.0211,0.00288807
2668.35,186.686,156.537,211.41,0.0104594,124.942,77.4256,158.635,0.00596912,142.721,119.184,179.75,0.00934527,95.3141,59.1807,126.136,0.00477133
2669.90,129.058,105.177,164.914,0.00723074,220.566,184.853,257.365,0.0105376,152.048,119.147,181.542,0.00995596,78.4713,51.6958,105.529,0.00392819
2671.45,135.772,107.87,161.669,0.00760689,125.552,96.042,154.696,0.00599827,145.607,116.323,177.734,0.0095342,41.4517,16.8285,66.6927,0.00207503
2673.00,110.385,68.2785,143.717,0.00618452,26.8838,-8.60673,66.5293,0.00128437,139.395,112.997,168.95,0.00912746,104.546,68.3114,133.989,0.00523346
2674.55,117.2,95.8953,151.406,0.00656633,32.4979,-5.58486,88.1094,0.00155259,170.587,123.657,201.254,0.0111699,117.046,88.0652,146.227,0.0058592
2676.10,82.0917,55.0755,104.322,0.00459934,87.8083,56.1736,120.864,0.00419505,105.891,76.0412,138.036,0.00693366,148.973,125.883,186.243,0.00745743
2677.65,31.7585,8.40221,59.9776,0.00177933,57.8088,24.4531,86.8387,0.00276182,179.162,152.556,201.512,0.0117314,86.7248,56.2242,113.83,0.00434136
2679.20,110.176,80.4031,140.279,0.00617283,100.903,66.6115,130.391,0.00482063,103.779,76.79,122.124,0.00679537,154.674,125.091,182.735,0.00774282
2680.75,57.2143,20.96,97.3815,0.00320554,58.1904,-0.580176,107.878,0.00278005,89.1527,59.3854,116.856,0.00583764,79.7161,54.7318,120.749,0.00399051
2682.30,141.152,116.196,166.923,0.00790832,70.6993,38.4233,109.577,0.00337767,73.483,46.587,96.1865,0.0048116,81.3638,52.4584,106.759,0.00407299
2683.85,120.515,89.9477,153.173,0.00675211,99.3607,71.4437,127.261,0.00474697,69.3094,46.5618,95.2211,0.00453832,9.81044,-10.1619,28.254,0.000491101
2685.40,130.269,99.3468,159.037,0.00729857,56.4243,21.8363,92.9967,0.00269568,115.357,84.4319,140.58,0.00755344,36.5572,2.36513,66.1637,0.00183002
2686.95,78.9393,44.3152,113.123,0.00442272,4.81701,-24.8463,56.0074,0.000230133,143.802,110.685,178.481,0.00941605,109.05,74.6839,142.251,0.00545892
2688.50,144.444,104.087,172.685,0.00809275,122.623,72.4882,149.269,0.00585834,101.454,71.1775,142.691,0.00664311,83.7804,50.5557,108.904,0.00419396
2690.05,64.3394,39.6904,96.6525,0.00360474,111.888,84.266,154.959,0.00534547,72.4457,51.4069,102.399,0.00474368,114.85,92.361,146.087,0.00574929
2691.60,56.0129,28.3764,92.3953,0.00313823,166.686,133.254,191.879,0.00796345,66.5645,41.5061,86.7269,0.00435859,78.8947,52.9609,107.449,0.00394939
2693.15,46.9249,22.5297,78.3517,0.00262906,105.737,71.3343,137.845,0.00505158,79.0014,42.2408,101.703,0.00517294,78.4211,54.7125,107.005,0.00392568
2694.70,-8.51815,-39.7121,23.929,-0.000477245,133.031,89.0902,169.615,0.00635558,17.8608,-12.2406,50.9486,0.00116951,77.6978,46.6874,121.939,0.00388947
2696.25,77.5277,51.3253,104.153,0.00434364,105.733,72.8053,138.682,0.00505142,84.0096,64.965,106.213,0.00550088,101.338,73.4665,125.426,0.0050729
2697.80,72.3757,41.585,93.5555,0.00405499,108.287,83.8305,139.661,0.0051734,139.514,102.278,157.724,0.00913524,86.2072,58.9468,112.103,0.00431545
2699.35,100.8,72.2568,130.162,0.00564752,22.1173,-13.7748,52.5176,0.00105666,143.527,113.978,177.472,0.00939804,97.136,69.0189,129.009,0.00486253
2700.90,103.739,73.9019,135.53,0.00581215,152.632,123.538,185.169,0.00729201,198.079,168.416,247.368,0.0129701,108.227,76.9129,139.695,0.00541775
2702.45,190.144,157.682,222.376,0.0106532,168.023,130.264,216.647,0.00802731,67.1179,40.2395,93.0257,0.00439482,87.7704,63.2872,108.084,0.0043937
2704.00,96.4233,63.3888,123.945,0.0054023,109.094,61.073,137.028,0.00521196,119.017,98.9107,137.743,0.00779312,134.266,107.342,159.272,0.00672124
2705.55,76.5375,54.8617,120.999,0.00428816,105.875,62.3123,135.797,0.00505818,158.936,135.559,183.658,0.010407,84.2795,44.3309,107.657,0.00421895
2707.10,44.7388,12.0843,89.3553,0.00250658,145.341,90.7747,188.154,0.00694367,114.681,70.6937,151.206,0.00750922,72.8186,43.7065,99.8608,0.00364522
2708.65,169.069,143.303,197.236,0.00947242,47.3309,12.5032,73.2914,0.00226124,130.478,104.306,151.155,0.00854356,122.966,86.1963,149.012,0.00615556
2710.20,127.347,103.33,154.951,0.00713486,108.122,67.0329,143.444,0.00516553,86.0156,48.2309,104.662,0.00563222,84.8971,52.7898,108.088,0.00424986
2711.75,123.046,98.2312,155.988,0.00689386,112.25,70.2567,141.604,0.00536277,68.2368,35.3194,93.6095,0.00446809,153.731,123.367,176.215,0.0076956
2713.30,78.6994,43.2684,122.823,0.00440929,91.9557,51.1555,126.263,0.00439319,35.5998,-3.39104,63.713,0.00233104,151.112,121.235,197.532,0.00756453
2714.85,127.201,101.089,164.591,0.00712669,137.997,107.991,183.183,0.00659282,82.2394,53.4527,105.333,0.00538496,24.5709,0.292312,54.3204,0.00123
2716.40,86.4867,59.9311,122.999,0.00484558,136.412,95.9062,173.5,0.00651712,103.21,83.4289,130.088,0.0067581,108.533,76.342,129.125,0.00543305
2717.95,70.0617,39.375,102.248,0.00392534,113.528,90.6084,158.936,0.00542381,131.78,103.036,151.618,0.00862885,112.669,90.2583,143.889,0.00564008
2719.50,216.325,176.93,252.814,0.01212,114.406,65.4438,151.355,0.00546577,56.9265,14.4826,88.0185,0.0037275,172.828,138.955,216.976,0.00865158
2721.05,20.4025,-10.4239,49.4988,0.00114309,73.9654,37.8985,103.428,0.0035337,139.024,119.38,178.953,0.00910315,88.9882,57.4785,115.246,0.00445466
2722.60,81.1543,48.5837,108.968,0.00454683,-20.1031,-59.1687,4.23313,-0.000960428,101.758,82.4714,135.691,0.00666304,124.91,91.7115,150.067,0.00625287
2724.15,115.405,97.6471,142.799,0.0064658,69.7974,22.3345,96.7132,0.00333458,190.001,167.291,211.517,0.0124411,99.4009,71.8488,126.607,0.00497591
2725.70,171.431,138.696,193.988,0.00960475,121.114,81.2894,164.431,0.00578624,217.674,179.718,252.907,0.0142531,2.22221,-23.0088,34.8416,0.000111241
2727.25,172.502,149.694,200.135,0.00966473,163.226,118.797,188.991,0.00779814,81.2165,51.4423,111.111,0.00531798,103.887,64.1417,128.277,0.00520047
2728.80,48.1405,23.0607,70.8975,0.00269716,50.4109,25.7924,77.916,0.00240839,107.095,80.2492,130.584,0.00701248,167.022,141.717,197.05,0.00836095
2730.35,99.5278,71.3305,129.439,0.00557623,68.2084,18.9644,98.9565,0.00325866,76.2809,48.2137,103.906,0.00499481,57.5098,33.4869,78.9777,0.00287888
2731.90,48.8257,3.57418,83.7249,0.00273555,69.7169,28.1754,119.48,0.00333073,5.94285,-23.4229,40.3356,0.000389133,99.9178,58.0533,133.994,0.00500178
2733.45,111.471,80.7334,144.253,0.00624538,131.442,104.085,154.416,0.00627966,102.843,81.1026,133.369,0.00673406,46.8731,22.7314,73.9497,0.00234642
2735.00,121.141,101.47,143.224,0.00678718,98.3454,66.7332,125.967,0.00469846,104.186,86.8062,128.802,0.00682201,122.716,88.6955,147.887,0.00614304
2736.55,12.8143,-16.7954,32.0258,0.000717948,143.282,105.025,183.917,0.00684531,132.139,104.471,163.577,0.00865232,159.352,125.826,185.544,0.00797698
2738.10,126.867,87.2491,160.414,0.00710794,128.671,72.7835,169.553,0.00614729,121.611,92.3962,155.344,0.00796296,117.426,83.8373,143.102,0.00587823
2739.65,104.573,72.8568,133.113,0.00585889,190.702,156.413,233.453,0.0091108,107.518,73.0875,135.121,0.0070402,136.185,108.628,160.605,0.00681728
2741.20,166.343,141.524,188.843,0.00931968,158.645,121.299,192.267,0.00757929,84.0135,59.5189,114.757,0.00550113,160.307,132.879,191.84,0.00802481
2742.75,101.978,74.8365,146.736,0.00571352,100.42,51.982,134.874,0.00479757,85.2386,60.419,114.792,0.00558135,191.622,162.704,215.278,0.00959241
2744.30,128.254,91.9278,156.648,0.00718565,134.471,82.0109,169.102,0.00642436,98.1222,54.6075,124.401,0.00642496,104.176,75.4502,131.37,0.00521492
2745.85,126.533,101.846,156.221,0.00708928,133.183,89.4094,164.232,0.00636285,108.837,80.5873,138.147,0.00712655,83.2345,57.0474,107.429,0.00416663
2747.40,101.79,83.176,128.641,0.00570299,77.9396,38.9209,109.972,0.00372357,40.1018,20.2827,58.0714,0.00262583,131.47,113.797,168.284,0.00658125
2748.95,88.3516,61.3456,116.69,0.00495007,107.635,53.7132,142.182,0.00514227,-17.5368,-41.121,9.16831,-0.00114829,148.2,113.773,174.133,0.00741874
2750.50,45.419,14.9914,85.5379,0.00254468,103.868,65.0374,156.216,0.00496231,138.602,114.867,174.702,0.00907557,127.066,91.485,160.489,0.00636079
2752.05,76.1469,43.063,102.227,0.00426627,138.464,98.8787,178.425,0.00661512,100.552,80.4331,120.845,0.00658409,130.494,111.492,157.982,0.00653238
2753.60,76.7463,56.5304,98.3915,0.00429986,115.3,68.9717,150.33,0.00550849,90.4706,63.4397,109.63,0.00592393,87.803,61.8396,112.495,0.00439533
2755.15,122.041,91.6254,167.998,0.00683758,152.038,119.584,198.407,0.00726364,59.585,21.5826,91.8107,0.00390157,37.6519,2.05549,69.7283,0.00188482
2756.70,102.859,73.5041,131.096,0.0057629,74.02,41.331,117.464,0.00353631,133.388,102.809,165.527,0.0087341,103.18,77.8214,136.927,0.00516509
2758.25,71.5918,46.841,101.191,0.00401106,195.62,168.634,235.857,0.00934575,59.793,24.7397,77.2418,0.00391519,112.435,85.9992,132.977,0.00562837
2759.80,133.708,97.8299,156.899,0.00749125,138.676,100.701,178.289,0.00662524,72.9464,52.4001,103.414,0.00477647,107.249,77.8164,129.404,0.00536878
2761.35,100.483,69.6455,136.244,0.00562976,107.52,70.0786,153.662,0.00513679,110.401,72.4489,145.026,0.00722897,98.5602,64.5994,126.379,0.00493382
2762.90,58.1866,33.1528,89.8409,0.00326002,110.155,65.0247,139.257,0.00526267,78.5927,56.4175,110.48,0.00514618,4.19876,-31.0347,33.033,0.000210186
2764.45,133.29,107.945,163.265,0.0074678,166.355,138.134,200.678,0.00794761,51.5162,30.4093,71.9332,0.00337324,118.127,93.9709,148.668,0.00591331
2766.00,93.4615,63.8101,124.148,0.00523636,218.681,166.809,254.766,0.0104475,107.652,81.0046,131.057,0.00704895,32.1318,7.39853,64.8924,0.00160849
2767.55,112.968,81.6389,157.62,0.00632926,159.64,116.568,197.799,0.00762682,118,90.2302,154.426,0.00772656,34.4214,10.7147,71.7992,0.0017231
2769.10,108.569,78.4017,144.433,0.00608278,175.547,123.478,224.089,0.00838678,124.555,97.9566,146.747,0.00815578,124.543,98.0386,145.249,0.00623452
2770.65,161.503,136.68,193.497,0.00904851,160.874,109.69,200.624,0.00768577,121.414,99.5687,143.286,0.00795009,125.571,98.1887,150.921,0.00628598
2772.20,74.3543,48.8468,106.564,0.00416584,152.161,114.272,210.157,0.0072695,77.3754,53.3912,107.277,0.00506647,69.5032,27.8676,102.5,0.00347926
2773.75,137.007,105.383,168.606,0.00767609,142.302,100.077,175.942,0.00679851,104.972,70.8761,138.795,0.00687349,60.8994,32.3705,97.6739,0.00304856
2775.30,29.7956,9.93908,59.2214,0.00166936,104.467,73.0524,145.112,0.00499092,104.292,76.0322,126.376,0.00682896,54.7221,31.4064,79.1514,0.00273933
2776.85,43.8981,26.655,79.5661,0.00245947,107.4,70.0573,146.263,0.00513106,88.7446,58.3825,115.491,0.00581092,62.9282,44.5113,88.1445,0.00315012
2778.40,16.7836,-18.1216,54.8579,0.000940332,120.165,80.6426,160.743,0.00574089,81.2827,42.8757,123.424,0.00532232,58.0959,34.857,88.9108,0.00290822
2779.95,117.581,83.6799,158.025,0.00658769,200.13,162.271,249.756,0.00956124,109.817,80.8437,136.395,0.00719069,113.766,92.0958,154.777,0.00569501
2781.50,69.9738,43.4639,95.0866,0.00392042,165.47,126.08,201.213,0.00790533,129.819,109.493,150.182,0.00850042,80.207,53.681,106.037,0.00401508
2783.05,67.2893,44.908,98.3657,0.00377001,106.203,57.2841,145.017,0.00507386,129.384,108.898,150.843,0.00847198,118.651,83.6261,139.882,0.00593957
2784.60,-11.6767,-35.1326,20.6944,-0.000654208,70.4375,39.8424,114.886,0.00336516,112.94,82.5798,140.59,0.00739523,33.6157,3.43667,67.2961,0.00168277
2786.15,10.1521,-10.3603,37.6168,0.000568789,53.5187,21.9897,95.1147,0.00255686,16.2616,-11.0738,43.617,0.0010648,62.4081,36.3805,95.0019,0.00312409
2787.70,77.311,44.9599,94.3871,0.0043315,63.6177,24.3185,91.6052,0.00303934,50.8522,17.8494,72.6928,0.00332976,160.684,138.668,185.2,0.00804366
2789.25,54.1352,32.2977,86.5242,0.00303303,112.741,69.5808,148.471,0.00538621,78.4831,47.6621,109.509,0.005139,65.2137,34.3269,100.878,0.00326453
2790.80,115.234,91.6978,142.252,0.0064562,72.7193,51.9965,117.922,0.00347417,108.36,71.8262,145.916,0.00709533,128.967,99.4585,163.418,0.00645597
2792.35,92.0327,68.1731,118.251,0.00515631,162.267,130.464,201.938,0.00775231,149.12,124.563,173.749,0.00976428,156.949,134.253,185.818,0.00785672
2793.90,132.027,97.5701,160.832,0.00739707,81.3996,46.1683,114.482,0.00388887,108.114,85.6362,141.708,0.00707919,134.059,101.801,158.513,0.00671086
2795.45,75.5451,47.202,110.006,0.00423256,59.9712,15.3704,94.5183,0.00286513,176.817,146.648,214.843,0.0115778,107.726,75.9319,158.669,0.00539266
2797.00,90.2401,57.2111,116.527,0.00505587,42.3845,0.43004,73.2022,0.00202492,145.154,124.918,178.061,0.00950454,93.7085,61.7802,117.996,0.00469096
2798.55,75.8106,55.4015,106.067,0.00424743,71.8601,33.0025,108.413,0.00343312,80.7961,56.6898,98.2379,0.00529046,102.382,80.8451,123.645,0.00512513
2800.10,29.2784,-0.438648,68.0315,0.00164038,203.125,156.954,236.811,0.00970432,50.7564,18.0898,79.4784,0.00332349,24.6872,-7.59924,45.929,0.00123582
2801.65,119.623,86.0611,166.909,0.00670213,21.0671,-4.81101,66.8357,0.00100648,103.881,58.0571,134.571,0.00680201,123.116,89.3046,161.586,0.00616305
2803.20,43.2935,16.0328,68.697,0.0024256,65.3385,30.4981,97.3674,0.00312156,39.3282,16.9809,62.083,0.00257517,82.1501,54.1929,107.878,0.00411235
2804.75,133.572,107.346,156.17,0.0074836,139.952,107.328,173.209,0.00668621,94.1607,68.9072,122.513,0.00616556,54.3941,21.1052,78.391,0.00272292
2806.30,52.2925,12.6829,78.5273,0.00292979,177.984,149.474,230.558,0.00850322,119.322,69.2777,153.023,0.00781312,123.093,84.0793,154.898,0.00616189
2807.85,49.3074,17.9921,81.8716,0.00276254,150.097,114.563,182.156,0.00717091,97.2073,79.2882,131.32,0.00636505,34.0728,3.21417,68.8753,0.00170565
2809.40,53.2711,24.8537,73.9743,0.00298461,29.2614,-5.27271,54.9861,0.00139797,67.8809,41.6912,92.6981,0.00444478,46.2971,26.3192,79.9915,0.00231758
2810.95,76.7216,48.1085,99.9673,0.00429847,37.5086,-5.93516,75.2595,0.00179198,79.3733,49.7819,99.9796,0.00519729,150.048,120.878,181.323,0.00751123
2812.50,181.169,150.097,202.621,0.0101504,83.2314,47.6842,120.464,0.00397639,108.646,77.1718,138.512,0.00711405,93.5216,54.6775,122.736,0.0046816
2814.05,81.4672,45.7278,114.444,0.00456436,57.9415,20.5896,91.7679,0.00276816,90.9124,67.5514,121.452,0.00595286,102.129,76.7696,131.702,0.00511248
2815.60,128.339,95.8669,148.178,0.00719043,120.479,95.1461,149.478,0.00575591,96.9294,71.2814,123.509,0.00634685,85.2731,52.9722,108.76,0.00426869
2817.15,73.4306,47.4767,99.7706,0.00411409,83.4789,30.9546,126.524,0.00398821,69.2505,41.9101,103.786,0.00453446,163.271,127.407,198.79,0.0081732
2818.70,87.7512,46.994,119.493,0.00491643,111.252,82.0032,147.321,0.00531507,89.1599,61.7116,114.184,0.00583811,63.521,40.5153,91.8121,0.0031798
2820.25,112.156,79.5871,133.104,0.00628377,81.9034,44.2243,118.57,0.00391294,117.945,91.5581,141.745,0.00772293,122.16,88.2297,142.124,0.0061152
2821.80,121.628,88.5756,147.17,0.00681446,129.513,101.44,158.923,0.00618749,117.928,90.0679,146.611,0.00772182,102.876,75.7692,137.14,0.00514989
2823.35,128.16,103.797,160.609,0.00718041,54.7031,9.63561,83.0378,0.00261344,35.1671,-3.20205,82.1524,0.00230271,-16.331,-37.8179,18.7471,-0.000817515
2824.90,149.493,118.687,176.762,0.00837565,124.592,97.5062,152.148,0.00595241,93.7028,64.5733,128.154,0.00613558,65.5699,44.8995,93.967,0.00328237
2826.45,91.3468,64.6825,120.167,0.00511788,95.674,66.4446,124.568,0.00457084,128.043,105.947,148.977,0.00838411,132.129,100.565,154.849,0.00661425
2828.00,111.982,80.7253,147.553,0.00627398,47.4307,5.16982,89.1172,0.00226601,-26.7166,-54.128,8.03752,-0.00174938,9.74064,-22.7924,46.7686,0.000487607
2829.55,44.5391,18.1807,66.6117,0.00249539,119.538,79.2179,147.636,0.00571092,178.948,149.511,207.27,0.0117174,65.6501,41.7974,97.1785,0.00328638
2831.10,7.52074,-16.7589,35.1277,0.000421364,123.81,91.3766,143.48,0.00591505,133.228,111.581,159.167,0.00872363,59.7555,37.8906,80.1619,0.0029913
2832.65,113.542,90.631,132.268,0.0063614,120.137,88.0519,162.478,0.00573957,69.4305,31.0383,104.13,0.00454625,89.4443,61.9737,127.161,0.00447749
2834.20,78.5978,43.9712,102.484,0.00440359,136.183,97.713,155.439,0.00650614,53.7986,32.2376,77.4188,0.00352269,75.5557,53.7974,114.813,0.00378224
2835.75,100.198,80.3313,128.434,0.00561376,91.4397,71.3318,127.905,0.00436854,76.198,54.9671,93.3857,0.00498938,93.5359,74.1717,121.761,0.00468231
2837.30,151.197,124.435,181.596,0.00847108,83.3982,52.8025,127.581,0.00398436,142.181,111.032,178.013,0.00930992,105.954,78.6989,131.171,0.00530393
2838.85,47.2447,11.1106,92.3851,0.00264697,74.5279,31.2487,113.947,0.00356058,49.8598,13.9028,71.7534,0.00326478,52.3632,25.6862,87.5179,0.00262125
2840.40,106.092,74.3751,133.271,0.00594399,152.492,124.414,186.728,0.0072853,73.6711,49.8064,99.8372,0.00482392,51.1112,22.0232,68.5275,0.00255858
2841.95,135.369,106.831,163.722,0.0075843,88.7689,53.8783,123.229,0.00424094,69.1912,42.9743,99.8454,0.00453058,86.9786,59.0517,110.008,0.00435406
2843.50,118.777,79.5231,141.803,0.00665472,79.1776,37.1814,118.728,0.00378271,49.8348,23.0333,82.8027,0.00326314,116.54,82.4058,147.33,0.00583387
2845.05,49.6122,26.7789,72.1912,0.00277962,135.952,117.322,172.596,0.00649512,125.272,93.9341,151.79,0.0082027,101.854,73.0042,128.967,0.0050987
2846.60,92.0336,65.1376,124.192,0.00515636,135.905,100.865,164.756,0.00649286,109.621,79.7396,132.003,0.00717791,82.4502,63.5414,108.907,0.00412738
2848.15,154.63,125.748,192.444,0.00866341,78.4724,35.3585,110.343,0.00374903,46.5708,17.5261,73.5783,0.00304942,89.254,65.428,124.516,0.00446796
2849.70,67.7669,41.4703,86.7723,0.00379677,38.5537,0.937913,75.4355,0.0018419,53.8153,31.4319,91.0284,0.00352378,68.2699,43.0337,105.734,0.00341752
2851.25,92.3052,64.7111,121.366,0.00517158,89.524,56.7012,124.104,0.00427701,123.485,102.581,140.943,0.00808572,100.797,69.9279,129.707,0.00504579
2852.80,78.8566,52.3032,110.979,0.00441809,63.214,31.1371,97.1487,0.00302006,115.378,94.7449,135.93,0.00755482,72.65,50.9339,112.653,0.00363679
2854.35,101.024,69.909,137.104,0.00566007,89.4385,56.3949,116.792,0.00427293,73.649,41.0524,103.028,0.00482247,167.216,133.227,203.245,0.00837067
2855.90,113.256,89.7314,145.68,0.00634536,148.968,114.754,174.407,0.00711698,134.243,113.261,151.95,0.00879013,83.8721,61.2756,114.476,0.00419855
2857.45,121.999,85.021,150.562,0.00683524,119.511,95.3121,151.126,0.00570965,86.2168,55.6549,115.963,0.0056454,77.4804,51.6708,105.309,0.00387859
2859.00,85.977,46.1127,128.733,0.00481702,180.801,138.233,227.283,0.00863781,43.2629,4.74034,83.8473,0.00283281,137.816,104.761,173.683,0.00689893
2860.55,132.467,106.628,162.002,0.00742173,95.8345,65.7624,142.718,0.0045785,26.7397,3.17875,52.2437,0.00175089,119.171,85.4018,151.329,0.0059656
2862.10,161.044,140.295,184.158,0.00902279,96.3283,60.1259,125.463,0.00460209,86.8403,61.8702,116.04,0.00568622,143.468,107.335,170.46,0.00718188
2863.65,109.126,83.0268,139.052,0.00611399,101.934,67.8086,143.546,0.00486993,108.625,78.4564,142.524,0.00711265,67.8439,36.4045,90.7724,0.0033962
2865.20,144.645,109.607,173.87,0.00810404,101.932,72.1264,136.47,0.00486981,198.561,174.344,220.377,0.0130016,95.9941,70.332,128.003,0.00480537
2866.75,134.578,106.337,160.847,0.00754001,135.486,103.344,158.872,0.00647287,128.483,104.348,147.452,0.00841294,172.932,147.27,196.607,0.00865679
2868.30,155.652,124.875,180.903,0.00872069,198.422,163.4,240.853,0.00947964,99.6357,70.2852,120.947,0.00652406,151.994,118.21,179.492,0.00760869
2869.85,102.257,71.5683,154.381,0.00572916,149.174,97.6043,180.02,0.00712679,104.638,76.5437,140.313,0.00685158,111.393,85.2596,140.234,0.00557624
2871.40,177.223,148.15,198.06,0.00992925,76.3653,52.7699,102.379,0.00364836,99.3381,77.0953,136.005,0.00650457,152.176,125.551,175.623,0.00761778
2872.95,142.897,118.773,172.816,0.00800607,114.924,88.0852,142.387,0.00549051,115.972,91.592,143.783,0.00759377,71.1585,49.5878,97.0021,0.00356212
2874.50,189.556,142.192,227.463,0.0106202,218.201,169.197,258.095,0.0104246,61.0728,34.5618,103.035,0.00399899,74.7232,41.8949,114.087,0.00374057
2876.05,158.406,120.798,187.982,0.00887502,181.688,147.886,212.002,0.00868016,147.117,124.2,169.726,0.00963311,134.92,105.351,161.408,0.00675394
2877.60,186.378,152.114,213.635,0.0104422,92.9831,55.3465,118.88,0.00444227,170.426,147.499,201.292,0.0111593,178.752,143.763,205.622,0.00894815
2879.15,177.364,139.816,225.705,0.00993718,122.561,80.0937,163.066,0.00585537,154.277,101.814,179.061,0.0101019,72.5669,39.5246,107.805,0.00363262
2880.70,38.6635,16.8274,78.744,0.00216619,216.617,188.271,258.947,0.0103489,157.002,135.633,187.119,0.0102804,128.658,94.1331,154.61,0.00644048
2882.25,124.188,89.9419,154.97,0.00695789,123.421,93.3621,154.977,0.00589645,161.4,134.103,190.126,0.0105683,140.273,106.514,174.443,0.0070219
2883.80,174.661,134.703,205.113,0.00978571,77.9791,49.8649,106.592,0.00372546,201.162,172.582,237.399,0.0131719,100.619,71.2596,126.219,0.00503687
2885.35,203.51,174.95,238.442,0.011402,207.727,169.665,242.168,0.00992418,59.0376,25.8063,89.2126,0.00386573,134.613,90.087,160.19,0.00673857
2886.90,160.306,132.597,198.023,0.00898147,115.049,81.4396,151.961,0.00549648,167.605,143.238,196.714,0.0109747,110.036,87.3957,138.029,0.00550827
2888.45,173.873,136.221,206.16,0.00974159,208.655,165.902,248.404,0.00996851,169.95,142.324,194.77,0.0111282,143.236,113.566,174.962,0.00717027
2890.00,162.929,126.125,197.863,0.0091284,146.328,123.58,186.871,0.00699082,192.656,155.355,228.304,0.0126149,109.078,81.7006,140.108,0.00546034
2891.55,135.668,105.97,175.141,0.00760108,173.13,140.234,203.293,0.00827131,154.617,129.735,179.802,0.0101242,150.852,117.099,173.398,0.00755151
2893.10,174.143,137.834,205.792,0.00975667,157.203,111.301,193.256,0.00751039,136.848,108.287,158.078,0.00896068,187.1,159.414,222.594,0.00936603
2894.65,274.423,231.027,304.25,0.0153751,120.42,74.8998,166.492,0.00575307,130.704,99.8688,168.304,0.00855837,199.534,166.76,236.313,0.00998847
2896.20,236.351,210.948,276.931,0.013242,230.515,198.743,260.252,0.0110129,188.143,159.878,216.218,0.0123194,58.9694,33.3958,86.0553,0.00295195
2897.75,212.686,190.01,253.054,0.0119161,196.231,166.225,242.746,0.00937496,195.265,163.378,229.53,0.0127858,157.602,127.804,183.148,0.00788939
2899.30,141.072,100.098,193.542,0.00790381,180.431,142.654,240.384,0.00862009,126.871,85.3819,159.899,0.00830743,104.125,51.1792,135.205,0.00521238
2900.85,155.147,123.024,189.764,0.0086924,137.872,102.411,170.834,0.00658686,159.39,137.167,184.257,0.0104367,76.6806,51.1547,111.587,0.00383855
2902.40,138.8,108.1,187.803,0.00777653,210.688,177.875,245.187,0.0100656,103.563,78.7206,131.844,0.00678119,208.837,184.338,232.256,0.0104541
2903.95,174.786,139.77,213.793,0.00979271,148.349,116.127,194.217,0.00708741,168.464,139.662,192.345,0.0110309,120.569,89.3264,156.711,0.00603557
2905.50,196.913,160.605,233.312,0.0110324,227.035,189.726,268.477,0.0108466,242.299,208.895,271.308,0.0158655,101.885,72.6116,133.797,0.00510027
2907.05,148.834,127.083,181.28,0.0083387,204.652,167.592,245.294,0.00977727,129.85,100.722,156.3,0.00850248,111.712,85.55,133.532,0.00559217
2908.60,171.159,139.902,208.245,0.0095895,168.12,118.604,209.617,0.00803194,178.531,147.377,212.452,0.0116901,136.983,106.221,174.857,0.00685725
2910.15,135.534,106.655,171.962,0.00759353,136.655,101.142,169.843,0.0065287,201.305,176.059,238.302,0.0131813,169.777,137.556,199.274,0.00849885
2911.70,173.192,145.02,201.852,0.00970343,154.695,120.482,194.3,0.00739058,119.529,97.3318,149.607,0.00782667,159.988,142.04,180.636,0.00800886
2913.25,155.138,104.024,202.462,0.00869188,81.8346,56.6307,130.887,0.00390965,179.287,141.719,214.828,0.0117395,232.086,204.413,263.633,0.011618
2914.80,175.003,139.039,207.271,0.00980488,198.767,156.815,229.369,0.0094961,152.576,110.697,180.846,0.00999055,106.314,79.6583,138.191,0.00532199
2916.35,165.209,122.906,193.214,0.00925615,133.472,97.7868,167.818,0.00637666,151.608,130.753,184.345,0.00992715,137.832,114.691,164.225,0.00689974
2917.90,139.966,101.483,178.656,0.00784184,173.662,136.647,206.576,0.00829671,116.009,88.6551,146.75,0.00759616,240.95,208.706,266.953,0.0120617
2919.45,119.378,84.316,159.692,0.0066884,243.767,201.048,277.834,0.011646,150.26,125.908,187.207,0.0098389,20.3039,-10.2566,70.7132,0.00101639
2921.00,211.223,185.341,237.624,0.0118342,141.494,109.596,175.997,0.00675988,154.186,121.196,182.605,0.0100959,197.713,180.572,225.287,0.00989733
2922.55,221.511,191.124,250.294,0.0124106,215.158,183.462,253.708,0.0102792,111.061,89.5897,160.739,0.00727218,189.447,161.44,219.935,0.00948354
2924.10,182.772,138.521,218.849,0.0102402,208.155,160.87,243.246,0.00994461,158.612,131.797,187.22,0.0103858,123.96,96.6121,156.151,0.00620532
2925.65,153.42,121.28,185.501,0.00859565,158.423,119.43,199.093,0.00756866,181.006,150.234,211.698,0.0118521,201.634,170.118,221.745,0.0100936
2927.20,210.737,170.994,248.606,0.0118069,197.734,161.329,234.918,0.00944675,70.6014,37.4737,94.9013,0.00462292,145.185,117.184,179.088,0.00726779
2928.75,109.6,76.0367,149.531,0.00614053,219.071,174.192,251.147,0.0104661,219.475,194.598,258.052,0.0143711,205.738,163.401,236.351,0.010299
2930.30,204.695,172.093,229.894,0.0114684,127.333,101.239,162.419,0.00608334,189.3,166.725,223.804,0.0123952,98.8225,75.0758,133.333,0.00494696
2931.85,173.693,150.18,206.839,0.00973147,138.357,103.796,171.971,0.00661003,226.948,195.365,262.336,0.0148604,93.5702,60.0261,117.006,0.00468403
2933.40,96.8722,48.1584,138.111,0.00542745,180.004,124.41,228.139,0.00859972,106.951,78.5781,143.887,0.00700305,184.293,144.464,215.531,0.00922551
2934.95,160.288,139.208,199.052,0.00898043,117.076,92.2041,154.639,0.0055933,191.768,167.128,214.334,0.0125568,122.954,99.1154,156.96,0.00615496
2936.50,170.366,138.127,210.43,0.00954508,168.181,126.518,195.275,0.00803485,104.042,72.7746,132.777,0.00681261,142.23,103.317,161.656,0.00711987
2938.05,136.18,95.3475,196.075,0.00762975,167.01,123.548,211.855,0.00797891,16.6856,-11.0605,49.4318,0.00109256,175.776,141.509,206.008,0.00879915
2939.60,125.652,94.7817,165.209,0.00703989,161.07,129.288,191.115,0.00769515,140.29,110.286,166.075,0.00918607,96.5882,68.7254,121.06,0.00483511
2941.15,117.491,81.1218,140.257,0.00658266,97.2992,66.8502,139.49,0.00464848,123.458,95.934,151.956,0.00808394,105.313,81.8663,138.761,0.00527188
2942.70,30.7779,-2.32145,84.3704,0.00172439,146.746,112.135,183.404,0.00701081,228.141,187.6,256.769,0.0149385,68.3223,33.2603,101.522,0.00342014
2944.25,167.278,134.173,193.956,0.00937205,137.107,99.2476,170.86,0.00655032,142.499,113.924,172.035,0.00933068,104.884,84.8622,123.692,0.00525036
2945.80,162.013,130.408,186.883,0.00907711,61.4269,24.682,91.4347,0.00293467,110.459,89.7707,146.491,0.00723277,127.964,98.1696,156.081,0.00640573
2947.35,203.25,170.201,244.047,0.0113875,119.012,84.667,155.758,0.00568579,139.207,108.757,164.044,0.00911517,114.904,78.2051,144.805,0.00575196
2948.90,183.367,153.064,214.426,0.0102735,153.315,126.152,190.013,0.00732464,97.4012,75.3215,126.614,0.00637774,165.506,128.954,191.067,0.00828505
2950.45,137.185,104.939,169.285,0.00768603,174.091,145.635,202.711,0.00831719,143.509,118.116,167.305,0.00939685,168.082,137.858,201.59,0.008414
2952.00,128.935,96.1213,158.258,0.00722384,66.6057,15.9765,107.787,0.00318209,108.035,67.1959,144.988,0.00707402,189.319,141.776,218.489,0.00947713
2953.55,133.043,109.295,163.352,0.00745401,159.984,124.744,192.805,0.00764325,112.785,85.8188,140.276,0.00738506,162.566,124.884,188.291,0.0081379
2955.10,103.056,82.1686,137.344,0.00577393,91.3725,50.435,122.411,0.00436533,148.913,125.377,177.121,0.00975068,152.554,121.259,175.195,0.00763671
2956.65,139.865,108.172,173.241,0.0078362,119.478,93.4928,151.133,0.00570808,171.474,147.337,201.587,0.011228,86.2567,48.7381,119.168,0.00431792
2958.20,59.5736,34.686,100.065,0.00333773,93.9199,64.6641,124.302,0.00448703,60.0205,29.0107,93.0857,0.00393009,124.811,95.7978,153.36,0.00624792
2959.75,61.3772,43.321,88.2,0.00343877,118.368,88.7664,142.405,0.00565504,117.466,94.5554,143.018,0.00769154,114.979,90.238,141.055,0.00575576
2961.30,62.911,30.0184,96.9004,0.00352471,154.526,120.635,191.621,0.00738247,99.6893,67.1084,129.261,0.00652757,132.548,99.6713,168.944,0.0066352
2962.85,33.6542,1.82611,68.7121,0.00188554,172.05,139.784,199.229,0.00821972,80.9715,50.2316,114.512,0.00530194,135.831,104.254,165.493,0.00679954
2964.40,146.904,121.873,174.013,0.00823057,147.923,118.084,174.062,0.00706705,38.3781,13.8879,63.8448,0.00251296,107.701,75.7821,129.232,0.00539139
2965.95,107.145,82.101,142.753,0.00600299,106.172,66.3177,158.231,0.00507239,121.701,85.9224,160.196,0.00796887,-11.4549,-35.3058,8.49522,-0.000573422
2967.50,67.001,42.9364,90.5138,0.00375386,98.3036,71.1136,139.516,0.00469646,106.645,84.4809,137.109,0.00698301,95.9528,65.0729,124.709,0.0048033
2969.05,19.4154,-6.80892,48.3954,0.00108778,117.527,84.8494,146.078,0.00561489,73.0955,47.7789,86.614,0.00478623,85.9722,56.8114,114.229,0.00430368
2970.60,149.196,118.335,190.337,0.00835897,92.7981,54.3173,135.137,0.00443344,94.9346,64.01,129.152,0.00621624,82.172,42.76,117.196,0.00411345
2972.15,66.1074,40.4207,109.965,0.00370379,24.4601,-8.15284,54.5964,0.00116858,16.5095,-10.8881,45.5731,0.00108102,96.6768,58.6066,129.375,0.00483954
2973.70,132.963,98.3529,151.77,0.00744949,122.568,99.8705,155.899,0.0058557,74.9654,47.5815,98.5652,0.00490867,104.232,81.0929,132.335,0.00521776
2975.25,132.129,112.213,175.618,0.00740278,37.5709,-0.772453,83.3334,0.00179495,70.5836,27.9978,104.427,0.00462175,173.061,141.483,204.555,0.00866324
2976.80,74.5508,50.9556,100.722,0.00417685,82.7569,44.3376,117.88,0.00395372,84.1987,61.3473,119.992,0.00551326,106.624,77.6589,132.622,0.00533749
2978.35,85.8344,62.7548,127.839,0.00480904,23.1735,-5.1353,58.2693,0.00110712,97.1732,71.8462,124.311,0.00636282,89.8218,69.5526,112.553,0.00449639
2979.90,52.5851,17.7819,82.8753,0.00294618,10.6374,-16.8193,43.3841,0.000508202,72.3961,41.5525,111.035,0.00474044,77.8141,56.6836,99.1003,0.0038953
2981.45,71.8289,45.509,101.22,0.00402435,70.2896,46.7152,120.959,0.00335809,125.857,105.032,148.325,0.00824102,86.1839,61.7111,111.716,0.00431428
2983.00,55.951,35.1291,80.9516,0.00313476,53.7369,20.6683,78.3392,0.00256729,110.659,84.5271,129.164,0.00724586,52.5757,34.84,79.4713,0.00263189
2984.55,101.626,64.2486,139.423,0.0056938,100.038,69.0029,136.57,0.00477934,74.6424,44.2431,116.18,0.00488752,94.9217,56.7218,117.634,0.00475168
2986.10,102.622,68.6742,132.865,0.00574962,15.219,-10.6921,49.7418,0.000727088,70.6729,38.6694,97.0529,0.0046276,75.02,39.869,108.297,0.00375542
2987.65,69.4104,47.1633,90.6337,0.00388885,91.8501,66.0236,128.343,0.00438815,31.5787,5.36623,60.389,0.00206774,88.8569,64.1616,110.954,0.00444809
2989.20,126.092,107.108,151.994,0.00706457,173.289,142.175,214.954,0.0082789,14.3756,-13.7418,40.8123,0.0009413,60.028,13.1582,85.5933,0.00300494
2990.75,37.0444,6.70238,65.591,0.00207548,47.2471,14.38,75.9389,0.00225724,91.3948,65.5392,117.136,0.00598445,106.552,85.8847,140.473,0.00533389
2992.30,112.362,87.2284,140.579,0.00629531,25.192,-11.6662,54.4578,0.00120355,99.2885,77.2956,126.733,0.00650133,32.2707,8.64951,57.0689,0.00161544
2993.85,98.1388,68.625,127.086,0.00549841,122.259,85.1171,148.464,0.00584093,64.1027,37.3056,98.6072,0.00419739,40.5279,-1.09421,71.4377,0.00202879
2995.40,20.6458,-0.629447,45.7946,0.00115672,81.8611,38.1056,108.573,0.00391092,116.752,95.2608,136.543,0.0076448,73.4047,46.8755,104.479,0.00367457
2996.95,65.3482,44.6603,96.6643,0.00366125,150.566,114.362,188.297,0.00719331,120.508,97.9815,143.324,0.00789079,101.971,86.3923,124.066,0.00510455
2998.50,35.6069,7.39544,73.554,0.00199494,19.4272,-3.84133,53.0597,0.000928135,11.5326,-9.58049,50.7411,0.000755147,64.6333,30.9267,95.5572,0.00323548
3000.05,84.1184,56.8291,109.979,0.00471289,48.3342,8.78344,74.5518,0.00230917,32.9164,6.00594,69.8603,0.00215534,118.102,80.6451,144.077,0.00591208
3001.60,108.129,88.4067,140.339,0.00605811,85.3308,55.6017,113.035,0.00407669,82.0882,61.0623,100.62,0.00537507,89.7905,50.5779,104.765,0.00449482
3003.15,124.344,92.1754,145.246,0.00696662,38.5549,0.652845,78.076,0.00184196,129.72,98.0808,159.709,0.00849398,147.091,109.806,184.055,0.00736325
3004.70,56.8633,27.8546,76.4704,0.00318588,99.362,55.961,123.043,0.00474703,58.2786,30.5628,86.0139,0.00381603,56.1162,24.8354,102.594,0.00280912
3006.25,127.365,96.7331,152.79,0.00713586,83.2217,44.7185,122.079,0.00397592,44.9042,20.5449,72.774,0.00294029,99.1256,73.7275,128.574,0.00496213
3007.80,107.089,74.8375,142.728,0.00599985,110.411,65.3217,139.188,0.00527489,98.6086,67.7785,132.035,0.0064568,-25.9721,-58.3954,1.6418,-0.00130014
3009.35,-10.7318,-41.3877,7.57534,-0.000601271,119.986,86.9807,159.975,0.00573233,74.6321,46.0655,104.063,0.00488685,39.885,10.8812,64.3318,0.0019966
3010.90,75.283,46.685,97.593,0.00421787,111.692,83.1633,140.901,0.00533609,124.539,84.4695,151.441,0.0081547,113.457,84.917,132.851,0.00567957
3012.45,23.3713,-15.7913,60.1701,0.00130942,111.021,78.5001,157.358,0.00530402,16.6664,-10.6778,43.6562,0.0010913,46.7899,20.8247,81.5813,0.00234226
3014.00,-6.69208,-25.6129,19.7108,-0.000374937,140.193,113.216,176.407,0.00669771,108.236,88.8914,134.367,0.0070872,109.162,84.1416,137.531,0.00546454
3015.55,8.09633,-12.6274,34.6673,0.000453612,135.755,107.398,161.479,0.00648572,145.517,118.912,174.066,0.00952833,84.0234,56.1867,117.442,0.00420613
3017.10,94.0737,64.9198,128.242,0.00527066,128.426,93.6092,160.351,0.00613554,105.685,83.7437,137.261,0.00692015,127.283,86.7646,161.35,0.00637167
3018.65,91.3855,55.7434,118.804,0.00512005,164.203,131.773,195.225,0.00784481,21.9229,-0.791352,49.3172,0.00143549,146.102,121.91,179.377,0.00731373
3020.20,130.979,103.427,165.78,0.00733836,163.552,136.094,203.826,0.00781372,103.106,76.9643,120.617,0.00675126,72.5632,50.1898,92.7593,0.00363244
3021.75,138.434,95.5229,173.879,0.00775603,164.674,125.387,209.073,0.00786734,67.0524,31.6996,92.739,0.00439053,91.4861,66.096,126.405,0.0045797
3023.30,103.322,62.5358,127.205,0.00578883,162.102,126.219,194.058,0.00774446,52.598,16.9781,73.4214,0.00344407,76.4563,51.7087,98.5505,0.00382733
3024.85,109.017,82.7675,140.345,0.0061079,79.5181,61.0508,113.202,0.00379898,87.1907,60.954,112.39,0.00570917,147.212,124.79,176.346,0.00736927
3026.40,82.6057,56.9754,111.675,0.00462814,124.26,94.1731,164.104,0.00593651,105.585,74.934,137.948,0.00691361,46.9288,9.20295,85.4238,0.00234921
3027.95,48.1927,23.3637,70.4371,0.00270009,90.5602,53.4495,130.18,0.00432652,146.901,122.313,174.83,0.00961898,143.897,105.672,175.662,0.00720336
3029.50,81.582,62.9941,104.537,0.00457078,58.2282,27.9012,88.6122,0.00278186,87.129,64.326,119.017,0.00570513,146.621,116.889,176.191,0.00733968
3031.05,87.4107,45.1121,117.509,0.00489735,164.398,124.957,209.039,0.00785412,42.6045,7.1889,79.4295,0.0027897,14.6479,-21.3352,43.022,0.00073326
3032.60,68.0176,48.7714,100.295,0.00381082,71.7802,42.2202,104.635,0.0034293,133.935,106.845,157.56,0.00876998,107.32,79.2822,139.228,0.00537231
3034.15,118.575,95.8837,146.288,0.00664341,28.4217,-4.3375,62.3101,0.00135785,102.586,83.4285,126.534,0.00671722,109.954,84.4875,141.002,0.00550421
3035.70,105.45,76.2497,124.684,0.00590805,117.56,90.92,152.988,0.00561646,89.8554,56.4537,120.199,0.00588365,142.208,110.522,179.459,0.00711879
3037.25,88.0497,52.6314,112.102,0.00493315,27.6475,-1.16622,52.042,0.00132086,40.5239,19.6994,76.9275,0.00265347,140.704,106.282,163.692,0.00704349
3038.80,70.5106,46.4578,94.2141,0.00395049,106.334,77.3899,138.18,0.00508011,78.6501,58.0006,101.256,0.00514994,125.087,91.9198,153.185,0.00626171
3040.35,84.5072,53.4896,117.841,0.00473468,115.72,76.4173,154.175,0.00552855,30.6247,-1.04625,60.5987,0.00200528,107.769,78.4954,136.261,0.00539479
3041.90,36.1837,14.4741,68.6039,0.00202726,189.055,149.279,218.36,0.00903211,69.9917,38.3924,97.7409,0.004583,82.3143,51.3303,109.36,0.00412057
3043.45,139.757,109.019,165.393,0.00783012,98.9859,67.9031,138.507,0.00472906,81.6379,57.1814,109.973,0.00534558,72.7828,47.889,93.99,0.00364343
3045.00,138.607,96.89,172.759,0.00776571,94.8414,62.5746,132.912,0.00453106,40.248,5.61499,71.26,0.00263541,71.8561,33.3219,107.226,0.00359704
3046.55,110.281,77.0303,143.998,0.00617872,156.122,128.783,188.078,0.00745873,164.149,127.786,186.044,0.0107483,133.644,109.057,163.048,0.00669011
3048.10,155.276,126.661,177.515,0.00869961,112.132,70.2258,154.833,0.00535714,103.188,78.4624,124.043,0.00675667,145.024,121.298,176.9,0.00725978
3049.65,147.294,105.831,185.286,0.00825244,128.156,92.1314,168.301,0.00612265,-6.05554,-35.808,18.9796,-0.000396512,128.807,95.6639,164.65,0.00644793
3051.20,112.13,90.2748,132.324,0.0062823,75.9086,48.517,99.0949,0.00362654,158.242,134.567,190.241,0.0103615,123.811,95.2701,149.762,0.00619785
3052.75,106.403,83.5545,140.945,0.00596145,91.8318,63.7876,120.187,0.00438727,70.1472,47.5852,102.62,0.00459318,132.616,102.918,158.053,0.00663863
3054.30,71.1366,26.1741,103.312,0.00398556,146.658,103.376,192.005,0.00700658,104.803,58.3391,138.209,0.00686239,156.008,121.033,189.219,0.00780959
3055.85,102.175,76.9203,133.614,0.00572457,127.359,98.261,152.984,0.0060846,93.5951,62.9783,122.919,0.00612853,46.3847,12.7248,72.7692,0.00232197
3057.40,101.626,68.2413,121.98,0.00569377,59.1231,31.6723,85.6532,0.00282461,99.5125,74.6138,129.743,0.00651599,56.6772,40.0512,90.6813,0.0028372
3058.95,77.3365,42.175,108.076,0.00433293,81.3984,49.798,117.363,0.00388881,85.0785,48.4013,120.019,0.00557086,138.905,94.9528,169.633,0.00695347
3060.50,97.5574,66.3746,127.101,0.00546584,85.3389,61.5387,119.79,0.00407707,112.003,88.8283,136.251,0.00733389,113.699,89.38,141.904,0.00569164
3062.05,33.0804,6.9822,55.4537,0.00185339,135.47,100.758,154.221,0.00647209,89.2755,63.798,112.38,0.00584568,133.637,108.216,159.49,0.00668974
3063.60,70.7751,26.9169,112.06,0.00396531,35.2515,1.98771,70.2129,0.00168415,92.0985,61.3043,118.944,0.00603053,116.702,79.8304,140.762,0.00584198
3065.15,69.5773,45.3813,92.0621,0.0038982,63.6519,33.5696,85.3635,0.00304098,71.6972,47.5589,93.1144,0.00469467,154.795,130.13,176.491,0.00774886
3066.70,153.306,130.84,177.536,0.00858928,89.7341,67.6112,119.039,0.00428706,57.5219,39.3425,79.7713,0.00376648,141.637,115.067,161.794,0.0070902
3068.25,54.7708,10.0946,100.332,0.00306864,116.653,78.1379,150.628,0.00557309,102.978,70.5835,129.846,0.00674288,10.5789,-14.6678,56.659,0.000529569
3069.80,102.912,78.0616,130.411,0.00576586,68.0786,33.8357,96.4819,0.00325246,103.974,77.6037,134.342,0.00680814,106.641,81.1679,126.098,0.00533835
3071.35,145.32,122.738,174.951,0.00814182,90.8233,55.9534,123.604,0.00433909,22.1978,-3.04464,62.2433,0.00145349,96.8692,65.1234,120.419,0.00484918
3072.90,82.8252,58.2171,126.829,0.00464044,-22.2768,-49.605,10.7782,-0.00106428,140.361,111.952,172.259,0.00919071,-9.9897,-32.8595,11.8709,-0.000500074
3074.45,34.8952,9.11343,65.4928,0.00195507,69.8017,46.1518,95.3707,0.00333478,78.1485,50.7962,109.316,0.0051171,64.8515,37.8258,88.0335,0.0032464
3076.00,170.554,143.804,203.409,0.00955562,66.6923,36.6665,101.625,0.00318623,78.2434,51.1637,105.913,0.00512331,127.637,104.607,161.026,0.00638936
3077.55,32.2216,-0.790797,67.168,0.00180527,106.579,72.3013,136.868,0.00509182,70.3219,36.8142,100.615,0.00460462,169.166,137.065,202.983,0.00846828
3079.10,51.731,24.5206,76.1672,0.00289833,38.1159,15.2736,67.5834,0.00182099,149.647,128.558,173.403,0.00979873,100.877,75.8987,118.58,0.00504979
3080.65,49.0964,25.7909,80.7246,0.00275072,104.023,71.7362,142.856,0.00496973,144.397,111.886,168.773,0.00945501,140.338,117.765,166.753,0.00702518
3082.20,91.5871,49.4238,122.807,0.00513134,73.4732,33.7898,104.25,0.00351019,109.136,71.7669,146.334,0.00714612,76.1917,37.2147,112.6,0.00381408
3083.75,152.274,124.534,165.508,0.00853144,142.84,116.3,170.761,0.0068242,87.433,56.9702,113.159,0.00572504,113.434,85.2993,142.96,0.00567838
3085.30,110.999,79.2247,131.186,0.00621893,148.057,113.652,178.132,0.00707346,34.3237,13.4188,58.4598,0.00224749,48.0456,15.0398,73.4208,0.00240511
3086.85,150.247,107.937,186.27,0.00841789,160.02,126.877,204.524,0.00764497,164.491,134.535,198.539,0.0107707,107.239,70.5678,141.158,0.00536827
3088.40,91.3195,61.734,114.126,0.00511635,130.392,97.1911,165.172,0.00622951,72.2547,46.2725,99.2671,0.00473118,119.927,96.9373,147.876,0.00600342
3089.95,120.095,91.999,141.283,0.00672857,98.3602,64.3999,134.228,0.00469917,129.948,101.889,156.963,0.00850887,70.8595,45.1797,99.2652,0.00354715
3091.50,48.7984,18.5941,87.0753,0.00273402,95.1566,50.5105,130.821,0.00454611,72.3012,35.704,109.822,0.00473422,67.96,37.1138,105.631,0.00340201
3093.05,118.146,95.7751,147.436,0.00661934,129.209,100.401,149.359,0.00617295,118.762,98.0273,140.558,0.0077764,76.3896,50.1562,100.942,0.00382399
3094.60,113.411,80.4917,137.614,0.00635405,76.6862,45.2679,107.906,0.00366369,80.6793,52.7451,107.836,0.00528281,48.0334,25.3948,71.7912,0.0024045
3096.15,41.1378,18.4841,94.7583,0.00230482,173.695,141.902,218.531,0.00829829,137.588,101.008,164.61,0.00900915,89.3482,54.8991,128.395,0.00447268
3097.70,110.083,84.9319,144.092,0.0061676,114.614,74.727,134.755,0.00547569,88.5194,63.8624,117.551,0.00579617,138.287,120.198,168.077,0.00692251
3099.25,130.873,99.3953,153.597,0.00733241,60.7394,35.8772,91.6667,0.00290183,105.496,74.122,120.932,0.00690779,138.501,109.621,165.839,0.00693323
3100.80,47.0236,15.013,95.113,0.00263459,139.125,99.3951,180.375,0.00664673,81.191,56.5053,126.623,0.00531631,57.8929,13.2805,88.0741,0.00289806
3102.35,144.402,114.687,168.646,0.0080904,119.872,95.0154,141.042,0.00572689,121.911,93.6962,137.718,0.00798265,111.624,87.7859,140.025,0.0055878
3103.90,170.866,146.538,194.338,0.00957309,145.127,126.705,181.216,0.00693345,126.243,90.2494,149.941,0.00826631,70.1969,47.9973,91.9656,0.00351399
3105.45,14.1291,-16.0182,140.083,0.000791612,144.139,110.862,175.691,0.00688626,170.15,144.469,208.726,0.0111413,152.959,123.834,185.43,0.00765697
3107.00,186.132,166.634,217.873,0.0104284,70.7396,40.8666,100.478,0.00337959,61.843,31.8023,94.7399,0.00404942,76.4588,45.8304,97.6408,0.00382745
3108.55,193.807,154.435,216.042,0.0108584,67.8803,42.6029,101.965,0.00324299,43.1577,22.9295,65.082,0.00282593,57.6978,24.5334,73.1922,0.00288829
3110.10,184.918,148.557,212.291,0.0103604,82.6481,44.0628,121.832,0.00394852,90.8405,59.7622,129.243,0.00594816,83.8207,51.792,114.109,0.00419598
3111.65,104.833,74.3135,134.225,0.00587347,171.882,138.227,200.472,0.00821166,69.5847,44.1178,93.8986,0.00455635,153.641,130.765,182.369,0.00769109
3113.20,151.172,115.837,174.875,0.00846968,123.067,92.9875,149.678,0.00587953,144.472,112.254,163.564,0.00945993,191.877,156.217,210.351,0.00960519
3114.75,44.8759,4.05553,84.3713,0.00251426,86.1746,39.697,118.699,0.004117,25.218,-10.3809,58.4706,0.00165125,214.455,171.643,253.237,0.0107354
3116.30,49.6846,17.1161,73.1097,0.00278367,92.6491,60.6853,126.099,0.00442632,107.79,77.0328,129.867,0.00705801,149.295,126.506,178.81,0.00747354
3117.85,56.9934,26.1355,87.1753,0.00319316,83.8788,60.7947,114.068,0.00400732,103.589,79.8899,137.78,0.00678289,49.7705,18.5834,71.7111,0.00249146
3119.40,109.237,81.1216,138.149,0.00612019,58.2955,21.2696,95.5151,0.00278508,94.9232,61.1091,128.41,0.00621549,155.726,122.756,186.651,0.00779547
3120.95,96.6465,70.346,125.727,0.0054148,59.2341,18.4212,90.9548,0.00282992,94.4635,67.483,117.083,0.00618539,154.415,129.21,186.571,0.00772985
3122.50,102.876,74.0674,132.46,0.00576381,61.4676,33.6315,92.6821,0.00293662,118.764,88.832,137.241,0.00777656,92.0338,64.8825,106.225,0.00460712
3124.05,85.9296,51.4248,113.379,0.00481437,147.547,110.972,179.717,0.00704909,145.819,113.803,180.875,0.00954811,24.7611,-6.82029,53.7569,0.00123951
3125.60,108.636,87.2672,125.591,0.00608652,89.1432,58.2479,113.231,0.00425882,150.238,124.272,172.324,0.00983743,68.8613,50.0225,98.5323,0.00344713
3127.15,126.649,102.933,145.631,0.00709575,111.588,86.5959,138.879,0.00533113,78.6233,55.1451,101.351,0.00514818,94.5729,65.9531,122.483,0.00473422
3128.70,67.4859,39.9894,101.238,0.00378102,82.1434,40.9877,117.024,0.00392441,96.6768,70.3561,134.129,0.00633032,83.5354,58.99,121.447,0.0041817
3130.25,117.052,96.364,160.039,0.00655804,87.2791,52.1572,117.236,0.00416977,114.329,82.6405,146.277,0.00748613,32.6118,6.84383,73.2427,0.00163251
3131.80,136.901,111.969,158.229,0.00767016,162.988,128.865,193.913,0.00778678,70.9042,49.4748,103.223,0.00464275,142.065,114.356,173.557,0.00711162
3133.35,53.4226,30.43,91.1159,0.0029931,120.175,94.4592,146.011,0.00574135,97.6413,62.4235,123.995,0.00639347,238.498,201.683,272.979,0.011939
3134.90,150.525,110.231,185.393,0.00843346,132.356,98.8098,156.976,0.00632333,154.498,132.575,188.712,0.0101164,32.6301,2.01801,60.2403,0.00163343
3136.45,81.5769,51.3398,109.592,0.0045705,55.8746,22.8119,82.3944,0.00266941,117.321,98.5008,135.088,0.0076821,82.7376,43.5596,108.397,0.00414176
3138.00,118.709,86.9648,149.008,0.00665091,122.678,91.912,158.382,0.00586097,33.1508,7.93631,60.745,0.00217069,119.253,88.2724,155.288,0.00596967
3139.55,71.8086,43.1002,112.197,0.00402321,8.95081,-15.8872,41.2919,0.000427626,53.1685,21.3674,84.9292,0.00348143,81.2972,42.0079,117.66,0.00406966
3141.10,92.3205,65.4072,112.592,0.00517243,77.3987,54.7663,104.897,0.00369773,98.2726,68.6788,127.65,0.0064348,106.683,84.449,141.217,0.00534046
3142.65,151.894,116.366,169.983,0.00851016,10.9772,-13.2428,45.7828,0.000524436,86.2639,64.9548,112.884,0.00564848,132.027,102.849,164.138,0.00660916
3144.20,88.0553,45.1026,117.154,0.00493346,12.2478,-18.5427,51.1926,0.000585138,99.469,81.6351,126.128,0.00651315,81.1245,49.4334,109.405,0.00406101
3145.75,148.773,120.143,178.365,0.00833528,108.968,75.5822,131.321,0.00520596,99.6306,76.9043,128.663,0.00652372,145.291,115.432,164.729,0.0072731
3147.30,103.479,67.5616,126.276,0.00579762,116.762,88.0256,147.861,0.0055783,10.3662,-13.2733,40.2897,0.000678768,137.26,101.709,158.846,0.00687108
3148.85,117.161,87.1164,148.161,0.00656415,150.203,106.119,193.44,0.00717596,105.42,84.033,131.122,0.00690282,223.361,185.187,265.766,0.0111812
3150.40,165.194,144.102,193.793,0.0092553,151.607,124.87,177.637,0.00724305,187.982,157.61,208.986,0.0123089,119.652,90.0557,156.381,0.00598964
3151.95,136.598,110.304,160.263,0.00765315,106.99,80.5173,144.018,0.00511144,96.3228,69.7616,120.556,0.00630713,92.9782,56.7225,118.854,0.0046544
3153.50,33.1452,0.00136273,69.1217,0.00185702,159.605,124.304,184.848,0.00762514,87.5851,53.5883,122.099,0.005735,111.928,80.875,142.247,0.00560302
3155.05,159.023,135.112,184.815,0.00890956,66.139,38.6206,92.4645,0.0031598,59.4885,39.0803,92.7747,0.00389525,110.782,78.6684,139.166,0.00554565
3156.60,48.6517,22.3504,80.0383,0.0027258,130.689,99.6438,172.868,0.00624366,109.615,81.0742,136.18,0.00717748,77.5491,50.9861,104.315,0.00388203
3158.15,95.4565,53.2993,131.046,0.00534813,77.8209,50.4677,119.212,0.0037179,93.2311,64.6076,113.776,0.00610469,146.678,110.546,189.394,0.00734257
3159.70,109.051,82.5216,135.464,0.0061098,169.481,128.568,205.785,0.00809697,56.5259,36.8252,86.6032,0.00370127,129.893,98.7696,156.469,0.00650229
3161.25,132.801,100.968,161.942,0.00744043,158.743,136.261,193.519,0.00758398,94.8209,73.0736,123.64,0.00620879,121.897,99.3678,149.342,0.00610205
3162.80,96.5527,62.6205,121.472,0.00540955,166.428,133.965,199.785,0.0079511,105.254,71.7502,123.697,0.00689193,165.549,122.344,197.729,0.0082872
3164.35,117.249,97.0584,152.443,0.00656908,86.1167,57.6836,117.711,0.00411423,44.3485,17.8811,72.7626,0.0029039,-8.56664,-32.3124,18.278,-0.000428837
3165.90,140.595,120.362,165.177,0.00787711,118.873,88.3222,146.498,0.00567917,89.0246,66.8248,114.374,0.00582925,49.6154,24.9217,71.8147,0.0024837
3167.45,120.263,89.7994,147.18,0.00673796,108.302,79.6595,146.438,0.00517413,70.0235,42.5434,99.2858,0.00458507,90.0927,58.473,124.185,0.00450995
3169.00,15.8511,-17.3315,45.0243,0.00088809,48.0133,4.82375,90.7992,0.00229384,59.8162,31.0131,90.8115,0.00391671,111.399,73.9312,139.087,0.0055765
3170.55,95.2379,74.7386,121.408,0.00533588,77.3077,43.1693,111.135,0.00369338,60.9058,33.5287,78.3439,0.00398806,36.8753,12.7106,66.7215,0.00184594
3172.10,47.5635,26.4061,68.7795,0.00266484,106.995,79.0708,139.045,0.00511167,55.5849,18.7819,85.8891,0.00363965,136.426,103.423,159.803,0.00682936
3173.65,51.8937,2.35197,78.727,0.00290744,95.3178,58.6037,129.097,0.00455381,80.0287,58.7596,125.173,0.00524021,119.877,75.7419,148.063,0.00600092
3175.20,60.096,38.1004,91.589,0.00336699,106.48,61.8528,131.678,0.00508709,138.887,114.187,168.324,0.00909418,31.8341,4.43699,56.2687,0.00159358
3176.75,140.386,116.866,169.569,0.00786541,110.044,75.7061,141.892,0.00525738,97.4337,74.8232,125.991,0.00637987,60.1287,33.7872,90.9455,0.00300998
3178.30,108.935,79.8747,140.736,0.00610328,93.6908,53.6201,125.838,0.00447609,29.2314,-2.94405,72.413,0.00191405,144.689,112.349,173.165,0.00724297
3179.85,132.416,101.702,165.892,0.00741886,134.442,109.953,165.059,0.00642298,114.787,83.2933,155.288,0.00751612,138.103,111.793,164.73,0.0069133
3181.40,166.569,135.215,189.54,0.00933236,107.154,81.5988,135.877,0.0051193,92.6155,66.7762,124.334,0.00606438,138.499,107.005,166.533,0.00693311
3182.95,195.913,162.3,225.164,0.0109764,148.146,118.255,176.558,0.00707767,100.463,77.8266,133.074,0.00657822,162.811,134.295,181.601,0.00815017
3184.50,70.2636,41.8649,98.7686,0.00393665,95.6825,62.0447,126.947,0.00457124,92.9722,60.3912,127.749,0.00608774,161.561,132.626,194.095,0.0080876
3186.05,165.88,145.005,195.896,0.00929372,217.57,185.807,241.987,0.0103944,75.6298,47.5771,103.486,0.00495217,139.977,109.763,168.177,0.00700709
3187.60,150.59,117.018,180.847,0.00843709,186.933,158.205,216.228,0.00893073,81.104,52.0411,104.04,0.00531062,61.3435,36.5855,98.1456,0.0030708
3189.15,41.9177,3.72504,75.2811,0.00234852,125.752,78.8899,178.83,0.00600783,108.72,77.9105,140.851,0.00711891,93.1727,60.7844,121.318,0.00466413
3190.70,110.749,83.7985,141.453,0.00620495,117.631,71.124,151.768,0.00561985,86.6466,52.1547,113.732,0.00567354,33.9565,11.3465,55.9221,0.00169983
3192.25,105.972,75.0677,129.354,0.00593726,165.002,125.674,205.784,0.007883,104.22,74.1703,126.28,0.00682423,119.355,87.3854,153.095,0.0059748
3193.80,130.89,107.65,154.388,0.00733336,112.754,78.6355,138.803,0.00538684,61.0289,20.4442,96.2093,0.00399612,100.266,61.2909,140.181,0.00501923
3195.35,71.6109,45.4021,103.342,0.00401214,204.267,164.366,239.991,0.00975888,166.914,127.591,201.233,0.0109294,170.944,135.075,193.32,0.00855729
3196.90,91.039,65.6517,126.298,0.00510063,176.926,145.896,207.389,0.00845263,111.601,77.3503,137.648,0.00730752,99.9701,75.979,122.286,0.0050044
3198.45,91.8147,70.917,117.776,0.00514409,246.537,200.683,282.276,0.0117783,60.9621,31.244,87.0306,0.00399175,103.757,62.9609,136.235,0.005194
3200.00,114.677,76.8864,151.807,0.00642497,114.57,72.7573,162.492,0.0054736,97.8184,70.3013,126.966,0.00640506,96.2216,64.663,145.444,0.00481675
